source_workspace_path	destination	classification	source_sha256	destination_sha256
CODEX_INTEGRATION	.gitattributes	PORTABILITY_INTEGRATION	-	9b9c2395c41cb86e5ea9c6ddc1395eede1b7e98e23e0c16f62121e85e14880fd
/Users/arjunsharma/Documents/SandiaProjects/4-LDRDAMDIS/DIMSWE-feature-study-20260828/m1y_test2b_20260828_workspace/dimswe/configs/test2b_m1y_20260828.json	dimswe/configs/test2b_m1y_20260828.json	CANONICAL_CONFIG	d9836c3d28d7ab192f04da6fe6eab75018173c808296c262d1f20a95a55006d5	d9836c3d28d7ab192f04da6fe6eab75018173c808296c262d1f20a95a55006d5
/Users/arjunsharma/Documents/SandiaProjects/4-LDRDAMDIS/DIMSWE-feature-study-20260828/m1y_test2b_20260828_workspace/dimswe/test2b_m1y_campaign.py	dimswe/test2b_m1y_campaign.py	CANONICAL_SOURCE	7d0052e08b54890ee8e60cafd65f7bcc29c3150d09d6183c736d8a0b9d47959b	7d0052e08b54890ee8e60cafd65f7bcc29c3150d09d6183c736d8a0b9d47959b
/Users/arjunsharma/Documents/SandiaProjects/4-LDRDAMDIS/DIMSWE-feature-study-20260828/m1y_test2b_20260828_workspace/dimswe/test2b_m1y_evaluation.py	dimswe/test2b_m1y_evaluation.py	CANONICAL_SOURCE	c610199c06993e039dbfb74c4ea3ec46a0ab210b5aafd66c278c31dd109434a9	c610199c06993e039dbfb74c4ea3ec46a0ab210b5aafd66c278c31dd109434a9
/Users/arjunsharma/Documents/SandiaProjects/4-LDRDAMDIS/DIMSWE-feature-study-20260828/m1y_test2b_20260828_workspace/dimswe/test2b_m1y_report.py	dimswe/test2b_m1y_report.py	CANONICAL_SOURCE	379daa300d44961b34976c147ad4c824dcca432f41984efd99b2fac994c26255	6817e7d9d250b2e955fd876166e0fc00e087c7e2b3de55f44c96b3ab6309a33e
/Users/arjunsharma/Documents/SandiaProjects/4-LDRDAMDIS/DIMSWE-feature-study-20260828/m1y_test2b_20260828_workspace/docs/m1y_test2b_20260828/M1Y_CAMPAIGN_SPEC.md	docs/m1y_test2b_20260828/M1Y_CAMPAIGN_SPEC.md	CANONICAL_DOC	e242433399d9259fe4e8c7708f9139837b938b451a32a4e271c8e94bf61fbcf2	e242433399d9259fe4e8c7708f9139837b938b451a32a4e271c8e94bf61fbcf2
/Users/arjunsharma/Documents/SandiaProjects/4-LDRDAMDIS/DIMSWE-feature-study-20260828/m1y_test2b_20260828_workspace/docs/m1y_test2b_20260828/M1Y_PROVENANCE.md	docs/m1y_test2b_20260828/M1Y_PROVENANCE.md	CANONICAL_DOC	dc1779ab164f49cbc6ae369764928b90b4034251330bd2f188e321d072222950	dc1779ab164f49cbc6ae369764928b90b4034251330bd2f188e321d072222950
/Users/arjunsharma/Documents/SandiaProjects/4-LDRDAMDIS/DIMSWE-feature-study-20260828/m1y_test2b_20260828_workspace/docs/m1y_test2b_20260828/M1Y_RESULTS.csv	docs/m1y_test2b_20260828/M1Y_RESULTS.csv	CANONICAL_DOC	fa72f1c64f0cfc6750e48f7dfb8f3db662a0e92aa1630970ad9ef587e1e7f8d8	fa72f1c64f0cfc6750e48f7dfb8f3db662a0e92aa1630970ad9ef587e1e7f8d8
/Users/arjunsharma/Documents/SandiaProjects/4-LDRDAMDIS/DIMSWE-feature-study-20260828/m1y_test2b_20260828_workspace/docs/m1y_test2b_20260828/M1Y_RESULTS.json	docs/m1y_test2b_20260828/M1Y_RESULTS.json	CANONICAL_DOC	522f18884f3ab925c81ffa3d82f308a20c444c487db26cacbe9bab39664c8115	522f18884f3ab925c81ffa3d82f308a20c444c487db26cacbe9bab39664c8115
/Users/arjunsharma/Documents/SandiaProjects/4-LDRDAMDIS/DIMSWE-feature-study-20260828/m1y_test2b_20260828_workspace/docs/m1y_test2b_20260828/M1Y_RESULTS.md	docs/m1y_test2b_20260828/M1Y_RESULTS.md	CANONICAL_DOC	d710eb84aedf68060f98a84325e00c3a5c8a4d742027adc2596b7ffadeb8a277	d710eb84aedf68060f98a84325e00c3a5c8a4d742027adc2596b7ffadeb8a277
/Users/arjunsharma/Documents/SandiaProjects/4-LDRDAMDIS/DIMSWE-feature-study-20260828/m1y_test2b_20260828_workspace/docs/m1y_test2b_20260828/M1Y_VALIDATION.md	docs/m1y_test2b_20260828/M1Y_VALIDATION.md	CANONICAL_DOC	b12ef19d8a21eda4e97bd4e580fe04bf335b5dc70d182b967276c08d114814ce	b12ef19d8a21eda4e97bd4e580fe04bf335b5dc70d182b967276c08d114814ce
/Users/arjunsharma/Documents/SandiaProjects/4-LDRDAMDIS/DIMSWE-feature-study-20260828/m1y_test2b_20260828_workspace/docs/m1y_test2b_20260828/authoritative_final_recheck.json	docs/m1y_test2b_20260828/authoritative_final_recheck.json	CANONICAL_DOC	c4def95f82b90ac3da17b2669180ef7048bbd7dc6b778b0f5983d8a219a3a21c	c4def95f82b90ac3da17b2669180ef7048bbd7dc6b778b0f5983d8a219a3a21c
/Users/arjunsharma/Documents/SandiaProjects/4-LDRDAMDIS/DIMSWE-feature-study-20260828/m1y_test2b_20260828_workspace/docs/m1y_test2b_20260828/manifest.json	docs/m1y_test2b_20260828/manifest.json	CANONICAL_DOC	9c6c1fc19784aa3a254a87604fdfecd9d7a562900cadfa2ec3531aafcc28befb	9c6c1fc19784aa3a254a87604fdfecd9d7a562900cadfa2ec3531aafcc28befb
/Users/arjunsharma/Documents/SandiaProjects/4-LDRDAMDIS/DIMSWE-feature-study-20260828/docs/feature_sufficiency_20260828/M1_STATE_LOCATION_AUDIT.md	docs/provenance/m1_state_location_20260828/M1_STATE_LOCATION_AUDIT.md	CANONICAL_PROVENANCE	4fe6b814b91b61fc9cd4c397c6727a1902a23b829368473143cca1dd313d6239	4fe6b814b91b61fc9cd4c397c6727a1902a23b829368473143cca1dd313d6239
CODEX_INTEGRATION	docs/provenance/m1_state_location_20260828/README.md	CANONICAL_PROVENANCE	-	6a03825fc25e9c8d80ef262c42563bd4064b4782c06e7590838f789740cd46f9
/Users/arjunsharma/Documents/SandiaProjects/4-LDRDAMDIS/DIMSWE-feature-study-20260828/docs/feature_sufficiency_20260828/STUDY_STOP_REPORT.md	docs/provenance/m1_state_location_20260828/STUDY_STOP_REPORT.md	CANONICAL_PROVENANCE	770b8899000c049f04f15b4722d324aa9aa937c81f30fb264adb98709971dfd5	770b8899000c049f04f15b4722d324aa9aa937c81f30fb264adb98709971dfd5
/Users/arjunsharma/Documents/SandiaProjects/4-LDRDAMDIS/DIMSWE-feature-study-20260828/m1y_test2b_20260828_workspace/external-results/m1y-test2b-20260828/evaluation/heldout_preparation_progress.json	external-results/m1y-test2b-20260828/evaluation/heldout_preparation_progress.json	CANONICAL_RESULT	0ee5945ff92f67f43f25d53ecffc47080378733fe56a1b3c7927dc4eb64ee052	0ee5945ff92f67f43f25d53ecffc47080378733fe56a1b3c7927dc4eb64ee052
/Users/arjunsharma/Documents/SandiaProjects/4-LDRDAMDIS/DIMSWE-feature-study-20260828/m1y_test2b_20260828_workspace/external-results/m1y-test2b-20260828/evaluation/m1y_heldout_data.json	external-results/m1y-test2b-20260828/evaluation/m1y_heldout_data.json	CANONICAL_RESULT	4601a5dcdb5bef7ff5711b7c2273324640759e3248842cb0dc2d72e2da30c21e	4601a5dcdb5bef7ff5711b7c2273324640759e3248842cb0dc2d72e2da30c21e
/Users/arjunsharma/Documents/SandiaProjects/4-LDRDAMDIS/DIMSWE-feature-study-20260828/m1y_test2b_20260828_workspace/external-results/m1y-test2b-20260828/evaluation/representation_A_matched.json	external-results/m1y-test2b-20260828/evaluation/representation_A_matched.json	CANONICAL_RESULT	34db97a05f691298e445222de4bd7eebf55348e01e16aabdfa7ade8b65746fc7	34db97a05f691298e445222de4bd7eebf55348e01e16aabdfa7ade8b65746fc7
/Users/arjunsharma/Documents/SandiaProjects/4-LDRDAMDIS/DIMSWE-feature-study-20260828/m1y_test2b_20260828_workspace/external-results/m1y-test2b-20260828/evaluation/representation_B_matched.json	external-results/m1y-test2b-20260828/evaluation/representation_B_matched.json	CANONICAL_RESULT	4d11a81f32601a82ba018efca73e400d96e1fb8ea6b34d95bdd5123a75e3fa58	4d11a81f32601a82ba018efca73e400d96e1fb8ea6b34d95bdd5123a75e3fa58
/Users/arjunsharma/Documents/SandiaProjects/4-LDRDAMDIS/DIMSWE-feature-study-20260828/m1y_test2b_20260828_workspace/external-results/m1y-test2b-20260828/evaluation/representation_C_matched.json	external-results/m1y-test2b-20260828/evaluation/representation_C_matched.json	CANONICAL_RESULT	7bd7adfc3834b7818a86d478228ad0176ab9f59c8e919d58e763eba4d01e8f79	7bd7adfc3834b7818a86d478228ad0176ab9f59c8e919d58e763eba4d01e8f79
/Users/arjunsharma/Documents/SandiaProjects/4-LDRDAMDIS/DIMSWE-feature-study-20260828/m1y_test2b_20260828_workspace/external-results/m1y-test2b-20260828/preparation/immutable_inputs.json	external-results/m1y-test2b-20260828/preparation/immutable_inputs.json	CANONICAL_RESULT	3857fb6685718f30ada253126c8270c5916f39542ab777de9efababaabd271f9	3857fb6685718f30ada253126c8270c5916f39542ab777de9efababaabd271f9
/Users/arjunsharma/Documents/SandiaProjects/4-LDRDAMDIS/DIMSWE-feature-study-20260828/m1y_test2b_20260828_workspace/external-results/m1y-test2b-20260828/preparation/m1y_learning_data.json	external-results/m1y-test2b-20260828/preparation/m1y_learning_data.json	CANONICAL_RESULT	1cb934f8c4f5f2d3c18e597cd69bba2c74ed88148d3b1ca0c113452b32dd3551	1cb934f8c4f5f2d3c18e597cd69bba2c74ed88148d3b1ca0c113452b32dd3551
/Users/arjunsharma/Documents/SandiaProjects/4-LDRDAMDIS/DIMSWE-feature-study-20260828/m1y_test2b_20260828_workspace/external-results/m1y-test2b-20260828/preparation/objective_certification.json	external-results/m1y-test2b-20260828/preparation/objective_certification.json	CANONICAL_RESULT	372353f55e2424013613b1b6e4b4386dc5f121805bdc14b32ad9e8499b6f4d4a	372353f55e2424013613b1b6e4b4386dc5f121805bdc14b32ad9e8499b6f4d4a
/Users/arjunsharma/Documents/SandiaProjects/4-LDRDAMDIS/DIMSWE-feature-study-20260828/m1y_test2b_20260828_workspace/external-results/m1y-test2b-20260828/preparation/preparation_progress.json	external-results/m1y-test2b-20260828/preparation/preparation_progress.json	CANONICAL_RESULT	e491c317e7e02a6d34713b78092dc640fed25109af8407794a745375ccfac274	e491c317e7e02a6d34713b78092dc640fed25109af8407794a745375ccfac274
/Users/arjunsharma/Documents/SandiaProjects/4-LDRDAMDIS/DIMSWE-feature-study-20260828/m1y_test2b_20260828_workspace/external-results/m1y-test2b-20260828/preparation/pretraining_validation.json	external-results/m1y-test2b-20260828/preparation/pretraining_validation.json	CANONICAL_RESULT	bca0fc0c33108aafb4785ee4ae610013d83abc1c89ac723d1cd709f88d9f37b7	bca0fc0c33108aafb4785ee4ae610013d83abc1c89ac723d1cd709f88d9f37b7
/Users/arjunsharma/Documents/SandiaProjects/4-LDRDAMDIS/DIMSWE-feature-study-20260828/m1y_test2b_20260828_workspace/external-results/m1y-test2b-20260828/production/representation-A/m1y-seed0-m20-10k/checkpoint_000000000_parameters.json	external-results/m1y-test2b-20260828/production/representation-A/m1y-seed0-m20-10k/checkpoint_000000000_parameters.json	CANONICAL_PARAMETER_ARTIFACT	423f6ee5c00fcbf9c6ff86673b9a4355acc71c218903c6fe863a6afdd66548c4	423f6ee5c00fcbf9c6ff86673b9a4355acc71c218903c6fe863a6afdd66548c4
/Users/arjunsharma/Documents/SandiaProjects/4-LDRDAMDIS/DIMSWE-feature-study-20260828/m1y_test2b_20260828_workspace/external-results/m1y-test2b-20260828/production/representation-A/m1y-seed0-m20-10k/checkpoint_000000000_parameters.npz	external-results/m1y-test2b-20260828/production/representation-A/m1y-seed0-m20-10k/checkpoint_000000000_parameters.npz	CANONICAL_PARAMETER_ARTIFACT	fd3824949aa2a8ce09fe2b7ad9527a97bddd603e30434adeac7097933428cba3	fd3824949aa2a8ce09fe2b7ad9527a97bddd603e30434adeac7097933428cba3
/Users/arjunsharma/Documents/SandiaProjects/4-LDRDAMDIS/DIMSWE-feature-study-20260828/m1y_test2b_20260828_workspace/external-results/m1y-test2b-20260828/production/representation-A/m1y-seed0-m20-10k/checkpoint_000000001_parameters.json	external-results/m1y-test2b-20260828/production/representation-A/m1y-seed0-m20-10k/checkpoint_000000001_parameters.json	CANONICAL_PARAMETER_ARTIFACT	f958ffa316532e9cc1b01ffd185a5e36a582b4eaa4604cae9d6207c1d93156a1	f958ffa316532e9cc1b01ffd185a5e36a582b4eaa4604cae9d6207c1d93156a1
/Users/arjunsharma/Documents/SandiaProjects/4-LDRDAMDIS/DIMSWE-feature-study-20260828/m1y_test2b_20260828_workspace/external-results/m1y-test2b-20260828/production/representation-A/m1y-seed0-m20-10k/checkpoint_000000001_parameters.npz	external-results/m1y-test2b-20260828/production/representation-A/m1y-seed0-m20-10k/checkpoint_000000001_parameters.npz	CANONICAL_PARAMETER_ARTIFACT	ad647a22109ac6044364ae808e5e02a51fb926ce94e5dccf2d6073dde6df33b2	ad647a22109ac6044364ae808e5e02a51fb926ce94e5dccf2d6073dde6df33b2
/Users/arjunsharma/Documents/SandiaProjects/4-LDRDAMDIS/DIMSWE-feature-study-20260828/m1y_test2b_20260828_workspace/external-results/m1y-test2b-20260828/production/representation-A/m1y-seed0-m20-10k/checkpoint_000000005_parameters.json	external-results/m1y-test2b-20260828/production/representation-A/m1y-seed0-m20-10k/checkpoint_000000005_parameters.json	CANONICAL_PARAMETER_ARTIFACT	f9bbee32a0a001ab0d33e72238838c12b5224290a25dafd7e280102d73d99301	f9bbee32a0a001ab0d33e72238838c12b5224290a25dafd7e280102d73d99301
/Users/arjunsharma/Documents/SandiaProjects/4-LDRDAMDIS/DIMSWE-feature-study-20260828/m1y_test2b_20260828_workspace/external-results/m1y-test2b-20260828/production/representation-A/m1y-seed0-m20-10k/checkpoint_000000005_parameters.npz	external-results/m1y-test2b-20260828/production/representation-A/m1y-seed0-m20-10k/checkpoint_000000005_parameters.npz	CANONICAL_PARAMETER_ARTIFACT	51ab39228d854d90b27e709f77d6c96db9fa0fbcf43c214d94f6d175b8e88b82	51ab39228d854d90b27e709f77d6c96db9fa0fbcf43c214d94f6d175b8e88b82
/Users/arjunsharma/Documents/SandiaProjects/4-LDRDAMDIS/DIMSWE-feature-study-20260828/m1y_test2b_20260828_workspace/external-results/m1y-test2b-20260828/production/representation-A/m1y-seed0-m20-10k/checkpoint_000000010_parameters.json	external-results/m1y-test2b-20260828/production/representation-A/m1y-seed0-m20-10k/checkpoint_000000010_parameters.json	CANONICAL_PARAMETER_ARTIFACT	7b3e2cf8726a4aac75e05711357df1f43124fece9053fefd076f6b2ace21aec1	7b3e2cf8726a4aac75e05711357df1f43124fece9053fefd076f6b2ace21aec1
/Users/arjunsharma/Documents/SandiaProjects/4-LDRDAMDIS/DIMSWE-feature-study-20260828/m1y_test2b_20260828_workspace/external-results/m1y-test2b-20260828/production/representation-A/m1y-seed0-m20-10k/checkpoint_000000010_parameters.npz	external-results/m1y-test2b-20260828/production/representation-A/m1y-seed0-m20-10k/checkpoint_000000010_parameters.npz	CANONICAL_PARAMETER_ARTIFACT	9ee089bac489dbe1d452e53b28cb5737a973850ffa9489d7d77c81c34e564e17	9ee089bac489dbe1d452e53b28cb5737a973850ffa9489d7d77c81c34e564e17
/Users/arjunsharma/Documents/SandiaProjects/4-LDRDAMDIS/DIMSWE-feature-study-20260828/m1y_test2b_20260828_workspace/external-results/m1y-test2b-20260828/production/representation-A/m1y-seed0-m20-10k/checkpoint_000000020_parameters.json	external-results/m1y-test2b-20260828/production/representation-A/m1y-seed0-m20-10k/checkpoint_000000020_parameters.json	CANONICAL_PARAMETER_ARTIFACT	6a9e15ad10a13173886f209119feb830869705208eca1b147be2eeef69010aa9	6a9e15ad10a13173886f209119feb830869705208eca1b147be2eeef69010aa9
/Users/arjunsharma/Documents/SandiaProjects/4-LDRDAMDIS/DIMSWE-feature-study-20260828/m1y_test2b_20260828_workspace/external-results/m1y-test2b-20260828/production/representation-A/m1y-seed0-m20-10k/checkpoint_000000020_parameters.npz	external-results/m1y-test2b-20260828/production/representation-A/m1y-seed0-m20-10k/checkpoint_000000020_parameters.npz	CANONICAL_PARAMETER_ARTIFACT	77ce012b12557363e5dac2d5b2f5d78554a97e734eed7fd0ccddb39e013b1a30	77ce012b12557363e5dac2d5b2f5d78554a97e734eed7fd0ccddb39e013b1a30
/Users/arjunsharma/Documents/SandiaProjects/4-LDRDAMDIS/DIMSWE-feature-study-20260828/m1y_test2b_20260828_workspace/external-results/m1y-test2b-20260828/production/representation-A/m1y-seed0-m20-10k/checkpoint_000000100_parameters.json	external-results/m1y-test2b-20260828/production/representation-A/m1y-seed0-m20-10k/checkpoint_000000100_parameters.json	CANONICAL_PARAMETER_ARTIFACT	cd5a40f7f0a7a6c9ca6e1bb66ec6a164e2d557326815bc19e90444d7a0325d74	cd5a40f7f0a7a6c9ca6e1bb66ec6a164e2d557326815bc19e90444d7a0325d74
/Users/arjunsharma/Documents/SandiaProjects/4-LDRDAMDIS/DIMSWE-feature-study-20260828/m1y_test2b_20260828_workspace/external-results/m1y-test2b-20260828/production/representation-A/m1y-seed0-m20-10k/checkpoint_000000100_parameters.npz	external-results/m1y-test2b-20260828/production/representation-A/m1y-seed0-m20-10k/checkpoint_000000100_parameters.npz	CANONICAL_PARAMETER_ARTIFACT	4b38f952ea0c37cd59f8b8eb36ebd7079f076c500c796e099d66144bea48116a	4b38f952ea0c37cd59f8b8eb36ebd7079f076c500c796e099d66144bea48116a
/Users/arjunsharma/Documents/SandiaProjects/4-LDRDAMDIS/DIMSWE-feature-study-20260828/m1y_test2b_20260828_workspace/external-results/m1y-test2b-20260828/production/representation-A/m1y-seed0-m20-10k/checkpoint_000000500_parameters.json	external-results/m1y-test2b-20260828/production/representation-A/m1y-seed0-m20-10k/checkpoint_000000500_parameters.json	CANONICAL_PARAMETER_ARTIFACT	23c71fa48ffd3bfd4dff213d740b06514704defd9a7b555042608b3fb72f2c03	23c71fa48ffd3bfd4dff213d740b06514704defd9a7b555042608b3fb72f2c03
/Users/arjunsharma/Documents/SandiaProjects/4-LDRDAMDIS/DIMSWE-feature-study-20260828/m1y_test2b_20260828_workspace/external-results/m1y-test2b-20260828/production/representation-A/m1y-seed0-m20-10k/checkpoint_000000500_parameters.npz	external-results/m1y-test2b-20260828/production/representation-A/m1y-seed0-m20-10k/checkpoint_000000500_parameters.npz	CANONICAL_PARAMETER_ARTIFACT	b431c1e3899992f882d0a76fea13c1aa453fc80065f6f747bdaea8f3420bf26f	b431c1e3899992f882d0a76fea13c1aa453fc80065f6f747bdaea8f3420bf26f
/Users/arjunsharma/Documents/SandiaProjects/4-LDRDAMDIS/DIMSWE-feature-study-20260828/m1y_test2b_20260828_workspace/external-results/m1y-test2b-20260828/production/representation-A/m1y-seed0-m20-10k/checkpoint_000001000_parameters.json	external-results/m1y-test2b-20260828/production/representation-A/m1y-seed0-m20-10k/checkpoint_000001000_parameters.json	CANONICAL_PARAMETER_ARTIFACT	618ec2f5b54b9297c292c73d02403eb9444cad9acaeadee21a5b1126c9ff9a39	618ec2f5b54b9297c292c73d02403eb9444cad9acaeadee21a5b1126c9ff9a39
/Users/arjunsharma/Documents/SandiaProjects/4-LDRDAMDIS/DIMSWE-feature-study-20260828/m1y_test2b_20260828_workspace/external-results/m1y-test2b-20260828/production/representation-A/m1y-seed0-m20-10k/checkpoint_000001000_parameters.npz	external-results/m1y-test2b-20260828/production/representation-A/m1y-seed0-m20-10k/checkpoint_000001000_parameters.npz	CANONICAL_PARAMETER_ARTIFACT	761ea20613b94cc442801f754c1406d4c9673e5ee290d4f6230e7b4cfba6767f	761ea20613b94cc442801f754c1406d4c9673e5ee290d4f6230e7b4cfba6767f
/Users/arjunsharma/Documents/SandiaProjects/4-LDRDAMDIS/DIMSWE-feature-study-20260828/m1y_test2b_20260828_workspace/external-results/m1y-test2b-20260828/production/representation-A/m1y-seed0-m20-10k/checkpoint_000005000_parameters.json	external-results/m1y-test2b-20260828/production/representation-A/m1y-seed0-m20-10k/checkpoint_000005000_parameters.json	CANONICAL_PARAMETER_ARTIFACT	169cd5a2fa27c6295fb1bcc34f362db431e29841db805fbb8708539176efef69	169cd5a2fa27c6295fb1bcc34f362db431e29841db805fbb8708539176efef69
/Users/arjunsharma/Documents/SandiaProjects/4-LDRDAMDIS/DIMSWE-feature-study-20260828/m1y_test2b_20260828_workspace/external-results/m1y-test2b-20260828/production/representation-A/m1y-seed0-m20-10k/checkpoint_000005000_parameters.npz	external-results/m1y-test2b-20260828/production/representation-A/m1y-seed0-m20-10k/checkpoint_000005000_parameters.npz	CANONICAL_PARAMETER_ARTIFACT	68e59bc830265fc98fddfdb344c2cd713676d688816b11b9a7df98d86abab25a	68e59bc830265fc98fddfdb344c2cd713676d688816b11b9a7df98d86abab25a
/Users/arjunsharma/Documents/SandiaProjects/4-LDRDAMDIS/DIMSWE-feature-study-20260828/m1y_test2b_20260828_workspace/external-results/m1y-test2b-20260828/production/representation-A/m1y-seed0-m20-10k/checkpoint_000010000_parameters.json	external-results/m1y-test2b-20260828/production/representation-A/m1y-seed0-m20-10k/checkpoint_000010000_parameters.json	CANONICAL_PARAMETER_ARTIFACT	feb31b7c6ec68701a98570bee2af48fd07b4da2d0921c91d14c4d65500321bfe	feb31b7c6ec68701a98570bee2af48fd07b4da2d0921c91d14c4d65500321bfe
/Users/arjunsharma/Documents/SandiaProjects/4-LDRDAMDIS/DIMSWE-feature-study-20260828/m1y_test2b_20260828_workspace/external-results/m1y-test2b-20260828/production/representation-A/m1y-seed0-m20-10k/checkpoint_000010000_parameters.npz	external-results/m1y-test2b-20260828/production/representation-A/m1y-seed0-m20-10k/checkpoint_000010000_parameters.npz	CANONICAL_PARAMETER_ARTIFACT	a7f98ffe462a89a00d9d2dedd4efb4531cd0feea6e1d64de0b5359bae5e31db4	a7f98ffe462a89a00d9d2dedd4efb4531cd0feea6e1d64de0b5359bae5e31db4
/Users/arjunsharma/Documents/SandiaProjects/4-LDRDAMDIS/DIMSWE-feature-study-20260828/m1y_test2b_20260828_workspace/external-results/m1y-test2b-20260828/production/representation-A/m1y-seed0-m20-10k/final_parameters.json	external-results/m1y-test2b-20260828/production/representation-A/m1y-seed0-m20-10k/final_parameters.json	CANONICAL_PARAMETER_ARTIFACT	feb31b7c6ec68701a98570bee2af48fd07b4da2d0921c91d14c4d65500321bfe	feb31b7c6ec68701a98570bee2af48fd07b4da2d0921c91d14c4d65500321bfe
/Users/arjunsharma/Documents/SandiaProjects/4-LDRDAMDIS/DIMSWE-feature-study-20260828/m1y_test2b_20260828_workspace/external-results/m1y-test2b-20260828/production/representation-A/m1y-seed0-m20-10k/final_parameters.npz	external-results/m1y-test2b-20260828/production/representation-A/m1y-seed0-m20-10k/final_parameters.npz	CANONICAL_PARAMETER_ARTIFACT	a7f98ffe462a89a00d9d2dedd4efb4531cd0feea6e1d64de0b5359bae5e31db4	a7f98ffe462a89a00d9d2dedd4efb4531cd0feea6e1d64de0b5359bae5e31db4
/Users/arjunsharma/Documents/SandiaProjects/4-LDRDAMDIS/DIMSWE-feature-study-20260828/m1y_test2b_20260828_workspace/external-results/m1y-test2b-20260828/production/representation-A/m1y-seed0-m20-10k/fit_progress.json	external-results/m1y-test2b-20260828/production/representation-A/m1y-seed0-m20-10k/fit_progress.json	CANONICAL_RESULT	73d0e7de99b988374198bea65409bb711f7791109604b2e00b6a3a782457356c	73d0e7de99b988374198bea65409bb711f7791109604b2e00b6a3a782457356c
/Users/arjunsharma/Documents/SandiaProjects/4-LDRDAMDIS/DIMSWE-feature-study-20260828/m1y_test2b_20260828_workspace/external-results/m1y-test2b-20260828/production/representation-A/m1y-seed0-m20-10k/fit_result.json	external-results/m1y-test2b-20260828/production/representation-A/m1y-seed0-m20-10k/fit_result.json	CANONICAL_RESULT	73d0e7de99b988374198bea65409bb711f7791109604b2e00b6a3a782457356c	73d0e7de99b988374198bea65409bb711f7791109604b2e00b6a3a782457356c
/Users/arjunsharma/Documents/SandiaProjects/4-LDRDAMDIS/DIMSWE-feature-study-20260828/m1y_test2b_20260828_workspace/external-results/m1y-test2b-20260828/production/representation-B/m1y-seed0-m20-10k/checkpoint_000000000_parameters.json	external-results/m1y-test2b-20260828/production/representation-B/m1y-seed0-m20-10k/checkpoint_000000000_parameters.json	CANONICAL_PARAMETER_ARTIFACT	d85dfe5d14131e06999c760d9d667071074e5e095480ff5cd5720126c2b7043a	d85dfe5d14131e06999c760d9d667071074e5e095480ff5cd5720126c2b7043a
/Users/arjunsharma/Documents/SandiaProjects/4-LDRDAMDIS/DIMSWE-feature-study-20260828/m1y_test2b_20260828_workspace/external-results/m1y-test2b-20260828/production/representation-B/m1y-seed0-m20-10k/checkpoint_000000000_parameters.npz	external-results/m1y-test2b-20260828/production/representation-B/m1y-seed0-m20-10k/checkpoint_000000000_parameters.npz	CANONICAL_PARAMETER_ARTIFACT	eac3262e534363da60729c45e1f25f248e15c332e801fac3a8700467a8cf3039	eac3262e534363da60729c45e1f25f248e15c332e801fac3a8700467a8cf3039
/Users/arjunsharma/Documents/SandiaProjects/4-LDRDAMDIS/DIMSWE-feature-study-20260828/m1y_test2b_20260828_workspace/external-results/m1y-test2b-20260828/production/representation-B/m1y-seed0-m20-10k/checkpoint_000000001_parameters.json	external-results/m1y-test2b-20260828/production/representation-B/m1y-seed0-m20-10k/checkpoint_000000001_parameters.json	CANONICAL_PARAMETER_ARTIFACT	4a23ce558de377d7945c65135ca8e47c0e4ccccf375fe87378bd9b5677008dde	4a23ce558de377d7945c65135ca8e47c0e4ccccf375fe87378bd9b5677008dde
/Users/arjunsharma/Documents/SandiaProjects/4-LDRDAMDIS/DIMSWE-feature-study-20260828/m1y_test2b_20260828_workspace/external-results/m1y-test2b-20260828/production/representation-B/m1y-seed0-m20-10k/checkpoint_000000001_parameters.npz	external-results/m1y-test2b-20260828/production/representation-B/m1y-seed0-m20-10k/checkpoint_000000001_parameters.npz	CANONICAL_PARAMETER_ARTIFACT	a19e4bd822f7feddf5505d9a6895caa4c622b5275a001b0de61c2612dd874458	a19e4bd822f7feddf5505d9a6895caa4c622b5275a001b0de61c2612dd874458
/Users/arjunsharma/Documents/SandiaProjects/4-LDRDAMDIS/DIMSWE-feature-study-20260828/m1y_test2b_20260828_workspace/external-results/m1y-test2b-20260828/production/representation-B/m1y-seed0-m20-10k/checkpoint_000000005_parameters.json	external-results/m1y-test2b-20260828/production/representation-B/m1y-seed0-m20-10k/checkpoint_000000005_parameters.json	CANONICAL_PARAMETER_ARTIFACT	4e56cb9ed598a65d5cf01fc15e846169530177d269142834d37ae12d678afcaf	4e56cb9ed598a65d5cf01fc15e846169530177d269142834d37ae12d678afcaf
/Users/arjunsharma/Documents/SandiaProjects/4-LDRDAMDIS/DIMSWE-feature-study-20260828/m1y_test2b_20260828_workspace/external-results/m1y-test2b-20260828/production/representation-B/m1y-seed0-m20-10k/checkpoint_000000005_parameters.npz	external-results/m1y-test2b-20260828/production/representation-B/m1y-seed0-m20-10k/checkpoint_000000005_parameters.npz	CANONICAL_PARAMETER_ARTIFACT	d9b9a488a35266cf1fd814aac6c27f1e33d94a50974a16aeb7cf434390b17d2f	d9b9a488a35266cf1fd814aac6c27f1e33d94a50974a16aeb7cf434390b17d2f
/Users/arjunsharma/Documents/SandiaProjects/4-LDRDAMDIS/DIMSWE-feature-study-20260828/m1y_test2b_20260828_workspace/external-results/m1y-test2b-20260828/production/representation-B/m1y-seed0-m20-10k/checkpoint_000000010_parameters.json	external-results/m1y-test2b-20260828/production/representation-B/m1y-seed0-m20-10k/checkpoint_000000010_parameters.json	CANONICAL_PARAMETER_ARTIFACT	540a7f355c6bed1bf4463c65636f824d63e1d2921a4f50416f75823828c26320	540a7f355c6bed1bf4463c65636f824d63e1d2921a4f50416f75823828c26320
/Users/arjunsharma/Documents/SandiaProjects/4-LDRDAMDIS/DIMSWE-feature-study-20260828/m1y_test2b_20260828_workspace/external-results/m1y-test2b-20260828/production/representation-B/m1y-seed0-m20-10k/checkpoint_000000010_parameters.npz	external-results/m1y-test2b-20260828/production/representation-B/m1y-seed0-m20-10k/checkpoint_000000010_parameters.npz	CANONICAL_PARAMETER_ARTIFACT	3749fa6c0110b5c90903692bc71410c3aa9390e1238e1c9888de63a96c4df794	3749fa6c0110b5c90903692bc71410c3aa9390e1238e1c9888de63a96c4df794
/Users/arjunsharma/Documents/SandiaProjects/4-LDRDAMDIS/DIMSWE-feature-study-20260828/m1y_test2b_20260828_workspace/external-results/m1y-test2b-20260828/production/representation-B/m1y-seed0-m20-10k/checkpoint_000000020_parameters.json	external-results/m1y-test2b-20260828/production/representation-B/m1y-seed0-m20-10k/checkpoint_000000020_parameters.json	CANONICAL_PARAMETER_ARTIFACT	eb3090d63162dbd539796701d95d86af65495a9c71517e256c35c811172dcd2f	eb3090d63162dbd539796701d95d86af65495a9c71517e256c35c811172dcd2f
/Users/arjunsharma/Documents/SandiaProjects/4-LDRDAMDIS/DIMSWE-feature-study-20260828/m1y_test2b_20260828_workspace/external-results/m1y-test2b-20260828/production/representation-B/m1y-seed0-m20-10k/checkpoint_000000020_parameters.npz	external-results/m1y-test2b-20260828/production/representation-B/m1y-seed0-m20-10k/checkpoint_000000020_parameters.npz	CANONICAL_PARAMETER_ARTIFACT	4574dbdaebb41cb89105afb015b9d529475e0e28efdbf4242c9fc44f8fd11abd	4574dbdaebb41cb89105afb015b9d529475e0e28efdbf4242c9fc44f8fd11abd
/Users/arjunsharma/Documents/SandiaProjects/4-LDRDAMDIS/DIMSWE-feature-study-20260828/m1y_test2b_20260828_workspace/external-results/m1y-test2b-20260828/production/representation-B/m1y-seed0-m20-10k/checkpoint_000000100_parameters.json	external-results/m1y-test2b-20260828/production/representation-B/m1y-seed0-m20-10k/checkpoint_000000100_parameters.json	CANONICAL_PARAMETER_ARTIFACT	a6be7bc9cd4a1be84f7df59401324ba38f5b7e37a2aa6d56785cfccae1deaf3e	a6be7bc9cd4a1be84f7df59401324ba38f5b7e37a2aa6d56785cfccae1deaf3e
/Users/arjunsharma/Documents/SandiaProjects/4-LDRDAMDIS/DIMSWE-feature-study-20260828/m1y_test2b_20260828_workspace/external-results/m1y-test2b-20260828/production/representation-B/m1y-seed0-m20-10k/checkpoint_000000100_parameters.npz	external-results/m1y-test2b-20260828/production/representation-B/m1y-seed0-m20-10k/checkpoint_000000100_parameters.npz	CANONICAL_PARAMETER_ARTIFACT	a3d4f40c31ff1952475299958d99e8c5699279fa7ede05573759aa869c734281	a3d4f40c31ff1952475299958d99e8c5699279fa7ede05573759aa869c734281
/Users/arjunsharma/Documents/SandiaProjects/4-LDRDAMDIS/DIMSWE-feature-study-20260828/m1y_test2b_20260828_workspace/external-results/m1y-test2b-20260828/production/representation-B/m1y-seed0-m20-10k/checkpoint_000000500_parameters.json	external-results/m1y-test2b-20260828/production/representation-B/m1y-seed0-m20-10k/checkpoint_000000500_parameters.json	CANONICAL_PARAMETER_ARTIFACT	98bc10484945032438b7f26fbaf28cd27d1553a7d5f40238220a2b22f1ebe410	98bc10484945032438b7f26fbaf28cd27d1553a7d5f40238220a2b22f1ebe410
/Users/arjunsharma/Documents/SandiaProjects/4-LDRDAMDIS/DIMSWE-feature-study-20260828/m1y_test2b_20260828_workspace/external-results/m1y-test2b-20260828/production/representation-B/m1y-seed0-m20-10k/checkpoint_000000500_parameters.npz	external-results/m1y-test2b-20260828/production/representation-B/m1y-seed0-m20-10k/checkpoint_000000500_parameters.npz	CANONICAL_PARAMETER_ARTIFACT	58bbb7be3662995816ba3a76d18f01ad931c2cdd4655f211ac12386d653dd8d5	58bbb7be3662995816ba3a76d18f01ad931c2cdd4655f211ac12386d653dd8d5
/Users/arjunsharma/Documents/SandiaProjects/4-LDRDAMDIS/DIMSWE-feature-study-20260828/m1y_test2b_20260828_workspace/external-results/m1y-test2b-20260828/production/representation-B/m1y-seed0-m20-10k/checkpoint_000001000_parameters.json	external-results/m1y-test2b-20260828/production/representation-B/m1y-seed0-m20-10k/checkpoint_000001000_parameters.json	CANONICAL_PARAMETER_ARTIFACT	bb557ea547b3a180d7cf72c9cc892e6e3b0a843bd4d450bdd04ac50e2cc1a5a1	bb557ea547b3a180d7cf72c9cc892e6e3b0a843bd4d450bdd04ac50e2cc1a5a1
/Users/arjunsharma/Documents/SandiaProjects/4-LDRDAMDIS/DIMSWE-feature-study-20260828/m1y_test2b_20260828_workspace/external-results/m1y-test2b-20260828/production/representation-B/m1y-seed0-m20-10k/checkpoint_000001000_parameters.npz	external-results/m1y-test2b-20260828/production/representation-B/m1y-seed0-m20-10k/checkpoint_000001000_parameters.npz	CANONICAL_PARAMETER_ARTIFACT	d5bea6792f12e230705a4869f1d6db6a48c10d0ac45d81b5b07ff97daca8aabd	d5bea6792f12e230705a4869f1d6db6a48c10d0ac45d81b5b07ff97daca8aabd
/Users/arjunsharma/Documents/SandiaProjects/4-LDRDAMDIS/DIMSWE-feature-study-20260828/m1y_test2b_20260828_workspace/external-results/m1y-test2b-20260828/production/representation-B/m1y-seed0-m20-10k/checkpoint_000005000_parameters.json	external-results/m1y-test2b-20260828/production/representation-B/m1y-seed0-m20-10k/checkpoint_000005000_parameters.json	CANONICAL_PARAMETER_ARTIFACT	d8cc258b0d6f24e41efbad713845106de3ce9fbe25f6017ecf5479540b33bd75	d8cc258b0d6f24e41efbad713845106de3ce9fbe25f6017ecf5479540b33bd75
/Users/arjunsharma/Documents/SandiaProjects/4-LDRDAMDIS/DIMSWE-feature-study-20260828/m1y_test2b_20260828_workspace/external-results/m1y-test2b-20260828/production/representation-B/m1y-seed0-m20-10k/checkpoint_000005000_parameters.npz	external-results/m1y-test2b-20260828/production/representation-B/m1y-seed0-m20-10k/checkpoint_000005000_parameters.npz	CANONICAL_PARAMETER_ARTIFACT	b0e74f5ca99984d66a168e26a469e718f092491fc120c4e343d76061e16ae9d0	b0e74f5ca99984d66a168e26a469e718f092491fc120c4e343d76061e16ae9d0
/Users/arjunsharma/Documents/SandiaProjects/4-LDRDAMDIS/DIMSWE-feature-study-20260828/m1y_test2b_20260828_workspace/external-results/m1y-test2b-20260828/production/representation-B/m1y-seed0-m20-10k/checkpoint_000010000_parameters.json	external-results/m1y-test2b-20260828/production/representation-B/m1y-seed0-m20-10k/checkpoint_000010000_parameters.json	CANONICAL_PARAMETER_ARTIFACT	a5c255a6de42bbeaadf1db20e8c664d29480c7a062a68e237cbcb8a426088dae	a5c255a6de42bbeaadf1db20e8c664d29480c7a062a68e237cbcb8a426088dae
/Users/arjunsharma/Documents/SandiaProjects/4-LDRDAMDIS/DIMSWE-feature-study-20260828/m1y_test2b_20260828_workspace/external-results/m1y-test2b-20260828/production/representation-B/m1y-seed0-m20-10k/checkpoint_000010000_parameters.npz	external-results/m1y-test2b-20260828/production/representation-B/m1y-seed0-m20-10k/checkpoint_000010000_parameters.npz	CANONICAL_PARAMETER_ARTIFACT	3a829ffff2c2ee96946c197e18a7bd7d7495c255212c61bec1b3d24d788a71ee	3a829ffff2c2ee96946c197e18a7bd7d7495c255212c61bec1b3d24d788a71ee
/Users/arjunsharma/Documents/SandiaProjects/4-LDRDAMDIS/DIMSWE-feature-study-20260828/m1y_test2b_20260828_workspace/external-results/m1y-test2b-20260828/production/representation-B/m1y-seed0-m20-10k/final_parameters.json	external-results/m1y-test2b-20260828/production/representation-B/m1y-seed0-m20-10k/final_parameters.json	CANONICAL_PARAMETER_ARTIFACT	a5c255a6de42bbeaadf1db20e8c664d29480c7a062a68e237cbcb8a426088dae	a5c255a6de42bbeaadf1db20e8c664d29480c7a062a68e237cbcb8a426088dae
/Users/arjunsharma/Documents/SandiaProjects/4-LDRDAMDIS/DIMSWE-feature-study-20260828/m1y_test2b_20260828_workspace/external-results/m1y-test2b-20260828/production/representation-B/m1y-seed0-m20-10k/final_parameters.npz	external-results/m1y-test2b-20260828/production/representation-B/m1y-seed0-m20-10k/final_parameters.npz	CANONICAL_PARAMETER_ARTIFACT	3a829ffff2c2ee96946c197e18a7bd7d7495c255212c61bec1b3d24d788a71ee	3a829ffff2c2ee96946c197e18a7bd7d7495c255212c61bec1b3d24d788a71ee
/Users/arjunsharma/Documents/SandiaProjects/4-LDRDAMDIS/DIMSWE-feature-study-20260828/m1y_test2b_20260828_workspace/external-results/m1y-test2b-20260828/production/representation-B/m1y-seed0-m20-10k/fit_progress.json	external-results/m1y-test2b-20260828/production/representation-B/m1y-seed0-m20-10k/fit_progress.json	CANONICAL_RESULT	adb8c795142691faf08f7ce427d8d30cfec36cc3dd8d61bd487dfadbc31fa631	adb8c795142691faf08f7ce427d8d30cfec36cc3dd8d61bd487dfadbc31fa631
/Users/arjunsharma/Documents/SandiaProjects/4-LDRDAMDIS/DIMSWE-feature-study-20260828/m1y_test2b_20260828_workspace/external-results/m1y-test2b-20260828/production/representation-B/m1y-seed0-m20-10k/fit_result.json	external-results/m1y-test2b-20260828/production/representation-B/m1y-seed0-m20-10k/fit_result.json	CANONICAL_RESULT	adb8c795142691faf08f7ce427d8d30cfec36cc3dd8d61bd487dfadbc31fa631	adb8c795142691faf08f7ce427d8d30cfec36cc3dd8d61bd487dfadbc31fa631
/Users/arjunsharma/Documents/SandiaProjects/4-LDRDAMDIS/DIMSWE-feature-study-20260828/m1y_test2b_20260828_workspace/external-results/m1y-test2b-20260828/production/representation-C/m1y-seed0-m20-10k/checkpoint_000000000_parameters.json	external-results/m1y-test2b-20260828/production/representation-C/m1y-seed0-m20-10k/checkpoint_000000000_parameters.json	CANONICAL_PARAMETER_ARTIFACT	e03a1f3f0e42cc0ea2f7b3aec3fa0c67da8446087b9f3ff1adfd9e0b83d72eae	e03a1f3f0e42cc0ea2f7b3aec3fa0c67da8446087b9f3ff1adfd9e0b83d72eae
/Users/arjunsharma/Documents/SandiaProjects/4-LDRDAMDIS/DIMSWE-feature-study-20260828/m1y_test2b_20260828_workspace/external-results/m1y-test2b-20260828/production/representation-C/m1y-seed0-m20-10k/checkpoint_000000000_parameters.npz	external-results/m1y-test2b-20260828/production/representation-C/m1y-seed0-m20-10k/checkpoint_000000000_parameters.npz	CANONICAL_PARAMETER_ARTIFACT	837947642dcbe0dd31e20504650ef23944f474c2d5f8337a51320cb0e340f30f	837947642dcbe0dd31e20504650ef23944f474c2d5f8337a51320cb0e340f30f
/Users/arjunsharma/Documents/SandiaProjects/4-LDRDAMDIS/DIMSWE-feature-study-20260828/m1y_test2b_20260828_workspace/external-results/m1y-test2b-20260828/production/representation-C/m1y-seed0-m20-10k/checkpoint_000000001_parameters.json	external-results/m1y-test2b-20260828/production/representation-C/m1y-seed0-m20-10k/checkpoint_000000001_parameters.json	CANONICAL_PARAMETER_ARTIFACT	f79d177e6ba8ba623a003d4c5cffb3c5a346c628a61659557ae1e4152365145e	f79d177e6ba8ba623a003d4c5cffb3c5a346c628a61659557ae1e4152365145e
/Users/arjunsharma/Documents/SandiaProjects/4-LDRDAMDIS/DIMSWE-feature-study-20260828/m1y_test2b_20260828_workspace/external-results/m1y-test2b-20260828/production/representation-C/m1y-seed0-m20-10k/checkpoint_000000001_parameters.npz	external-results/m1y-test2b-20260828/production/representation-C/m1y-seed0-m20-10k/checkpoint_000000001_parameters.npz	CANONICAL_PARAMETER_ARTIFACT	93171abdb8c7df3759a40731509d616d4b6c6787e1b4e5c8164d0e9c5032aa41	93171abdb8c7df3759a40731509d616d4b6c6787e1b4e5c8164d0e9c5032aa41
/Users/arjunsharma/Documents/SandiaProjects/4-LDRDAMDIS/DIMSWE-feature-study-20260828/m1y_test2b_20260828_workspace/external-results/m1y-test2b-20260828/production/representation-C/m1y-seed0-m20-10k/checkpoint_000000005_parameters.json	external-results/m1y-test2b-20260828/production/representation-C/m1y-seed0-m20-10k/checkpoint_000000005_parameters.json	CANONICAL_PARAMETER_ARTIFACT	7b59fe04dc7d769d75df96ec737a57084d4edf806497dd91c8954e11ee3d4aab	7b59fe04dc7d769d75df96ec737a57084d4edf806497dd91c8954e11ee3d4aab
/Users/arjunsharma/Documents/SandiaProjects/4-LDRDAMDIS/DIMSWE-feature-study-20260828/m1y_test2b_20260828_workspace/external-results/m1y-test2b-20260828/production/representation-C/m1y-seed0-m20-10k/checkpoint_000000005_parameters.npz	external-results/m1y-test2b-20260828/production/representation-C/m1y-seed0-m20-10k/checkpoint_000000005_parameters.npz	CANONICAL_PARAMETER_ARTIFACT	f96519bec4d00e49bb83d0e517e988c9289c8e7f1b0f59078c5a5d36052db5a2	f96519bec4d00e49bb83d0e517e988c9289c8e7f1b0f59078c5a5d36052db5a2
/Users/arjunsharma/Documents/SandiaProjects/4-LDRDAMDIS/DIMSWE-feature-study-20260828/m1y_test2b_20260828_workspace/external-results/m1y-test2b-20260828/production/representation-C/m1y-seed0-m20-10k/checkpoint_000000010_parameters.json	external-results/m1y-test2b-20260828/production/representation-C/m1y-seed0-m20-10k/checkpoint_000000010_parameters.json	CANONICAL_PARAMETER_ARTIFACT	58c2e856499adfa6b87c0f2fe55eea09d4da928219c5304fa77fe04399da9b43	58c2e856499adfa6b87c0f2fe55eea09d4da928219c5304fa77fe04399da9b43
/Users/arjunsharma/Documents/SandiaProjects/4-LDRDAMDIS/DIMSWE-feature-study-20260828/m1y_test2b_20260828_workspace/external-results/m1y-test2b-20260828/production/representation-C/m1y-seed0-m20-10k/checkpoint_000000010_parameters.npz	external-results/m1y-test2b-20260828/production/representation-C/m1y-seed0-m20-10k/checkpoint_000000010_parameters.npz	CANONICAL_PARAMETER_ARTIFACT	d12a22f8f73f57d2ce844f85919e8823550eed6ebf891e40bcaf0ffcde230c36	d12a22f8f73f57d2ce844f85919e8823550eed6ebf891e40bcaf0ffcde230c36
/Users/arjunsharma/Documents/SandiaProjects/4-LDRDAMDIS/DIMSWE-feature-study-20260828/m1y_test2b_20260828_workspace/external-results/m1y-test2b-20260828/production/representation-C/m1y-seed0-m20-10k/checkpoint_000000020_parameters.json	external-results/m1y-test2b-20260828/production/representation-C/m1y-seed0-m20-10k/checkpoint_000000020_parameters.json	CANONICAL_PARAMETER_ARTIFACT	4ae1516567d80b240a657238425cfe5577c9b21cc07744a686fc35faeda72f25	4ae1516567d80b240a657238425cfe5577c9b21cc07744a686fc35faeda72f25
/Users/arjunsharma/Documents/SandiaProjects/4-LDRDAMDIS/DIMSWE-feature-study-20260828/m1y_test2b_20260828_workspace/external-results/m1y-test2b-20260828/production/representation-C/m1y-seed0-m20-10k/checkpoint_000000020_parameters.npz	external-results/m1y-test2b-20260828/production/representation-C/m1y-seed0-m20-10k/checkpoint_000000020_parameters.npz	CANONICAL_PARAMETER_ARTIFACT	9eed310c0810be4cb7029965e0c656a8f44fba6aea18a9a976625a856f6a19d1	9eed310c0810be4cb7029965e0c656a8f44fba6aea18a9a976625a856f6a19d1
/Users/arjunsharma/Documents/SandiaProjects/4-LDRDAMDIS/DIMSWE-feature-study-20260828/m1y_test2b_20260828_workspace/external-results/m1y-test2b-20260828/production/representation-C/m1y-seed0-m20-10k/checkpoint_000000100_parameters.json	external-results/m1y-test2b-20260828/production/representation-C/m1y-seed0-m20-10k/checkpoint_000000100_parameters.json	CANONICAL_PARAMETER_ARTIFACT	2861cb732faf353961992bf48977bd013899bf23131637c8ce41675250f6d55f	2861cb732faf353961992bf48977bd013899bf23131637c8ce41675250f6d55f
/Users/arjunsharma/Documents/SandiaProjects/4-LDRDAMDIS/DIMSWE-feature-study-20260828/m1y_test2b_20260828_workspace/external-results/m1y-test2b-20260828/production/representation-C/m1y-seed0-m20-10k/checkpoint_000000100_parameters.npz	external-results/m1y-test2b-20260828/production/representation-C/m1y-seed0-m20-10k/checkpoint_000000100_parameters.npz	CANONICAL_PARAMETER_ARTIFACT	46212fc4be306e836eb52a5992b66c881294fae6e4767fd104b38ac4d770f696	46212fc4be306e836eb52a5992b66c881294fae6e4767fd104b38ac4d770f696
/Users/arjunsharma/Documents/SandiaProjects/4-LDRDAMDIS/DIMSWE-feature-study-20260828/m1y_test2b_20260828_workspace/external-results/m1y-test2b-20260828/production/representation-C/m1y-seed0-m20-10k/checkpoint_000000500_parameters.json	external-results/m1y-test2b-20260828/production/representation-C/m1y-seed0-m20-10k/checkpoint_000000500_parameters.json	CANONICAL_PARAMETER_ARTIFACT	9430e4c6b23a6bbffc755edf2643a6b7f8cbd899db0881fd463df7d77f58ff3f	9430e4c6b23a6bbffc755edf2643a6b7f8cbd899db0881fd463df7d77f58ff3f
/Users/arjunsharma/Documents/SandiaProjects/4-LDRDAMDIS/DIMSWE-feature-study-20260828/m1y_test2b_20260828_workspace/external-results/m1y-test2b-20260828/production/representation-C/m1y-seed0-m20-10k/checkpoint_000000500_parameters.npz	external-results/m1y-test2b-20260828/production/representation-C/m1y-seed0-m20-10k/checkpoint_000000500_parameters.npz	CANONICAL_PARAMETER_ARTIFACT	4a3933175da33f008e265ccb4b49c600fbe9d3aff0ace7c23aeaad91a140644c	4a3933175da33f008e265ccb4b49c600fbe9d3aff0ace7c23aeaad91a140644c
/Users/arjunsharma/Documents/SandiaProjects/4-LDRDAMDIS/DIMSWE-feature-study-20260828/m1y_test2b_20260828_workspace/external-results/m1y-test2b-20260828/production/representation-C/m1y-seed0-m20-10k/checkpoint_000001000_parameters.json	external-results/m1y-test2b-20260828/production/representation-C/m1y-seed0-m20-10k/checkpoint_000001000_parameters.json	CANONICAL_PARAMETER_ARTIFACT	86bda57f85c340bd84fa4a53100103051f7eee0409b7898ac5c2d888bc879ecc	86bda57f85c340bd84fa4a53100103051f7eee0409b7898ac5c2d888bc879ecc
/Users/arjunsharma/Documents/SandiaProjects/4-LDRDAMDIS/DIMSWE-feature-study-20260828/m1y_test2b_20260828_workspace/external-results/m1y-test2b-20260828/production/representation-C/m1y-seed0-m20-10k/checkpoint_000001000_parameters.npz	external-results/m1y-test2b-20260828/production/representation-C/m1y-seed0-m20-10k/checkpoint_000001000_parameters.npz	CANONICAL_PARAMETER_ARTIFACT	88133ade29aef585fbec3f9b89db4bba1a313d9c33c17cdbd56d60c61f6f9bbb	88133ade29aef585fbec3f9b89db4bba1a313d9c33c17cdbd56d60c61f6f9bbb
/Users/arjunsharma/Documents/SandiaProjects/4-LDRDAMDIS/DIMSWE-feature-study-20260828/m1y_test2b_20260828_workspace/external-results/m1y-test2b-20260828/production/representation-C/m1y-seed0-m20-10k/checkpoint_000005000_parameters.json	external-results/m1y-test2b-20260828/production/representation-C/m1y-seed0-m20-10k/checkpoint_000005000_parameters.json	CANONICAL_PARAMETER_ARTIFACT	c46d51589bcc00a0201ab360e5121c34dff45df816657014c6fc27c6cd69069c	c46d51589bcc00a0201ab360e5121c34dff45df816657014c6fc27c6cd69069c
/Users/arjunsharma/Documents/SandiaProjects/4-LDRDAMDIS/DIMSWE-feature-study-20260828/m1y_test2b_20260828_workspace/external-results/m1y-test2b-20260828/production/representation-C/m1y-seed0-m20-10k/checkpoint_000005000_parameters.npz	external-results/m1y-test2b-20260828/production/representation-C/m1y-seed0-m20-10k/checkpoint_000005000_parameters.npz	CANONICAL_PARAMETER_ARTIFACT	2de1bedb98fb9cb75c6ba63e63e807a25aaae465940c8e8fba7c6ce87d4166f7	2de1bedb98fb9cb75c6ba63e63e807a25aaae465940c8e8fba7c6ce87d4166f7
/Users/arjunsharma/Documents/SandiaProjects/4-LDRDAMDIS/DIMSWE-feature-study-20260828/m1y_test2b_20260828_workspace/external-results/m1y-test2b-20260828/production/representation-C/m1y-seed0-m20-10k/checkpoint_000010000_parameters.json	external-results/m1y-test2b-20260828/production/representation-C/m1y-seed0-m20-10k/checkpoint_000010000_parameters.json	CANONICAL_PARAMETER_ARTIFACT	4c359d363dd3f756317907fcaa92d161dcfa0c13cb4129becacbdbb05249bafd	4c359d363dd3f756317907fcaa92d161dcfa0c13cb4129becacbdbb05249bafd
/Users/arjunsharma/Documents/SandiaProjects/4-LDRDAMDIS/DIMSWE-feature-study-20260828/m1y_test2b_20260828_workspace/external-results/m1y-test2b-20260828/production/representation-C/m1y-seed0-m20-10k/checkpoint_000010000_parameters.npz	external-results/m1y-test2b-20260828/production/representation-C/m1y-seed0-m20-10k/checkpoint_000010000_parameters.npz	CANONICAL_PARAMETER_ARTIFACT	169eadab27a39916e37a875c27708873595f133cb4ea39e9f23eab14e86d49ee	169eadab27a39916e37a875c27708873595f133cb4ea39e9f23eab14e86d49ee
/Users/arjunsharma/Documents/SandiaProjects/4-LDRDAMDIS/DIMSWE-feature-study-20260828/m1y_test2b_20260828_workspace/external-results/m1y-test2b-20260828/production/representation-C/m1y-seed0-m20-10k/final_parameters.json	external-results/m1y-test2b-20260828/production/representation-C/m1y-seed0-m20-10k/final_parameters.json	CANONICAL_PARAMETER_ARTIFACT	4c359d363dd3f756317907fcaa92d161dcfa0c13cb4129becacbdbb05249bafd	4c359d363dd3f756317907fcaa92d161dcfa0c13cb4129becacbdbb05249bafd
/Users/arjunsharma/Documents/SandiaProjects/4-LDRDAMDIS/DIMSWE-feature-study-20260828/m1y_test2b_20260828_workspace/external-results/m1y-test2b-20260828/production/representation-C/m1y-seed0-m20-10k/final_parameters.npz	external-results/m1y-test2b-20260828/production/representation-C/m1y-seed0-m20-10k/final_parameters.npz	CANONICAL_PARAMETER_ARTIFACT	169eadab27a39916e37a875c27708873595f133cb4ea39e9f23eab14e86d49ee	169eadab27a39916e37a875c27708873595f133cb4ea39e9f23eab14e86d49ee
/Users/arjunsharma/Documents/SandiaProjects/4-LDRDAMDIS/DIMSWE-feature-study-20260828/m1y_test2b_20260828_workspace/external-results/m1y-test2b-20260828/production/representation-C/m1y-seed0-m20-10k/fit_progress.json	external-results/m1y-test2b-20260828/production/representation-C/m1y-seed0-m20-10k/fit_progress.json	CANONICAL_RESULT	8beda0e951bd2c232bd2e5d749c979a211ac089df9499a9935cc5cc06b8031f8	8beda0e951bd2c232bd2e5d749c979a211ac089df9499a9935cc5cc06b8031f8
/Users/arjunsharma/Documents/SandiaProjects/4-LDRDAMDIS/DIMSWE-feature-study-20260828/m1y_test2b_20260828_workspace/external-results/m1y-test2b-20260828/production/representation-C/m1y-seed0-m20-10k/fit_result.json	external-results/m1y-test2b-20260828/production/representation-C/m1y-seed0-m20-10k/fit_result.json	CANONICAL_RESULT	8beda0e951bd2c232bd2e5d749c979a211ac089df9499a9935cc5cc06b8031f8	8beda0e951bd2c232bd2e5d749c979a211ac089df9499a9935cc5cc06b8031f8
/Users/arjunsharma/Documents/SandiaProjects/4-LDRDAMDIS/DIMSWE-feature-study-20260828/deployed_hybrid_dynamics_20260830/COMMON_VISUAL_LIMITS.json	postprocessing/deployed_hybrid_dynamics_20260830/COMMON_VISUAL_LIMITS.json	CANONICAL_PROVENANCE	c11b828d313170422c3602d849571cbc7c18d8d4d8b475f625786f8f64b6b4ac	c11b828d313170422c3602d849571cbc7c18d8d4d8b475f625786f8f64b6b4ac
/Users/arjunsharma/Documents/SandiaProjects/4-LDRDAMDIS/DIMSWE-feature-study-20260828/deployed_hybrid_dynamics_20260830/DEPLOYED_HYBRID_DYNAMICS_SUMMARY.md	postprocessing/deployed_hybrid_dynamics_20260830/DEPLOYED_HYBRID_DYNAMICS_SUMMARY.md	CANONICAL_PROVENANCE	f39621cc58ced0cd3e8cfc86ed7c4fc5ca36db9a38ddb035fc0342e564275c41	f39621cc58ced0cd3e8cfc86ed7c4fc5ca36db9a38ddb035fc0342e564275c41
/Users/arjunsharma/Documents/SandiaProjects/4-LDRDAMDIS/DIMSWE-feature-study-20260828/deployed_hybrid_dynamics_20260830/README.md	postprocessing/deployed_hybrid_dynamics_20260830/README.md	CANONICAL_PROVENANCE	5b9129912b664927cbc0ba102cd68c7e3b6c7b1ff8426c67c88d6afdbe1c6619	1d609c61b7eee1dc2f4e6da00e5fd2c57da4c94caa333c9539dd375455f3c6d0
/Users/arjunsharma/Documents/SandiaProjects/4-LDRDAMDIS/DIMSWE-feature-study-20260828/deployed_hybrid_dynamics_20260830/REPLAY_PROVENANCE.json	postprocessing/deployed_hybrid_dynamics_20260830/REPLAY_PROVENANCE.json	CANONICAL_PROVENANCE	5a5c4bfa756a9ee3ed2600051659681703d99c56349463340c9776bd6af62b22	5a5c4bfa756a9ee3ed2600051659681703d99c56349463340c9776bd6af62b22
/Users/arjunsharma/Documents/SandiaProjects/4-LDRDAMDIS/DIMSWE-feature-study-20260828/deployed_hybrid_dynamics_20260830/REPLAY_VALIDATION.md	postprocessing/deployed_hybrid_dynamics_20260830/REPLAY_VALIDATION.md	CANONICAL_PROVENANCE	3ed2538ff93ac1f1a4333d0a4ed9c7781d3f97489c5811a74c8f31220a0df075	3ed2538ff93ac1f1a4333d0a4ed9c7781d3f97489c5811a74c8f31220a0df075
/Users/arjunsharma/Documents/SandiaProjects/4-LDRDAMDIS/DIMSWE-feature-study-20260828/deployed_hybrid_dynamics_20260830/captions/DEPLOYED_HYBRID_DYNAMICS_CAPTIONS.md	postprocessing/deployed_hybrid_dynamics_20260830/captions/DEPLOYED_HYBRID_DYNAMICS_CAPTIONS.md	CANONICAL_PROVENANCE	5f7834d6f6b9922e6cacedde10c7a1d896894dc041cb2b2d1e0383841afcf9a7	5f7834d6f6b9922e6cacedde10c7a1d896894dc041cb2b2d1e0383841afcf9a7
/Users/arjunsharma/Documents/SandiaProjects/4-LDRDAMDIS/DIMSWE-feature-study-20260828/deployed_hybrid_dynamics_20260830/data/REPLAY_VALIDATION.json	postprocessing/deployed_hybrid_dynamics_20260830/data/REPLAY_VALIDATION.json	CANONICAL_RESULT	cb3d2e51df02e59f9e77fb27bc3111ad54f56e2067cd6a8e04f173ba129ac251	cb3d2e51df02e59f9e77fb27bc3111ad54f56e2067cd6a8e04f173ba129ac251
/Users/arjunsharma/Documents/SandiaProjects/4-LDRDAMDIS/DIMSWE-feature-study-20260828/deployed_hybrid_dynamics_20260830/data/repA_H1_maps.json	postprocessing/deployed_hybrid_dynamics_20260830/data/repA_H1_maps.json	CANONICAL_RESULT	dad5ddbeaa8c5395fca036cfb9e7fe66bb36081df7853b7a008f66700ccdaa41	dad5ddbeaa8c5395fca036cfb9e7fe66bb36081df7853b7a008f66700ccdaa41
/Users/arjunsharma/Documents/SandiaProjects/4-LDRDAMDIS/DIMSWE-feature-study-20260828/deployed_hybrid_dynamics_20260830/data/repA_H2_maps.json	postprocessing/deployed_hybrid_dynamics_20260830/data/repA_H2_maps.json	CANONICAL_RESULT	ad84b33ff3f4f4916320dd6acf31e867e82cf90ada961da45dfd8cd58895b7a7	ad84b33ff3f4f4916320dd6acf31e867e82cf90ada961da45dfd8cd58895b7a7
/Users/arjunsharma/Documents/SandiaProjects/4-LDRDAMDIS/DIMSWE-feature-study-20260828/deployed_hybrid_dynamics_20260830/data/repA_H5_maps.json	postprocessing/deployed_hybrid_dynamics_20260830/data/repA_H5_maps.json	CANONICAL_RESULT	5b6e8c4e1aadbf0dcd0ec0ec1fbde96bedefa85e9ad0bac70029f4701c31fa24	5b6e8c4e1aadbf0dcd0ec0ec1fbde96bedefa85e9ad0bac70029f4701c31fa24
/Users/arjunsharma/Documents/SandiaProjects/4-LDRDAMDIS/DIMSWE-feature-study-20260828/deployed_hybrid_dynamics_20260830/data/repA_M1Y_maps.json	postprocessing/deployed_hybrid_dynamics_20260830/data/repA_M1Y_maps.json	CANONICAL_RESULT	daedd08588b0c38355094cf0539e9f7007941b6bf01cca3188f96aebbc490290	daedd08588b0c38355094cf0539e9f7007941b6bf01cca3188f96aebbc490290
/Users/arjunsharma/Documents/SandiaProjects/4-LDRDAMDIS/DIMSWE-feature-study-20260828/deployed_hybrid_dynamics_20260830/data/repB_H1_maps.json	postprocessing/deployed_hybrid_dynamics_20260830/data/repB_H1_maps.json	CANONICAL_RESULT	d467f0f08eacd146fac6e8d3b18111cac743ffa729ba724901e72d1f6c1a071f	d467f0f08eacd146fac6e8d3b18111cac743ffa729ba724901e72d1f6c1a071f
/Users/arjunsharma/Documents/SandiaProjects/4-LDRDAMDIS/DIMSWE-feature-study-20260828/deployed_hybrid_dynamics_20260830/data/repB_H2_maps.json	postprocessing/deployed_hybrid_dynamics_20260830/data/repB_H2_maps.json	CANONICAL_RESULT	c9d1826a76e275cf2ff5eae3636c5aa745751e202051012c8559b4e0058042ca	c9d1826a76e275cf2ff5eae3636c5aa745751e202051012c8559b4e0058042ca
/Users/arjunsharma/Documents/SandiaProjects/4-LDRDAMDIS/DIMSWE-feature-study-20260828/deployed_hybrid_dynamics_20260830/data/repB_H5_maps.json	postprocessing/deployed_hybrid_dynamics_20260830/data/repB_H5_maps.json	CANONICAL_RESULT	ab6a8b9e280924d12897e302c3aa72565f1d50883c17ccc9aa6cc8dd5b5f7e5c	ab6a8b9e280924d12897e302c3aa72565f1d50883c17ccc9aa6cc8dd5b5f7e5c
/Users/arjunsharma/Documents/SandiaProjects/4-LDRDAMDIS/DIMSWE-feature-study-20260828/deployed_hybrid_dynamics_20260830/data/repB_M1Y_maps.json	postprocessing/deployed_hybrid_dynamics_20260830/data/repB_M1Y_maps.json	CANONICAL_RESULT	0086eedd481210e4d925f70b1a8ff0f5757f0b1634ffd9cb0b0a40ec697c6262	0086eedd481210e4d925f70b1a8ff0f5757f0b1634ffd9cb0b0a40ec697c6262
/Users/arjunsharma/Documents/SandiaProjects/4-LDRDAMDIS/DIMSWE-feature-study-20260828/deployed_hybrid_dynamics_20260830/data/repC_H1_maps.json	postprocessing/deployed_hybrid_dynamics_20260830/data/repC_H1_maps.json	CANONICAL_RESULT	357d59b8320c43d1003326028937da27e41f1ea128642dfcb14dd44edc5ac8d1	357d59b8320c43d1003326028937da27e41f1ea128642dfcb14dd44edc5ac8d1
/Users/arjunsharma/Documents/SandiaProjects/4-LDRDAMDIS/DIMSWE-feature-study-20260828/deployed_hybrid_dynamics_20260830/data/repC_H2_maps.json	postprocessing/deployed_hybrid_dynamics_20260830/data/repC_H2_maps.json	CANONICAL_RESULT	65ca49f1df42cec66466c9110b8d881ef580f410914020d615995c23c78e6307	65ca49f1df42cec66466c9110b8d881ef580f410914020d615995c23c78e6307
/Users/arjunsharma/Documents/SandiaProjects/4-LDRDAMDIS/DIMSWE-feature-study-20260828/deployed_hybrid_dynamics_20260830/data/repC_H5_maps.json	postprocessing/deployed_hybrid_dynamics_20260830/data/repC_H5_maps.json	CANONICAL_RESULT	b52f94825e6c399040eccaa87b4884161f1167c56b35149d1c4bd63ba4167b7f	b52f94825e6c399040eccaa87b4884161f1167c56b35149d1c4bd63ba4167b7f
/Users/arjunsharma/Documents/SandiaProjects/4-LDRDAMDIS/DIMSWE-feature-study-20260828/deployed_hybrid_dynamics_20260830/data/repC_M1Y_maps.json	postprocessing/deployed_hybrid_dynamics_20260830/data/repC_M1Y_maps.json	CANONICAL_RESULT	9985c41d7fc37ba6095ccaf67d1aa93c971c6d0550d3b4a46dc8493c3806940c	9985c41d7fc37ba6095ccaf67d1aa93c971c6d0550d3b4a46dc8493c3806940c
/Users/arjunsharma/Documents/SandiaProjects/4-LDRDAMDIS/DIMSWE-feature-study-20260828/deployed_hybrid_dynamics_20260830/data/truth_reference/truth_reference.json	postprocessing/deployed_hybrid_dynamics_20260830/data/truth_reference/truth_reference.json	CANONICAL_RESULT	5db731882d3a536769a9facafc9f0e7cf1df090de58b73b06450efddce44abdc	5db731882d3a536769a9facafc9f0e7cf1df090de58b73b06450efddce44abdc
/Users/arjunsharma/Documents/SandiaProjects/4-LDRDAMDIS/DIMSWE-feature-study-20260828/deployed_hybrid_dynamics_20260830/figures/representation_A/gallery_repA_H1.json	postprocessing/deployed_hybrid_dynamics_20260830/figures/representation_A/gallery_repA_H1.json	CANONICAL_MANUSCRIPT_ASSET	2052bf596a663ddb5708de0606354d960e1640795946f77bdd8b7a7f2087e186	2052bf596a663ddb5708de0606354d960e1640795946f77bdd8b7a7f2087e186
/Users/arjunsharma/Documents/SandiaProjects/4-LDRDAMDIS/DIMSWE-feature-study-20260828/deployed_hybrid_dynamics_20260830/figures/representation_A/gallery_repA_H1.pdf	postprocessing/deployed_hybrid_dynamics_20260830/figures/representation_A/gallery_repA_H1.pdf	CANONICAL_MANUSCRIPT_ASSET	7e6b257a27d9074b614d7f8d3e4bf54053157d89abac59b1a81e16fcdc8a2430	7e6b257a27d9074b614d7f8d3e4bf54053157d89abac59b1a81e16fcdc8a2430
/Users/arjunsharma/Documents/SandiaProjects/4-LDRDAMDIS/DIMSWE-feature-study-20260828/deployed_hybrid_dynamics_20260830/figures/representation_A/gallery_repA_H1.png	postprocessing/deployed_hybrid_dynamics_20260830/figures/representation_A/gallery_repA_H1.png	CANONICAL_MANUSCRIPT_ASSET	4d0b0a064772d57fb68aab4bb60df2c240ed5f66aecea941f3ed47276a99589f	4d0b0a064772d57fb68aab4bb60df2c240ed5f66aecea941f3ed47276a99589f
/Users/arjunsharma/Documents/SandiaProjects/4-LDRDAMDIS/DIMSWE-feature-study-20260828/deployed_hybrid_dynamics_20260830/figures/representation_A/gallery_repA_H2.json	postprocessing/deployed_hybrid_dynamics_20260830/figures/representation_A/gallery_repA_H2.json	CANONICAL_MANUSCRIPT_ASSET	c53795b9203432ecead6ec09222c41a61f93e32d9790b2721bd39b64d327bdde	c53795b9203432ecead6ec09222c41a61f93e32d9790b2721bd39b64d327bdde
/Users/arjunsharma/Documents/SandiaProjects/4-LDRDAMDIS/DIMSWE-feature-study-20260828/deployed_hybrid_dynamics_20260830/figures/representation_A/gallery_repA_H2.pdf	postprocessing/deployed_hybrid_dynamics_20260830/figures/representation_A/gallery_repA_H2.pdf	CANONICAL_MANUSCRIPT_ASSET	01060fd72ef2b9123990f6fe9b9a0205df5562fefd2fc7b37bd4bbf4f64ee0c3	01060fd72ef2b9123990f6fe9b9a0205df5562fefd2fc7b37bd4bbf4f64ee0c3
/Users/arjunsharma/Documents/SandiaProjects/4-LDRDAMDIS/DIMSWE-feature-study-20260828/deployed_hybrid_dynamics_20260830/figures/representation_A/gallery_repA_H2.png	postprocessing/deployed_hybrid_dynamics_20260830/figures/representation_A/gallery_repA_H2.png	CANONICAL_MANUSCRIPT_ASSET	2c748b3ef00b07c07424c1fb837c947749a4daec78cd3461f3df836b88dab232	2c748b3ef00b07c07424c1fb837c947749a4daec78cd3461f3df836b88dab232
/Users/arjunsharma/Documents/SandiaProjects/4-LDRDAMDIS/DIMSWE-feature-study-20260828/deployed_hybrid_dynamics_20260830/figures/representation_A/gallery_repA_H5.json	postprocessing/deployed_hybrid_dynamics_20260830/figures/representation_A/gallery_repA_H5.json	CANONICAL_MANUSCRIPT_ASSET	2443b0c2ad337c7aa0f5ea9bd2e02ecbaf5b08d194611fe6cf478df3bdc27785	2443b0c2ad337c7aa0f5ea9bd2e02ecbaf5b08d194611fe6cf478df3bdc27785
/Users/arjunsharma/Documents/SandiaProjects/4-LDRDAMDIS/DIMSWE-feature-study-20260828/deployed_hybrid_dynamics_20260830/figures/representation_A/gallery_repA_H5.pdf	postprocessing/deployed_hybrid_dynamics_20260830/figures/representation_A/gallery_repA_H5.pdf	CANONICAL_MANUSCRIPT_ASSET	cf2d46a4a9d979d986764d4e18cb8e3b2e303cfa21aac679fd81ccbd669250d4	cf2d46a4a9d979d986764d4e18cb8e3b2e303cfa21aac679fd81ccbd669250d4
/Users/arjunsharma/Documents/SandiaProjects/4-LDRDAMDIS/DIMSWE-feature-study-20260828/deployed_hybrid_dynamics_20260830/figures/representation_A/gallery_repA_H5.png	postprocessing/deployed_hybrid_dynamics_20260830/figures/representation_A/gallery_repA_H5.png	CANONICAL_MANUSCRIPT_ASSET	23470a3730a06a816e8c01f097bb54bb1283db8fea9c3063b66173310c73552f	23470a3730a06a816e8c01f097bb54bb1283db8fea9c3063b66173310c73552f
/Users/arjunsharma/Documents/SandiaProjects/4-LDRDAMDIS/DIMSWE-feature-study-20260828/deployed_hybrid_dynamics_20260830/figures/representation_A/gallery_repA_M1Y.json	postprocessing/deployed_hybrid_dynamics_20260830/figures/representation_A/gallery_repA_M1Y.json	CANONICAL_MANUSCRIPT_ASSET	e66ecfbec210a4d1470bd3c95d46161bdb5470631e27aae5935749f7f9f84f2e	e66ecfbec210a4d1470bd3c95d46161bdb5470631e27aae5935749f7f9f84f2e
/Users/arjunsharma/Documents/SandiaProjects/4-LDRDAMDIS/DIMSWE-feature-study-20260828/deployed_hybrid_dynamics_20260830/figures/representation_A/gallery_repA_M1Y.pdf	postprocessing/deployed_hybrid_dynamics_20260830/figures/representation_A/gallery_repA_M1Y.pdf	CANONICAL_MANUSCRIPT_ASSET	172cb71b4045505e5720f445231847c487ecb4991445c6e48fa69727ac86014c	172cb71b4045505e5720f445231847c487ecb4991445c6e48fa69727ac86014c
/Users/arjunsharma/Documents/SandiaProjects/4-LDRDAMDIS/DIMSWE-feature-study-20260828/deployed_hybrid_dynamics_20260830/figures/representation_A/gallery_repA_M1Y.png	postprocessing/deployed_hybrid_dynamics_20260830/figures/representation_A/gallery_repA_M1Y.png	CANONICAL_MANUSCRIPT_ASSET	75be51f5332642a34cea9dd050c6f1c95c385923c35025bbc0aa8aee208166e8	75be51f5332642a34cea9dd050c6f1c95c385923c35025bbc0aa8aee208166e8
/Users/arjunsharma/Documents/SandiaProjects/4-LDRDAMDIS/DIMSWE-feature-study-20260828/deployed_hybrid_dynamics_20260830/figures/representation_B/gallery_repB_H1.json	postprocessing/deployed_hybrid_dynamics_20260830/figures/representation_B/gallery_repB_H1.json	CANONICAL_MANUSCRIPT_ASSET	927b40507d51f588ff56a35f0f24700cec67f2155db26a03ca908ea896ae5235	927b40507d51f588ff56a35f0f24700cec67f2155db26a03ca908ea896ae5235
/Users/arjunsharma/Documents/SandiaProjects/4-LDRDAMDIS/DIMSWE-feature-study-20260828/deployed_hybrid_dynamics_20260830/figures/representation_B/gallery_repB_H1.pdf	postprocessing/deployed_hybrid_dynamics_20260830/figures/representation_B/gallery_repB_H1.pdf	CANONICAL_MANUSCRIPT_ASSET	353daf8e2f3f193ed014a0f521d694e2fa2879bba2b001d9be147c9af775effc	353daf8e2f3f193ed014a0f521d694e2fa2879bba2b001d9be147c9af775effc
/Users/arjunsharma/Documents/SandiaProjects/4-LDRDAMDIS/DIMSWE-feature-study-20260828/deployed_hybrid_dynamics_20260830/figures/representation_B/gallery_repB_H1.png	postprocessing/deployed_hybrid_dynamics_20260830/figures/representation_B/gallery_repB_H1.png	CANONICAL_MANUSCRIPT_ASSET	ee620ceae9436da67b0b1b2606232086742e3907b63ce0292f611863ce2b4c60	ee620ceae9436da67b0b1b2606232086742e3907b63ce0292f611863ce2b4c60
/Users/arjunsharma/Documents/SandiaProjects/4-LDRDAMDIS/DIMSWE-feature-study-20260828/deployed_hybrid_dynamics_20260830/figures/representation_B/gallery_repB_H2.json	postprocessing/deployed_hybrid_dynamics_20260830/figures/representation_B/gallery_repB_H2.json	CANONICAL_MANUSCRIPT_ASSET	79d4c6c770c20cc1a0f9ba09b5aa7327bf695f969220d06bc533f9a2dfc23e47	79d4c6c770c20cc1a0f9ba09b5aa7327bf695f969220d06bc533f9a2dfc23e47
/Users/arjunsharma/Documents/SandiaProjects/4-LDRDAMDIS/DIMSWE-feature-study-20260828/deployed_hybrid_dynamics_20260830/figures/representation_B/gallery_repB_H2.pdf	postprocessing/deployed_hybrid_dynamics_20260830/figures/representation_B/gallery_repB_H2.pdf	CANONICAL_MANUSCRIPT_ASSET	a30c903ab786590fda7ea0d7da8cb50c57a6889775b0d38132383585e3fd8241	a30c903ab786590fda7ea0d7da8cb50c57a6889775b0d38132383585e3fd8241
/Users/arjunsharma/Documents/SandiaProjects/4-LDRDAMDIS/DIMSWE-feature-study-20260828/deployed_hybrid_dynamics_20260830/figures/representation_B/gallery_repB_H2.png	postprocessing/deployed_hybrid_dynamics_20260830/figures/representation_B/gallery_repB_H2.png	CANONICAL_MANUSCRIPT_ASSET	271689dc4ab59fdff7ed4cf630ccbf7038e7b685c569408da3e6e0baa4171b23	271689dc4ab59fdff7ed4cf630ccbf7038e7b685c569408da3e6e0baa4171b23
/Users/arjunsharma/Documents/SandiaProjects/4-LDRDAMDIS/DIMSWE-feature-study-20260828/deployed_hybrid_dynamics_20260830/figures/representation_B/gallery_repB_H5.json	postprocessing/deployed_hybrid_dynamics_20260830/figures/representation_B/gallery_repB_H5.json	CANONICAL_MANUSCRIPT_ASSET	5f5e8dfd481735c8736ad708dbf799f19e06b7f1693bddcca989aa1b73ae2a01	5f5e8dfd481735c8736ad708dbf799f19e06b7f1693bddcca989aa1b73ae2a01
/Users/arjunsharma/Documents/SandiaProjects/4-LDRDAMDIS/DIMSWE-feature-study-20260828/deployed_hybrid_dynamics_20260830/figures/representation_B/gallery_repB_H5.pdf	postprocessing/deployed_hybrid_dynamics_20260830/figures/representation_B/gallery_repB_H5.pdf	CANONICAL_MANUSCRIPT_ASSET	0053097c1f21593e18c929f49d8384a77e3c78288eafbb9c9b6ad4d3996cd9bb	0053097c1f21593e18c929f49d8384a77e3c78288eafbb9c9b6ad4d3996cd9bb
/Users/arjunsharma/Documents/SandiaProjects/4-LDRDAMDIS/DIMSWE-feature-study-20260828/deployed_hybrid_dynamics_20260830/figures/representation_B/gallery_repB_H5.png	postprocessing/deployed_hybrid_dynamics_20260830/figures/representation_B/gallery_repB_H5.png	CANONICAL_MANUSCRIPT_ASSET	50f2138407e89c4edf5e30d7c425581a0654cec6ef49de7327d18c5add9b6e49	50f2138407e89c4edf5e30d7c425581a0654cec6ef49de7327d18c5add9b6e49
/Users/arjunsharma/Documents/SandiaProjects/4-LDRDAMDIS/DIMSWE-feature-study-20260828/deployed_hybrid_dynamics_20260830/figures/representation_B/gallery_repB_M1Y.json	postprocessing/deployed_hybrid_dynamics_20260830/figures/representation_B/gallery_repB_M1Y.json	CANONICAL_MANUSCRIPT_ASSET	74ffc46716a0e2a43dfca0cd62db24fbfbb65ec0a1ec50fcd8408b69d015a0ec	74ffc46716a0e2a43dfca0cd62db24fbfbb65ec0a1ec50fcd8408b69d015a0ec
/Users/arjunsharma/Documents/SandiaProjects/4-LDRDAMDIS/DIMSWE-feature-study-20260828/deployed_hybrid_dynamics_20260830/figures/representation_B/gallery_repB_M1Y.pdf	postprocessing/deployed_hybrid_dynamics_20260830/figures/representation_B/gallery_repB_M1Y.pdf	CANONICAL_MANUSCRIPT_ASSET	1f49212235bcfa5f4cdb3c2439103ebba8628d7c11264a75a9f9ea713d19807d	1f49212235bcfa5f4cdb3c2439103ebba8628d7c11264a75a9f9ea713d19807d
/Users/arjunsharma/Documents/SandiaProjects/4-LDRDAMDIS/DIMSWE-feature-study-20260828/deployed_hybrid_dynamics_20260830/figures/representation_B/gallery_repB_M1Y.png	postprocessing/deployed_hybrid_dynamics_20260830/figures/representation_B/gallery_repB_M1Y.png	CANONICAL_MANUSCRIPT_ASSET	b7899c75cff4fc80fa67f7c2bcbf423bd6fea87fb5ef31ffc7f2346fb2f7f85f	b7899c75cff4fc80fa67f7c2bcbf423bd6fea87fb5ef31ffc7f2346fb2f7f85f
/Users/arjunsharma/Documents/SandiaProjects/4-LDRDAMDIS/DIMSWE-feature-study-20260828/deployed_hybrid_dynamics_20260830/figures/representation_C/gallery_repC_H1.json	postprocessing/deployed_hybrid_dynamics_20260830/figures/representation_C/gallery_repC_H1.json	CANONICAL_MANUSCRIPT_ASSET	862a8d660d2d12e2033cdca5b947b7e1667dbb40d0af6c8750413ce37907d44d	862a8d660d2d12e2033cdca5b947b7e1667dbb40d0af6c8750413ce37907d44d
/Users/arjunsharma/Documents/SandiaProjects/4-LDRDAMDIS/DIMSWE-feature-study-20260828/deployed_hybrid_dynamics_20260830/figures/representation_C/gallery_repC_H1.pdf	postprocessing/deployed_hybrid_dynamics_20260830/figures/representation_C/gallery_repC_H1.pdf	CANONICAL_MANUSCRIPT_ASSET	684f7d7c48f78677926181ea92c876253b9d49677a574d138e465a32225c21ec	684f7d7c48f78677926181ea92c876253b9d49677a574d138e465a32225c21ec
/Users/arjunsharma/Documents/SandiaProjects/4-LDRDAMDIS/DIMSWE-feature-study-20260828/deployed_hybrid_dynamics_20260830/figures/representation_C/gallery_repC_H1.png	postprocessing/deployed_hybrid_dynamics_20260830/figures/representation_C/gallery_repC_H1.png	CANONICAL_MANUSCRIPT_ASSET	35356b7ddf311bdf9e7b4a2e7f3a3a0b9c29abf978570a165a9c833d036fc4e7	35356b7ddf311bdf9e7b4a2e7f3a3a0b9c29abf978570a165a9c833d036fc4e7
/Users/arjunsharma/Documents/SandiaProjects/4-LDRDAMDIS/DIMSWE-feature-study-20260828/deployed_hybrid_dynamics_20260830/figures/representation_C/gallery_repC_H2.json	postprocessing/deployed_hybrid_dynamics_20260830/figures/representation_C/gallery_repC_H2.json	CANONICAL_MANUSCRIPT_ASSET	a14379712be18aef3a0cdf810d52e6e9ad235598c1274ce994f26041e37f2b20	a14379712be18aef3a0cdf810d52e6e9ad235598c1274ce994f26041e37f2b20
/Users/arjunsharma/Documents/SandiaProjects/4-LDRDAMDIS/DIMSWE-feature-study-20260828/deployed_hybrid_dynamics_20260830/figures/representation_C/gallery_repC_H2.pdf	postprocessing/deployed_hybrid_dynamics_20260830/figures/representation_C/gallery_repC_H2.pdf	CANONICAL_MANUSCRIPT_ASSET	71f6bfe505e89c913de0158c701c6e5c52398b00cb203e13b73858cef20126dc	71f6bfe505e89c913de0158c701c6e5c52398b00cb203e13b73858cef20126dc
/Users/arjunsharma/Documents/SandiaProjects/4-LDRDAMDIS/DIMSWE-feature-study-20260828/deployed_hybrid_dynamics_20260830/figures/representation_C/gallery_repC_H2.png	postprocessing/deployed_hybrid_dynamics_20260830/figures/representation_C/gallery_repC_H2.png	CANONICAL_MANUSCRIPT_ASSET	047fa14d13ea961c38c686f338b0c8a696ecf23c70783503da3801e91cb23680	047fa14d13ea961c38c686f338b0c8a696ecf23c70783503da3801e91cb23680
/Users/arjunsharma/Documents/SandiaProjects/4-LDRDAMDIS/DIMSWE-feature-study-20260828/deployed_hybrid_dynamics_20260830/figures/representation_C/gallery_repC_H5.json	postprocessing/deployed_hybrid_dynamics_20260830/figures/representation_C/gallery_repC_H5.json	CANONICAL_MANUSCRIPT_ASSET	ea90b149e7a627377dd9baa4db0429aa87322c4a9df568af98843aadbb42f26e	ea90b149e7a627377dd9baa4db0429aa87322c4a9df568af98843aadbb42f26e
/Users/arjunsharma/Documents/SandiaProjects/4-LDRDAMDIS/DIMSWE-feature-study-20260828/deployed_hybrid_dynamics_20260830/figures/representation_C/gallery_repC_H5.pdf	postprocessing/deployed_hybrid_dynamics_20260830/figures/representation_C/gallery_repC_H5.pdf	CANONICAL_MANUSCRIPT_ASSET	5c8197d33bded4f533a05a5733fab9bb8470cceb93922c0bfcdb717a53992001	5c8197d33bded4f533a05a5733fab9bb8470cceb93922c0bfcdb717a53992001
/Users/arjunsharma/Documents/SandiaProjects/4-LDRDAMDIS/DIMSWE-feature-study-20260828/deployed_hybrid_dynamics_20260830/figures/representation_C/gallery_repC_H5.png	postprocessing/deployed_hybrid_dynamics_20260830/figures/representation_C/gallery_repC_H5.png	CANONICAL_MANUSCRIPT_ASSET	b0d4ee343ca4bac10b3b8d511c4c6658716b8b59e20f3ad31c88c05a3831043f	b0d4ee343ca4bac10b3b8d511c4c6658716b8b59e20f3ad31c88c05a3831043f
/Users/arjunsharma/Documents/SandiaProjects/4-LDRDAMDIS/DIMSWE-feature-study-20260828/deployed_hybrid_dynamics_20260830/figures/representation_C/gallery_repC_M1Y.json	postprocessing/deployed_hybrid_dynamics_20260830/figures/representation_C/gallery_repC_M1Y.json	CANONICAL_MANUSCRIPT_ASSET	ee2ae52889a63dd76f68ed56513d47a0c491973cf8897fc4d12b2b4f20faae27	ee2ae52889a63dd76f68ed56513d47a0c491973cf8897fc4d12b2b4f20faae27
/Users/arjunsharma/Documents/SandiaProjects/4-LDRDAMDIS/DIMSWE-feature-study-20260828/deployed_hybrid_dynamics_20260830/figures/representation_C/gallery_repC_M1Y.pdf	postprocessing/deployed_hybrid_dynamics_20260830/figures/representation_C/gallery_repC_M1Y.pdf	CANONICAL_MANUSCRIPT_ASSET	39365290c061734422355bfdf1fa25522fb3e34686733fe021cb0d98662aaaaa	39365290c061734422355bfdf1fa25522fb3e34686733fe021cb0d98662aaaaa
/Users/arjunsharma/Documents/SandiaProjects/4-LDRDAMDIS/DIMSWE-feature-study-20260828/deployed_hybrid_dynamics_20260830/figures/representation_C/gallery_repC_M1Y.png	postprocessing/deployed_hybrid_dynamics_20260830/figures/representation_C/gallery_repC_M1Y.png	CANONICAL_MANUSCRIPT_ASSET	2d163f2ee5f364c73f43c3e9a640930ef65cffb8eccb75772c941900964f1426	2d163f2ee5f364c73f43c3e9a640930ef65cffb8eccb75772c941900964f1426
/Users/arjunsharma/Documents/SandiaProjects/4-LDRDAMDIS/DIMSWE-feature-study-20260828/deployed_hybrid_dynamics_20260830/figures/truth/gallery_truth_reference_common_scale.json	postprocessing/deployed_hybrid_dynamics_20260830/figures/truth/gallery_truth_reference_common_scale.json	CANONICAL_MANUSCRIPT_ASSET	cc3fe28e7e5f649b6154619f05a2e3e9b14d4e8c7466019f3ffea4de42d56117	cc3fe28e7e5f649b6154619f05a2e3e9b14d4e8c7466019f3ffea4de42d56117
/Users/arjunsharma/Documents/SandiaProjects/4-LDRDAMDIS/DIMSWE-feature-study-20260828/deployed_hybrid_dynamics_20260830/figures/truth/gallery_truth_reference_common_scale.pdf	postprocessing/deployed_hybrid_dynamics_20260830/figures/truth/gallery_truth_reference_common_scale.pdf	CANONICAL_MANUSCRIPT_ASSET	cd03ba1b3788d6be570d8f2470ab28b13f057dccfb1736f659030196dd83c58e	cd03ba1b3788d6be570d8f2470ab28b13f057dccfb1736f659030196dd83c58e
/Users/arjunsharma/Documents/SandiaProjects/4-LDRDAMDIS/DIMSWE-feature-study-20260828/deployed_hybrid_dynamics_20260830/figures/truth/gallery_truth_reference_common_scale.png	postprocessing/deployed_hybrid_dynamics_20260830/figures/truth/gallery_truth_reference_common_scale.png	CANONICAL_MANUSCRIPT_ASSET	9ffac72d3e6465279f47c7fa25c2d2e854022822d51f3d9f1e4d7bca31876ddc	9ffac72d3e6465279f47c7fa25c2d2e854022822d51f3d9f1e4d7bca31876ddc
/Users/arjunsharma/Documents/SandiaProjects/4-LDRDAMDIS/DIMSWE-feature-study-20260828/deployed_hybrid_dynamics_20260830/movies/representation_A/movie_repA_H1.json	postprocessing/deployed_hybrid_dynamics_20260830/movies/representation_A/movie_repA_H1.json	CANONICAL_PROVENANCE	04ba2cd2bd978b6b6d4e8fd495f23c07821f4d216f5dfd2436517379ae64385c	04ba2cd2bd978b6b6d4e8fd495f23c07821f4d216f5dfd2436517379ae64385c
/Users/arjunsharma/Documents/SandiaProjects/4-LDRDAMDIS/DIMSWE-feature-study-20260828/deployed_hybrid_dynamics_20260830/movies/representation_A/movie_repA_H2.json	postprocessing/deployed_hybrid_dynamics_20260830/movies/representation_A/movie_repA_H2.json	CANONICAL_PROVENANCE	6873ce514b1bffa998ba6c8d54d39195fb2f3f2fc2b469089902bb48e169083d	6873ce514b1bffa998ba6c8d54d39195fb2f3f2fc2b469089902bb48e169083d
/Users/arjunsharma/Documents/SandiaProjects/4-LDRDAMDIS/DIMSWE-feature-study-20260828/deployed_hybrid_dynamics_20260830/movies/representation_A/movie_repA_H5.json	postprocessing/deployed_hybrid_dynamics_20260830/movies/representation_A/movie_repA_H5.json	CANONICAL_PROVENANCE	6e62c24b1ca66566c2ef9503203d7beefa4a00ba3d5640a3c28d4d7c0b46e457	6e62c24b1ca66566c2ef9503203d7beefa4a00ba3d5640a3c28d4d7c0b46e457
/Users/arjunsharma/Documents/SandiaProjects/4-LDRDAMDIS/DIMSWE-feature-study-20260828/deployed_hybrid_dynamics_20260830/movies/representation_A/movie_repA_M1Y.json	postprocessing/deployed_hybrid_dynamics_20260830/movies/representation_A/movie_repA_M1Y.json	CANONICAL_PROVENANCE	60ea986d8d864b4850745acc9e1050b673477e1ee0dcc59d44db81c85d167679	60ea986d8d864b4850745acc9e1050b673477e1ee0dcc59d44db81c85d167679
/Users/arjunsharma/Documents/SandiaProjects/4-LDRDAMDIS/DIMSWE-feature-study-20260828/deployed_hybrid_dynamics_20260830/movies/representation_B/movie_repB_H1.json	postprocessing/deployed_hybrid_dynamics_20260830/movies/representation_B/movie_repB_H1.json	CANONICAL_PROVENANCE	ff42c64f85ae7e5d8762e4fd5b6bcd89715e0b961e6c7ca87871e13f44ac8ec1	ff42c64f85ae7e5d8762e4fd5b6bcd89715e0b961e6c7ca87871e13f44ac8ec1
/Users/arjunsharma/Documents/SandiaProjects/4-LDRDAMDIS/DIMSWE-feature-study-20260828/deployed_hybrid_dynamics_20260830/movies/representation_B/movie_repB_H2.json	postprocessing/deployed_hybrid_dynamics_20260830/movies/representation_B/movie_repB_H2.json	CANONICAL_PROVENANCE	f1dabfa05d4018f3d649e56b40d2483394d138d2d84d55cd4fc5f33dd3520504	f1dabfa05d4018f3d649e56b40d2483394d138d2d84d55cd4fc5f33dd3520504
/Users/arjunsharma/Documents/SandiaProjects/4-LDRDAMDIS/DIMSWE-feature-study-20260828/deployed_hybrid_dynamics_20260830/movies/representation_B/movie_repB_H5.json	postprocessing/deployed_hybrid_dynamics_20260830/movies/representation_B/movie_repB_H5.json	CANONICAL_PROVENANCE	68eaf71269e97c84f9909a42f88609becedd5a47e62ffe9f818561ed9a658561	68eaf71269e97c84f9909a42f88609becedd5a47e62ffe9f818561ed9a658561
/Users/arjunsharma/Documents/SandiaProjects/4-LDRDAMDIS/DIMSWE-feature-study-20260828/deployed_hybrid_dynamics_20260830/movies/representation_B/movie_repB_M1Y.json	postprocessing/deployed_hybrid_dynamics_20260830/movies/representation_B/movie_repB_M1Y.json	CANONICAL_PROVENANCE	3fc9e1da7369edbfaea309bc5426139b0a1b389ec8fd9260344984a58a527497	3fc9e1da7369edbfaea309bc5426139b0a1b389ec8fd9260344984a58a527497
/Users/arjunsharma/Documents/SandiaProjects/4-LDRDAMDIS/DIMSWE-feature-study-20260828/deployed_hybrid_dynamics_20260830/movies/representation_C/movie_repC_H1.json	postprocessing/deployed_hybrid_dynamics_20260830/movies/representation_C/movie_repC_H1.json	CANONICAL_PROVENANCE	98328c117cb38c72e8cb9e2b9e1ce89df63b965dd6101bd7104868143fdd6fe3	98328c117cb38c72e8cb9e2b9e1ce89df63b965dd6101bd7104868143fdd6fe3
/Users/arjunsharma/Documents/SandiaProjects/4-LDRDAMDIS/DIMSWE-feature-study-20260828/deployed_hybrid_dynamics_20260830/movies/representation_C/movie_repC_H2.json	postprocessing/deployed_hybrid_dynamics_20260830/movies/representation_C/movie_repC_H2.json	CANONICAL_PROVENANCE	dc47045b077651e17a20a44e3a940e2537d1f6dfcfa2e14795292ad2a975b843	dc47045b077651e17a20a44e3a940e2537d1f6dfcfa2e14795292ad2a975b843
/Users/arjunsharma/Documents/SandiaProjects/4-LDRDAMDIS/DIMSWE-feature-study-20260828/deployed_hybrid_dynamics_20260830/movies/representation_C/movie_repC_H5.json	postprocessing/deployed_hybrid_dynamics_20260830/movies/representation_C/movie_repC_H5.json	CANONICAL_PROVENANCE	b60829c8c3a7f32328aefaf116b8dc3cc6984f27ff12151d94362cd01827f679	b60829c8c3a7f32328aefaf116b8dc3cc6984f27ff12151d94362cd01827f679
/Users/arjunsharma/Documents/SandiaProjects/4-LDRDAMDIS/DIMSWE-feature-study-20260828/deployed_hybrid_dynamics_20260830/movies/representation_C/movie_repC_M1Y.json	postprocessing/deployed_hybrid_dynamics_20260830/movies/representation_C/movie_repC_M1Y.json	CANONICAL_PROVENANCE	186ab9cd6a04be75d2a397e91b2a34b61739363596cc048944aab0824baf183a	186ab9cd6a04be75d2a397e91b2a34b61739363596cc048944aab0824baf183a
/Users/arjunsharma/Documents/SandiaProjects/4-LDRDAMDIS/DIMSWE-feature-study-20260828/deployed_hybrid_dynamics_20260830/scripts/audit_rendered_movies.py	postprocessing/deployed_hybrid_dynamics_20260830/scripts/audit_rendered_movies.py	CANONICAL_POSTPROCESSOR	9fa5f9a897590f0c10ce42eea7f3526071df1521a5334fee8622da4f7671e032	9fa5f9a897590f0c10ce42eea7f3526071df1521a5334fee8622da4f7671e032
/Users/arjunsharma/Documents/SandiaProjects/4-LDRDAMDIS/DIMSWE-feature-study-20260828/deployed_hybrid_dynamics_20260830/scripts/convert_gifs_to_mp4.sh	postprocessing/deployed_hybrid_dynamics_20260830/scripts/convert_gifs_to_mp4.sh	CANONICAL_POSTPROCESSOR	eae03e3c3f4efb0b67b09eafffa39b6d7187d9cb339e301450fc2d66221a69f5	eae03e3c3f4efb0b67b09eafffa39b6d7187d9cb339e301450fc2d66221a69f5
/Users/arjunsharma/Documents/SandiaProjects/4-LDRDAMDIS/DIMSWE-feature-study-20260828/deployed_hybrid_dynamics_20260830/scripts/finalize_replays_and_limits.py	postprocessing/deployed_hybrid_dynamics_20260830/scripts/finalize_replays_and_limits.py	CANONICAL_POSTPROCESSOR	690bb7e3dc95497701b44fb4a5168c3de15bde155d9db18ddb3b1b2ada25aa76	137a29cf7d0c542fec8e5d34e8e61614f7a5236eb14fbaee946f20e4e5d1e411
CODEX_INTEGRATION	postprocessing/deployed_hybrid_dynamics_20260830/scripts/portable_paths.py	PORTABILITY_INTEGRATION	-	397f955f34b7ab691ffc7481cc15c29ab815dd8ddf0ef3260c5c5db88b6b0a0b
/Users/arjunsharma/Documents/SandiaProjects/4-LDRDAMDIS/DIMSWE-feature-study-20260828/deployed_hybrid_dynamics_20260830/scripts/render_spatial_package.py	postprocessing/deployed_hybrid_dynamics_20260830/scripts/render_spatial_package.py	CANONICAL_POSTPROCESSOR	c063af6ad7524852e92c2800b1d4312fbe3fb726c59384eda0068869e8bf0b33	0b8b9564bae0571e2de91221697723a2dd06f7595028aff5c7b26ccd73138b3b
/Users/arjunsharma/Documents/SandiaProjects/4-LDRDAMDIS/DIMSWE-feature-study-20260828/deployed_hybrid_dynamics_20260830/scripts/replay_spatial_maps.py	postprocessing/deployed_hybrid_dynamics_20260830/scripts/replay_spatial_maps.py	CANONICAL_POSTPROCESSOR	b836f4132c4dc4cb72a868c0ff7e8ece3450ebe878a30632c9e9a452409cd028	7436f5f402273e7feeb05a0f7f6eb89f00da70a8816b2f9e488ef43eb08db1e0
/Users/arjunsharma/Documents/SandiaProjects/4-LDRDAMDIS/DIMSWE-groundtruth-figures-20260829/docs/ground_truth_figures_20260829/DOUBLEVORTEX_CASE_SPEC.md	postprocessing/ground_truth_figures_20260829/docs/ground_truth_figures_20260829/DOUBLEVORTEX_CASE_SPEC.md	CANONICAL_PROVENANCE	d862bded4f24ac5b351e4b7fbb0aa62f52d7837d1a9c6ddfa58b332b66c45d36	d862bded4f24ac5b351e4b7fbb0aa62f52d7837d1a9c6ddfa58b332b66c45d36
/Users/arjunsharma/Documents/SandiaProjects/4-LDRDAMDIS/DIMSWE-groundtruth-figures-20260829/docs/ground_truth_figures_20260829/FIGURE_CAPTIONS.md	postprocessing/ground_truth_figures_20260829/docs/ground_truth_figures_20260829/FIGURE_CAPTIONS.md	CANONICAL_PROVENANCE	d8d4926afb36d50cbc49e9686cbaee28b5e9b79d0bf20d2fb41a1c7badd8ed17	d8d4926afb36d50cbc49e9686cbaee28b5e9b79d0bf20d2fb41a1c7badd8ed17
/Users/arjunsharma/Documents/SandiaProjects/4-LDRDAMDIS/DIMSWE-groundtruth-figures-20260829/docs/ground_truth_figures_20260829/FIGURE_PLAN.md	postprocessing/ground_truth_figures_20260829/docs/ground_truth_figures_20260829/FIGURE_PLAN.md	CANONICAL_PROVENANCE	d39b82dde6c41e70965576cc4e4e2e7369e26caf6afb4fddb404b9e27dc54f87	d39b82dde6c41e70965576cc4e4e2e7369e26caf6afb4fddb404b9e27dc54f87
/Users/arjunsharma/Documents/SandiaProjects/4-LDRDAMDIS/DIMSWE-groundtruth-figures-20260829/docs/ground_truth_figures_20260829/PHYSICAL_ANALYSIS.md	postprocessing/ground_truth_figures_20260829/docs/ground_truth_figures_20260829/PHYSICAL_ANALYSIS.md	CANONICAL_PROVENANCE	41566414596807ceabe15209f935b43e369e9f1d9d147387eedaf56d015afb08	41566414596807ceabe15209f935b43e369e9f1d9d147387eedaf56d015afb08
/Users/arjunsharma/Documents/SandiaProjects/4-LDRDAMDIS/DIMSWE-groundtruth-figures-20260829/docs/ground_truth_figures_20260829/README.md	postprocessing/ground_truth_figures_20260829/docs/ground_truth_figures_20260829/README.md	CANONICAL_PROVENANCE	ea22488b8786b891454d56b4d889118a4ed9fa726dd932edb53bf542115b2124	f0f4eeeb59d1ea59048191b464ab745789a6866d0fa0c509b7b885f43a0e3d11
/Users/arjunsharma/Documents/SandiaProjects/4-LDRDAMDIS/DIMSWE-groundtruth-figures-20260829/docs/ground_truth_figures_20260829/VORTEX_CORE_TRACKING_AUDIT.md	postprocessing/ground_truth_figures_20260829/docs/ground_truth_figures_20260829/VORTEX_CORE_TRACKING_AUDIT.md	CANONICAL_PROVENANCE	04b4562fd9990bc68fce091057af68de514b4280bac636d590c77dc345d30ebb	04b4562fd9990bc68fce091057af68de514b4280bac636d590c77dc345d30ebb
/Users/arjunsharma/Documents/SandiaProjects/4-LDRDAMDIS/DIMSWE-groundtruth-figures-20260829/outputs/ground_truth_figures_20260829/data/test2a_temporal_diagnostics.csv	postprocessing/ground_truth_figures_20260829/outputs/ground_truth_figures_20260829/data/test2a_temporal_diagnostics.csv	CANONICAL_RESULT	d8442f7f6a8557e519783b4a060f42f807cb754d01557b03fc89429598a1001b	d8442f7f6a8557e519783b4a060f42f807cb754d01557b03fc89429598a1001b
/Users/arjunsharma/Documents/SandiaProjects/4-LDRDAMDIS/DIMSWE-groundtruth-figures-20260829/outputs/ground_truth_figures_20260829/data/test2a_temporal_diagnostics.json	postprocessing/ground_truth_figures_20260829/outputs/ground_truth_figures_20260829/data/test2a_temporal_diagnostics.json	CANONICAL_RESULT	a57d2c616aa2ab18f98f6dd45c901135b453fb1119b014e2e1a60508619a7ea6	a57d2c616aa2ab18f98f6dd45c901135b453fb1119b014e2e1a60508619a7ea6
/Users/arjunsharma/Documents/SandiaProjects/4-LDRDAMDIS/DIMSWE-groundtruth-figures-20260829/outputs/ground_truth_figures_20260829/data/test2a_truth_fresh_audit.json	postprocessing/ground_truth_figures_20260829/outputs/ground_truth_figures_20260829/data/test2a_truth_fresh_audit.json	CANONICAL_RESULT	9c1be864a52fd38372a30168cf202f6b1dcdbfa6f83ab2bd46f260670611e3ba	9c1be864a52fd38372a30168cf202f6b1dcdbfa6f83ab2bd46f260670611e3ba
/Users/arjunsharma/Documents/SandiaProjects/4-LDRDAMDIS/DIMSWE-groundtruth-figures-20260829/outputs/ground_truth_figures_20260829/data/test2a_truth_maps_summary.json	postprocessing/ground_truth_figures_20260829/outputs/ground_truth_figures_20260829/data/test2a_truth_maps_summary.json	CANONICAL_RESULT	e1feae97df467c0d131db24794a82fbf5d5ac04e1c7d76f3f6c0e6fa277db0dd	e1feae97df467c0d131db24794a82fbf5d5ac04e1c7d76f3f6c0e6fa277db0dd
/Users/arjunsharma/Documents/SandiaProjects/4-LDRDAMDIS/DIMSWE-groundtruth-figures-20260829/outputs/ground_truth_figures_20260829/data/test2b_temporal_diagnostics.csv	postprocessing/ground_truth_figures_20260829/outputs/ground_truth_figures_20260829/data/test2b_temporal_diagnostics.csv	CANONICAL_RESULT	860136a9daecd07123b6faf973dc6897c5024bf798e1b656687d5b1760aa0ba4	860136a9daecd07123b6faf973dc6897c5024bf798e1b656687d5b1760aa0ba4
/Users/arjunsharma/Documents/SandiaProjects/4-LDRDAMDIS/DIMSWE-groundtruth-figures-20260829/outputs/ground_truth_figures_20260829/data/test2b_temporal_diagnostics.json	postprocessing/ground_truth_figures_20260829/outputs/ground_truth_figures_20260829/data/test2b_temporal_diagnostics.json	CANONICAL_RESULT	a1c0cc1011ffc6309e8b4785bee73e42303f91fadedfb4c1fa8a16bedfd0ffba	a1c0cc1011ffc6309e8b4785bee73e42303f91fadedfb4c1fa8a16bedfd0ffba
/Users/arjunsharma/Documents/SandiaProjects/4-LDRDAMDIS/DIMSWE-groundtruth-figures-20260829/outputs/ground_truth_figures_20260829/data/test2b_truth_maps_summary.json	postprocessing/ground_truth_figures_20260829/outputs/ground_truth_figures_20260829/data/test2b_truth_maps_summary.json	CANONICAL_RESULT	c160661085f9b4d09480ad8875eb2890576129445e3af1278c60330ff108df62	c160661085f9b4d09480ad8875eb2890576129445e3af1278c60330ff108df62
/Users/arjunsharma/Documents/SandiaProjects/4-LDRDAMDIS/DIMSWE-groundtruth-figures-20260829/outputs/ground_truth_figures_20260829/data/test2b_vortex_core_tracks.csv	postprocessing/ground_truth_figures_20260829/outputs/ground_truth_figures_20260829/data/test2b_vortex_core_tracks.csv	CANONICAL_RESULT	099261a5af3d9ac792d0bbc0c470c45e7239f8d9cf7f92fce7946c4966f87cf6	099261a5af3d9ac792d0bbc0c470c45e7239f8d9cf7f92fce7946c4966f87cf6
/Users/arjunsharma/Documents/SandiaProjects/4-LDRDAMDIS/DIMSWE-groundtruth-figures-20260829/outputs/ground_truth_figures_20260829/data/test2b_vortex_core_tracks.json	postprocessing/ground_truth_figures_20260829/outputs/ground_truth_figures_20260829/data/test2b_vortex_core_tracks.json	CANONICAL_RESULT	0dae4ec85a973a053b495a8d6d86c68e470bf735d53ae7cc37a6255d1d296375	0dae4ec85a973a053b495a8d6d86c68e470bf735d53ae7cc37a6255d1d296375
/Users/arjunsharma/Documents/SandiaProjects/4-LDRDAMDIS/DIMSWE-groundtruth-figures-20260829/outputs/ground_truth_figures_20260829/data/test2b_vortex_core_tracks.npz	postprocessing/ground_truth_figures_20260829/outputs/ground_truth_figures_20260829/data/test2b_vortex_core_tracks.npz	CANONICAL_RESULT	351895204bee358b49b49e13c66b2eab946d021cc91b8d72cc7ea8926c724aa7	351895204bee358b49b49e13c66b2eab946d021cc91b8d72cc7ea8926c724aa7
/Users/arjunsharma/Documents/SandiaProjects/4-LDRDAMDIS/DIMSWE-groundtruth-figures-20260829/outputs/ground_truth_figures_20260829/figures/figure1.json	postprocessing/ground_truth_figures_20260829/outputs/ground_truth_figures_20260829/figures/figure1.json	CANONICAL_MANUSCRIPT_ASSET	eca1d593a5df5c3e978e2b9dbbec35c4fc78fe5a07679d7d5170839ee6db2856	eca1d593a5df5c3e978e2b9dbbec35c4fc78fe5a07679d7d5170839ee6db2856
/Users/arjunsharma/Documents/SandiaProjects/4-LDRDAMDIS/DIMSWE-groundtruth-figures-20260829/outputs/ground_truth_figures_20260829/figures/figure1_doublevortex_initial_state.pdf	postprocessing/ground_truth_figures_20260829/outputs/ground_truth_figures_20260829/figures/figure1_doublevortex_initial_state.pdf	CANONICAL_MANUSCRIPT_ASSET	b07aac5335cb9fcb2aba7044afbe6749facda6b8e966f42807cb37226e212d00	b07aac5335cb9fcb2aba7044afbe6749facda6b8e966f42807cb37226e212d00
/Users/arjunsharma/Documents/SandiaProjects/4-LDRDAMDIS/DIMSWE-groundtruth-figures-20260829/outputs/ground_truth_figures_20260829/figures/figure1_doublevortex_initial_state.png	postprocessing/ground_truth_figures_20260829/outputs/ground_truth_figures_20260829/figures/figure1_doublevortex_initial_state.png	CANONICAL_MANUSCRIPT_ASSET	34cdb26dbe39d377a9af237d845de90f4f676981e11a7150855add5b9d918ec4	34cdb26dbe39d377a9af237d845de90f4f676981e11a7150855add5b9d918ec4
/Users/arjunsharma/Documents/SandiaProjects/4-LDRDAMDIS/DIMSWE-groundtruth-figures-20260829/outputs/ground_truth_figures_20260829/figures/figure2.json	postprocessing/ground_truth_figures_20260829/outputs/ground_truth_figures_20260829/figures/figure2.json	CANONICAL_MANUSCRIPT_ASSET	e0ecea95522260620ebc7849be3467437b9ef24030eb04c8ef7d5b026ce0e329	e0ecea95522260620ebc7849be3467437b9ef24030eb04c8ef7d5b026ce0e329
/Users/arjunsharma/Documents/SandiaProjects/4-LDRDAMDIS/DIMSWE-groundtruth-figures-20260829/outputs/ground_truth_figures_20260829/figures/figure2_combined_chronology_regime_comparison.pdf	postprocessing/ground_truth_figures_20260829/outputs/ground_truth_figures_20260829/figures/figure2_combined_chronology_regime_comparison.pdf	CANONICAL_MANUSCRIPT_ASSET	beb2c698c1c55905e90f74a4c34ab6aebd7a02775c5af4a4ea07c127ab8e0621	beb2c698c1c55905e90f74a4c34ab6aebd7a02775c5af4a4ea07c127ab8e0621
/Users/arjunsharma/Documents/SandiaProjects/4-LDRDAMDIS/DIMSWE-groundtruth-figures-20260829/outputs/ground_truth_figures_20260829/figures/figure2_combined_chronology_regime_comparison.png	postprocessing/ground_truth_figures_20260829/outputs/ground_truth_figures_20260829/figures/figure2_combined_chronology_regime_comparison.png	CANONICAL_MANUSCRIPT_ASSET	7cf880c06b2c89e9855c0067bbf36898cd4dc71e3ed83d09cdd7092e7f940779	7cf880c06b2c89e9855c0067bbf36898cd4dc71e3ed83d09cdd7092e7f940779
/Users/arjunsharma/Documents/SandiaProjects/4-LDRDAMDIS/DIMSWE-groundtruth-figures-20260829/outputs/ground_truth_figures_20260829/figures/figure3.json	postprocessing/ground_truth_figures_20260829/outputs/ground_truth_figures_20260829/figures/figure3.json	CANONICAL_MANUSCRIPT_ASSET	c0d3795300ff0ab7ac4ada26bc80c193ed76d5e7028b381f35f50c4cf65d6b03	c0d3795300ff0ab7ac4ada26bc80c193ed76d5e7028b381f35f50c4cf65d6b03
/Users/arjunsharma/Documents/SandiaProjects/4-LDRDAMDIS/DIMSWE-groundtruth-figures-20260829/outputs/ground_truth_figures_20260829/figures/figure3_test2b_event_gallery.pdf	postprocessing/ground_truth_figures_20260829/outputs/ground_truth_figures_20260829/figures/figure3_test2b_event_gallery.pdf	CANONICAL_MANUSCRIPT_ASSET	70e81e42e24f31fefb113cc7ffc44b6f2a69526a55a45b802f0bb304070078c2	70e81e42e24f31fefb113cc7ffc44b6f2a69526a55a45b802f0bb304070078c2
/Users/arjunsharma/Documents/SandiaProjects/4-LDRDAMDIS/DIMSWE-groundtruth-figures-20260829/outputs/ground_truth_figures_20260829/figures/figure3_test2b_event_gallery.png	postprocessing/ground_truth_figures_20260829/outputs/ground_truth_figures_20260829/figures/figure3_test2b_event_gallery.png	CANONICAL_MANUSCRIPT_ASSET	046cf303148e3011c8516d738508dc241e8be28ddb7dc28017fb7d438fe6c905	046cf303148e3011c8516d738508dc241e8be28ddb7dc28017fb7d438fe6c905
/Users/arjunsharma/Documents/SandiaProjects/4-LDRDAMDIS/DIMSWE-groundtruth-figures-20260829/outputs/ground_truth_figures_20260829/figures/figure5.json	postprocessing/ground_truth_figures_20260829/outputs/ground_truth_figures_20260829/figures/figure5.json	CANONICAL_MANUSCRIPT_ASSET	7da89a3f34a3e38a5b5c9785b504a9e0767ee1f3489390845a6127eaab704817	7da89a3f34a3e38a5b5c9785b504a9e0767ee1f3489390845a6127eaab704817
/Users/arjunsharma/Documents/SandiaProjects/4-LDRDAMDIS/DIMSWE-groundtruth-figures-20260829/outputs/ground_truth_figures_20260829/figures/figure5_test2b_vortex_core_motion.pdf	postprocessing/ground_truth_figures_20260829/outputs/ground_truth_figures_20260829/figures/figure5_test2b_vortex_core_motion.pdf	CANONICAL_MANUSCRIPT_ASSET	2b23b0292e5e8fc2c8326948bebccc2c0bda285903f0dd2aed3d936da0d1f3f4	2b23b0292e5e8fc2c8326948bebccc2c0bda285903f0dd2aed3d936da0d1f3f4
/Users/arjunsharma/Documents/SandiaProjects/4-LDRDAMDIS/DIMSWE-groundtruth-figures-20260829/outputs/ground_truth_figures_20260829/figures/figure5_test2b_vortex_core_motion.png	postprocessing/ground_truth_figures_20260829/outputs/ground_truth_figures_20260829/figures/figure5_test2b_vortex_core_motion.png	CANONICAL_MANUSCRIPT_ASSET	7762471093b48887fd82e703a6ec04e2c741fce236d33b0eb5cc5e254f9ac0f9	7762471093b48887fd82e703a6ec04e2c741fce236d33b0eb5cc5e254f9ac0f9
/Users/arjunsharma/Documents/SandiaProjects/4-LDRDAMDIS/DIMSWE-groundtruth-figures-20260829/outputs/ground_truth_figures_20260829/movies/test2a_truth_evolution.json	postprocessing/ground_truth_figures_20260829/outputs/ground_truth_figures_20260829/movies/test2a_truth_evolution.json	CANONICAL_PROVENANCE	0633e9b53f96b26840f3c22ff4a432d191afe1f5ef5bc9ca43dd823156c0c419	0633e9b53f96b26840f3c22ff4a432d191afe1f5ef5bc9ca43dd823156c0c419
/Users/arjunsharma/Documents/SandiaProjects/4-LDRDAMDIS/DIMSWE-groundtruth-figures-20260829/outputs/ground_truth_figures_20260829/movies/test2b_truth_evolution.json	postprocessing/ground_truth_figures_20260829/outputs/ground_truth_figures_20260829/movies/test2b_truth_evolution.json	CANONICAL_PROVENANCE	9dd4630a517723fa03073985a707980a66721aef3f8af7b24c53f8882183f878	9dd4630a517723fa03073985a707980a66721aef3f8af7b24c53f8882183f878
/Users/arjunsharma/Documents/SandiaProjects/4-LDRDAMDIS/DIMSWE-groundtruth-figures-20260829/scripts/ground_truth_figures_20260829/export_temporal_diagnostics.py	postprocessing/ground_truth_figures_20260829/scripts/ground_truth_figures_20260829/export_temporal_diagnostics.py	CANONICAL_POSTPROCESSOR	15923f687138bb3d32dfdc722b2ad51a4766f942f71f5ae217cec71932257fb9	15923f687138bb3d32dfdc722b2ad51a4766f942f71f5ae217cec71932257fb9
/Users/arjunsharma/Documents/SandiaProjects/4-LDRDAMDIS/DIMSWE-groundtruth-figures-20260829/scripts/ground_truth_figures_20260829/extract_truth_maps.py	postprocessing/ground_truth_figures_20260829/scripts/ground_truth_figures_20260829/extract_truth_maps.py	CANONICAL_POSTPROCESSOR	de6fa88549d1cbd3192532756ddd9b0730e3506f2e52baca354f009fd506e6e3	de6fa88549d1cbd3192532756ddd9b0730e3506f2e52baca354f009fd506e6e3
/Users/arjunsharma/Documents/SandiaProjects/4-LDRDAMDIS/DIMSWE-groundtruth-figures-20260829/scripts/ground_truth_figures_20260829/make_ground_truth_figures.py	postprocessing/ground_truth_figures_20260829/scripts/ground_truth_figures_20260829/make_ground_truth_figures.py	CANONICAL_POSTPROCESSOR	f4e61a0b6911b8a7818cb8f40bfda6e8b6da67680d9662f197b6692e779fdf65	f4e61a0b6911b8a7818cb8f40bfda6e8b6da67680d9662f197b6692e779fdf65
/Users/arjunsharma/Documents/SandiaProjects/4-LDRDAMDIS/DIMSWE-groundtruth-figures-20260829/scripts/ground_truth_figures_20260829/render_truth_movies.py	postprocessing/ground_truth_figures_20260829/scripts/ground_truth_figures_20260829/render_truth_movies.py	CANONICAL_POSTPROCESSOR	d307e54d6ec712c73c722fcb3f487944880bbfaeabfa8e224eb1801cf9a7db5f	d307e54d6ec712c73c722fcb3f487944880bbfaeabfa8e224eb1801cf9a7db5f
/Users/arjunsharma/Documents/SandiaProjects/4-LDRDAMDIS/DIMSWE-groundtruth-figures-20260829/scripts/ground_truth_figures_20260829/track_vortex_cores.py	postprocessing/ground_truth_figures_20260829/scripts/ground_truth_figures_20260829/track_vortex_cores.py	CANONICAL_POSTPROCESSOR	d52d9661130861caa8fc3599ca60e2e80c0d8a07e5b5399bd2f2d6f6718e1186	d52d9661130861caa8fc3599ca60e2e80c0d8a07e5b5399bd2f2d6f6718e1186
/Users/arjunsharma/Documents/SandiaProjects/4-LDRDAMDIS/DIMSWE-feature-study-20260828/ml_results_postprocess_20260829/FILTERED_CSV_TEXT_PARITY.json	postprocessing/ml_results_20260829/FILTERED_CSV_TEXT_PARITY.json	CANONICAL_PROVENANCE	ba4481923bb8f2c5095b2258bf2fdfc31c86e64e9a97f3639f0071d011eba54b	ba4481923bb8f2c5095b2258bf2fdfc31c86e64e9a97f3639f0071d011eba54b
/Users/arjunsharma/Documents/SandiaProjects/4-LDRDAMDIS/DIMSWE-feature-study-20260828/ml_results_postprocess_20260829/FINAL_MAIN_PAPER_RESET_PROVENANCE.json	postprocessing/ml_results_20260829/FINAL_MAIN_PAPER_RESET_PROVENANCE.json	CANONICAL_PROVENANCE	1bde0cff13786cca75739f2beb6f13656f0d8e80e27d605b137783c0e7bdc32d	1bde0cff13786cca75739f2beb6f13656f0d8e80e27d605b137783c0e7bdc32d
/Users/arjunsharma/Documents/SandiaProjects/4-LDRDAMDIS/DIMSWE-feature-study-20260828/ml_results_postprocess_20260829/FINAL_MAIN_PAPER_RESET_REPORT.md	postprocessing/ml_results_20260829/FINAL_MAIN_PAPER_RESET_REPORT.md	CANONICAL_PROVENANCE	1ad4ad63cc5b1de4e0576f50cd0b425920b83815b9f008960c3ab6aea00c0848	1ad4ad63cc5b1de4e0576f50cd0b425920b83815b9f008960c3ab6aea00c0848
/Users/arjunsharma/Documents/SandiaProjects/4-LDRDAMDIS/DIMSWE-feature-study-20260828/ml_results_postprocess_20260829/FINAL_MAIN_RESET_BASELINE.json	postprocessing/ml_results_20260829/FINAL_MAIN_RESET_BASELINE.json	CANONICAL_PROVENANCE	20bb91198cf015b045a3332a7b4a6d1ff4f063bfa2e99babc969a6b29cb4eac7	20bb91198cf015b045a3332a7b4a6d1ff4f063bfa2e99babc969a6b29cb4eac7
/Users/arjunsharma/Documents/SandiaProjects/4-LDRDAMDIS/DIMSWE-feature-study-20260828/ml_results_postprocess_20260829/ML_RESULTS_NUMERICAL_SUMMARY.md	postprocessing/ml_results_20260829/ML_RESULTS_NUMERICAL_SUMMARY.md	CANONICAL_PROVENANCE	685cd0fde9f75407e014efb5c4c6d51bac25e3191943b95af267b0d07500046b	685cd0fde9f75407e014efb5c4c6d51bac25e3191943b95af267b0d07500046b
/Users/arjunsharma/Documents/SandiaProjects/4-LDRDAMDIS/DIMSWE-feature-study-20260828/ml_results_postprocess_20260829/ML_RESULTS_POSTPROCESS_REPORT.md	postprocessing/ml_results_20260829/ML_RESULTS_POSTPROCESS_REPORT.md	CANONICAL_PROVENANCE	9b804f762c733e89fe39db29f3b10df60ae7e6764aa675d271492945737fffb1	9b804f762c733e89fe39db29f3b10df60ae7e6764aa675d271492945737fffb1
/Users/arjunsharma/Documents/SandiaProjects/4-LDRDAMDIS/DIMSWE-feature-study-20260828/ml_results_postprocess_20260829/OBJECTIVE_HISTORY_FIGURE_BASELINE.json	postprocessing/ml_results_20260829/OBJECTIVE_HISTORY_FIGURE_BASELINE.json	CANONICAL_PROVENANCE	93311e3a034f7ff538302fcda453056f9b1068c7abe125214ef7454df02009a7	93311e3a034f7ff538302fcda453056f9b1068c7abe125214ef7454df02009a7
/Users/arjunsharma/Documents/SandiaProjects/4-LDRDAMDIS/DIMSWE-feature-study-20260828/ml_results_postprocess_20260829/OBJECTIVE_HISTORY_FIGURE_PROVENANCE.json	postprocessing/ml_results_20260829/OBJECTIVE_HISTORY_FIGURE_PROVENANCE.json	CANONICAL_PROVENANCE	a0bdbe011125ce3903081c5065b9051022628eacb203c40f6b888be70f64f96b	a0bdbe011125ce3903081c5065b9051022628eacb203c40f6b888be70f64f96b
/Users/arjunsharma/Documents/SandiaProjects/4-LDRDAMDIS/DIMSWE-feature-study-20260828/ml_results_postprocess_20260829/OBJECTIVE_HISTORY_FIGURE_REPORT.md	postprocessing/ml_results_20260829/OBJECTIVE_HISTORY_FIGURE_REPORT.md	CANONICAL_PROVENANCE	efe483002ea9be14993c869cec1a37954630919ab69a5774f78a1b7be2e7b373	efe483002ea9be14993c869cec1a37954630919ab69a5774f78a1b7be2e7b373
/Users/arjunsharma/Documents/SandiaProjects/4-LDRDAMDIS/DIMSWE-feature-study-20260828/ml_results_postprocess_20260829/PACKAGE_VALIDATION.json	postprocessing/ml_results_20260829/PACKAGE_VALIDATION.json	CANONICAL_PROVENANCE	a31590c20201fced43028b500b5eb149b0051aa8e1ec9c796f0035ea85ca239e	a31590c20201fced43028b500b5eb149b0051aa8e1ec9c796f0035ea85ca239e
/Users/arjunsharma/Documents/SandiaProjects/4-LDRDAMDIS/DIMSWE-feature-study-20260828/ml_results_postprocess_20260829/POSTPROCESS_PROVENANCE.json	postprocessing/ml_results_20260829/POSTPROCESS_PROVENANCE.json	CANONICAL_PROVENANCE	bdb41d1dbe565260112dc79a2b76edae0252fcf1a6fe2f6d9570a6b5f3f36e64	bdb41d1dbe565260112dc79a2b76edae0252fcf1a6fe2f6d9570a6b5f3f36e64
/Users/arjunsharma/Documents/SandiaProjects/4-LDRDAMDIS/DIMSWE-feature-study-20260828/ml_results_postprocess_20260829/PUBLICATION_CLEANUP_BASELINE.json	postprocessing/ml_results_20260829/PUBLICATION_CLEANUP_BASELINE.json	CANONICAL_PROVENANCE	c78cc0858c172cb3b93d5f2496bf52fce11e7460c6f2765052e473131f10dadb	c78cc0858c172cb3b93d5f2496bf52fce11e7460c6f2765052e473131f10dadb
/Users/arjunsharma/Documents/SandiaProjects/4-LDRDAMDIS/DIMSWE-feature-study-20260828/ml_results_postprocess_20260829/PUBLICATION_CLEANUP_PROVENANCE.json	postprocessing/ml_results_20260829/PUBLICATION_CLEANUP_PROVENANCE.json	CANONICAL_PROVENANCE	2e83295c3e51088fbd462379ed2addca0457bcae0889364bdf52257112f6123f	2e83295c3e51088fbd462379ed2addca0457bcae0889364bdf52257112f6123f
/Users/arjunsharma/Documents/SandiaProjects/4-LDRDAMDIS/DIMSWE-feature-study-20260828/ml_results_postprocess_20260829/PUBLICATION_CLEANUP_REPORT.md	postprocessing/ml_results_20260829/PUBLICATION_CLEANUP_REPORT.md	CANONICAL_PROVENANCE	fad301ff0a14e96009138171574ceab3382b681afc937dfaf4b4902d0c7187a4	fad301ff0a14e96009138171574ceab3382b681afc937dfaf4b4902d0c7187a4
/Users/arjunsharma/Documents/SandiaProjects/4-LDRDAMDIS/DIMSWE-feature-study-20260828/ml_results_postprocess_20260829/README.md	postprocessing/ml_results_20260829/README.md	CANONICAL_PROVENANCE	bebec1b72e0abcae177d5f45edfa5023154dc8736a750673dbe09b1788daa3d7	2c90e626d7eea20151fb101461bf4eff21cbad16395205c67f9833153be4495d
/Users/arjunsharma/Documents/SandiaProjects/4-LDRDAMDIS/DIMSWE-feature-study-20260828/ml_results_postprocess_20260829/captions/ML_RESULTS_CAPTION_DRAFTS.md	postprocessing/ml_results_20260829/captions/ML_RESULTS_CAPTION_DRAFTS.md	CANONICAL_PROVENANCE	186368d10411f83cab45d7b08e670aa09c492e9e3c7d0ec86d74d17a35c58211	186368d10411f83cab45d7b08e670aa09c492e9e3c7d0ec86d74d17a35c58211
/Users/arjunsharma/Documents/SandiaProjects/4-LDRDAMDIS/DIMSWE-feature-study-20260828/ml_results_postprocess_20260829/data/assembled_data_validation.json	postprocessing/ml_results_20260829/data/assembled_data_validation.json	CANONICAL_RESULT	dac110aba0733006318fa21d6b7f8d930c104d6a78824959c13c5236bf408b36	dac110aba0733006318fa21d6b7f8d930c104d6a78824959c13c5236bf408b36
/Users/arjunsharma/Documents/SandiaProjects/4-LDRDAMDIS/DIMSWE-feature-study-20260828/ml_results_postprocess_20260829/data/checkpoint_direct_histories.csv	postprocessing/ml_results_20260829/data/checkpoint_direct_histories.csv	CANONICAL_RESULT	72e26a260f1199e8f861bf685cf053d9434cc3933462c949402d37e4a4930c1a	72e26a260f1199e8f861bf685cf053d9434cc3933462c949402d37e4a4930c1a
/Users/arjunsharma/Documents/SandiaProjects/4-LDRDAMDIS/DIMSWE-feature-study-20260828/ml_results_postprocess_20260829/data/checkpoint_hash_manifest.json	postprocessing/ml_results_20260829/data/checkpoint_hash_manifest.json	CANONICAL_RESULT	8bea6544752cd5c7bdccfb09a8ed9c7e001dfa96994a796119720cb0cb1ad43b	8bea6544752cd5c7bdccfb09a8ed9c7e001dfa96994a796119720cb0cb1ad43b
/Users/arjunsharma/Documents/SandiaProjects/4-LDRDAMDIS/DIMSWE-feature-study-20260828/ml_results_postprocess_20260829/data/checkpoint_history_coverage.csv	postprocessing/ml_results_20260829/data/checkpoint_history_coverage.csv	CANONICAL_RESULT	e2f28b5770f81bd803df80762ea0289e20ebffeca16203a9207cf309b7a6561a	e2f28b5770f81bd803df80762ea0289e20ebffeca16203a9207cf309b7a6561a
/Users/arjunsharma/Documents/SandiaProjects/4-LDRDAMDIS/DIMSWE-feature-study-20260828/ml_results_postprocess_20260829/data/checkpoint_training_objectives.csv	postprocessing/ml_results_20260829/data/checkpoint_training_objectives.csv	CANONICAL_RESULT	cfed8c9d119f4bde0324cb81091f3332f54d22f7e1c2994e97b3f71d1f22e564	cfed8c9d119f4bde0324cb81091f3332f54d22f7e1c2994e97b3f71d1f22e564
/Users/arjunsharma/Documents/SandiaProjects/4-LDRDAMDIS/DIMSWE-feature-study-20260828/ml_results_postprocess_20260829/data/checkpoint_training_objectives_fixed.csv	postprocessing/ml_results_20260829/data/checkpoint_training_objectives_fixed.csv	CANONICAL_RESULT	3ff41906d67add5a1ac519b04de0b31c8c599e22049d8ad007e047c2d4b5eb8c	3ff41906d67add5a1ac519b04de0b31c8c599e22049d8ad007e047c2d4b5eb8c
/Users/arjunsharma/Documents/SandiaProjects/4-LDRDAMDIS/DIMSWE-feature-study-20260828/ml_results_postprocess_20260829/data/checkpoint_training_objectives_fixed.json	postprocessing/ml_results_20260829/data/checkpoint_training_objectives_fixed.json	CANONICAL_RESULT	2be15941412d8c9652fc7cf932654224075a6bed14429dc005389ff9508d7fcc	2be15941412d8c9652fc7cf932654224075a6bed14429dc005389ff9508d7fcc
/Users/arjunsharma/Documents/SandiaProjects/4-LDRDAMDIS/DIMSWE-feature-study-20260828/ml_results_postprocess_20260829/data/checkpoint_training_objectives_operator.csv	postprocessing/ml_results_20260829/data/checkpoint_training_objectives_operator.csv	CANONICAL_RESULT	dba15ecdc96755e6cdc6e38643b9fc78dc96ceed2787ad1b04ba895678112af2	dba15ecdc96755e6cdc6e38643b9fc78dc96ceed2787ad1b04ba895678112af2
/Users/arjunsharma/Documents/SandiaProjects/4-LDRDAMDIS/DIMSWE-feature-study-20260828/ml_results_postprocess_20260829/data/completed_objective_matrix.csv	postprocessing/ml_results_20260829/data/completed_objective_matrix.csv	CANONICAL_RESULT	bc42eac927d884925e0d0d65f560ad43a3f0306c2069ec9ea7dd0d122d8e3ad8	bc42eac927d884925e0d0d65f560ad43a3f0306c2069ec9ea7dd0d122d8e3ad8
/Users/arjunsharma/Documents/SandiaProjects/4-LDRDAMDIS/DIMSWE-feature-study-20260828/ml_results_postprocess_20260829/data/deployed_callsite_yhat_metrics.csv	postprocessing/ml_results_20260829/data/deployed_callsite_yhat_metrics.csv	CANONICAL_RESULT	4126f20ff687742b8bbf53f8354d5a8c592d6b5d2cda5238cef88e73fa73a027	4126f20ff687742b8bbf53f8354d5a8c592d6b5d2cda5238cef88e73fa73a027
/Users/arjunsharma/Documents/SandiaProjects/4-LDRDAMDIS/DIMSWE-feature-study-20260828/ml_results_postprocess_20260829/data/deployed_callsite_yhat_metrics.json	postprocessing/ml_results_20260829/data/deployed_callsite_yhat_metrics.json	CANONICAL_RESULT	9f79d1d4493df1b9cfffb24959e6659019ff89c10d3cd7527768d5dba8f1b0d2	9f79d1d4493df1b9cfffb24959e6659019ff89c10d3cd7527768d5dba8f1b0d2
/Users/arjunsharma/Documents/SandiaProjects/4-LDRDAMDIS/DIMSWE-feature-study-20260828/ml_results_postprocess_20260829/data/deployed_diagnostics.csv	postprocessing/ml_results_20260829/data/deployed_diagnostics.csv	CANONICAL_RESULT	a5f061fbcb6f9a1c95b2c7e3f0d518df092a1808d5a7ec016fa47e4c59984ed5	a5f061fbcb6f9a1c95b2c7e3f0d518df092a1808d5a7ec016fa47e4c59984ed5
/Users/arjunsharma/Documents/SandiaProjects/4-LDRDAMDIS/DIMSWE-feature-study-20260828/ml_results_postprocess_20260829/data/direct_history_validation.json	postprocessing/ml_results_20260829/data/direct_history_validation.json	CANONICAL_RESULT	f4001628488383b2cf7797932c4fc07f5823e59f35189559c83ae90eb1cec1f1	f4001628488383b2cf7797932c4fc07f5823e59f35189559c83ae90eb1cec1f1
/Users/arjunsharma/Documents/SandiaProjects/4-LDRDAMDIS/DIMSWE-feature-study-20260828/ml_results_postprocess_20260829/data/final_callsite_y_metrics.csv	postprocessing/ml_results_20260829/data/final_callsite_y_metrics.csv	CANONICAL_RESULT	f04daf9bbfef35fdc92a01c58593e767cb7712284d5cc9ff4484fe86070edc34	f04daf9bbfef35fdc92a01c58593e767cb7712284d5cc9ff4484fe86070edc34
/Users/arjunsharma/Documents/SandiaProjects/4-LDRDAMDIS/DIMSWE-feature-study-20260828/ml_results_postprocess_20260829/data/final_callsite_y_metrics.json	postprocessing/ml_results_20260829/data/final_callsite_y_metrics.json	CANONICAL_RESULT	8efa736e2fe0c9746b38159950d1ed568eecaa73485b2286a7a3311aa1851c1d	8efa736e2fe0c9746b38159950d1ed568eecaa73485b2286a7a3311aa1851c1d
/Users/arjunsharma/Documents/SandiaProjects/4-LDRDAMDIS/DIMSWE-feature-study-20260828/ml_results_postprocess_20260829/data/final_direct_metrics.csv	postprocessing/ml_results_20260829/data/final_direct_metrics.csv	CANONICAL_RESULT	fe731abe3af3894398fa49ca4be3cd2f2dded262b164bd2fdda0afa7b2a6eb3a	fe731abe3af3894398fa49ca4be3cd2f2dded262b164bd2fdda0afa7b2a6eb3a
/Users/arjunsharma/Documents/SandiaProjects/4-LDRDAMDIS/DIMSWE-feature-study-20260828/ml_results_postprocess_20260829/data/global_trajectories/test2a_training_support_deployment.csv	postprocessing/ml_results_20260829/data/global_trajectories/test2a_training_support_deployment.csv	CANONICAL_RESULT	e70e9b2144d4c765f654edb091cd6214f02a9e3cf4ebd55c3e7d93196c1475a3	e70e9b2144d4c765f654edb091cd6214f02a9e3cf4ebd55c3e7d93196c1475a3
/Users/arjunsharma/Documents/SandiaProjects/4-LDRDAMDIS/DIMSWE-feature-study-20260828/ml_results_postprocess_20260829/data/global_trajectories/test2a_training_support_deployment.json	postprocessing/ml_results_20260829/data/global_trajectories/test2a_training_support_deployment.json	CANONICAL_RESULT	b3049801ae29f34cde1669853f48bc47d2f27c22366329bd0186c08142be60be	b3049801ae29f34cde1669853f48bc47d2f27c22366329bd0186c08142be60be
/Users/arjunsharma/Documents/SandiaProjects/4-LDRDAMDIS/DIMSWE-feature-study-20260828/ml_results_postprocess_20260829/data/global_trajectories/test2b_global_trajectories.csv	postprocessing/ml_results_20260829/data/global_trajectories/test2b_global_trajectories.csv	CANONICAL_RESULT	b0147d721f7ba8f5880411f2822b4a0fd41e542e7457cc92b18bcfa6f4f8ecbb	b0147d721f7ba8f5880411f2822b4a0fd41e542e7457cc92b18bcfa6f4f8ecbb
/Users/arjunsharma/Documents/SandiaProjects/4-LDRDAMDIS/DIMSWE-feature-study-20260828/ml_results_postprocess_20260829/data/global_trajectories/test2b_global_trajectories.json	postprocessing/ml_results_20260829/data/global_trajectories/test2b_global_trajectories.json	CANONICAL_RESULT	0d091364fcf6532e01e8f7ed7bb332cc7ea4dcedbe6e38cec030f58c90ac1b1d	0d091364fcf6532e01e8f7ed7bb332cc7ea4dcedbe6e38cec030f58c90ac1b1d
/Users/arjunsharma/Documents/SandiaProjects/4-LDRDAMDIS/DIMSWE-feature-study-20260828/ml_results_postprocess_20260829/data/heldout_x_test2b.json	postprocessing/ml_results_20260829/data/heldout_x_test2b.json	CANONICAL_RESULT	564925b039320e2fec60365b925f42101d6d86479446025ec56fe74f04ce38d3	564925b039320e2fec60365b925f42101d6d86479446025ec56fe74f04ce38d3
/Users/arjunsharma/Documents/SandiaProjects/4-LDRDAMDIS/DIMSWE-feature-study-20260828/ml_results_postprocess_20260829/data/j_m1y_diagnostics.csv	postprocessing/ml_results_20260829/data/j_m1y_diagnostics.csv	CANONICAL_RESULT	023456c6e768d6eb7701709c400c109048d77013690c9b0227a12dde84057b78	023456c6e768d6eb7701709c400c109048d77013690c9b0227a12dde84057b78
/Users/arjunsharma/Documents/SandiaProjects/4-LDRDAMDIS/DIMSWE-feature-study-20260828/ml_results_postprocess_20260829/data/j_m1y_diagnostics.json	postprocessing/ml_results_20260829/data/j_m1y_diagnostics.json	CANONICAL_RESULT	6e89c97c44f5e605d5d9b1a3f4fedf0e17ff81d53c30ec30f1667b164f302f22	6e89c97c44f5e605d5d9b1a3f4fedf0e17ff81d53c30ec30f1667b164f302f22
/Users/arjunsharma/Documents/SandiaProjects/4-LDRDAMDIS/DIMSWE-feature-study-20260828/ml_results_postprocess_20260829/data/m1_cross_state_final_metrics.csv	postprocessing/ml_results_20260829/data/m1_cross_state_final_metrics.csv	CANONICAL_RESULT	1667691c50ab9986b9d420d5fd534a35894c79457988d29a704236672bf3cee6	1667691c50ab9986b9d420d5fd534a35894c79457988d29a704236672bf3cee6
/Users/arjunsharma/Documents/SandiaProjects/4-LDRDAMDIS/DIMSWE-feature-study-20260828/ml_results_postprocess_20260829/data/objective_training_evaluation_histories.csv	postprocessing/ml_results_20260829/data/objective_training_evaluation_histories.csv	CANONICAL_RESULT	316f2d0b98c542b638efd72e85e4aef77ac3857fb334bccf0f87c230ea7864b4	316f2d0b98c542b638efd72e85e4aef77ac3857fb334bccf0f87c230ea7864b4
/Users/arjunsharma/Documents/SandiaProjects/4-LDRDAMDIS/DIMSWE-feature-study-20260828/ml_results_postprocess_20260829/data/objective_training_evaluation_histories.json	postprocessing/ml_results_20260829/data/objective_training_evaluation_histories.json	CANONICAL_RESULT	ead0ef6e4f900bf593d34c78a722ad387c80f61828a4e70b640a6853bdf97938	ead0ef6e4f900bf593d34c78a722ad387c80f61828a4e70b640a6853bdf97938
/Users/arjunsharma/Documents/SandiaProjects/4-LDRDAMDIS/DIMSWE-feature-study-20260828/ml_results_postprocess_20260829/data/rain_event_diagnostics.csv	postprocessing/ml_results_20260829/data/rain_event_diagnostics.csv	CANONICAL_RESULT	4840c84e485c8b4f33a5a0dbe94091b76fae724d3ed9ad2e11da148dab1f2876	4840c84e485c8b4f33a5a0dbe94091b76fae724d3ed9ad2e11da148dab1f2876
/Users/arjunsharma/Documents/SandiaProjects/4-LDRDAMDIS/DIMSWE-feature-study-20260828/ml_results_postprocess_20260829/data/recursive_objective_endpoints.csv	postprocessing/ml_results_20260829/data/recursive_objective_endpoints.csv	CANONICAL_RESULT	f8d61fc350a3e8951bee64c60b9b64ad08d632f351f0eb420b88de5cb27041fe	f8d61fc350a3e8951bee64c60b9b64ad08d632f351f0eb420b88de5cb27041fe
/Users/arjunsharma/Documents/SandiaProjects/4-LDRDAMDIS/DIMSWE-feature-study-20260828/ml_results_postprocess_20260829/data/training_x_carriers_test2b.json	postprocessing/ml_results_20260829/data/training_x_carriers_test2b.json	CANONICAL_RESULT	36af7781726189890387f6e8972ecc7ab63d8abc849a030c56221b54624a0b6a	36af7781726189890387f6e8972ecc7ab63d8abc849a030c56221b54624a0b6a
/Users/arjunsharma/Documents/SandiaProjects/4-LDRDAMDIS/DIMSWE-feature-study-20260828/ml_results_postprocess_20260829/figures/FIGURE_INVENTORY.csv	postprocessing/ml_results_20260829/figures/FIGURE_INVENTORY.csv	CANONICAL_MANUSCRIPT_ASSET	da205d85917940ac3e69bfc477678006aef437ffa45ab0cb26eac402bfe4a177	da205d85917940ac3e69bfc477678006aef437ffa45ab0cb26eac402bfe4a177
/Users/arjunsharma/Documents/SandiaProjects/4-LDRDAMDIS/DIMSWE-feature-study-20260828/ml_results_postprocess_20260829/figures/main/ML1_main_optimization.csv	postprocessing/ml_results_20260829/figures/main/ML1_main_optimization.csv	CANONICAL_MANUSCRIPT_ASSET	82e65bad4e734090deba4ee5d42ce3f9322224e590a148a53eceb1baf3350799	82e65bad4e734090deba4ee5d42ce3f9322224e590a148a53eceb1baf3350799
/Users/arjunsharma/Documents/SandiaProjects/4-LDRDAMDIS/DIMSWE-feature-study-20260828/ml_results_postprocess_20260829/figures/main/ML1_main_optimization.json	postprocessing/ml_results_20260829/figures/main/ML1_main_optimization.json	CANONICAL_MANUSCRIPT_ASSET	b8cb30f6504747d4a8ebfe4d5789e45d4e1745a3874513e2476e61d9000c8ca2	b8cb30f6504747d4a8ebfe4d5789e45d4e1745a3874513e2476e61d9000c8ca2
/Users/arjunsharma/Documents/SandiaProjects/4-LDRDAMDIS/DIMSWE-feature-study-20260828/ml_results_postprocess_20260829/figures/main/ML1_main_optimization.pdf	postprocessing/ml_results_20260829/figures/main/ML1_main_optimization.pdf	CANONICAL_MANUSCRIPT_ASSET	e47a95518dc97cc8759925fb6fb828a90beb737776426245d7f928b99073ae9f	e47a95518dc97cc8759925fb6fb828a90beb737776426245d7f928b99073ae9f
/Users/arjunsharma/Documents/SandiaProjects/4-LDRDAMDIS/DIMSWE-feature-study-20260828/ml_results_postprocess_20260829/figures/main/ML1_main_optimization.png	postprocessing/ml_results_20260829/figures/main/ML1_main_optimization.png	CANONICAL_MANUSCRIPT_ASSET	ced8446e5c69f477b0b2b8d897c4618732c9c329587fab8a5533daeacd1032e4	ced8446e5c69f477b0b2b8d897c4618732c9c329587fab8a5533daeacd1032e4
/Users/arjunsharma/Documents/SandiaProjects/4-LDRDAMDIS/DIMSWE-feature-study-20260828/ml_results_postprocess_20260829/figures/main/ML2_main_training_evaluation.csv	postprocessing/ml_results_20260829/figures/main/ML2_main_training_evaluation.csv	CANONICAL_MANUSCRIPT_ASSET	4e2c1df3e002a6cebf77d5b8b8945070f20308813dda29f5f4c0f7e31345aea7	4e2c1df3e002a6cebf77d5b8b8945070f20308813dda29f5f4c0f7e31345aea7
/Users/arjunsharma/Documents/SandiaProjects/4-LDRDAMDIS/DIMSWE-feature-study-20260828/ml_results_postprocess_20260829/figures/main/ML2_main_training_evaluation.json	postprocessing/ml_results_20260829/figures/main/ML2_main_training_evaluation.json	CANONICAL_MANUSCRIPT_ASSET	4125aa1854945b7dc6fb4277159bd7e9c727243c0018568b75a280845312cfc0	4125aa1854945b7dc6fb4277159bd7e9c727243c0018568b75a280845312cfc0
/Users/arjunsharma/Documents/SandiaProjects/4-LDRDAMDIS/DIMSWE-feature-study-20260828/ml_results_postprocess_20260829/figures/main/ML2_main_training_evaluation.pdf	postprocessing/ml_results_20260829/figures/main/ML2_main_training_evaluation.pdf	CANONICAL_MANUSCRIPT_ASSET	1898b7a59aeaad62ede94061abdbc51a444ba926e294631b8144cf6e88dd3075	1898b7a59aeaad62ede94061abdbc51a444ba926e294631b8144cf6e88dd3075
/Users/arjunsharma/Documents/SandiaProjects/4-LDRDAMDIS/DIMSWE-feature-study-20260828/ml_results_postprocess_20260829/figures/main/ML2_main_training_evaluation.png	postprocessing/ml_results_20260829/figures/main/ML2_main_training_evaluation.png	CANONICAL_MANUSCRIPT_ASSET	137b0487709793e08bb7ef39110190117837c68facd22cb764a9550aef47a457	137b0487709793e08bb7ef39110190117837c68facd22cb764a9550aef47a457
/Users/arjunsharma/Documents/SandiaProjects/4-LDRDAMDIS/DIMSWE-feature-study-20260828/ml_results_postprocess_20260829/figures/main/ML3_main_callsite_physical_accuracy.csv	postprocessing/ml_results_20260829/figures/main/ML3_main_callsite_physical_accuracy.csv	CANONICAL_MANUSCRIPT_ASSET	4289c8a0c1ad6bc5ea7f2b8d101ba1798f933e33952a4e239e812ad64c453a7e	4289c8a0c1ad6bc5ea7f2b8d101ba1798f933e33952a4e239e812ad64c453a7e
/Users/arjunsharma/Documents/SandiaProjects/4-LDRDAMDIS/DIMSWE-feature-study-20260828/ml_results_postprocess_20260829/figures/main/ML3_main_callsite_physical_accuracy.json	postprocessing/ml_results_20260829/figures/main/ML3_main_callsite_physical_accuracy.json	CANONICAL_MANUSCRIPT_ASSET	404a0922fb76b928923e145bc3cf80e8dff082350e98a8aaa705ef921532b770	404a0922fb76b928923e145bc3cf80e8dff082350e98a8aaa705ef921532b770
/Users/arjunsharma/Documents/SandiaProjects/4-LDRDAMDIS/DIMSWE-feature-study-20260828/ml_results_postprocess_20260829/figures/main/ML3_main_callsite_physical_accuracy.pdf	postprocessing/ml_results_20260829/figures/main/ML3_main_callsite_physical_accuracy.pdf	CANONICAL_MANUSCRIPT_ASSET	fead24e1ae720f53f5dc1d5469357012e97e3b10e7c965ade7499666ed124c55	fead24e1ae720f53f5dc1d5469357012e97e3b10e7c965ade7499666ed124c55
/Users/arjunsharma/Documents/SandiaProjects/4-LDRDAMDIS/DIMSWE-feature-study-20260828/ml_results_postprocess_20260829/figures/main/ML3_main_callsite_physical_accuracy.png	postprocessing/ml_results_20260829/figures/main/ML3_main_callsite_physical_accuracy.png	CANONICAL_MANUSCRIPT_ASSET	e81fc70629550e87c57ea05356a4b5b99a2749bde574d0cba9d4b7b3d47bee33	e81fc70629550e87c57ea05356a4b5b99a2749bde574d0cba9d4b7b3d47bee33
/Users/arjunsharma/Documents/SandiaProjects/4-LDRDAMDIS/DIMSWE-feature-study-20260828/ml_results_postprocess_20260829/figures/main/ML4_main_deployed_physical_diagnostics.csv	postprocessing/ml_results_20260829/figures/main/ML4_main_deployed_physical_diagnostics.csv	CANONICAL_MANUSCRIPT_ASSET	ca79a2832862d5d12e688460ce15d06f6a7899bc4947db868cc3c9ed6396890d	ca79a2832862d5d12e688460ce15d06f6a7899bc4947db868cc3c9ed6396890d
/Users/arjunsharma/Documents/SandiaProjects/4-LDRDAMDIS/DIMSWE-feature-study-20260828/ml_results_postprocess_20260829/figures/main/ML4_main_deployed_physical_diagnostics.json	postprocessing/ml_results_20260829/figures/main/ML4_main_deployed_physical_diagnostics.json	CANONICAL_MANUSCRIPT_ASSET	a304757a14bf326379bf410b963f76e870ad98f22930eecf3745739d1897fe95	a304757a14bf326379bf410b963f76e870ad98f22930eecf3745739d1897fe95
/Users/arjunsharma/Documents/SandiaProjects/4-LDRDAMDIS/DIMSWE-feature-study-20260828/ml_results_postprocess_20260829/figures/main/ML4_main_deployed_physical_diagnostics.pdf	postprocessing/ml_results_20260829/figures/main/ML4_main_deployed_physical_diagnostics.pdf	CANONICAL_MANUSCRIPT_ASSET	c2aee68a1b914fdb866fd4f9daa9a2e5d43f951951175f43f49e6522f2477603	c2aee68a1b914fdb866fd4f9daa9a2e5d43f951951175f43f49e6522f2477603
/Users/arjunsharma/Documents/SandiaProjects/4-LDRDAMDIS/DIMSWE-feature-study-20260828/ml_results_postprocess_20260829/figures/main/ML4_main_deployed_physical_diagnostics.png	postprocessing/ml_results_20260829/figures/main/ML4_main_deployed_physical_diagnostics.png	CANONICAL_MANUSCRIPT_ASSET	40ef7cea2195b3eb708dcd8264c8cdbde5da32e63c10de8c9d65f0745475b2ad	40ef7cea2195b3eb708dcd8264c8cdbde5da32e63c10de8c9d65f0745475b2ad
/Users/arjunsharma/Documents/SandiaProjects/4-LDRDAMDIS/DIMSWE-feature-study-20260828/ml_results_postprocess_20260829/figures/main/ML5A_main_global_trajectories.csv	postprocessing/ml_results_20260829/figures/main/ML5A_main_global_trajectories.csv	CANONICAL_MANUSCRIPT_ASSET	4b1e86aaac29c23b0471d972241068a8289a096caa0563aeda9edc0d821bb885	4b1e86aaac29c23b0471d972241068a8289a096caa0563aeda9edc0d821bb885
/Users/arjunsharma/Documents/SandiaProjects/4-LDRDAMDIS/DIMSWE-feature-study-20260828/ml_results_postprocess_20260829/figures/main/ML5A_main_global_trajectories.json	postprocessing/ml_results_20260829/figures/main/ML5A_main_global_trajectories.json	CANONICAL_MANUSCRIPT_ASSET	bb4656c4ffc47f836b07e22dbcc2da5dd22bd3179aeaf423ddd7f76d631086d6	bb4656c4ffc47f836b07e22dbcc2da5dd22bd3179aeaf423ddd7f76d631086d6
/Users/arjunsharma/Documents/SandiaProjects/4-LDRDAMDIS/DIMSWE-feature-study-20260828/ml_results_postprocess_20260829/figures/main/ML5A_main_global_trajectories.pdf	postprocessing/ml_results_20260829/figures/main/ML5A_main_global_trajectories.pdf	CANONICAL_MANUSCRIPT_ASSET	d7164be1e91fc7f0b4872f816827a4b2b453224e58490d3fd53ed413eb211a79	d7164be1e91fc7f0b4872f816827a4b2b453224e58490d3fd53ed413eb211a79
/Users/arjunsharma/Documents/SandiaProjects/4-LDRDAMDIS/DIMSWE-feature-study-20260828/ml_results_postprocess_20260829/figures/main/ML5A_main_global_trajectories.png	postprocessing/ml_results_20260829/figures/main/ML5A_main_global_trajectories.png	CANONICAL_MANUSCRIPT_ASSET	cca3474f78397bd1b4100b16d27336a825616fbcf30c7c4068533f0d2a5ec769	cca3474f78397bd1b4100b16d27336a825616fbcf30c7c4068533f0d2a5ec769
/Users/arjunsharma/Documents/SandiaProjects/4-LDRDAMDIS/DIMSWE-feature-study-20260828/ml_results_postprocess_20260829/figures/main/ML5B_main_global_trajectories.csv	postprocessing/ml_results_20260829/figures/main/ML5B_main_global_trajectories.csv	CANONICAL_MANUSCRIPT_ASSET	bea2b1831cce7d24440e7f2e71fd60513bc0b7c932c9a7d32a62d1cb9af27054	bea2b1831cce7d24440e7f2e71fd60513bc0b7c932c9a7d32a62d1cb9af27054
/Users/arjunsharma/Documents/SandiaProjects/4-LDRDAMDIS/DIMSWE-feature-study-20260828/ml_results_postprocess_20260829/figures/main/ML5B_main_global_trajectories.json	postprocessing/ml_results_20260829/figures/main/ML5B_main_global_trajectories.json	CANONICAL_MANUSCRIPT_ASSET	3fb0c749820f013793e9a88c0bab0f379c4dfcc1408146381b5ca771cd8ef049	3fb0c749820f013793e9a88c0bab0f379c4dfcc1408146381b5ca771cd8ef049
/Users/arjunsharma/Documents/SandiaProjects/4-LDRDAMDIS/DIMSWE-feature-study-20260828/ml_results_postprocess_20260829/figures/main/ML5B_main_global_trajectories.pdf	postprocessing/ml_results_20260829/figures/main/ML5B_main_global_trajectories.pdf	CANONICAL_MANUSCRIPT_ASSET	4af9da2406ae76882bdc66fc8439af8d73d750657d2f0b833489dc9c00bb9a62	4af9da2406ae76882bdc66fc8439af8d73d750657d2f0b833489dc9c00bb9a62
/Users/arjunsharma/Documents/SandiaProjects/4-LDRDAMDIS/DIMSWE-feature-study-20260828/ml_results_postprocess_20260829/figures/main/ML5B_main_global_trajectories.png	postprocessing/ml_results_20260829/figures/main/ML5B_main_global_trajectories.png	CANONICAL_MANUSCRIPT_ASSET	cdd6216115d13bfb026687479eee11b96cdb58e3c6031f1a0cbdbf30a9bd3bc0	cdd6216115d13bfb026687479eee11b96cdb58e3c6031f1a0cbdbf30a9bd3bc0
/Users/arjunsharma/Documents/SandiaProjects/4-LDRDAMDIS/DIMSWE-feature-study-20260828/ml_results_postprocess_20260829/figures/main/ML5C_main_global_trajectories.csv	postprocessing/ml_results_20260829/figures/main/ML5C_main_global_trajectories.csv	CANONICAL_MANUSCRIPT_ASSET	e5e985dc33bbc25729cbf68cc3d38346f435944a2fc830970e9c1b20841026c9	e5e985dc33bbc25729cbf68cc3d38346f435944a2fc830970e9c1b20841026c9
/Users/arjunsharma/Documents/SandiaProjects/4-LDRDAMDIS/DIMSWE-feature-study-20260828/ml_results_postprocess_20260829/figures/main/ML5C_main_global_trajectories.json	postprocessing/ml_results_20260829/figures/main/ML5C_main_global_trajectories.json	CANONICAL_MANUSCRIPT_ASSET	213882872461f456a2e18c3f84d3495240ce2a68ceb413e2f2f2be1f08afca19	213882872461f456a2e18c3f84d3495240ce2a68ceb413e2f2f2be1f08afca19
/Users/arjunsharma/Documents/SandiaProjects/4-LDRDAMDIS/DIMSWE-feature-study-20260828/ml_results_postprocess_20260829/figures/main/ML5C_main_global_trajectories.pdf	postprocessing/ml_results_20260829/figures/main/ML5C_main_global_trajectories.pdf	CANONICAL_MANUSCRIPT_ASSET	78c9280b2065de110832d1f91eb41baa54005f8303f87d4cd11dcc1b5df00094	78c9280b2065de110832d1f91eb41baa54005f8303f87d4cd11dcc1b5df00094
/Users/arjunsharma/Documents/SandiaProjects/4-LDRDAMDIS/DIMSWE-feature-study-20260828/ml_results_postprocess_20260829/figures/main/ML5C_main_global_trajectories.png	postprocessing/ml_results_20260829/figures/main/ML5C_main_global_trajectories.png	CANONICAL_MANUSCRIPT_ASSET	2747ce0498ce46953d30a3e881b45237997cfde5db695bb2a583545f4f5a4e14	2747ce0498ce46953d30a3e881b45237997cfde5db695bb2a583545f4f5a4e14
/Users/arjunsharma/Documents/SandiaProjects/4-LDRDAMDIS/DIMSWE-feature-study-20260828/ml_results_postprocess_20260829/figures/supplement/ML1_optimization_progress_test2b.csv	postprocessing/ml_results_20260829/figures/supplement/ML1_optimization_progress_test2b.csv	CANONICAL_MANUSCRIPT_ASSET	2ca32793a3b39348925f5ac173ffd8d0b91028835f18e7177242aea620e53522	2ca32793a3b39348925f5ac173ffd8d0b91028835f18e7177242aea620e53522
/Users/arjunsharma/Documents/SandiaProjects/4-LDRDAMDIS/DIMSWE-feature-study-20260828/ml_results_postprocess_20260829/figures/supplement/ML1_optimization_progress_test2b.json	postprocessing/ml_results_20260829/figures/supplement/ML1_optimization_progress_test2b.json	CANONICAL_MANUSCRIPT_ASSET	1a78e1223a1ff9a79305977fa2cb0069723d220bd31b9c498f6cca0cebfd7e0b	1a78e1223a1ff9a79305977fa2cb0069723d220bd31b9c498f6cca0cebfd7e0b
/Users/arjunsharma/Documents/SandiaProjects/4-LDRDAMDIS/DIMSWE-feature-study-20260828/ml_results_postprocess_20260829/figures/supplement/ML1_optimization_progress_test2b.pdf	postprocessing/ml_results_20260829/figures/supplement/ML1_optimization_progress_test2b.pdf	CANONICAL_MANUSCRIPT_ASSET	aa08102e21c51233ef7e6900dfbf0cfd161657c56e0ed76e53eb22faf5276486	aa08102e21c51233ef7e6900dfbf0cfd161657c56e0ed76e53eb22faf5276486
/Users/arjunsharma/Documents/SandiaProjects/4-LDRDAMDIS/DIMSWE-feature-study-20260828/ml_results_postprocess_20260829/figures/supplement/ML1_optimization_progress_test2b.png	postprocessing/ml_results_20260829/figures/supplement/ML1_optimization_progress_test2b.png	CANONICAL_MANUSCRIPT_ASSET	4b28a02bc7a5ef3ad1d1a438c51c26329e43870d945ec314b293c3a301abb220	4b28a02bc7a5ef3ad1d1a438c51c26329e43870d945ec314b293c3a301abb220
/Users/arjunsharma/Documents/SandiaProjects/4-LDRDAMDIS/DIMSWE-feature-study-20260828/ml_results_postprocess_20260829/figures/supplement/ML1_test2a_recorded_optimization_progress.csv	postprocessing/ml_results_20260829/figures/supplement/ML1_test2a_recorded_optimization_progress.csv	CANONICAL_MANUSCRIPT_ASSET	27bc0bfcdcf2b9040b5f6b5b78e64258bcaf90ace77973bf23c7e138efdb322f	27bc0bfcdcf2b9040b5f6b5b78e64258bcaf90ace77973bf23c7e138efdb322f
/Users/arjunsharma/Documents/SandiaProjects/4-LDRDAMDIS/DIMSWE-feature-study-20260828/ml_results_postprocess_20260829/figures/supplement/ML1_test2a_recorded_optimization_progress.json	postprocessing/ml_results_20260829/figures/supplement/ML1_test2a_recorded_optimization_progress.json	CANONICAL_MANUSCRIPT_ASSET	b3232e87e06092e1a45f2ca7c8a89c8a98becd9ee9177c16e5e072ca1c416be1	b3232e87e06092e1a45f2ca7c8a89c8a98becd9ee9177c16e5e072ca1c416be1
/Users/arjunsharma/Documents/SandiaProjects/4-LDRDAMDIS/DIMSWE-feature-study-20260828/ml_results_postprocess_20260829/figures/supplement/ML1_test2a_recorded_optimization_progress.pdf	postprocessing/ml_results_20260829/figures/supplement/ML1_test2a_recorded_optimization_progress.pdf	CANONICAL_MANUSCRIPT_ASSET	833ad0441dc107dd44dac465efb7ffb8b77258c324f37600e85d5bca01b0e3c2	833ad0441dc107dd44dac465efb7ffb8b77258c324f37600e85d5bca01b0e3c2
/Users/arjunsharma/Documents/SandiaProjects/4-LDRDAMDIS/DIMSWE-feature-study-20260828/ml_results_postprocess_20260829/figures/supplement/ML1_test2a_recorded_optimization_progress.png	postprocessing/ml_results_20260829/figures/supplement/ML1_test2a_recorded_optimization_progress.png	CANONICAL_MANUSCRIPT_ASSET	2d16c843fb3930956bb2f2021abbe0e6619ba6824f6d1c5fc43505e7eb548986	2d16c843fb3930956bb2f2021abbe0e6619ba6824f6d1c5fc43505e7eb548986
/Users/arjunsharma/Documents/SandiaProjects/4-LDRDAMDIS/DIMSWE-feature-study-20260828/ml_results_postprocess_20260829/figures/supplement/ML2_common_x_direct_history_test2b.csv	postprocessing/ml_results_20260829/figures/supplement/ML2_common_x_direct_history_test2b.csv	CANONICAL_MANUSCRIPT_ASSET	7111ca84a5b9a6e1947067fea12fb5a9406d0a015405d0ded4299b31b8c21601	7111ca84a5b9a6e1947067fea12fb5a9406d0a015405d0ded4299b31b8c21601
/Users/arjunsharma/Documents/SandiaProjects/4-LDRDAMDIS/DIMSWE-feature-study-20260828/ml_results_postprocess_20260829/figures/supplement/ML2_common_x_direct_history_test2b.json	postprocessing/ml_results_20260829/figures/supplement/ML2_common_x_direct_history_test2b.json	CANONICAL_MANUSCRIPT_ASSET	e895860349aaf917ad264fb9cf1bcc053231b01d7dd12629a522ea16beafc2a2	e895860349aaf917ad264fb9cf1bcc053231b01d7dd12629a522ea16beafc2a2
/Users/arjunsharma/Documents/SandiaProjects/4-LDRDAMDIS/DIMSWE-feature-study-20260828/ml_results_postprocess_20260829/figures/supplement/ML2_common_x_direct_history_test2b.pdf	postprocessing/ml_results_20260829/figures/supplement/ML2_common_x_direct_history_test2b.pdf	CANONICAL_MANUSCRIPT_ASSET	835fbdd3cb44895dad3ed9d25bcb412bc941736f7b1364caf34002a71c260522	835fbdd3cb44895dad3ed9d25bcb412bc941736f7b1364caf34002a71c260522
/Users/arjunsharma/Documents/SandiaProjects/4-LDRDAMDIS/DIMSWE-feature-study-20260828/ml_results_postprocess_20260829/figures/supplement/ML2_common_x_direct_history_test2b.png	postprocessing/ml_results_20260829/figures/supplement/ML2_common_x_direct_history_test2b.png	CANONICAL_MANUSCRIPT_ASSET	75fc2f187caa292ffb0ba0780f954ad811a6bb5f9fad7b07d5971d2e4bb324b5	75fc2f187caa292ffb0ba0780f954ad811a6bb5f9fad7b07d5971d2e4bb324b5
/Users/arjunsharma/Documents/SandiaProjects/4-LDRDAMDIS/DIMSWE-feature-study-20260828/ml_results_postprocess_20260829/figures/supplement/ML2_objective_training_evaluation_history_test2b.csv	postprocessing/ml_results_20260829/figures/supplement/ML2_objective_training_evaluation_history_test2b.csv	CANONICAL_MANUSCRIPT_ASSET	316f2d0b98c542b638efd72e85e4aef77ac3857fb334bccf0f87c230ea7864b4	316f2d0b98c542b638efd72e85e4aef77ac3857fb334bccf0f87c230ea7864b4
/Users/arjunsharma/Documents/SandiaProjects/4-LDRDAMDIS/DIMSWE-feature-study-20260828/ml_results_postprocess_20260829/figures/supplement/ML2_objective_training_evaluation_history_test2b.json	postprocessing/ml_results_20260829/figures/supplement/ML2_objective_training_evaluation_history_test2b.json	CANONICAL_MANUSCRIPT_ASSET	24481a00cbc2d3132f77dda0cc818f8417ae9b0ec3b8cd7772f67aa05fee9b5a	24481a00cbc2d3132f77dda0cc818f8417ae9b0ec3b8cd7772f67aa05fee9b5a
/Users/arjunsharma/Documents/SandiaProjects/4-LDRDAMDIS/DIMSWE-feature-study-20260828/ml_results_postprocess_20260829/figures/supplement/ML2_objective_training_evaluation_history_test2b.pdf	postprocessing/ml_results_20260829/figures/supplement/ML2_objective_training_evaluation_history_test2b.pdf	CANONICAL_MANUSCRIPT_ASSET	21acafc3db2f31144c6a7d43b31b15d83f34fe136efab28c0d0296109c20cf41	21acafc3db2f31144c6a7d43b31b15d83f34fe136efab28c0d0296109c20cf41
/Users/arjunsharma/Documents/SandiaProjects/4-LDRDAMDIS/DIMSWE-feature-study-20260828/ml_results_postprocess_20260829/figures/supplement/ML2_objective_training_evaluation_history_test2b.png	postprocessing/ml_results_20260829/figures/supplement/ML2_objective_training_evaluation_history_test2b.png	CANONICAL_MANUSCRIPT_ASSET	f99766f06f5c37557c053fe14d3b4193cb3ca49fa319404fa95108c874090646	f99766f06f5c37557c053fe14d3b4193cb3ca49fa319404fa95108c874090646
/Users/arjunsharma/Documents/SandiaProjects/4-LDRDAMDIS/DIMSWE-feature-study-20260828/ml_results_postprocess_20260829/figures/supplement/ML2_posthoc_direct_history_test2b_all_models.csv	postprocessing/ml_results_20260829/figures/supplement/ML2_posthoc_direct_history_test2b_all_models.csv	CANONICAL_MANUSCRIPT_ASSET	bd8ef944d9ebdfce3f6f949744689eaa889ed7be1271edb6e54a92be9d1ec608	bd8ef944d9ebdfce3f6f949744689eaa889ed7be1271edb6e54a92be9d1ec608
/Users/arjunsharma/Documents/SandiaProjects/4-LDRDAMDIS/DIMSWE-feature-study-20260828/ml_results_postprocess_20260829/figures/supplement/ML2_posthoc_direct_history_test2b_all_models.json	postprocessing/ml_results_20260829/figures/supplement/ML2_posthoc_direct_history_test2b_all_models.json	CANONICAL_MANUSCRIPT_ASSET	5519addc8a7913d1221940d31159b5efcffe955493e7f22fe7e316e4d313abe4	5519addc8a7913d1221940d31159b5efcffe955493e7f22fe7e316e4d313abe4
/Users/arjunsharma/Documents/SandiaProjects/4-LDRDAMDIS/DIMSWE-feature-study-20260828/ml_results_postprocess_20260829/figures/supplement/ML2_posthoc_direct_history_test2b_all_models.pdf	postprocessing/ml_results_20260829/figures/supplement/ML2_posthoc_direct_history_test2b_all_models.pdf	CANONICAL_MANUSCRIPT_ASSET	0832ad79341d273f96e8677be1fc3fbed302c2c84c742322cb71d8694ad2d6f6	0832ad79341d273f96e8677be1fc3fbed302c2c84c742322cb71d8694ad2d6f6
/Users/arjunsharma/Documents/SandiaProjects/4-LDRDAMDIS/DIMSWE-feature-study-20260828/ml_results_postprocess_20260829/figures/supplement/ML2_posthoc_direct_history_test2b_all_models.png	postprocessing/ml_results_20260829/figures/supplement/ML2_posthoc_direct_history_test2b_all_models.png	CANONICAL_MANUSCRIPT_ASSET	38c07ad4a9da61b097aaa28a653a07fd09dd22c7a2aaa5d1b2d31b5c17b2ee00	38c07ad4a9da61b097aaa28a653a07fd09dd22c7a2aaa5d1b2d31b5c17b2ee00
/Users/arjunsharma/Documents/SandiaProjects/4-LDRDAMDIS/DIMSWE-feature-study-20260828/ml_results_postprocess_20260829/figures/supplement/ML3_m1x_m1y_cross_state_checkpoint_history.csv	postprocessing/ml_results_20260829/figures/supplement/ML3_m1x_m1y_cross_state_checkpoint_history.csv	CANONICAL_MANUSCRIPT_ASSET	5e843b07ace4aa72077cc8f7550645fe0822005992a3e8f0eb658b77d326d6dd	5e843b07ace4aa72077cc8f7550645fe0822005992a3e8f0eb658b77d326d6dd
/Users/arjunsharma/Documents/SandiaProjects/4-LDRDAMDIS/DIMSWE-feature-study-20260828/ml_results_postprocess_20260829/figures/supplement/ML3_m1x_m1y_cross_state_checkpoint_history.json	postprocessing/ml_results_20260829/figures/supplement/ML3_m1x_m1y_cross_state_checkpoint_history.json	CANONICAL_MANUSCRIPT_ASSET	a5dc47f1f980d02e9aa6d1e3565c006e840801565b701635a3995f0a4fb03a77	a5dc47f1f980d02e9aa6d1e3565c006e840801565b701635a3995f0a4fb03a77
/Users/arjunsharma/Documents/SandiaProjects/4-LDRDAMDIS/DIMSWE-feature-study-20260828/ml_results_postprocess_20260829/figures/supplement/ML3_m1x_m1y_cross_state_checkpoint_history.pdf	postprocessing/ml_results_20260829/figures/supplement/ML3_m1x_m1y_cross_state_checkpoint_history.pdf	CANONICAL_MANUSCRIPT_ASSET	2a7760e11ad26544493db1a40a3cc9799755df21f3327eda4a7885e9fbd66d44	2a7760e11ad26544493db1a40a3cc9799755df21f3327eda4a7885e9fbd66d44
/Users/arjunsharma/Documents/SandiaProjects/4-LDRDAMDIS/DIMSWE-feature-study-20260828/ml_results_postprocess_20260829/figures/supplement/ML3_m1x_m1y_cross_state_checkpoint_history.png	postprocessing/ml_results_20260829/figures/supplement/ML3_m1x_m1y_cross_state_checkpoint_history.png	CANONICAL_MANUSCRIPT_ASSET	edfe905e74ef925c3f7a0b2ca4e4655c5fe15f8f7682e8e187abc783df3efa46	edfe905e74ef925c3f7a0b2ca4e4655c5fe15f8f7682e8e187abc783df3efa46
/Users/arjunsharma/Documents/SandiaProjects/4-LDRDAMDIS/DIMSWE-feature-study-20260828/ml_results_postprocess_20260829/figures/supplement/ML3_m1x_m1y_cross_state_final.csv	postprocessing/ml_results_20260829/figures/supplement/ML3_m1x_m1y_cross_state_final.csv	CANONICAL_MANUSCRIPT_ASSET	ea936095e82144ac00855ac1f4a164a97a423c7a5b896e7b1300f7bb605e4b1c	ea936095e82144ac00855ac1f4a164a97a423c7a5b896e7b1300f7bb605e4b1c
/Users/arjunsharma/Documents/SandiaProjects/4-LDRDAMDIS/DIMSWE-feature-study-20260828/ml_results_postprocess_20260829/figures/supplement/ML3_m1x_m1y_cross_state_final.json	postprocessing/ml_results_20260829/figures/supplement/ML3_m1x_m1y_cross_state_final.json	CANONICAL_MANUSCRIPT_ASSET	d4c82e3bea767b33077e89000fee62f50df93b3987e9d66fef37011114f7d627	d4c82e3bea767b33077e89000fee62f50df93b3987e9d66fef37011114f7d627
/Users/arjunsharma/Documents/SandiaProjects/4-LDRDAMDIS/DIMSWE-feature-study-20260828/ml_results_postprocess_20260829/figures/supplement/ML3_m1x_m1y_cross_state_final.pdf	postprocessing/ml_results_20260829/figures/supplement/ML3_m1x_m1y_cross_state_final.pdf	CANONICAL_MANUSCRIPT_ASSET	51e5bfaf90e8bcb771ac3d403936fb1d752579fa33e339841b170e0d53343ea1	51e5bfaf90e8bcb771ac3d403936fb1d752579fa33e339841b170e0d53343ea1
/Users/arjunsharma/Documents/SandiaProjects/4-LDRDAMDIS/DIMSWE-feature-study-20260828/ml_results_postprocess_20260829/figures/supplement/ML3_m1x_m1y_cross_state_final.png	postprocessing/ml_results_20260829/figures/supplement/ML3_m1x_m1y_cross_state_final.png	CANONICAL_MANUSCRIPT_ASSET	9d673fc6e9aa3ea897523e428b2358a921f994ca9924984ef2832027edba171a	9d673fc6e9aa3ea897523e428b2358a921f994ca9924984ef2832027edba171a
/Users/arjunsharma/Documents/SandiaProjects/4-LDRDAMDIS/DIMSWE-feature-study-20260828/ml_results_postprocess_20260829/figures/supplement/ML3_supplement_callsite_source_components.csv	postprocessing/ml_results_20260829/figures/supplement/ML3_supplement_callsite_source_components.csv	CANONICAL_MANUSCRIPT_ASSET	2a756f9d51230bc415ad4cf8f97564cca0c7ec01a63afcb2c196faff7a41f626	2a756f9d51230bc415ad4cf8f97564cca0c7ec01a63afcb2c196faff7a41f626
/Users/arjunsharma/Documents/SandiaProjects/4-LDRDAMDIS/DIMSWE-feature-study-20260828/ml_results_postprocess_20260829/figures/supplement/ML3_supplement_callsite_source_components.json	postprocessing/ml_results_20260829/figures/supplement/ML3_supplement_callsite_source_components.json	CANONICAL_MANUSCRIPT_ASSET	cabba5398bdf05236ce92077aad16ef1f2228529c8df1b6d551ea508820bf4af	cabba5398bdf05236ce92077aad16ef1f2228529c8df1b6d551ea508820bf4af
/Users/arjunsharma/Documents/SandiaProjects/4-LDRDAMDIS/DIMSWE-feature-study-20260828/ml_results_postprocess_20260829/figures/supplement/ML3_supplement_callsite_source_components.pdf	postprocessing/ml_results_20260829/figures/supplement/ML3_supplement_callsite_source_components.pdf	CANONICAL_MANUSCRIPT_ASSET	d0218df7fc521c2afea494d328b27ef2115954ce42db414feaeede72db68fd93	d0218df7fc521c2afea494d328b27ef2115954ce42db414feaeede72db68fd93
/Users/arjunsharma/Documents/SandiaProjects/4-LDRDAMDIS/DIMSWE-feature-study-20260828/ml_results_postprocess_20260829/figures/supplement/ML3_supplement_callsite_source_components.png	postprocessing/ml_results_20260829/figures/supplement/ML3_supplement_callsite_source_components.png	CANONICAL_MANUSCRIPT_ASSET	94dac55932428de34b4468e0f8041ce0319b6d2c9fce0cdec43fa1e9702d6469	94dac55932428de34b4468e0f8041ce0319b6d2c9fce0cdec43fa1e9702d6469
/Users/arjunsharma/Documents/SandiaProjects/4-LDRDAMDIS/DIMSWE-feature-study-20260828/ml_results_postprocess_20260829/figures/supplement/ML4_frozen_model_objective_matrix_test2a.csv	postprocessing/ml_results_20260829/figures/supplement/ML4_frozen_model_objective_matrix_test2a.csv	CANONICAL_MANUSCRIPT_ASSET	cb63bdef9818de8e129b096a01f71239a8b9333414be935b97740728f56e0723	cb63bdef9818de8e129b096a01f71239a8b9333414be935b97740728f56e0723
/Users/arjunsharma/Documents/SandiaProjects/4-LDRDAMDIS/DIMSWE-feature-study-20260828/ml_results_postprocess_20260829/figures/supplement/ML4_frozen_model_objective_matrix_test2a.json	postprocessing/ml_results_20260829/figures/supplement/ML4_frozen_model_objective_matrix_test2a.json	CANONICAL_MANUSCRIPT_ASSET	32041acabf514fc6de4f41a8d7dae4ce27087946b9d42a70eaf71fdbf9a75d5b	32041acabf514fc6de4f41a8d7dae4ce27087946b9d42a70eaf71fdbf9a75d5b
/Users/arjunsharma/Documents/SandiaProjects/4-LDRDAMDIS/DIMSWE-feature-study-20260828/ml_results_postprocess_20260829/figures/supplement/ML4_frozen_model_objective_matrix_test2a.pdf	postprocessing/ml_results_20260829/figures/supplement/ML4_frozen_model_objective_matrix_test2a.pdf	CANONICAL_MANUSCRIPT_ASSET	fa80c87c2fcedecdd4f1494848815aedb1e342a4e8d8978626b7e360c1931e3a	fa80c87c2fcedecdd4f1494848815aedb1e342a4e8d8978626b7e360c1931e3a
/Users/arjunsharma/Documents/SandiaProjects/4-LDRDAMDIS/DIMSWE-feature-study-20260828/ml_results_postprocess_20260829/figures/supplement/ML4_frozen_model_objective_matrix_test2a.png	postprocessing/ml_results_20260829/figures/supplement/ML4_frozen_model_objective_matrix_test2a.png	CANONICAL_MANUSCRIPT_ASSET	0a5741d05036f66fae709c81bb65144c702470e032133a7c55d06d9ee74fc86c	0a5741d05036f66fae709c81bb65144c702470e032133a7c55d06d9ee74fc86c
/Users/arjunsharma/Documents/SandiaProjects/4-LDRDAMDIS/DIMSWE-feature-study-20260828/ml_results_postprocess_20260829/figures/supplement/ML4_frozen_model_objective_matrix_test2b.csv	postprocessing/ml_results_20260829/figures/supplement/ML4_frozen_model_objective_matrix_test2b.csv	CANONICAL_MANUSCRIPT_ASSET	cb5727061f6f27ed15cc6b8c57558742773b3002cf9681b37310f25fa1606d6a	cb5727061f6f27ed15cc6b8c57558742773b3002cf9681b37310f25fa1606d6a
/Users/arjunsharma/Documents/SandiaProjects/4-LDRDAMDIS/DIMSWE-feature-study-20260828/ml_results_postprocess_20260829/figures/supplement/ML4_frozen_model_objective_matrix_test2b.json	postprocessing/ml_results_20260829/figures/supplement/ML4_frozen_model_objective_matrix_test2b.json	CANONICAL_MANUSCRIPT_ASSET	461c707866bcd9eaa14e43848e17d5ca4485539efe2dcd272388ed5f99be8bc8	461c707866bcd9eaa14e43848e17d5ca4485539efe2dcd272388ed5f99be8bc8
/Users/arjunsharma/Documents/SandiaProjects/4-LDRDAMDIS/DIMSWE-feature-study-20260828/ml_results_postprocess_20260829/figures/supplement/ML4_frozen_model_objective_matrix_test2b.pdf	postprocessing/ml_results_20260829/figures/supplement/ML4_frozen_model_objective_matrix_test2b.pdf	CANONICAL_MANUSCRIPT_ASSET	dfcc2d1146492ebe576922736b1d6eec8ada7d9cca9334a0c22923a3a390c411	dfcc2d1146492ebe576922736b1d6eec8ada7d9cca9334a0c22923a3a390c411
/Users/arjunsharma/Documents/SandiaProjects/4-LDRDAMDIS/DIMSWE-feature-study-20260828/ml_results_postprocess_20260829/figures/supplement/ML4_frozen_model_objective_matrix_test2b.png	postprocessing/ml_results_20260829/figures/supplement/ML4_frozen_model_objective_matrix_test2b.png	CANONICAL_MANUSCRIPT_ASSET	2951a2028ea24fea4783a8c81dee7804ce808bef98de006f463428e1c5b6ca81	2951a2028ea24fea4783a8c81dee7804ce808bef98de006f463428e1c5b6ca81
/Users/arjunsharma/Documents/SandiaProjects/4-LDRDAMDIS/DIMSWE-feature-study-20260828/ml_results_postprocess_20260829/figures/supplement/ML5_deployed_physical_diagnostics_test2b.csv	postprocessing/ml_results_20260829/figures/supplement/ML5_deployed_physical_diagnostics_test2b.csv	CANONICAL_MANUSCRIPT_ASSET	401b018e6a070a9281453948ee4576144479621120b7103a1d289a266faaf18e	401b018e6a070a9281453948ee4576144479621120b7103a1d289a266faaf18e
/Users/arjunsharma/Documents/SandiaProjects/4-LDRDAMDIS/DIMSWE-feature-study-20260828/ml_results_postprocess_20260829/figures/supplement/ML5_deployed_physical_diagnostics_test2b.json	postprocessing/ml_results_20260829/figures/supplement/ML5_deployed_physical_diagnostics_test2b.json	CANONICAL_MANUSCRIPT_ASSET	aa2212e784589f6e7693fba9e9b3d56b72344ad4a6084adafff5ccdf9593ba2d	aa2212e784589f6e7693fba9e9b3d56b72344ad4a6084adafff5ccdf9593ba2d
/Users/arjunsharma/Documents/SandiaProjects/4-LDRDAMDIS/DIMSWE-feature-study-20260828/ml_results_postprocess_20260829/figures/supplement/ML5_deployed_physical_diagnostics_test2b.pdf	postprocessing/ml_results_20260829/figures/supplement/ML5_deployed_physical_diagnostics_test2b.pdf	CANONICAL_MANUSCRIPT_ASSET	d02339fe5ef37fa58791ee140cc634098812684cb6e3623190c51252bd1c3633	d02339fe5ef37fa58791ee140cc634098812684cb6e3623190c51252bd1c3633
/Users/arjunsharma/Documents/SandiaProjects/4-LDRDAMDIS/DIMSWE-feature-study-20260828/ml_results_postprocess_20260829/figures/supplement/ML5_deployed_physical_diagnostics_test2b.png	postprocessing/ml_results_20260829/figures/supplement/ML5_deployed_physical_diagnostics_test2b.png	CANONICAL_MANUSCRIPT_ASSET	f6ed5ff8a7c7c0fcb22292da92ff5b98cc52c60f15c25964d00f7f2b8024e2ed	f6ed5ff8a7c7c0fcb22292da92ff5b98cc52c60f15c25964d00f7f2b8024e2ed
/Users/arjunsharma/Documents/SandiaProjects/4-LDRDAMDIS/DIMSWE-feature-study-20260828/ml_results_postprocess_20260829/figures/supplement/ML5_representation_c_source_structure.csv	postprocessing/ml_results_20260829/figures/supplement/ML5_representation_c_source_structure.csv	CANONICAL_MANUSCRIPT_ASSET	0c0b604ee998aeb28075a330c819b802c8e64d1139ff09501aa087409fb72326	0c0b604ee998aeb28075a330c819b802c8e64d1139ff09501aa087409fb72326
/Users/arjunsharma/Documents/SandiaProjects/4-LDRDAMDIS/DIMSWE-feature-study-20260828/ml_results_postprocess_20260829/figures/supplement/ML5_representation_c_source_structure.json	postprocessing/ml_results_20260829/figures/supplement/ML5_representation_c_source_structure.json	CANONICAL_MANUSCRIPT_ASSET	971ab3e69de99b49514839d358cbee634b9aaced6bf9ae7c17c72b0cb4236c56	971ab3e69de99b49514839d358cbee634b9aaced6bf9ae7c17c72b0cb4236c56
/Users/arjunsharma/Documents/SandiaProjects/4-LDRDAMDIS/DIMSWE-feature-study-20260828/ml_results_postprocess_20260829/figures/supplement/ML5_representation_c_source_structure.pdf	postprocessing/ml_results_20260829/figures/supplement/ML5_representation_c_source_structure.pdf	CANONICAL_MANUSCRIPT_ASSET	518ae68a01e2a4d283fc7cff535f98afbdbae54c9f20c3f9bd83229f6c44d6b3	518ae68a01e2a4d283fc7cff535f98afbdbae54c9f20c3f9bd83229f6c44d6b3
/Users/arjunsharma/Documents/SandiaProjects/4-LDRDAMDIS/DIMSWE-feature-study-20260828/ml_results_postprocess_20260829/figures/supplement/ML5_representation_c_source_structure.png	postprocessing/ml_results_20260829/figures/supplement/ML5_representation_c_source_structure.png	CANONICAL_MANUSCRIPT_ASSET	9e4c1d54cf5ba20f62c299d98640fc125c0b7f7347321ed19c9d2d00817b6d16	9e4c1d54cf5ba20f62c299d98640fc125c0b7f7347321ed19c9d2d00817b6d16
/Users/arjunsharma/Documents/SandiaProjects/4-LDRDAMDIS/DIMSWE-feature-study-20260828/ml_results_postprocess_20260829/figures/supplement/ML6_global_trajectories_representation_A.csv	postprocessing/ml_results_20260829/figures/supplement/ML6_global_trajectories_representation_A.csv	CANONICAL_MANUSCRIPT_ASSET	520077f0dadf7f514bb3aa400cfe31483356a4f17fe2b7a5763577749300833f	520077f0dadf7f514bb3aa400cfe31483356a4f17fe2b7a5763577749300833f
/Users/arjunsharma/Documents/SandiaProjects/4-LDRDAMDIS/DIMSWE-feature-study-20260828/ml_results_postprocess_20260829/figures/supplement/ML6_global_trajectories_representation_A.json	postprocessing/ml_results_20260829/figures/supplement/ML6_global_trajectories_representation_A.json	CANONICAL_MANUSCRIPT_ASSET	4bb0c4ef29af8d7f00e7704784a45b95ff5f1319bd3166a8ce6a803f6af940e5	4bb0c4ef29af8d7f00e7704784a45b95ff5f1319bd3166a8ce6a803f6af940e5
/Users/arjunsharma/Documents/SandiaProjects/4-LDRDAMDIS/DIMSWE-feature-study-20260828/ml_results_postprocess_20260829/figures/supplement/ML6_global_trajectories_representation_A.pdf	postprocessing/ml_results_20260829/figures/supplement/ML6_global_trajectories_representation_A.pdf	CANONICAL_MANUSCRIPT_ASSET	861f6f29f9d60846c4a5a9acbf253c088d4e66dda37f309ab95e650cbd165609	861f6f29f9d60846c4a5a9acbf253c088d4e66dda37f309ab95e650cbd165609
/Users/arjunsharma/Documents/SandiaProjects/4-LDRDAMDIS/DIMSWE-feature-study-20260828/ml_results_postprocess_20260829/figures/supplement/ML6_global_trajectories_representation_A.png	postprocessing/ml_results_20260829/figures/supplement/ML6_global_trajectories_representation_A.png	CANONICAL_MANUSCRIPT_ASSET	304697bdfc2a3ad61aa8322f2e0dd7e658c3a4a40adb19c8a26ed3bb0c20d355	304697bdfc2a3ad61aa8322f2e0dd7e658c3a4a40adb19c8a26ed3bb0c20d355
/Users/arjunsharma/Documents/SandiaProjects/4-LDRDAMDIS/DIMSWE-feature-study-20260828/ml_results_postprocess_20260829/figures/supplement/ML6_global_trajectories_representation_A_all_models.csv	postprocessing/ml_results_20260829/figures/supplement/ML6_global_trajectories_representation_A_all_models.csv	CANONICAL_MANUSCRIPT_ASSET	2900f520ee675cc6c5f901b6e128ef111e0c3077673e79cf118c6fa8d5bf35b4	2900f520ee675cc6c5f901b6e128ef111e0c3077673e79cf118c6fa8d5bf35b4
/Users/arjunsharma/Documents/SandiaProjects/4-LDRDAMDIS/DIMSWE-feature-study-20260828/ml_results_postprocess_20260829/figures/supplement/ML6_global_trajectories_representation_A_all_models.json	postprocessing/ml_results_20260829/figures/supplement/ML6_global_trajectories_representation_A_all_models.json	CANONICAL_MANUSCRIPT_ASSET	ec797815661f2e939facacf1681f67e8c385f34cf763265d3e3101fa63e1d6dc	ec797815661f2e939facacf1681f67e8c385f34cf763265d3e3101fa63e1d6dc
/Users/arjunsharma/Documents/SandiaProjects/4-LDRDAMDIS/DIMSWE-feature-study-20260828/ml_results_postprocess_20260829/figures/supplement/ML6_global_trajectories_representation_A_all_models.pdf	postprocessing/ml_results_20260829/figures/supplement/ML6_global_trajectories_representation_A_all_models.pdf	CANONICAL_MANUSCRIPT_ASSET	8516c656345ebfdbea7d9879e9ac0a51765833ef50682c4d68dd1a5e8a506cdc	8516c656345ebfdbea7d9879e9ac0a51765833ef50682c4d68dd1a5e8a506cdc
/Users/arjunsharma/Documents/SandiaProjects/4-LDRDAMDIS/DIMSWE-feature-study-20260828/ml_results_postprocess_20260829/figures/supplement/ML6_global_trajectories_representation_A_all_models.png	postprocessing/ml_results_20260829/figures/supplement/ML6_global_trajectories_representation_A_all_models.png	CANONICAL_MANUSCRIPT_ASSET	ee014fec9d19c75e5391f01aa1dff78a2009a3a4ea5be0021125a2f335c74d45	ee014fec9d19c75e5391f01aa1dff78a2009a3a4ea5be0021125a2f335c74d45
/Users/arjunsharma/Documents/SandiaProjects/4-LDRDAMDIS/DIMSWE-feature-study-20260828/ml_results_postprocess_20260829/figures/supplement/ML6_global_trajectories_representation_B.csv	postprocessing/ml_results_20260829/figures/supplement/ML6_global_trajectories_representation_B.csv	CANONICAL_MANUSCRIPT_ASSET	5c5b1834fd5e4745c8bbaee35384a5a55675a4d4899eb79f62f6748a13f1125f	5c5b1834fd5e4745c8bbaee35384a5a55675a4d4899eb79f62f6748a13f1125f
/Users/arjunsharma/Documents/SandiaProjects/4-LDRDAMDIS/DIMSWE-feature-study-20260828/ml_results_postprocess_20260829/figures/supplement/ML6_global_trajectories_representation_B.json	postprocessing/ml_results_20260829/figures/supplement/ML6_global_trajectories_representation_B.json	CANONICAL_MANUSCRIPT_ASSET	8cf38c9defee22463df3dfd1eaf560069bad60547bbc06bbf6dc5c48cc5cdbd2	8cf38c9defee22463df3dfd1eaf560069bad60547bbc06bbf6dc5c48cc5cdbd2
/Users/arjunsharma/Documents/SandiaProjects/4-LDRDAMDIS/DIMSWE-feature-study-20260828/ml_results_postprocess_20260829/figures/supplement/ML6_global_trajectories_representation_B.pdf	postprocessing/ml_results_20260829/figures/supplement/ML6_global_trajectories_representation_B.pdf	CANONICAL_MANUSCRIPT_ASSET	d1269ef6133a6328b44ad96b030245c0261d3f0765aa40056f43d25d1015fe39	d1269ef6133a6328b44ad96b030245c0261d3f0765aa40056f43d25d1015fe39
/Users/arjunsharma/Documents/SandiaProjects/4-LDRDAMDIS/DIMSWE-feature-study-20260828/ml_results_postprocess_20260829/figures/supplement/ML6_global_trajectories_representation_B.png	postprocessing/ml_results_20260829/figures/supplement/ML6_global_trajectories_representation_B.png	CANONICAL_MANUSCRIPT_ASSET	2df11c14985a09f11a7f5f1c246ba209caf054b2b62f88d250e7013b980af61f	2df11c14985a09f11a7f5f1c246ba209caf054b2b62f88d250e7013b980af61f
/Users/arjunsharma/Documents/SandiaProjects/4-LDRDAMDIS/DIMSWE-feature-study-20260828/ml_results_postprocess_20260829/figures/supplement/ML6_global_trajectories_representation_B_all_models.csv	postprocessing/ml_results_20260829/figures/supplement/ML6_global_trajectories_representation_B_all_models.csv	CANONICAL_MANUSCRIPT_ASSET	a5bc3db61a69614480ac5eaf85b895f043cf67510053ab372d3697b6ef16f5c0	a5bc3db61a69614480ac5eaf85b895f043cf67510053ab372d3697b6ef16f5c0
/Users/arjunsharma/Documents/SandiaProjects/4-LDRDAMDIS/DIMSWE-feature-study-20260828/ml_results_postprocess_20260829/figures/supplement/ML6_global_trajectories_representation_B_all_models.json	postprocessing/ml_results_20260829/figures/supplement/ML6_global_trajectories_representation_B_all_models.json	CANONICAL_MANUSCRIPT_ASSET	fb05474e56d1f6fb1b54488b4fc8eefd449001874462201b7e02930a3192eb2e	fb05474e56d1f6fb1b54488b4fc8eefd449001874462201b7e02930a3192eb2e
/Users/arjunsharma/Documents/SandiaProjects/4-LDRDAMDIS/DIMSWE-feature-study-20260828/ml_results_postprocess_20260829/figures/supplement/ML6_global_trajectories_representation_B_all_models.pdf	postprocessing/ml_results_20260829/figures/supplement/ML6_global_trajectories_representation_B_all_models.pdf	CANONICAL_MANUSCRIPT_ASSET	93626b3195c4ccc2f61d9070c7ea34f6fd00061ad9ba1e7e60ca129c7ba78729	93626b3195c4ccc2f61d9070c7ea34f6fd00061ad9ba1e7e60ca129c7ba78729
/Users/arjunsharma/Documents/SandiaProjects/4-LDRDAMDIS/DIMSWE-feature-study-20260828/ml_results_postprocess_20260829/figures/supplement/ML6_global_trajectories_representation_B_all_models.png	postprocessing/ml_results_20260829/figures/supplement/ML6_global_trajectories_representation_B_all_models.png	CANONICAL_MANUSCRIPT_ASSET	2a9bb2699d09a383db37d3d125bd1a37d56f2ee1f68762997f4b35073ca00268	2a9bb2699d09a383db37d3d125bd1a37d56f2ee1f68762997f4b35073ca00268
/Users/arjunsharma/Documents/SandiaProjects/4-LDRDAMDIS/DIMSWE-feature-study-20260828/ml_results_postprocess_20260829/figures/supplement/ML6_global_trajectories_representation_C.csv	postprocessing/ml_results_20260829/figures/supplement/ML6_global_trajectories_representation_C.csv	CANONICAL_MANUSCRIPT_ASSET	cf6ae20cb48fbd4eaaf69116d1fc697e33482aa098ece449b766c3478dfb2c52	cf6ae20cb48fbd4eaaf69116d1fc697e33482aa098ece449b766c3478dfb2c52
/Users/arjunsharma/Documents/SandiaProjects/4-LDRDAMDIS/DIMSWE-feature-study-20260828/ml_results_postprocess_20260829/figures/supplement/ML6_global_trajectories_representation_C.json	postprocessing/ml_results_20260829/figures/supplement/ML6_global_trajectories_representation_C.json	CANONICAL_MANUSCRIPT_ASSET	88fc8110b12d9c29a40264e1a529d6596172d0cba1dfd86ff77b4f59c407c4db	88fc8110b12d9c29a40264e1a529d6596172d0cba1dfd86ff77b4f59c407c4db
/Users/arjunsharma/Documents/SandiaProjects/4-LDRDAMDIS/DIMSWE-feature-study-20260828/ml_results_postprocess_20260829/figures/supplement/ML6_global_trajectories_representation_C.pdf	postprocessing/ml_results_20260829/figures/supplement/ML6_global_trajectories_representation_C.pdf	CANONICAL_MANUSCRIPT_ASSET	4149ad961467a7c3f29cab2451a68df7e9edc9e7e2e46d95c06d155d76eb9f2e	4149ad961467a7c3f29cab2451a68df7e9edc9e7e2e46d95c06d155d76eb9f2e
/Users/arjunsharma/Documents/SandiaProjects/4-LDRDAMDIS/DIMSWE-feature-study-20260828/ml_results_postprocess_20260829/figures/supplement/ML6_global_trajectories_representation_C.png	postprocessing/ml_results_20260829/figures/supplement/ML6_global_trajectories_representation_C.png	CANONICAL_MANUSCRIPT_ASSET	01fae1631cd886c80f59ed970f925795808f78dc767ed654b3e2af87365311ba	01fae1631cd886c80f59ed970f925795808f78dc767ed654b3e2af87365311ba
/Users/arjunsharma/Documents/SandiaProjects/4-LDRDAMDIS/DIMSWE-feature-study-20260828/ml_results_postprocess_20260829/figures/supplement/ML6_global_trajectories_representation_C_all_models.csv	postprocessing/ml_results_20260829/figures/supplement/ML6_global_trajectories_representation_C_all_models.csv	CANONICAL_MANUSCRIPT_ASSET	89abe564c62a78f9707b230d86305c82817dc76568d7c9bc2372119c9996ad8f	89abe564c62a78f9707b230d86305c82817dc76568d7c9bc2372119c9996ad8f
/Users/arjunsharma/Documents/SandiaProjects/4-LDRDAMDIS/DIMSWE-feature-study-20260828/ml_results_postprocess_20260829/figures/supplement/ML6_global_trajectories_representation_C_all_models.json	postprocessing/ml_results_20260829/figures/supplement/ML6_global_trajectories_representation_C_all_models.json	CANONICAL_MANUSCRIPT_ASSET	5b8fac6ad24b7027c06858ad738fa447bc601a958cf9c277d30a4eef8a11aad3	5b8fac6ad24b7027c06858ad738fa447bc601a958cf9c277d30a4eef8a11aad3
/Users/arjunsharma/Documents/SandiaProjects/4-LDRDAMDIS/DIMSWE-feature-study-20260828/ml_results_postprocess_20260829/figures/supplement/ML6_global_trajectories_representation_C_all_models.pdf	postprocessing/ml_results_20260829/figures/supplement/ML6_global_trajectories_representation_C_all_models.pdf	CANONICAL_MANUSCRIPT_ASSET	348a413de4b4a8d4bc2fea5b356995b491b135c4c29b0bdf86d72a77ede94184	348a413de4b4a8d4bc2fea5b356995b491b135c4c29b0bdf86d72a77ede94184
/Users/arjunsharma/Documents/SandiaProjects/4-LDRDAMDIS/DIMSWE-feature-study-20260828/ml_results_postprocess_20260829/figures/supplement/ML6_global_trajectories_representation_C_all_models.png	postprocessing/ml_results_20260829/figures/supplement/ML6_global_trajectories_representation_C_all_models.png	CANONICAL_MANUSCRIPT_ASSET	935da4d549996ad1f168ae11cd680759ea5fbbe937f108731599a9c233f9be8f	935da4d549996ad1f168ae11cd680759ea5fbbe937f108731599a9c233f9be8f
/Users/arjunsharma/Documents/SandiaProjects/4-LDRDAMDIS/DIMSWE-feature-study-20260828/ml_results_postprocess_20260829/figures/supplement/ML_test2a_training_interval_deployment.csv	postprocessing/ml_results_20260829/figures/supplement/ML_test2a_training_interval_deployment.csv	CANONICAL_MANUSCRIPT_ASSET	e70e9b2144d4c765f654edb091cd6214f02a9e3cf4ebd55c3e7d93196c1475a3	e70e9b2144d4c765f654edb091cd6214f02a9e3cf4ebd55c3e7d93196c1475a3
/Users/arjunsharma/Documents/SandiaProjects/4-LDRDAMDIS/DIMSWE-feature-study-20260828/ml_results_postprocess_20260829/figures/supplement/ML_test2a_training_interval_deployment.json	postprocessing/ml_results_20260829/figures/supplement/ML_test2a_training_interval_deployment.json	CANONICAL_MANUSCRIPT_ASSET	7bfb897f9d468d360805119a82fe87266828c77816ed8a7dd0e0fd27b81d35e3	7bfb897f9d468d360805119a82fe87266828c77816ed8a7dd0e0fd27b81d35e3
/Users/arjunsharma/Documents/SandiaProjects/4-LDRDAMDIS/DIMSWE-feature-study-20260828/ml_results_postprocess_20260829/figures/supplement/ML_test2a_training_interval_deployment.pdf	postprocessing/ml_results_20260829/figures/supplement/ML_test2a_training_interval_deployment.pdf	CANONICAL_MANUSCRIPT_ASSET	1f6c5e0620030aa577926a6ddb21a9ca489ff681cebabfc8c65e3ed61d8b5339	1f6c5e0620030aa577926a6ddb21a9ca489ff681cebabfc8c65e3ed61d8b5339
/Users/arjunsharma/Documents/SandiaProjects/4-LDRDAMDIS/DIMSWE-feature-study-20260828/ml_results_postprocess_20260829/figures/supplement/ML_test2a_training_interval_deployment.png	postprocessing/ml_results_20260829/figures/supplement/ML_test2a_training_interval_deployment.png	CANONICAL_MANUSCRIPT_ASSET	6c18f43c53280e4a2de4ba5209331518a3169caea8424a396760dff21dafb41b	6c18f43c53280e4a2de4ba5209331518a3169caea8424a396760dff21dafb41b
/Users/arjunsharma/Documents/SandiaProjects/4-LDRDAMDIS/DIMSWE-feature-study-20260828/ml_results_postprocess_20260829/scripts/assemble_results_package.py	postprocessing/ml_results_20260829/scripts/assemble_results_package.py	CANONICAL_POSTPROCESSOR	bf4a6f99a102d22e0c563d0b7b6497f2c5cdba42ac166984d7014ace21b30a79	13a61b87b44d55c1bd62c4ae5e882d367f31ba07fd38786806d93de210b29d48
/Users/arjunsharma/Documents/SandiaProjects/4-LDRDAMDIS/DIMSWE-feature-study-20260828/ml_results_postprocess_20260829/scripts/build_caption_inventory.py	postprocessing/ml_results_20260829/scripts/build_caption_inventory.py	CANONICAL_POSTPROCESSOR	45914d38d3e861b794d1618770c4122addd0297a9905a12cedb197e0e9754717	45914d38d3e861b794d1618770c4122addd0297a9905a12cedb197e0e9754717
/Users/arjunsharma/Documents/SandiaProjects/4-LDRDAMDIS/DIMSWE-feature-study-20260828/ml_results_postprocess_20260829/scripts/complete_final_callsite_y_metrics.py	postprocessing/ml_results_20260829/scripts/complete_final_callsite_y_metrics.py	CANONICAL_POSTPROCESSOR	069ffe55f9758d7e529ae76ac7ecb9bda3a1ad586a802cd5802d938af4c30541	46299e7170a259cde587a523215e8ebe021cddffdbaea677326af4d2aaf66946
/Users/arjunsharma/Documents/SandiaProjects/4-LDRDAMDIS/DIMSWE-feature-study-20260828/ml_results_postprocess_20260829/scripts/extract_heldout_x_test2b.py	postprocessing/ml_results_20260829/scripts/extract_heldout_x_test2b.py	CANONICAL_POSTPROCESSOR	b2e76b04208e4bdde4dc04fe52a6d6cc7883c8818713e584f7da7bf86b345820	3e113c40f0f379b7f497ec93f78543365cef28d5561d1d43d3c736482ff07ade
/Users/arjunsharma/Documents/SandiaProjects/4-LDRDAMDIS/DIMSWE-feature-study-20260828/ml_results_postprocess_20260829/scripts/finalize_table_sidecars.py	postprocessing/ml_results_20260829/scripts/finalize_table_sidecars.py	CANONICAL_POSTPROCESSOR	35ad52794f54faabff66ae5ca36ddd19e9c1a807bf55807739d5d6af92b942d5	35ad52794f54faabff66ae5ca36ddd19e9c1a807bf55807739d5d6af92b942d5
/Users/arjunsharma/Documents/SandiaProjects/4-LDRDAMDIS/DIMSWE-feature-study-20260828/ml_results_postprocess_20260829/scripts/generate_figures.py	postprocessing/ml_results_20260829/scripts/generate_figures.py	CANONICAL_POSTPROCESSOR	208531990e3839ac3aaa207056a07884b1b09e874e2a2d110efd10282622a5e1	c1757231d23664e225f594046272a968ea569b6b4324c916bf3e6f097713f36e
/Users/arjunsharma/Documents/SandiaProjects/4-LDRDAMDIS/DIMSWE-feature-study-20260828/ml_results_postprocess_20260829/scripts/generate_final_main_paper_assets.py	postprocessing/ml_results_20260829/scripts/generate_final_main_paper_assets.py	CANONICAL_POSTPROCESSOR	9a02f8a0c653a89cf52aa2c3ccda4e9cfa2b26c4ca7253602fa7d7e701f8e152	5cb02fbd2cf355897c190f82f11f6a5a93a8b07f43648cd2e43284831bf37c9f
CODEX_INTEGRATION	postprocessing/ml_results_20260829/scripts/portable_paths.py	PORTABILITY_INTEGRATION	-	73117ea60f98fc8a25240cfa9372c89726daf87219bfadff981a185b548c0925
/Users/arjunsharma/Documents/SandiaProjects/4-LDRDAMDIS/DIMSWE-feature-study-20260828/ml_results_postprocess_20260829/scripts/reconstruct_direct_histories.py	postprocessing/ml_results_20260829/scripts/reconstruct_direct_histories.py	CANONICAL_POSTPROCESSOR	9e86a15ffd924395df53fbe8a3114eeab37a08dcfeaf629aed23fd43137fef2f	700b2165b09b50c8f64e6b4d48ff4917dbdb3184dfed7b66d9c6b8cf638a5d04
/Users/arjunsharma/Documents/SandiaProjects/4-LDRDAMDIS/DIMSWE-feature-study-20260828/ml_results_postprocess_20260829/scripts/reconstruct_fixed_objectives.py	postprocessing/ml_results_20260829/scripts/reconstruct_fixed_objectives.py	CANONICAL_POSTPROCESSOR	f0e78b9bf79299d60befce3b8dc4c1707a20ab8330d70381151080f2e4796649	30a9d9f4e242887f860e5d0943aa6a86495d472bfb65159d7f5679c86003b458
/Users/arjunsharma/Documents/SandiaProjects/4-LDRDAMDIS/DIMSWE-feature-study-20260828/ml_results_postprocess_20260829/scripts/reconstruct_objective_consistent_histories.py	postprocessing/ml_results_20260829/scripts/reconstruct_objective_consistent_histories.py	CANONICAL_POSTPROCESSOR	af98685cf441c38fd27d047f274250190175d84ce9ee41df95b2bdb7003da56e	238c2acadeb10853d1ac341dbd189079144b163335983894eb71b07edd2ab6c1
/Users/arjunsharma/Documents/SandiaProjects/4-LDRDAMDIS/DIMSWE-feature-study-20260828/ml_results_postprocess_20260829/scripts/render_objective_consistent_ml2.py	postprocessing/ml_results_20260829/scripts/render_objective_consistent_ml2.py	CANONICAL_POSTPROCESSOR	e8a43bc6db56aebb1fd222426ce0d3d3ebbf11701bc68f32ed47cfa072088f13	e8a43bc6db56aebb1fd222426ce0d3d3ebbf11701bc68f32ed47cfa072088f13
/Users/arjunsharma/Documents/SandiaProjects/4-LDRDAMDIS/DIMSWE-feature-study-20260828/ml_results_postprocess_20260829/scripts/synchronize_filtered_csv_text.py	postprocessing/ml_results_20260829/scripts/synchronize_filtered_csv_text.py	CANONICAL_POSTPROCESSOR	4e1a249a125478d1b6531d2ad87b479a390cc52a7e14cf87c8ad6b44c6744940	4e1a249a125478d1b6531d2ad87b479a390cc52a7e14cf87c8ad6b44c6744940
/Users/arjunsharma/Documents/SandiaProjects/4-LDRDAMDIS/DIMSWE-feature-study-20260828/ml_results_postprocess_20260829/tables/main/table1_data_supports.csv	postprocessing/ml_results_20260829/tables/main/table1_data_supports.csv	CANONICAL_MANUSCRIPT_ASSET	0657f2c6d208c7869b4e606c0ab7fc9203fa343eb8a089a73800eb8f412f8e53	0657f2c6d208c7869b4e606c0ab7fc9203fa343eb8a089a73800eb8f412f8e53
/Users/arjunsharma/Documents/SandiaProjects/4-LDRDAMDIS/DIMSWE-feature-study-20260828/ml_results_postprocess_20260829/tables/main/table1_data_supports.md	postprocessing/ml_results_20260829/tables/main/table1_data_supports.md	CANONICAL_MANUSCRIPT_ASSET	ac360b325448073ebb449ea6db529669b89d6db51ba10f6e9f76724ff222dbd8	ac360b325448073ebb449ea6db529669b89d6db51ba10f6e9f76724ff222dbd8
/Users/arjunsharma/Documents/SandiaProjects/4-LDRDAMDIS/DIMSWE-feature-study-20260828/ml_results_postprocess_20260829/tables/main/table1_data_supports.tex	postprocessing/ml_results_20260829/tables/main/table1_data_supports.tex	CANONICAL_MANUSCRIPT_ASSET	5378adc596f33f541af183d972bb5d00fbcb59d22634c6f14502158308ef1184	5378adc596f33f541af183d972bb5d00fbcb59d22634c6f14502158308ef1184
/Users/arjunsharma/Documents/SandiaProjects/4-LDRDAMDIS/DIMSWE-feature-study-20260828/ml_results_postprocess_20260829/tables/main/table2_main_training_contracts.csv	postprocessing/ml_results_20260829/tables/main/table2_main_training_contracts.csv	CANONICAL_MANUSCRIPT_ASSET	88c9e11076a8515e5a09e2161a6ee0eb4459400fe6142025d16feb04dba3ffaa	88c9e11076a8515e5a09e2161a6ee0eb4459400fe6142025d16feb04dba3ffaa
/Users/arjunsharma/Documents/SandiaProjects/4-LDRDAMDIS/DIMSWE-feature-study-20260828/ml_results_postprocess_20260829/tables/main/table2_main_training_contracts.md	postprocessing/ml_results_20260829/tables/main/table2_main_training_contracts.md	CANONICAL_MANUSCRIPT_ASSET	a24c693697916f1182735ffb79dba20d48288c7a27022504e24b72e68dd87756	a24c693697916f1182735ffb79dba20d48288c7a27022504e24b72e68dd87756
/Users/arjunsharma/Documents/SandiaProjects/4-LDRDAMDIS/DIMSWE-feature-study-20260828/ml_results_postprocess_20260829/tables/main/table2_main_training_contracts.tex	postprocessing/ml_results_20260829/tables/main/table2_main_training_contracts.tex	CANONICAL_MANUSCRIPT_ASSET	72c74e5e6881d2b7c6f7ca8db704f1f02a640246d891bb88ab037ca36b9093ba	72c74e5e6881d2b7c6f7ca8db704f1f02a640246d891bb88ab037ca36b9093ba
/Users/arjunsharma/Documents/SandiaProjects/4-LDRDAMDIS/DIMSWE-feature-study-20260828/ml_results_postprocess_20260829/tables/main/table3_main_callsite_accuracy.csv	postprocessing/ml_results_20260829/tables/main/table3_main_callsite_accuracy.csv	CANONICAL_MANUSCRIPT_ASSET	300a6bc22212ef21dea8f8f8fd31a7f65f32f67b82e5afe8067fc999c789475a	300a6bc22212ef21dea8f8f8fd31a7f65f32f67b82e5afe8067fc999c789475a
/Users/arjunsharma/Documents/SandiaProjects/4-LDRDAMDIS/DIMSWE-feature-study-20260828/ml_results_postprocess_20260829/tables/main/table3_main_callsite_accuracy.md	postprocessing/ml_results_20260829/tables/main/table3_main_callsite_accuracy.md	CANONICAL_MANUSCRIPT_ASSET	5f0aeb37ce38e9b724ab988f2130aa8ece87ac23ad34b188dac3a11382d87d59	5f0aeb37ce38e9b724ab988f2130aa8ece87ac23ad34b188dac3a11382d87d59
/Users/arjunsharma/Documents/SandiaProjects/4-LDRDAMDIS/DIMSWE-feature-study-20260828/ml_results_postprocess_20260829/tables/main/table3_main_callsite_accuracy.tex	postprocessing/ml_results_20260829/tables/main/table3_main_callsite_accuracy.tex	CANONICAL_MANUSCRIPT_ASSET	3572e99f1a777ad4d0ad18f6403e3d0533d475c15143807290c531027f743be4	3572e99f1a777ad4d0ad18f6403e3d0533d475c15143807290c531027f743be4
/Users/arjunsharma/Documents/SandiaProjects/4-LDRDAMDIS/DIMSWE-feature-study-20260828/ml_results_postprocess_20260829/tables/main/table5_main_rain_events.csv	postprocessing/ml_results_20260829/tables/main/table5_main_rain_events.csv	CANONICAL_MANUSCRIPT_ASSET	94ae2c2ccf650429a9d9e7e3fc9c464edfa668d9b6222b3cb31977c9bf8b763a	94ae2c2ccf650429a9d9e7e3fc9c464edfa668d9b6222b3cb31977c9bf8b763a
/Users/arjunsharma/Documents/SandiaProjects/4-LDRDAMDIS/DIMSWE-feature-study-20260828/ml_results_postprocess_20260829/tables/main/table5_main_rain_events.md	postprocessing/ml_results_20260829/tables/main/table5_main_rain_events.md	CANONICAL_MANUSCRIPT_ASSET	c5bab123ad85afec7845c042610edac057944379f72d67a138ae71717caab46c	c5bab123ad85afec7845c042610edac057944379f72d67a138ae71717caab46c
/Users/arjunsharma/Documents/SandiaProjects/4-LDRDAMDIS/DIMSWE-feature-study-20260828/ml_results_postprocess_20260829/tables/main/table5_main_rain_events.tex	postprocessing/ml_results_20260829/tables/main/table5_main_rain_events.tex	CANONICAL_MANUSCRIPT_ASSET	fb5fd708f2a12b3348ead05e0e3fbb334f1a8f8cc57256440eb230f5267ad52f	fb5fd708f2a12b3348ead05e0e3fbb334f1a8f8cc57256440eb230f5267ad52f
/Users/arjunsharma/Documents/SandiaProjects/4-LDRDAMDIS/DIMSWE-feature-study-20260828/ml_results_postprocess_20260829/tables/supplement/table1_data_supports.csv	postprocessing/ml_results_20260829/tables/supplement/table1_data_supports.csv	CANONICAL_MANUSCRIPT_ASSET	0657f2c6d208c7869b4e606c0ab7fc9203fa343eb8a089a73800eb8f412f8e53	0657f2c6d208c7869b4e606c0ab7fc9203fa343eb8a089a73800eb8f412f8e53
/Users/arjunsharma/Documents/SandiaProjects/4-LDRDAMDIS/DIMSWE-feature-study-20260828/ml_results_postprocess_20260829/tables/supplement/table1_data_supports.md	postprocessing/ml_results_20260829/tables/supplement/table1_data_supports.md	CANONICAL_MANUSCRIPT_ASSET	ac360b325448073ebb449ea6db529669b89d6db51ba10f6e9f76724ff222dbd8	ac360b325448073ebb449ea6db529669b89d6db51ba10f6e9f76724ff222dbd8
/Users/arjunsharma/Documents/SandiaProjects/4-LDRDAMDIS/DIMSWE-feature-study-20260828/ml_results_postprocess_20260829/tables/supplement/table1_data_supports.tex	postprocessing/ml_results_20260829/tables/supplement/table1_data_supports.tex	CANONICAL_MANUSCRIPT_ASSET	5378adc596f33f541af183d972bb5d00fbcb59d22634c6f14502158308ef1184	5378adc596f33f541af183d972bb5d00fbcb59d22634c6f14502158308ef1184
/Users/arjunsharma/Documents/SandiaProjects/4-LDRDAMDIS/DIMSWE-feature-study-20260828/ml_results_postprocess_20260829/tables/supplement/table2_training_contracts.csv	postprocessing/ml_results_20260829/tables/supplement/table2_training_contracts.csv	CANONICAL_MANUSCRIPT_ASSET	1c84370c560caac7dc9afa3d5cee6f03887462300c4fe2db9ca7e8c4f647b883	1c84370c560caac7dc9afa3d5cee6f03887462300c4fe2db9ca7e8c4f647b883
/Users/arjunsharma/Documents/SandiaProjects/4-LDRDAMDIS/DIMSWE-feature-study-20260828/ml_results_postprocess_20260829/tables/supplement/table2_training_contracts.md	postprocessing/ml_results_20260829/tables/supplement/table2_training_contracts.md	CANONICAL_MANUSCRIPT_ASSET	1c71dd5c96b2e825f5c0d98eb8ac6ce096330e008212f40fea39c013c2982ca3	1c71dd5c96b2e825f5c0d98eb8ac6ce096330e008212f40fea39c013c2982ca3
/Users/arjunsharma/Documents/SandiaProjects/4-LDRDAMDIS/DIMSWE-feature-study-20260828/ml_results_postprocess_20260829/tables/supplement/table2_training_contracts.tex	postprocessing/ml_results_20260829/tables/supplement/table2_training_contracts.tex	CANONICAL_MANUSCRIPT_ASSET	10821d160599800d3d645896ea2b5a0e4e14aef779c3eb1d18dacec9a7095dd4	10821d160599800d3d645896ea2b5a0e4e14aef779c3eb1d18dacec9a7095dd4
/Users/arjunsharma/Documents/SandiaProjects/4-LDRDAMDIS/DIMSWE-feature-study-20260828/ml_results_postprocess_20260829/tables/supplement/table2_training_contracts_provenance.csv	postprocessing/ml_results_20260829/tables/supplement/table2_training_contracts_provenance.csv	CANONICAL_MANUSCRIPT_ASSET	83af119126a9d57f3a763b2164021e8fff9a8437089e62b63414f6eb7a5195c3	83af119126a9d57f3a763b2164021e8fff9a8437089e62b63414f6eb7a5195c3
/Users/arjunsharma/Documents/SandiaProjects/4-LDRDAMDIS/DIMSWE-feature-study-20260828/ml_results_postprocess_20260829/tables/supplement/table3_final_direct_accuracy.csv	postprocessing/ml_results_20260829/tables/supplement/table3_final_direct_accuracy.csv	CANONICAL_MANUSCRIPT_ASSET	78f390d7db171daa9e11648ec2ffdad843cea086953e592a4a989ca6f1d50736	78f390d7db171daa9e11648ec2ffdad843cea086953e592a4a989ca6f1d50736
/Users/arjunsharma/Documents/SandiaProjects/4-LDRDAMDIS/DIMSWE-feature-study-20260828/ml_results_postprocess_20260829/tables/supplement/table3_final_direct_accuracy.md	postprocessing/ml_results_20260829/tables/supplement/table3_final_direct_accuracy.md	CANONICAL_MANUSCRIPT_ASSET	ac2f8ddcdab957f2fbd1dc40f9b7c6025b3f44856123ce43879a205395485730	ac2f8ddcdab957f2fbd1dc40f9b7c6025b3f44856123ce43879a205395485730
/Users/arjunsharma/Documents/SandiaProjects/4-LDRDAMDIS/DIMSWE-feature-study-20260828/ml_results_postprocess_20260829/tables/supplement/table3_final_direct_accuracy.tex	postprocessing/ml_results_20260829/tables/supplement/table3_final_direct_accuracy.tex	CANONICAL_MANUSCRIPT_ASSET	ee0e28917f2f5eeab420f7aaf1f2579992017a28bdf200bbb66e9559200bc6c5	ee0e28917f2f5eeab420f7aaf1f2579992017a28bdf200bbb66e9559200bc6c5
/Users/arjunsharma/Documents/SandiaProjects/4-LDRDAMDIS/DIMSWE-feature-study-20260828/ml_results_postprocess_20260829/tables/supplement/table4_objective_matrix.csv	postprocessing/ml_results_20260829/tables/supplement/table4_objective_matrix.csv	CANONICAL_MANUSCRIPT_ASSET	a885526f6403c1d7282badc82cb9376cd615f3e80ae806a7546ccbdd01568348	a885526f6403c1d7282badc82cb9376cd615f3e80ae806a7546ccbdd01568348
/Users/arjunsharma/Documents/SandiaProjects/4-LDRDAMDIS/DIMSWE-feature-study-20260828/ml_results_postprocess_20260829/tables/supplement/table4_objective_matrix.md	postprocessing/ml_results_20260829/tables/supplement/table4_objective_matrix.md	CANONICAL_MANUSCRIPT_ASSET	f0c8a97a766af7ec7984b9ade57e4a131208684e425fa2a1d851e43b611e8539	f0c8a97a766af7ec7984b9ade57e4a131208684e425fa2a1d851e43b611e8539
/Users/arjunsharma/Documents/SandiaProjects/4-LDRDAMDIS/DIMSWE-feature-study-20260828/ml_results_postprocess_20260829/tables/supplement/table4_objective_matrix.tex	postprocessing/ml_results_20260829/tables/supplement/table4_objective_matrix.tex	CANONICAL_MANUSCRIPT_ASSET	9f89857c7d1cfb176237fd3dc1062b0c7fe2c70ea1d14d1c123f76d4120d76e0	9f89857c7d1cfb176237fd3dc1062b0c7fe2c70ea1d14d1c123f76d4120d76e0
/Users/arjunsharma/Documents/SandiaProjects/4-LDRDAMDIS/DIMSWE-feature-study-20260828/ml_results_postprocess_20260829/tables/supplement/table5_rain_events.csv	postprocessing/ml_results_20260829/tables/supplement/table5_rain_events.csv	CANONICAL_MANUSCRIPT_ASSET	b54346f4be72303849137b223c36097c3ead35359abde6f979a2e897444dab6a	b54346f4be72303849137b223c36097c3ead35359abde6f979a2e897444dab6a
/Users/arjunsharma/Documents/SandiaProjects/4-LDRDAMDIS/DIMSWE-feature-study-20260828/ml_results_postprocess_20260829/tables/supplement/table5_rain_events.md	postprocessing/ml_results_20260829/tables/supplement/table5_rain_events.md	CANONICAL_MANUSCRIPT_ASSET	4f3706861ee0f6aef29a95e08d3096d815ebd1467200f390424f94c86539b629	4f3706861ee0f6aef29a95e08d3096d815ebd1467200f390424f94c86539b629
/Users/arjunsharma/Documents/SandiaProjects/4-LDRDAMDIS/DIMSWE-feature-study-20260828/ml_results_postprocess_20260829/tables/supplement/table5_rain_events.tex	postprocessing/ml_results_20260829/tables/supplement/table5_rain_events.tex	CANONICAL_MANUSCRIPT_ASSET	fb10455968fc38473b8eaa90a544435284b16c5231b42703a4c695b215876b9b	fb10455968fc38473b8eaa90a544435284b16c5231b42703a4c695b215876b9b
/Users/arjunsharma/Documents/SandiaProjects/4-LDRDAMDIS/DIMSWE-feature-study-20260828/ml_results_postprocess_20260829/tables/supplement/tableS3_test2a_training_support_accuracy.csv	postprocessing/ml_results_20260829/tables/supplement/tableS3_test2a_training_support_accuracy.csv	CANONICAL_MANUSCRIPT_ASSET	8ff00890f55bb251a57276dc92cb9049938e2be8b4f76955be95a01db07e2259	8ff00890f55bb251a57276dc92cb9049938e2be8b4f76955be95a01db07e2259
/Users/arjunsharma/Documents/SandiaProjects/4-LDRDAMDIS/DIMSWE-feature-study-20260828/ml_results_postprocess_20260829/tables/supplement/tableS3_test2a_training_support_accuracy.md	postprocessing/ml_results_20260829/tables/supplement/tableS3_test2a_training_support_accuracy.md	CANONICAL_MANUSCRIPT_ASSET	2cf657ddf724fefd8e7628c7843390cd519714383b18746661e40d43ba57feee	2cf657ddf724fefd8e7628c7843390cd519714383b18746661e40d43ba57feee
/Users/arjunsharma/Documents/SandiaProjects/4-LDRDAMDIS/DIMSWE-feature-study-20260828/ml_results_postprocess_20260829/tables/supplement/tableS3_test2a_training_support_accuracy.tex	postprocessing/ml_results_20260829/tables/supplement/tableS3_test2a_training_support_accuracy.tex	CANONICAL_MANUSCRIPT_ASSET	61c63fbd289cc164f8fa852e8972193641f60aaca5c60bd3122d61c56fb7b938	61c63fbd289cc164f8fa852e8972193641f60aaca5c60bd3122d61c56fb7b938
/Users/arjunsharma/Documents/SandiaProjects/4-LDRDAMDIS/DIMSWE-feature-study-20260828/ml_results_postprocess_20260829/tables/supplement/tableS_deployed_callsite_yhat_accuracy.csv	postprocessing/ml_results_20260829/tables/supplement/tableS_deployed_callsite_yhat_accuracy.csv	CANONICAL_MANUSCRIPT_ASSET	486c5fa2868cfc4191604308a63565441da7a7063a9568853b7b65adda1a1997	486c5fa2868cfc4191604308a63565441da7a7063a9568853b7b65adda1a1997
/Users/arjunsharma/Documents/SandiaProjects/4-LDRDAMDIS/DIMSWE-feature-study-20260828/ml_results_postprocess_20260829/tables/supplement/tableS_deployed_callsite_yhat_accuracy.md	postprocessing/ml_results_20260829/tables/supplement/tableS_deployed_callsite_yhat_accuracy.md	CANONICAL_MANUSCRIPT_ASSET	d1653284517b2954af0d64803b29292da6b82cbe75dbd955ca0edb28937a0628	d1653284517b2954af0d64803b29292da6b82cbe75dbd955ca0edb28937a0628
/Users/arjunsharma/Documents/SandiaProjects/4-LDRDAMDIS/DIMSWE-feature-study-20260828/ml_results_postprocess_20260829/tables/supplement/tableS_deployed_callsite_yhat_accuracy.tex	postprocessing/ml_results_20260829/tables/supplement/tableS_deployed_callsite_yhat_accuracy.tex	CANONICAL_MANUSCRIPT_ASSET	9cf4f4ddc1191faa1a3ecae2215e080ee7598996a76b5a341a0fe47b81ff31f5	9cf4f4ddc1191faa1a3ecae2215e080ee7598996a76b5a341a0fe47b81ff31f5
/Users/arjunsharma/Documents/SandiaProjects/4-LDRDAMDIS/DIMSWE-feature-study-20260828/ml_results_audit_20260829/AUDIT_PROVENANCE.json	postprocessing/ml_results_audit_20260829/AUDIT_PROVENANCE.json	CANONICAL_PROVENANCE	6dce12f595e22098081d8ac4810cc0af17a94b9255661bcca7b71c83489743f9	6dce12f595e22098081d8ac4810cc0af17a94b9255661bcca7b71c83489743f9
/Users/arjunsharma/Documents/SandiaProjects/4-LDRDAMDIS/DIMSWE-feature-study-20260828/ml_results_audit_20260829/FROZEN_MODEL_OBJECTIVE_MATRIX.csv	postprocessing/ml_results_audit_20260829/FROZEN_MODEL_OBJECTIVE_MATRIX.csv	CANONICAL_PROVENANCE	06cc07830857ce6f23af7e006bb177d7f912b6337d16d776f84449d1b6b12bb3	06cc07830857ce6f23af7e006bb177d7f912b6337d16d776f84449d1b6b12bb3
/Users/arjunsharma/Documents/SandiaProjects/4-LDRDAMDIS/DIMSWE-feature-study-20260828/ml_results_audit_20260829/M1_CROSS_STATE_DIRECT_METRICS.csv	postprocessing/ml_results_audit_20260829/M1_CROSS_STATE_DIRECT_METRICS.csv	CANONICAL_PROVENANCE	f0428e13c3d5b409d1445c369330f3a74607e404463fe00f82e6c241f771fd79	f0428e13c3d5b409d1445c369330f3a74607e404463fe00f82e6c241f771fd79
/Users/arjunsharma/Documents/SandiaProjects/4-LDRDAMDIS/DIMSWE-feature-study-20260828/ml_results_audit_20260829/ML_RESULTS_AUDIT.md	postprocessing/ml_results_audit_20260829/ML_RESULTS_AUDIT.md	CANONICAL_PROVENANCE	4f148fd0630aa9cf15b7964f4d36d04a5abd198f65629c6e120beed674e507a7	4f148fd0630aa9cf15b7964f4d36d04a5abd198f65629c6e120beed674e507a7
/Users/arjunsharma/Documents/SandiaProjects/4-LDRDAMDIS/DIMSWE-feature-study-20260828/ml_results_audit_20260829/ML_RUN_INVENTORY.csv	postprocessing/ml_results_audit_20260829/ML_RUN_INVENTORY.csv	CANONICAL_PROVENANCE	dd410ae1ddaa31c5056c5138605c2c702eb22068d0388ab6a18222cf8b75e3db	dd410ae1ddaa31c5056c5138605c2c702eb22068d0388ab6a18222cf8b75e3db
/Users/arjunsharma/Documents/SandiaProjects/4-LDRDAMDIS/DIMSWE-feature-study-20260828/ml_results_audit_20260829/TRAINING_HISTORY_AVAILABILITY.csv	postprocessing/ml_results_audit_20260829/TRAINING_HISTORY_AVAILABILITY.csv	CANONICAL_PROVENANCE	13add3949b866ab40953253c5933e6200c6420ff0d2ada8e21abe77e637ada04	13add3949b866ab40953253c5933e6200c6420ff0d2ada8e21abe77e637ada04
COLLABORATOR_BASE:24cc40a8bb4d23cde88844c401c850578fee5d09:scripts/reproduction_environment.sh	scripts/reproduction_environment.sh	PORTABILITY_INTEGRATION	fbe204c9d648145a9d2c8d8a14b5b8bc45cea94cfd3b8127bde265f87b7d3f44	655bf9e2da380f0f6f7e0ed6c601c96b7f61d0f543e6a47aa41d31e5d47127f6
/Users/arjunsharma/Documents/SandiaProjects/4-LDRDAMDIS/DIMSWE-feature-study-20260828/m1y_test2b_20260828_workspace/tests/test_test2b_m1y_campaign.py	tests/test_test2b_m1y_campaign.py	CANONICAL_TEST	1fa62c768d70d33ce3b6b738203dfe5da9615ef0d1e29cb1be9be94100b3843f	1fa62c768d70d33ce3b6b738203dfe5da9615ef0d1e29cb1be9be94100b3843f
