physical_case,run_id,representation,model_label,trained_objective,checkpoint_iteration,objective,evaluation_state,support,value,history_kind,fitted_objective,checkpoint_parameter_pytree_sha256,checkpoint_path
Test 2A,t2a-a-m1x-accepted,A,M1-X,M1-X,25000,J_M1_X,X_n*,TRAINING SUPPORT,0.005269878839867798,RECORDED SPARSE TRAINING CHECKPOINT,True,767d990adef88749291377a872212b1e6342ebd27212b1bdc5de4fee9a85791f,/Users/arjunsharma/Documents/SandiaProjects/4-LDRDAMDIS/DIMSWE-study-d0eb615/external-results/test2a/fair-longfit/operator-seed0-m20-200k/parameters_iter_025000.npz
Test 2A,t2a-a-m1x-accepted,A,M1-X,M1-X,50000,J_M1_X,X_n*,TRAINING SUPPORT,0.0029222778064473217,RECORDED SPARSE TRAINING CHECKPOINT,True,5fd4ab6fdb49ac1a81489d31d36f5c1e0952eeac4a352dd02d5347f5ce400abf,/Users/arjunsharma/Documents/SandiaProjects/4-LDRDAMDIS/DIMSWE-study-d0eb615/external-results/test2a/fair-longfit/operator-seed0-m20-200k/parameters_iter_050000.npz
Test 2A,t2a-a-m1x-accepted,A,M1-X,M1-X,75000,J_M1_X,X_n*,TRAINING SUPPORT,0.002520066835325086,RECORDED SPARSE TRAINING CHECKPOINT,True,273e2e6db668b36184d6273e8478f2628086e5de56a7750b8cfca482b73c1edf,/Users/arjunsharma/Documents/SandiaProjects/4-LDRDAMDIS/DIMSWE-study-d0eb615/external-results/test2a/fair-longfit/operator-seed0-m20-200k/parameters_iter_075000.npz
Test 2A,t2a-a-m1x-accepted,A,M1-X,M1-X,100000,J_M1_X,X_n*,TRAINING SUPPORT,0.001867497521111265,RECORDED SPARSE TRAINING CHECKPOINT,True,5e2df4946d662fef04cd5d067c10ce497273118a3bd61f233dd9c2ab305f5627,/Users/arjunsharma/Documents/SandiaProjects/4-LDRDAMDIS/DIMSWE-study-d0eb615/external-results/test2a/fair-longfit/operator-seed0-m20-200k/parameters_iter_100000.npz
Test 2A,t2a-a-m1x-accepted,A,M1-X,M1-X,150000,J_M1_X,X_n*,TRAINING SUPPORT,0.0004685075428948917,RECORDED SPARSE TRAINING CHECKPOINT,True,bc2e571d2239c69641e2783f5a5215dbe3a42082d88def453e0f1f1c403aafd5,/Users/arjunsharma/Documents/SandiaProjects/4-LDRDAMDIS/DIMSWE-study-d0eb615/external-results/test2a/fair-longfit/operator-seed0-m20-200k/parameters_iter_150000.npz
Test 2A,t2a-a-m1x-accepted,A,M1-X,M1-X,200000,J_M1_X,X_n*,TRAINING SUPPORT,0.000373006108792648,RECORDED SPARSE TRAINING CHECKPOINT,True,f86ee79be3086028f21de10b947c0089147234f494c066f8bbbb2fffb3f8bef8,/Users/arjunsharma/Documents/SandiaProjects/4-LDRDAMDIS/DIMSWE-study-d0eb615/external-results/test2a/fair-longfit/operator-seed0-m20-200k/parameters_iter_200000.npz
Test 2A,t2a-a-m2x-independent-accepted,A,M2-X-independent,M2-X,25000,J_M2_X,X_n*,TRAINING SUPPORT,0.007203253918958829,RECORDED SPARSE TRAINING CHECKPOINT,True,1e972460666679b79a7c87069e4aa1f6939384999b43ead0a3c8d8e439ed87b7,/Users/arjunsharma/Documents/SandiaProjects/4-LDRDAMDIS/DIMSWE-study-d0eb615/external-results/test2a/fair-longfit/discrete-seed0-m20-200k/parameters_iter_25000.npz
Test 2A,t2a-a-m2x-independent-accepted,A,M2-X-independent,M2-X,50000,J_M2_X,X_n*,TRAINING SUPPORT,0.004871075570112521,RECORDED SPARSE TRAINING CHECKPOINT,True,89149e88c3a45a15bc4e95d7aedaa6a9634dc5f52d6fab6dd3645943abfa1695,/Users/arjunsharma/Documents/SandiaProjects/4-LDRDAMDIS/DIMSWE-study-d0eb615/external-results/test2a/fair-longfit/discrete-seed0-m20-200k/parameters_iter_50000.npz
Test 2A,t2a-a-m2x-independent-accepted,A,M2-X-independent,M2-X,75000,J_M2_X,X_n*,TRAINING SUPPORT,0.003562832442958507,RECORDED SPARSE TRAINING CHECKPOINT,True,64c3ce9481693c1490a1cbe5ed1fdece51ca23b334d254a4a188b4d155e91041,/Users/arjunsharma/Documents/SandiaProjects/4-LDRDAMDIS/DIMSWE-study-d0eb615/external-results/test2a/fair-longfit/discrete-seed0-m20-200k/parameters_iter_75000.npz
Test 2A,t2a-a-m2x-independent-accepted,A,M2-X-independent,M2-X,100000,J_M2_X,X_n*,TRAINING SUPPORT,0.003212445850095918,RECORDED SPARSE TRAINING CHECKPOINT,True,ff8ae9e1fc169696cff28624681265ebf5a4088022124c23e7920fef39c1767d,/Users/arjunsharma/Documents/SandiaProjects/4-LDRDAMDIS/DIMSWE-study-d0eb615/external-results/test2a/fair-longfit/discrete-seed0-m20-200k/parameters_iter_100000.npz
Test 2A,t2a-a-m2x-independent-accepted,A,M2-X-independent,M2-X,150000,J_M2_X,X_n*,TRAINING SUPPORT,0.0028276300950509313,RECORDED SPARSE TRAINING CHECKPOINT,True,3f4806eb64c29dbc9048251f09f75dfa58a5b3b7a70f428664e56d0c886c5171,/Users/arjunsharma/Documents/SandiaProjects/4-LDRDAMDIS/DIMSWE-study-d0eb615/external-results/test2a/fair-longfit/discrete-seed0-m20-200k/parameters_iter_150000.npz
Test 2A,t2a-a-m2x-independent-accepted,A,M2-X-independent,M2-X,200000,J_M2_X,X_n*,TRAINING SUPPORT,0.001721966994676836,RECORDED SPARSE TRAINING CHECKPOINT,True,94bb112961bc2f2e05cbca459bc50d64513110a077e2b15cded39fe8427de6f8,/Users/arjunsharma/Documents/SandiaProjects/4-LDRDAMDIS/DIMSWE-study-d0eb615/external-results/test2a/fair-longfit/discrete-seed0-m20-200k/parameters_iter_200000.npz
Test 2A,t2a-a-m2x-warm,A,warm M2-X,M2-X,0,J_M2_X,X_n*,TRAINING SUPPORT,0.0008346864309047664,RECORDED SPARSE TRAINING CHECKPOINT,True,f86ee79be3086028f21de10b947c0089147234f494c066f8bbbb2fffb3f8bef8,/Users/arjunsharma/Documents/SandiaProjects/4-LDRDAMDIS/DIMSWE-study-d0eb615/external-results/test2a/m1-to-m2-finetune/operator-200k-to-discrete-m20-50k/parameters_iter_00000.npz
Test 2A,t2a-a-m2x-warm,A,warm M2-X,M2-X,1000,J_M2_X,X_n*,TRAINING SUPPORT,0.0007054524594430079,RECORDED SPARSE TRAINING CHECKPOINT,True,50c697613d7a76661f28fa6135b674f78394b5041b9ab21929f0d30b2b74faac,/Users/arjunsharma/Documents/SandiaProjects/4-LDRDAMDIS/DIMSWE-study-d0eb615/external-results/test2a/m1-to-m2-finetune/operator-200k-to-discrete-m20-50k/parameters_iter_01000.npz
Test 2A,t2a-a-m2x-warm,A,warm M2-X,M2-X,5000,J_M2_X,X_n*,TRAINING SUPPORT,0.0006598789761518525,RECORDED SPARSE TRAINING CHECKPOINT,True,16b626bb87594910582b5e39bec1a66023986f01e3298efabc270c0b4f8597f6,/Users/arjunsharma/Documents/SandiaProjects/4-LDRDAMDIS/DIMSWE-study-d0eb615/external-results/test2a/m1-to-m2-finetune/operator-200k-to-discrete-m20-50k/parameters_iter_05000.npz
Test 2A,t2a-a-m2x-warm,A,warm M2-X,M2-X,10000,J_M2_X,X_n*,TRAINING SUPPORT,0.000624144201593845,RECORDED SPARSE TRAINING CHECKPOINT,True,6997299353f07fb56c3de072f16feeb33f17b0f21553c8c39bbf3d9919668faf,/Users/arjunsharma/Documents/SandiaProjects/4-LDRDAMDIS/DIMSWE-study-d0eb615/external-results/test2a/m1-to-m2-finetune/operator-200k-to-discrete-m20-50k/parameters_iter_10000.npz
Test 2A,t2a-a-m2x-warm,A,warm M2-X,M2-X,25000,J_M2_X,X_n*,TRAINING SUPPORT,0.0005739133389387014,RECORDED SPARSE TRAINING CHECKPOINT,True,671f8c30e99792023cb111227a29c48e4dbabac2228c8853ed3d441a57a3b691,/Users/arjunsharma/Documents/SandiaProjects/4-LDRDAMDIS/DIMSWE-study-d0eb615/external-results/test2a/m1-to-m2-finetune/operator-200k-to-discrete-m20-50k/parameters_iter_25000.npz
Test 2A,t2a-a-m2x-warm,A,warm M2-X,M2-X,50000,J_M2_X,X_n*,TRAINING SUPPORT,0.0005167359629570338,RECORDED SPARSE TRAINING CHECKPOINT,True,e68110b18ea29748830b70683da321bb8e670aa69ddc94598692d72a6f278fc3,/Users/arjunsharma/Documents/SandiaProjects/4-LDRDAMDIS/DIMSWE-study-d0eb615/external-results/test2a/m1-to-m2-finetune/operator-200k-to-discrete-m20-50k/parameters_iter_50000.npz
Test 2A,t2a-a-h1,A,H1,H1,0,J_H1,Y_n*=P(X_n*),TRAINING TRUTH WINDOWS,0.0007048714201228114,RECORDED SPARSE TRAINING CHECKPOINT,True,f86ee79be3086028f21de10b947c0089147234f494c066f8bbbb2fffb3f8bef8,/Users/arjunsharma/Documents/SandiaProjects/4-LDRDAMDIS/DIMSWE-study-d0eb615/external-results/test2a/horizon-curriculum-h1-h2-h5/h1-from-m1-200k/parameters_iter_000000.npz
Test 2A,t2a-a-h1,A,H1,H1,100,J_H1,Y_n*=P(X_n*),TRAINING TRUTH WINDOWS,0.0006503914327859965,RECORDED SPARSE TRAINING CHECKPOINT,True,3c1bde9f429e36958d08f5176512d67ca00eb0393a6b9721174f9bef62ad6dc0,/Users/arjunsharma/Documents/SandiaProjects/4-LDRDAMDIS/DIMSWE-study-d0eb615/external-results/test2a/horizon-curriculum-h1-h2-h5/h1-from-m1-200k/parameters_iter_000100.npz
Test 2A,t2a-a-h1,A,H1,H1,500,J_H1,Y_n*=P(X_n*),TRAINING TRUTH WINDOWS,0.0006237575281197033,RECORDED SPARSE TRAINING CHECKPOINT,True,c341376c2e2ca0e352401d61c8c78267179bcd7c9368160741e3b6ef5131dfae,/Users/arjunsharma/Documents/SandiaProjects/4-LDRDAMDIS/DIMSWE-study-d0eb615/external-results/test2a/horizon-curriculum-h1-h2-h5/h1-from-m1-200k/parameters_iter_000500.npz
Test 2A,t2a-a-h1,A,H1,H1,1000,J_H1,Y_n*=P(X_n*),TRAINING TRUTH WINDOWS,0.0006080805087006753,RECORDED SPARSE TRAINING CHECKPOINT,True,7a5867b039a7bbf1859842bdd62f8639bbaa27bfb7be04b732f43034f91212a2,/Users/arjunsharma/Documents/SandiaProjects/4-LDRDAMDIS/DIMSWE-study-d0eb615/external-results/test2a/horizon-curriculum-h1-h2-h5/h1-from-m1-200k/parameters_iter_001000.npz
Test 2A,t2a-a-h1,A,H1,H1,5000,J_H1,Y_n*=P(X_n*),TRAINING TRUTH WINDOWS,0.0005629869643332714,RECORDED SPARSE TRAINING CHECKPOINT,True,f567e46adadfd96e014905399ab76eb0dac9d5434bc5409eb8ae008d05cc9178,/Users/arjunsharma/Documents/SandiaProjects/4-LDRDAMDIS/DIMSWE-study-d0eb615/external-results/test2a/horizon-curriculum-h1-h2-h5/h1-from-m1-200k/parameters_iter_005000.npz
Test 2A,t2a-a-h1,A,H1,H1,10000,J_H1,Y_n*=P(X_n*),TRAINING TRUTH WINDOWS,0.0005354515101302186,RECORDED SPARSE TRAINING CHECKPOINT,True,857884bc8483a6c659ad363083d24332ae1005e31414513651dc77a438967b1e,/Users/arjunsharma/Documents/SandiaProjects/4-LDRDAMDIS/DIMSWE-study-d0eb615/external-results/test2a/horizon-curriculum-h1-h2-h5/h1-from-m1-200k/parameters_iter_010000.npz
Test 2A,t2a-a-h1,A,H1,H1,25000,J_H1,Y_n*=P(X_n*),TRAINING TRUTH WINDOWS,0.0004976394467086952,RECORDED SPARSE TRAINING CHECKPOINT,True,60d673a9c55e07720c96c692eb3bef1326e556619e075ee838d3561745bd5005,/Users/arjunsharma/Documents/SandiaProjects/4-LDRDAMDIS/DIMSWE-study-d0eb615/external-results/test2a/horizon-curriculum-h1-h2-h5/h1-from-m1-200k/parameters_iter_025000.npz
Test 2A,t2a-a-h1,A,H1,H1,50000,J_H1,Y_n*=P(X_n*),TRAINING TRUTH WINDOWS,0.00045108062971305733,RECORDED SPARSE TRAINING CHECKPOINT,True,ebc49083bda299d91e614adeaeefdda0400ca1e8cfccc95a3b4ba953044f963c,/Users/arjunsharma/Documents/SandiaProjects/4-LDRDAMDIS/DIMSWE-study-d0eb615/external-results/test2a/horizon-curriculum-h1-h2-h5/h1-from-m1-200k/final_parameters.npz
Test 2A,t2a-a-h2,A,H2,H2,0,J_H2,recursive model state,TRAINING TRUTH WINDOWS,0.0007339234635750395,RECORDED SPARSE TRAINING CHECKPOINT,True,ebc49083bda299d91e614adeaeefdda0400ca1e8cfccc95a3b4ba953044f963c,/Users/arjunsharma/Documents/SandiaProjects/4-LDRDAMDIS/DIMSWE-study-d0eb615/external-results/test2a/horizon-curriculum-h1-h2-h5/h2-from-h1/parameters_iter_000000.npz
Test 2A,t2a-a-h2,A,H2,H2,5,J_H2,recursive model state,TRAINING TRUTH WINDOWS,0.0007337314182274213,RECORDED SPARSE TRAINING CHECKPOINT,True,e08420fc8cfd9f3d935c036f799c5cda140786af8d500abdbb9bc24fb99f90b0,/Users/arjunsharma/Documents/SandiaProjects/4-LDRDAMDIS/DIMSWE-study-d0eb615/external-results/test2a/horizon-curriculum-h1-h2-h5/h2-from-h1/parameters_iter_000005.npz
Test 2A,t2a-a-h2,A,H2,H2,10,J_H2,recursive model state,TRAINING TRUTH WINDOWS,0.0007334946242283881,RECORDED SPARSE TRAINING CHECKPOINT,True,d20530a2a3afe5bac5072e374c4ab58f951a3556769ce1a3efcebe98a3de563e,/Users/arjunsharma/Documents/SandiaProjects/4-LDRDAMDIS/DIMSWE-study-d0eb615/external-results/test2a/horizon-curriculum-h1-h2-h5/h2-from-h1/parameters_iter_000010.npz
Test 2A,t2a-a-h2,A,H2,H2,25,J_H2,recursive model state,TRAINING TRUTH WINDOWS,0.0007325984689806944,RECORDED SPARSE TRAINING CHECKPOINT,True,5e14d1fee4b3fb1ce7c269b961d9f9d214ca1c2d060165a0094d997938fc1d6b,/Users/arjunsharma/Documents/SandiaProjects/4-LDRDAMDIS/DIMSWE-study-d0eb615/external-results/test2a/horizon-curriculum-h1-h2-h5/h2-from-h1/parameters_iter_000025.npz
Test 2A,t2a-a-h2,A,H2,H2,50,J_H2,recursive model state,TRAINING TRUTH WINDOWS,0.000732065034844681,RECORDED SPARSE TRAINING CHECKPOINT,True,9194f8cfe37873f0df83f77ca6dfa745076c46880a2bea0dcabdda8bde223d2d,/Users/arjunsharma/Documents/SandiaProjects/4-LDRDAMDIS/DIMSWE-study-d0eb615/external-results/test2a/horizon-curriculum-h1-h2-h5/h2-from-h1/parameters_iter_000050.npz
Test 2A,t2a-a-h2,A,H2,H2,75,J_H2,recursive model state,TRAINING TRUTH WINDOWS,0.0007317475596527419,RECORDED SPARSE TRAINING CHECKPOINT,True,9af8d1a0ab3b70767e9a40d29ca76ea4b1b943915ba436968e554ccae67e5f42,/Users/arjunsharma/Documents/SandiaProjects/4-LDRDAMDIS/DIMSWE-study-d0eb615/external-results/test2a/horizon-curriculum-h1-h2-h5/h2-from-h1/parameters_iter_000075.npz
Test 2A,t2a-a-h2,A,H2,H2,100,J_H2,recursive model state,TRAINING TRUTH WINDOWS,0.0007314762388426759,RECORDED SPARSE TRAINING CHECKPOINT,True,92241e66a93e063af2bfc56a22b5cdb7e154e21b936ad2d80d89dce115bf1fab,/Users/arjunsharma/Documents/SandiaProjects/4-LDRDAMDIS/DIMSWE-study-d0eb615/external-results/test2a/horizon-curriculum-h1-h2-h5/h2-from-h1/final_parameters.npz
Test 2A,t2a-a-h5,A,H5,H5,0,J_H5,recursive model state,TRAINING TRUTH WINDOWS,0.0014982479662056928,RECORDED SPARSE TRAINING CHECKPOINT,True,92241e66a93e063af2bfc56a22b5cdb7e154e21b936ad2d80d89dce115bf1fab,/Users/arjunsharma/Documents/SandiaProjects/4-LDRDAMDIS/DIMSWE-study-d0eb615/external-results/test2a/horizon-curriculum-h1-h2-h5/h5-from-h2/parameters_iter_000000.npz
Test 2A,t2a-a-h5,A,H5,H5,5,J_H5,recursive model state,TRAINING TRUTH WINDOWS,0.0014969233596624312,RECORDED SPARSE TRAINING CHECKPOINT,True,832b4b1870dbd3221dc270cd0e2f3ee2e028149e4f271e7b9cc2dc127e143f88,/Users/arjunsharma/Documents/SandiaProjects/4-LDRDAMDIS/DIMSWE-study-d0eb615/external-results/test2a/horizon-curriculum-h1-h2-h5/h5-from-h2/parameters_iter_000005.npz
Test 2A,t2a-a-h5,A,H5,H5,10,J_H5,recursive model state,TRAINING TRUTH WINDOWS,0.0014961332883892697,RECORDED SPARSE TRAINING CHECKPOINT,True,9d53113df0f254c230ff0b8c9882b8976782c894d4b5e25736b1a12fe676d1cf,/Users/arjunsharma/Documents/SandiaProjects/4-LDRDAMDIS/DIMSWE-study-d0eb615/external-results/test2a/horizon-curriculum-h1-h2-h5/h5-from-h2/parameters_iter_000010.npz
Test 2A,t2a-a-h5,A,H5,H5,25,J_H5,recursive model state,TRAINING TRUTH WINDOWS,0.001492870385392397,RECORDED SPARSE TRAINING CHECKPOINT,True,b6884098fd4b90c9b2d5a82e2eaaaf578aa1f8dbf756229080aec06f8c082fde,/Users/arjunsharma/Documents/SandiaProjects/4-LDRDAMDIS/DIMSWE-study-d0eb615/external-results/test2a/horizon-curriculum-h1-h2-h5/h5-from-h2/parameters_iter_000025.npz
Test 2A,t2a-a-h5,A,H5,H5,50,J_H5,recursive model state,TRAINING TRUTH WINDOWS,0.0014901575452551687,RECORDED SPARSE TRAINING CHECKPOINT,True,19a4cd3a175978212372cf1eb771cdb76ed97579eebcb0b798664206ab16ca7d,/Users/arjunsharma/Documents/SandiaProjects/4-LDRDAMDIS/DIMSWE-study-d0eb615/external-results/test2a/horizon-curriculum-h1-h2-h5/h5-from-h2/parameters_iter_000050.npz
Test 2A,t2a-a-h5,A,H5,H5,100,J_H5,recursive model state,TRAINING TRUTH WINDOWS,0.0014847990297685324,RECORDED SPARSE TRAINING CHECKPOINT,True,fe22c92e56b5b9421835a4ff9a973250c6a186e541356c033b7810521fa3c566,/Users/arjunsharma/Documents/SandiaProjects/4-LDRDAMDIS/DIMSWE-study-d0eb615/external-results/test2a/horizon-curriculum-h1-h2-h5/h5-from-h2/final_parameters.npz
Test 2A,t2a-c-m1x,C,M1-X,M1-X,0,J_M1_X,X_n*,TRAINING SUPPORT,1.2144329998546857,RECORDED SPARSE TRAINING CHECKPOINT,True,e52dd73e3f97d44adf4d55354b1c8d9a9b252186a17cae4ad09410270b86df1e,/Users/arjunsharma/Documents/SandiaProjects/4-LDRDAMDIS/DIMSWE-study-d0eb615/external-results/test2a/problem-b/production/m1-seed0-m20-200k/checkpoint_000000000_parameters.npz
Test 2A,t2a-c-m1x,C,M1-X,M1-X,10,J_M1_X,X_n*,TRAINING SUPPORT,0.9979042460211529,RECORDED SPARSE TRAINING CHECKPOINT,True,a40a2b904a5f684c95a78b6b27580791d46af3a730db81ad302c7e6afb1be290,/Users/arjunsharma/Documents/SandiaProjects/4-LDRDAMDIS/DIMSWE-study-d0eb615/external-results/test2a/problem-b/production/m1-seed0-m20-200k/checkpoint_000000010_parameters.npz
Test 2A,t2a-c-m1x,C,M1-X,M1-X,25,J_M1_X,X_n*,TRAINING SUPPORT,0.9799551662878777,RECORDED SPARSE TRAINING CHECKPOINT,True,f598f68749886c594d26cf8e4dca536d80693da6db0faed781897f8b3c0e9a5e,/Users/arjunsharma/Documents/SandiaProjects/4-LDRDAMDIS/DIMSWE-study-d0eb615/external-results/test2a/problem-b/production/m1-seed0-m20-200k/checkpoint_000000025_parameters.npz
Test 2A,t2a-c-m1x,C,M1-X,M1-X,50,J_M1_X,X_n*,TRAINING SUPPORT,0.9417983263826607,RECORDED SPARSE TRAINING CHECKPOINT,True,6737b861e0e5e1063fc9f6b286f40d6da37468b874c2b6f6d69b21223f54295b,/Users/arjunsharma/Documents/SandiaProjects/4-LDRDAMDIS/DIMSWE-study-d0eb615/external-results/test2a/problem-b/production/m1-seed0-m20-200k/checkpoint_000000050_parameters.npz
Test 2A,t2a-c-m1x,C,M1-X,M1-X,75,J_M1_X,X_n*,TRAINING SUPPORT,0.9229405977856397,RECORDED SPARSE TRAINING CHECKPOINT,True,475826097cbb339f9b2c0816be5e057e1aed25057e3759d3e345d172aec8a7fc,/Users/arjunsharma/Documents/SandiaProjects/4-LDRDAMDIS/DIMSWE-study-d0eb615/external-results/test2a/problem-b/production/m1-seed0-m20-200k/checkpoint_000000075_parameters.npz
Test 2A,t2a-c-m1x,C,M1-X,M1-X,100,J_M1_X,X_n*,TRAINING SUPPORT,0.9063533622732415,RECORDED SPARSE TRAINING CHECKPOINT,True,c57eac18f7bfd1ac9e3d9735188711c79eadcb32f056372fd8ffd97549f1e3a2,/Users/arjunsharma/Documents/SandiaProjects/4-LDRDAMDIS/DIMSWE-study-d0eb615/external-results/test2a/problem-b/production/m1-seed0-m20-200k/checkpoint_000000100_parameters.npz
Test 2A,t2a-c-m1x,C,M1-X,M1-X,500,J_M1_X,X_n*,TRAINING SUPPORT,0.3701079263177526,RECORDED SPARSE TRAINING CHECKPOINT,True,c8501cd43e3a04f457f87e32e4e87d2f2b7305ad3f737371793ada55bbc2d66f,/Users/arjunsharma/Documents/SandiaProjects/4-LDRDAMDIS/DIMSWE-study-d0eb615/external-results/test2a/problem-b/production/m1-seed0-m20-200k/checkpoint_000000500_parameters.npz
Test 2A,t2a-c-m1x,C,M1-X,M1-X,1000,J_M1_X,X_n*,TRAINING SUPPORT,0.1671785051672431,RECORDED SPARSE TRAINING CHECKPOINT,True,96d552621563debe71431a625a6ee4ab220e80f65d34ec82c5f1dd25a2b2dcb3,/Users/arjunsharma/Documents/SandiaProjects/4-LDRDAMDIS/DIMSWE-study-d0eb615/external-results/test2a/problem-b/production/m1-seed0-m20-200k/checkpoint_000001000_parameters.npz
Test 2A,t2a-c-m1x,C,M1-X,M1-X,5000,J_M1_X,X_n*,TRAINING SUPPORT,0.030957564508412073,RECORDED SPARSE TRAINING CHECKPOINT,True,dc642d5028d171e645aae40ae56ffa8f0e55b8b31d2edd0e90c92a33d1c69477,/Users/arjunsharma/Documents/SandiaProjects/4-LDRDAMDIS/DIMSWE-study-d0eb615/external-results/test2a/problem-b/production/m1-seed0-m20-200k/checkpoint_000005000_parameters.npz
Test 2A,t2a-c-m1x,C,M1-X,M1-X,10000,J_M1_X,X_n*,TRAINING SUPPORT,0.012708846544329125,RECORDED SPARSE TRAINING CHECKPOINT,True,b1fb4d206f453831f7f23a16b1dc2cbe0442405d00b76b29ac0ee263cbf5318b,/Users/arjunsharma/Documents/SandiaProjects/4-LDRDAMDIS/DIMSWE-study-d0eb615/external-results/test2a/problem-b/production/m1-seed0-m20-200k/checkpoint_000010000_parameters.npz
Test 2A,t2a-c-m1x,C,M1-X,M1-X,25000,J_M1_X,X_n*,TRAINING SUPPORT,0.004144260306573078,RECORDED SPARSE TRAINING CHECKPOINT,True,e91a41fc683dcca393db8cd7262d3fce99ac00f66e5ecaede8bf2a73bdc4ec73,/Users/arjunsharma/Documents/SandiaProjects/4-LDRDAMDIS/DIMSWE-study-d0eb615/external-results/test2a/problem-b/production/m1-seed0-m20-200k/checkpoint_000025000_parameters.npz
Test 2A,t2a-c-m1x,C,M1-X,M1-X,50000,J_M1_X,X_n*,TRAINING SUPPORT,0.0019432044032295995,RECORDED SPARSE TRAINING CHECKPOINT,True,cd178c670b4a19edcd781cabe404959065cb70c4fa22d6d281899cc65407063e,/Users/arjunsharma/Documents/SandiaProjects/4-LDRDAMDIS/DIMSWE-study-d0eb615/external-results/test2a/problem-b/production/m1-seed0-m20-200k/checkpoint_000050000_parameters.npz
Test 2A,t2a-c-m1x,C,M1-X,M1-X,100000,J_M1_X,X_n*,TRAINING SUPPORT,0.000866981979192398,RECORDED SPARSE TRAINING CHECKPOINT,True,fea9adde9414cf844d346020b5b1c64b479b942d8b402224539bf5727a67e2f2,/Users/arjunsharma/Documents/SandiaProjects/4-LDRDAMDIS/DIMSWE-study-d0eb615/external-results/test2a/problem-b/production/m1-seed0-m20-200k/checkpoint_000100000_parameters.npz
Test 2A,t2a-c-m1x,C,M1-X,M1-X,150000,J_M1_X,X_n*,TRAINING SUPPORT,0.0006439949687075547,RECORDED SPARSE TRAINING CHECKPOINT,True,e3e74a713bcd51f40c1f6ff593e8b4e9013ef802247627d8a33f53cabc802366,/Users/arjunsharma/Documents/SandiaProjects/4-LDRDAMDIS/DIMSWE-study-d0eb615/external-results/test2a/problem-b/production/m1-seed0-m20-200k/checkpoint_000150000_parameters.npz
Test 2A,t2a-c-m1x,C,M1-X,M1-X,200000,J_M1_X,X_n*,TRAINING SUPPORT,0.0005517974380792215,RECORDED SPARSE TRAINING CHECKPOINT,True,ed8fb21167bf5f0b56c59201c7dc771473d5d946d6d304cd26b57ac983a56516,/Users/arjunsharma/Documents/SandiaProjects/4-LDRDAMDIS/DIMSWE-study-d0eb615/external-results/test2a/problem-b/production/m1-seed0-m20-200k/checkpoint_000200000_parameters.npz
Test 2A,t2a-c-m2x-independent,C,M2-X-independent,M2-X,0,J_M2_X,X_n*,TRAINING SUPPORT,1.2698591469892104,RECORDED SPARSE TRAINING CHECKPOINT,True,e52dd73e3f97d44adf4d55354b1c8d9a9b252186a17cae4ad09410270b86df1e,/Users/arjunsharma/Documents/SandiaProjects/4-LDRDAMDIS/DIMSWE-study-d0eb615/external-results/test2a/problem-b/production/m2x-seed0-m20-200k/checkpoint_000000000_parameters.npz
Test 2A,t2a-c-m2x-independent,C,M2-X-independent,M2-X,10,J_M2_X,X_n*,TRAINING SUPPORT,0.9948870033169698,RECORDED SPARSE TRAINING CHECKPOINT,True,13b298e66ae5e89af4fe88f600019071ca42eb7f54baf1e1d87617bbd3a5ee11,/Users/arjunsharma/Documents/SandiaProjects/4-LDRDAMDIS/DIMSWE-study-d0eb615/external-results/test2a/problem-b/production/m2x-seed0-m20-200k/checkpoint_000000010_parameters.npz
Test 2A,t2a-c-m2x-independent,C,M2-X-independent,M2-X,25,J_M2_X,X_n*,TRAINING SUPPORT,0.9803000731879365,RECORDED SPARSE TRAINING CHECKPOINT,True,b611f52be03fcb98fe97b67b071ce4812bd5ff3a0a6b8c6ea2421b99cfb90c6b,/Users/arjunsharma/Documents/SandiaProjects/4-LDRDAMDIS/DIMSWE-study-d0eb615/external-results/test2a/problem-b/production/m2x-seed0-m20-200k/checkpoint_000000025_parameters.npz
Test 2A,t2a-c-m2x-independent,C,M2-X-independent,M2-X,50,J_M2_X,X_n*,TRAINING SUPPORT,0.9297594258517587,RECORDED SPARSE TRAINING CHECKPOINT,True,254c3efcea9e62dee0e2b3a29f46d3b739d4cba77fd91aaf1c514d06674d5d83,/Users/arjunsharma/Documents/SandiaProjects/4-LDRDAMDIS/DIMSWE-study-d0eb615/external-results/test2a/problem-b/production/m2x-seed0-m20-200k/checkpoint_000000050_parameters.npz
Test 2A,t2a-c-m2x-independent,C,M2-X-independent,M2-X,75,J_M2_X,X_n*,TRAINING SUPPORT,0.8856432025679999,RECORDED SPARSE TRAINING CHECKPOINT,True,bf6efb80783dee66e91c10e7997b9efb58c941c238006630620afff666a414b0,/Users/arjunsharma/Documents/SandiaProjects/4-LDRDAMDIS/DIMSWE-study-d0eb615/external-results/test2a/problem-b/production/m2x-seed0-m20-200k/checkpoint_000000075_parameters.npz
Test 2A,t2a-c-m2x-independent,C,M2-X-independent,M2-X,100,J_M2_X,X_n*,TRAINING SUPPORT,0.8522852149357683,RECORDED SPARSE TRAINING CHECKPOINT,True,1eb47439ed46351f41ff31cd24655b1bc6d48959a9c04f1aa24d4f19cee75e37,/Users/arjunsharma/Documents/SandiaProjects/4-LDRDAMDIS/DIMSWE-study-d0eb615/external-results/test2a/problem-b/production/m2x-seed0-m20-200k/checkpoint_000000100_parameters.npz
Test 2A,t2a-c-m2x-independent,C,M2-X-independent,M2-X,500,J_M2_X,X_n*,TRAINING SUPPORT,0.34394648658212473,RECORDED SPARSE TRAINING CHECKPOINT,True,0432390379ccbdcbfe9cbddbeb6d9de8bf61aeb40820b0cf82c0cd1d4b252785,/Users/arjunsharma/Documents/SandiaProjects/4-LDRDAMDIS/DIMSWE-study-d0eb615/external-results/test2a/problem-b/production/m2x-seed0-m20-200k/checkpoint_000000500_parameters.npz
Test 2A,t2a-c-m2x-independent,C,M2-X-independent,M2-X,1000,J_M2_X,X_n*,TRAINING SUPPORT,0.14999800393015586,RECORDED SPARSE TRAINING CHECKPOINT,True,011e486d0ded01a5e72015f601794c50d6267157b7d6276cb8f04eca7b236043,/Users/arjunsharma/Documents/SandiaProjects/4-LDRDAMDIS/DIMSWE-study-d0eb615/external-results/test2a/problem-b/production/m2x-seed0-m20-200k/checkpoint_000001000_parameters.npz
Test 2A,t2a-c-m2x-independent,C,M2-X-independent,M2-X,5000,J_M2_X,X_n*,TRAINING SUPPORT,0.02755223571822293,RECORDED SPARSE TRAINING CHECKPOINT,True,5171e86ce233013a86b298cd531cad6983fde2a833cc2fca26ffb9985078e5a8,/Users/arjunsharma/Documents/SandiaProjects/4-LDRDAMDIS/DIMSWE-study-d0eb615/external-results/test2a/problem-b/production/m2x-seed0-m20-200k/checkpoint_000005000_parameters.npz
Test 2A,t2a-c-m2x-independent,C,M2-X-independent,M2-X,10000,J_M2_X,X_n*,TRAINING SUPPORT,0.0130642571710179,RECORDED SPARSE TRAINING CHECKPOINT,True,7a0c28c005eaef93f65686981322b416fae84f793cf2a28016a3a373a3ad17e7,/Users/arjunsharma/Documents/SandiaProjects/4-LDRDAMDIS/DIMSWE-study-d0eb615/external-results/test2a/problem-b/production/m2x-seed0-m20-200k/checkpoint_000010000_parameters.npz
Test 2A,t2a-c-m2x-independent,C,M2-X-independent,M2-X,25000,J_M2_X,X_n*,TRAINING SUPPORT,0.007143444897480507,RECORDED SPARSE TRAINING CHECKPOINT,True,b3af75ce2f2c744b4b2b97070ba05a82473db630cda79f528136f735d9daed47,/Users/arjunsharma/Documents/SandiaProjects/4-LDRDAMDIS/DIMSWE-study-d0eb615/external-results/test2a/problem-b/production/m2x-seed0-m20-200k/checkpoint_000025000_parameters.npz
Test 2A,t2a-c-m2x-independent,C,M2-X-independent,M2-X,50000,J_M2_X,X_n*,TRAINING SUPPORT,0.004782008021377926,RECORDED SPARSE TRAINING CHECKPOINT,True,ca4bfdd39fb2f58ac10956e14337b4b4500a06638cc772f0f525eb558a35bfd8,/Users/arjunsharma/Documents/SandiaProjects/4-LDRDAMDIS/DIMSWE-study-d0eb615/external-results/test2a/problem-b/production/m2x-seed0-m20-200k/checkpoint_000050000_parameters.npz
Test 2A,t2a-c-m2x-independent,C,M2-X-independent,M2-X,100000,J_M2_X,X_n*,TRAINING SUPPORT,0.0019311521552952244,RECORDED SPARSE TRAINING CHECKPOINT,True,ffe37ca79eefbf84e95c36dc04f85cb51b4ae3f341202a6af7085c01d42e1cf8,/Users/arjunsharma/Documents/SandiaProjects/4-LDRDAMDIS/DIMSWE-study-d0eb615/external-results/test2a/problem-b/production/m2x-seed0-m20-200k/checkpoint_000100000_parameters.npz
Test 2A,t2a-c-m2x-independent,C,M2-X-independent,M2-X,150000,J_M2_X,X_n*,TRAINING SUPPORT,0.0008841417145716144,RECORDED SPARSE TRAINING CHECKPOINT,True,7e56edc614486a8d114e6e9715925678b87c2c29dc976e5e7f9e02c951083426,/Users/arjunsharma/Documents/SandiaProjects/4-LDRDAMDIS/DIMSWE-study-d0eb615/external-results/test2a/problem-b/production/m2x-seed0-m20-200k/checkpoint_000150000_parameters.npz
Test 2A,t2a-c-m2x-independent,C,M2-X-independent,M2-X,200000,J_M2_X,X_n*,TRAINING SUPPORT,0.0005873863838421324,RECORDED SPARSE TRAINING CHECKPOINT,True,eb447dadf00519f105f887e80d507a7fd9d568412ddd086b1828e7e0985dd0e2,/Users/arjunsharma/Documents/SandiaProjects/4-LDRDAMDIS/DIMSWE-study-d0eb615/external-results/test2a/problem-b/production/m2x-seed0-m20-200k/checkpoint_000200000_parameters.npz
Test 2A,t2a-c-m2x-warm,C,warm M2-X,M2-X,0,J_M2_X,X_n*,TRAINING SUPPORT,0.000514694288398967,RECORDED SPARSE TRAINING CHECKPOINT,True,ed8fb21167bf5f0b56c59201c7dc771473d5d946d6d304cd26b57ac983a56516,/Users/arjunsharma/Documents/SandiaProjects/4-LDRDAMDIS/DIMSWE-study-d0eb615/external-results/test2a/problem-b/production/m1-to-m2x-m20-50k/checkpoint_000000000_parameters.npz
Test 2A,t2a-c-m2x-warm,C,warm M2-X,M2-X,10,J_M2_X,X_n*,TRAINING SUPPORT,0.0005134612241563006,RECORDED SPARSE TRAINING CHECKPOINT,True,5bcec69b1ae68d95a7a7beedc89664b613bd850dcdbc7c67f74b55313cdb4e92,/Users/arjunsharma/Documents/SandiaProjects/4-LDRDAMDIS/DIMSWE-study-d0eb615/external-results/test2a/problem-b/production/m1-to-m2x-m20-50k/checkpoint_000000010_parameters.npz
Test 2A,t2a-c-m2x-warm,C,warm M2-X,M2-X,25,J_M2_X,X_n*,TRAINING SUPPORT,0.0005127458643995248,RECORDED SPARSE TRAINING CHECKPOINT,True,f7bece9aa372e6901ce146e88eccbbee6333eb958ab1bd1d8a20e065cd128dfd,/Users/arjunsharma/Documents/SandiaProjects/4-LDRDAMDIS/DIMSWE-study-d0eb615/external-results/test2a/problem-b/production/m1-to-m2x-m20-50k/checkpoint_000000025_parameters.npz
Test 2A,t2a-c-m2x-warm,C,warm M2-X,M2-X,50,J_M2_X,X_n*,TRAINING SUPPORT,0.0005118887796017129,RECORDED SPARSE TRAINING CHECKPOINT,True,d10a866977f550181385ec13d1b48652255b45fe1b17ab3a685578019b79f742,/Users/arjunsharma/Documents/SandiaProjects/4-LDRDAMDIS/DIMSWE-study-d0eb615/external-results/test2a/problem-b/production/m1-to-m2x-m20-50k/checkpoint_000000050_parameters.npz
Test 2A,t2a-c-m2x-warm,C,warm M2-X,M2-X,75,J_M2_X,X_n*,TRAINING SUPPORT,0.0005113306642464097,RECORDED SPARSE TRAINING CHECKPOINT,True,f826e26eba8b1ff573210e7a4fab61048ab78ad9ae472ab7587d91c3a8cdd2be,/Users/arjunsharma/Documents/SandiaProjects/4-LDRDAMDIS/DIMSWE-study-d0eb615/external-results/test2a/problem-b/production/m1-to-m2x-m20-50k/checkpoint_000000075_parameters.npz
Test 2A,t2a-c-m2x-warm,C,warm M2-X,M2-X,100,J_M2_X,X_n*,TRAINING SUPPORT,0.0005109561350932422,RECORDED SPARSE TRAINING CHECKPOINT,True,5d89e0d9d24d907200081702db331b90e9247cb6c06e27da307b9f7774bda57f,/Users/arjunsharma/Documents/SandiaProjects/4-LDRDAMDIS/DIMSWE-study-d0eb615/external-results/test2a/problem-b/production/m1-to-m2x-m20-50k/checkpoint_000000100_parameters.npz
Test 2A,t2a-c-m2x-warm,C,warm M2-X,M2-X,500,J_M2_X,X_n*,TRAINING SUPPORT,0.0005069309808426007,RECORDED SPARSE TRAINING CHECKPOINT,True,04adc4e4b4403908597f5a0335c517eb5cda834c6085a4c2f6d0d246a3ba7354,/Users/arjunsharma/Documents/SandiaProjects/4-LDRDAMDIS/DIMSWE-study-d0eb615/external-results/test2a/problem-b/production/m1-to-m2x-m20-50k/checkpoint_000000500_parameters.npz
Test 2A,t2a-c-m2x-warm,C,warm M2-X,M2-X,1000,J_M2_X,X_n*,TRAINING SUPPORT,0.0005042911937493707,RECORDED SPARSE TRAINING CHECKPOINT,True,da0be27ff18e9bfb4e679482c55744a578e4c0b6b656727820fe916b440265dd,/Users/arjunsharma/Documents/SandiaProjects/4-LDRDAMDIS/DIMSWE-study-d0eb615/external-results/test2a/problem-b/production/m1-to-m2x-m20-50k/checkpoint_000001000_parameters.npz
Test 2A,t2a-c-m2x-warm,C,warm M2-X,M2-X,5000,J_M2_X,X_n*,TRAINING SUPPORT,0.0004943665774838233,RECORDED SPARSE TRAINING CHECKPOINT,True,15d74fd17b3187c3441a0af7bc027b9b77fe0df250a68363f8c306c15254b60c,/Users/arjunsharma/Documents/SandiaProjects/4-LDRDAMDIS/DIMSWE-study-d0eb615/external-results/test2a/problem-b/production/m1-to-m2x-m20-50k/checkpoint_000005000_parameters.npz
Test 2A,t2a-c-m2x-warm,C,warm M2-X,M2-X,10000,J_M2_X,X_n*,TRAINING SUPPORT,0.000487481998569494,RECORDED SPARSE TRAINING CHECKPOINT,True,884422b697d5859c4ead6f50264425c6f04c20b30ffb7929b476d0810fc2268f,/Users/arjunsharma/Documents/SandiaProjects/4-LDRDAMDIS/DIMSWE-study-d0eb615/external-results/test2a/problem-b/production/m1-to-m2x-m20-50k/checkpoint_000010000_parameters.npz
Test 2A,t2a-c-m2x-warm,C,warm M2-X,M2-X,25000,J_M2_X,X_n*,TRAINING SUPPORT,0.000474553427783722,RECORDED SPARSE TRAINING CHECKPOINT,True,24c44d2021889ad47a2feee383505261b8228e6b48f4632d9c52da0afa1e9f53,/Users/arjunsharma/Documents/SandiaProjects/4-LDRDAMDIS/DIMSWE-study-d0eb615/external-results/test2a/problem-b/production/m1-to-m2x-m20-50k/checkpoint_000025000_parameters.npz
Test 2A,t2a-c-m2x-warm,C,warm M2-X,M2-X,50000,J_M2_X,X_n*,TRAINING SUPPORT,0.00043850961099866574,RECORDED SPARSE TRAINING CHECKPOINT,True,db7631e1fd885bc24a25412e9c7c056c52268dca054d35f21c8d17b7f9dd522d,/Users/arjunsharma/Documents/SandiaProjects/4-LDRDAMDIS/DIMSWE-study-d0eb615/external-results/test2a/problem-b/production/m1-to-m2x-m20-50k/checkpoint_000050000_parameters.npz
Test 2A,t2a-c-h1,C,H1,H1,0,J_H1,Y_n*=P(X_n*),TRAINING TRUTH WINDOWS,0.0005169328070913088,RECORDED SPARSE TRAINING CHECKPOINT,True,ed8fb21167bf5f0b56c59201c7dc771473d5d946d6d304cd26b57ac983a56516,/Users/arjunsharma/Documents/SandiaProjects/4-LDRDAMDIS/DIMSWE-study-d0eb615/external-results/test2a/problem-b/production/h1-from-m1/checkpoint_000000000_parameters.npz
Test 2A,t2a-c-h1,C,H1,H1,10,J_H1,Y_n*=P(X_n*),TRAINING TRUTH WINDOWS,0.0005120465564858774,RECORDED SPARSE TRAINING CHECKPOINT,True,384b8292da416e8b3c0d79090002a45227ac424c114c4265c98da2f9430277f4,/Users/arjunsharma/Documents/SandiaProjects/4-LDRDAMDIS/DIMSWE-study-d0eb615/external-results/test2a/problem-b/production/h1-from-m1/checkpoint_000000010_parameters.npz
Test 2A,t2a-c-h1,C,H1,H1,25,J_H1,Y_n*=P(X_n*),TRAINING TRUTH WINDOWS,0.0005049922626841721,RECORDED SPARSE TRAINING CHECKPOINT,True,05b962d5ed8bd1335039f7e460deb765cfee546a6f638a548081bc5af4819a08,/Users/arjunsharma/Documents/SandiaProjects/4-LDRDAMDIS/DIMSWE-study-d0eb615/external-results/test2a/problem-b/production/h1-from-m1/checkpoint_000000025_parameters.npz
Test 2A,t2a-c-h1,C,H1,H1,50,J_H1,Y_n*=P(X_n*),TRAINING TRUTH WINDOWS,0.0005014788890428452,RECORDED SPARSE TRAINING CHECKPOINT,True,18c3181c5111a77767e3e44d1d94d249eccb806e5423e5aad0eec92616e54910,/Users/arjunsharma/Documents/SandiaProjects/4-LDRDAMDIS/DIMSWE-study-d0eb615/external-results/test2a/problem-b/production/h1-from-m1/checkpoint_000000050_parameters.npz
Test 2A,t2a-c-h1,C,H1,H1,75,J_H1,Y_n*=P(X_n*),TRAINING TRUTH WINDOWS,0.0004990434861958365,RECORDED SPARSE TRAINING CHECKPOINT,True,4c1899bb31adc5cd92c21647d20fcb10f3adb7822cc3b416bd898905e267ed38,/Users/arjunsharma/Documents/SandiaProjects/4-LDRDAMDIS/DIMSWE-study-d0eb615/external-results/test2a/problem-b/production/h1-from-m1/checkpoint_000000075_parameters.npz
Test 2A,t2a-c-h1,C,H1,H1,100,J_H1,Y_n*=P(X_n*),TRAINING TRUTH WINDOWS,0.0004971934920959468,RECORDED SPARSE TRAINING CHECKPOINT,True,7ba7900f0ca7913072fd82eca2abf854a5e1ca2b161d7c2be2306e4fdb8213e7,/Users/arjunsharma/Documents/SandiaProjects/4-LDRDAMDIS/DIMSWE-study-d0eb615/external-results/test2a/problem-b/production/h1-from-m1/checkpoint_000000100_parameters.npz
Test 2A,t2a-c-h1,C,H1,H1,500,J_H1,Y_n*=P(X_n*),TRAINING TRUTH WINDOWS,0.00048492807649042107,RECORDED SPARSE TRAINING CHECKPOINT,True,06e9c1d8eaba3900779cc5232bae4cd0aabbab1d9ea966c1ff6c121970fffae2,/Users/arjunsharma/Documents/SandiaProjects/4-LDRDAMDIS/DIMSWE-study-d0eb615/external-results/test2a/problem-b/production/h1-from-m1/checkpoint_000000500_parameters.npz
Test 2A,t2a-c-h1,C,H1,H1,1000,J_H1,Y_n*=P(X_n*),TRAINING TRUTH WINDOWS,0.0004782351330583537,RECORDED SPARSE TRAINING CHECKPOINT,True,a0590a31a1a3d004f6a17367f67ef59438fcc27273a8c9846049499b04b94c03,/Users/arjunsharma/Documents/SandiaProjects/4-LDRDAMDIS/DIMSWE-study-d0eb615/external-results/test2a/problem-b/production/h1-from-m1/checkpoint_000001000_parameters.npz
Test 2A,t2a-c-h1,C,H1,H1,5000,J_H1,Y_n*=P(X_n*),TRAINING TRUTH WINDOWS,0.0004549266578919739,RECORDED SPARSE TRAINING CHECKPOINT,True,d4b143186f33ddc0584f21c99bc1aa1086a71d820de99ba920f7c08627a6b859,/Users/arjunsharma/Documents/SandiaProjects/4-LDRDAMDIS/DIMSWE-study-d0eb615/external-results/test2a/problem-b/production/h1-from-m1/checkpoint_000005000_parameters.npz
Test 2A,t2a-c-h1,C,H1,H1,10000,J_H1,Y_n*=P(X_n*),TRAINING TRUTH WINDOWS,0.0004450058629802094,RECORDED SPARSE TRAINING CHECKPOINT,True,043cb6de50e206e0320dca0ba176e8d9f33fe0c258afcf9b2a7af6cd2534de8a,/Users/arjunsharma/Documents/SandiaProjects/4-LDRDAMDIS/DIMSWE-study-d0eb615/external-results/test2a/problem-b/production/h1-from-m1/checkpoint_000010000_parameters.npz
Test 2A,t2a-c-h1,C,H1,H1,25000,J_H1,Y_n*=P(X_n*),TRAINING TRUTH WINDOWS,0.0004210584081450941,RECORDED SPARSE TRAINING CHECKPOINT,True,d282cb4b3dbca7f4f86a5a4f8c3190ea2dbbafef4f517cb9185275ca6fc47f09,/Users/arjunsharma/Documents/SandiaProjects/4-LDRDAMDIS/DIMSWE-study-d0eb615/external-results/test2a/problem-b/production/h1-from-m1/checkpoint_000025000_parameters.npz
Test 2A,t2a-c-h1,C,H1,H1,50000,J_H1,Y_n*=P(X_n*),TRAINING TRUTH WINDOWS,0.0003984244402958454,RECORDED SPARSE TRAINING CHECKPOINT,True,282ff45c40844f90f1c1d7e3602a0989bcd56b88ae425ae2414bcc0045166afb,/Users/arjunsharma/Documents/SandiaProjects/4-LDRDAMDIS/DIMSWE-study-d0eb615/external-results/test2a/problem-b/production/h1-from-m1/checkpoint_000050000_parameters.npz
Test 2A,t2a-c-h2,C,H2,H2,0,J_H2,recursive model state,TRAINING TRUTH WINDOWS,0.0007660054050077655,RECORDED SPARSE TRAINING CHECKPOINT,True,282ff45c40844f90f1c1d7e3602a0989bcd56b88ae425ae2414bcc0045166afb,/Users/arjunsharma/Documents/SandiaProjects/4-LDRDAMDIS/DIMSWE-study-d0eb615/external-results/test2a/problem-b/production/h2-from-h1/checkpoint_000000000_parameters.npz
Test 2A,t2a-c-h2,C,H2,H2,10,J_H2,recursive model state,TRAINING TRUTH WINDOWS,0.000724090866401629,RECORDED SPARSE TRAINING CHECKPOINT,True,42b380c58a7d4ae92a87219e33929cb47c8e50c0f66fbe6149a28466b28824f0,/Users/arjunsharma/Documents/SandiaProjects/4-LDRDAMDIS/DIMSWE-study-d0eb615/external-results/test2a/problem-b/production/h2-from-h1/checkpoint_000000010_parameters.npz
Test 2A,t2a-c-h2,C,H2,H2,25,J_H2,recursive model state,TRAINING TRUTH WINDOWS,0.0007086756701609168,RECORDED SPARSE TRAINING CHECKPOINT,True,3a37dfd10165173a165aa606078f8e1584e2848c7f5e9ab505cf79553cd60043,/Users/arjunsharma/Documents/SandiaProjects/4-LDRDAMDIS/DIMSWE-study-d0eb615/external-results/test2a/problem-b/production/h2-from-h1/checkpoint_000000025_parameters.npz
Test 2A,t2a-c-h2,C,H2,H2,50,J_H2,recursive model state,TRAINING TRUTH WINDOWS,0.0007029922588473177,RECORDED SPARSE TRAINING CHECKPOINT,True,37826097c999917151fa469cadaf164320c41d32c117391bdd3def96a1d6feca,/Users/arjunsharma/Documents/SandiaProjects/4-LDRDAMDIS/DIMSWE-study-d0eb615/external-results/test2a/problem-b/production/h2-from-h1/checkpoint_000000050_parameters.npz
Test 2A,t2a-c-h2,C,H2,H2,75,J_H2,recursive model state,TRAINING TRUTH WINDOWS,0.00069968530293369,RECORDED SPARSE TRAINING CHECKPOINT,True,37a138a737271dff3f855039a182c831696e47e98d6da47af5f255474167607d,/Users/arjunsharma/Documents/SandiaProjects/4-LDRDAMDIS/DIMSWE-study-d0eb615/external-results/test2a/problem-b/production/h2-from-h1/checkpoint_000000075_parameters.npz
Test 2A,t2a-c-h2,C,H2,H2,100,J_H2,recursive model state,TRAINING TRUTH WINDOWS,0.0006962489812542169,RECORDED SPARSE TRAINING CHECKPOINT,True,bf0233109c26d2892b202819f228f8002de162dd52b78fb5bf7bcfbadc5c8cc5,/Users/arjunsharma/Documents/SandiaProjects/4-LDRDAMDIS/DIMSWE-study-d0eb615/external-results/test2a/problem-b/production/h2-from-h1/checkpoint_000000100_parameters.npz
Test 2A,t2a-c-h5,C,H5,H5,0,J_H5,recursive model state,TRAINING TRUTH WINDOWS,0.0020390381125901676,RECORDED SPARSE TRAINING CHECKPOINT,True,bf0233109c26d2892b202819f228f8002de162dd52b78fb5bf7bcfbadc5c8cc5,/Users/arjunsharma/Documents/SandiaProjects/4-LDRDAMDIS/DIMSWE-study-d0eb615/external-results/test2a/problem-b/production/h5-from-h2/checkpoint_000000000_parameters.npz
Test 2A,t2a-c-h5,C,H5,H5,10,J_H5,recursive model state,TRAINING TRUTH WINDOWS,0.0018433189966561001,RECORDED SPARSE TRAINING CHECKPOINT,True,6edb205d09db5183c2eb59ca589f69cf28cf2ea9a3165873da1ba1ce6e7b53fc,/Users/arjunsharma/Documents/SandiaProjects/4-LDRDAMDIS/DIMSWE-study-d0eb615/external-results/test2a/problem-b/production/h5-from-h2/checkpoint_000000010_parameters.npz
Test 2A,t2a-c-h5,C,H5,H5,25,J_H5,recursive model state,TRAINING TRUTH WINDOWS,0.001787781125853742,RECORDED SPARSE TRAINING CHECKPOINT,True,f16e365a580420ed905347d772484867408aebb1cea8671aa477871cda20f58d,/Users/arjunsharma/Documents/SandiaProjects/4-LDRDAMDIS/DIMSWE-study-d0eb615/external-results/test2a/problem-b/production/h5-from-h2/checkpoint_000000025_parameters.npz
Test 2A,t2a-c-h5,C,H5,H5,50,J_H5,recursive model state,TRAINING TRUTH WINDOWS,0.0017312168385166622,RECORDED SPARSE TRAINING CHECKPOINT,True,29111173dcea8152f2497d5ab804ee63518f6046483b85910472069384bb0403,/Users/arjunsharma/Documents/SandiaProjects/4-LDRDAMDIS/DIMSWE-study-d0eb615/external-results/test2a/problem-b/production/h5-from-h2/checkpoint_000000050_parameters.npz
Test 2A,t2a-c-h5,C,H5,H5,75,J_H5,recursive model state,TRAINING TRUTH WINDOWS,0.0016708303538145518,RECORDED SPARSE TRAINING CHECKPOINT,True,18f8edc477d8ebb44428c8f5722b9bca8a78f09951acd8f1e335c5b63972bf16,/Users/arjunsharma/Documents/SandiaProjects/4-LDRDAMDIS/DIMSWE-study-d0eb615/external-results/test2a/problem-b/production/h5-from-h2/checkpoint_000000075_parameters.npz
Test 2A,t2a-c-h5,C,H5,H5,100,J_H5,recursive model state,TRAINING TRUTH WINDOWS,0.0016206670827861548,RECORDED SPARSE TRAINING CHECKPOINT,True,9afcd50bb6f3caadba30140b2ea714d049a1b4f29cb5c0b162f1e878f934ccce,/Users/arjunsharma/Documents/SandiaProjects/4-LDRDAMDIS/DIMSWE-study-d0eb615/external-results/test2a/problem-b/production/h5-from-h2/checkpoint_000000100_parameters.npz
Test 2B,t2b-a-m1x,A,M1-X,M1-X,0,J_M1_X,X,TRAINING TRUTH SUPPORT,1.1366538776201334,POST-HOC FIXED-ARRAY CHECKPOINT EVALUATION,True,6d4ac7bafe775b90a70e2a199ef3305308c3d02333f7daeac1c870b6f18e0975,/Users/arjunsharma/Documents/SandiaProjects/4-LDRDAMDIS/DIMSWE-study-d0eb615/external-results/test2b-rain-active-learning/production/representation-A/m1-seed0-m20-10k/checkpoint_000000000_parameters.npz
Test 2B,t2b-a-m1x,A,M1-X,M1-X,1,J_M1_X,X,TRAINING TRUTH SUPPORT,0.9328884491403122,POST-HOC FIXED-ARRAY CHECKPOINT EVALUATION,True,a7a536b3976f64801487bd8feaadc01feec3092a5910d0c8937ae48cbdb0913d,/Users/arjunsharma/Documents/SandiaProjects/4-LDRDAMDIS/DIMSWE-study-d0eb615/external-results/test2b-rain-active-learning/production/representation-A/m1-seed0-m20-10k/checkpoint_000000001_parameters.npz
Test 2B,t2b-a-m1x,A,M1-X,M1-X,5,J_M1_X,X,TRAINING TRUTH SUPPORT,0.401929776428572,POST-HOC FIXED-ARRAY CHECKPOINT EVALUATION,True,779129058c0257d5ccb6e6261dd14bde7ab1ef793ebde427f4c4c55603d65668,/Users/arjunsharma/Documents/SandiaProjects/4-LDRDAMDIS/DIMSWE-study-d0eb615/external-results/test2b-rain-active-learning/production/representation-A/m1-seed0-m20-10k/checkpoint_000000005_parameters.npz
Test 2B,t2b-a-m1x,A,M1-X,M1-X,10,J_M1_X,X,TRAINING TRUTH SUPPORT,0.19769297023154875,POST-HOC FIXED-ARRAY CHECKPOINT EVALUATION,True,73ece265e51904f6662c8cdfa710831d94ae38d891309a55725cfe93a325acfc,/Users/arjunsharma/Documents/SandiaProjects/4-LDRDAMDIS/DIMSWE-study-d0eb615/external-results/test2b-rain-active-learning/production/representation-A/m1-seed0-m20-10k/checkpoint_000000010_parameters.npz
Test 2B,t2b-a-m1x,A,M1-X,M1-X,20,J_M1_X,X,TRAINING TRUTH SUPPORT,0.088961910908395,POST-HOC FIXED-ARRAY CHECKPOINT EVALUATION,True,e163adcc5ccfd96bac75a2defcfecab8dd365039e8a6e27d397f83e72fc47f22,/Users/arjunsharma/Documents/SandiaProjects/4-LDRDAMDIS/DIMSWE-study-d0eb615/external-results/test2b-rain-active-learning/production/representation-A/m1-seed0-m20-10k/checkpoint_000000020_parameters.npz
Test 2B,t2b-a-m1x,A,M1-X,M1-X,100,J_M1_X,X,TRAINING TRUTH SUPPORT,0.003535908682146241,POST-HOC FIXED-ARRAY CHECKPOINT EVALUATION,True,f23a77fdf271fa4d1173965aa97c420b4b087cef6a9a34cf4a4c357e51dc25b6,/Users/arjunsharma/Documents/SandiaProjects/4-LDRDAMDIS/DIMSWE-study-d0eb615/external-results/test2b-rain-active-learning/production/representation-A/m1-seed0-m20-10k/checkpoint_000000100_parameters.npz
Test 2B,t2b-a-m1x,A,M1-X,M1-X,500,J_M1_X,X,TRAINING TRUTH SUPPORT,0.00012941919689497765,POST-HOC FIXED-ARRAY CHECKPOINT EVALUATION,True,69302d4b361a04f6d8531e844e128b551e6a941533ab8e9fea0375cf93bb1109,/Users/arjunsharma/Documents/SandiaProjects/4-LDRDAMDIS/DIMSWE-study-d0eb615/external-results/test2b-rain-active-learning/production/representation-A/m1-seed0-m20-10k/checkpoint_000000500_parameters.npz
Test 2B,t2b-a-m1x,A,M1-X,M1-X,1000,J_M1_X,X,TRAINING TRUTH SUPPORT,0.00011959491575286309,POST-HOC FIXED-ARRAY CHECKPOINT EVALUATION,True,3a18b2ae4d4ad45a05588e4c32c642e8f3880296b55509a0b10acfd8baaffd8d,/Users/arjunsharma/Documents/SandiaProjects/4-LDRDAMDIS/DIMSWE-study-d0eb615/external-results/test2b-rain-active-learning/production/representation-A/m1-seed0-m20-10k/checkpoint_000001000_parameters.npz
Test 2B,t2b-a-m1x,A,M1-X,M1-X,5000,J_M1_X,X,TRAINING TRUTH SUPPORT,6.915451524415331e-05,POST-HOC FIXED-ARRAY CHECKPOINT EVALUATION,True,b921911072ce1787f8694cc72fd928c0584010fa6ca7ae3ff187b817bcbdd263,/Users/arjunsharma/Documents/SandiaProjects/4-LDRDAMDIS/DIMSWE-study-d0eb615/external-results/test2b-rain-active-learning/production/representation-A/m1-seed0-m20-10k/checkpoint_000005000_parameters.npz
Test 2B,t2b-a-m1x,A,M1-X,M1-X,10000,J_M1_X,X,TRAINING TRUTH SUPPORT,2.9897337575707054e-05,POST-HOC FIXED-ARRAY CHECKPOINT EVALUATION,True,471f3ac8a9b84f68bbe14bdc7dee62e3a025ac5cf61503db6644d5a1fa1bb506,/Users/arjunsharma/Documents/SandiaProjects/4-LDRDAMDIS/DIMSWE-study-d0eb615/external-results/test2b-rain-active-learning/production/representation-A/m1-seed0-m20-10k/checkpoint_000010000_parameters.npz
Test 2B,t2b-a-m1y,A,M1-Y,M1-Y,0,J_M1_Y,Y,TRAINING TRUTH SUPPORT,1.1338977429314239,POST-HOC FIXED-ARRAY CHECKPOINT EVALUATION,True,6d4ac7bafe775b90a70e2a199ef3305308c3d02333f7daeac1c870b6f18e0975,/Users/arjunsharma/Documents/SandiaProjects/4-LDRDAMDIS/DIMSWE-feature-study-20260828/m1y_test2b_20260828_workspace/external-results/m1y-test2b-20260828/production/representation-A/m1y-seed0-m20-10k/checkpoint_000000000_parameters.npz
Test 2B,t2b-a-m1y,A,M1-Y,M1-Y,1,J_M1_Y,Y,TRAINING TRUTH SUPPORT,0.926681222724748,POST-HOC FIXED-ARRAY CHECKPOINT EVALUATION,True,1f6717c6d29b26d8ae17bd04c2e27d3a2ba394e39a53c3c0856eb8bf94579224,/Users/arjunsharma/Documents/SandiaProjects/4-LDRDAMDIS/DIMSWE-feature-study-20260828/m1y_test2b_20260828_workspace/external-results/m1y-test2b-20260828/production/representation-A/m1y-seed0-m20-10k/checkpoint_000000001_parameters.npz
Test 2B,t2b-a-m1y,A,M1-Y,M1-Y,5,J_M1_Y,Y,TRAINING TRUTH SUPPORT,0.40604864445158967,POST-HOC FIXED-ARRAY CHECKPOINT EVALUATION,True,a3b1a2203b097b5a4518a098fef7ec1f626901fde70bc5c3741922d68f88221b,/Users/arjunsharma/Documents/SandiaProjects/4-LDRDAMDIS/DIMSWE-feature-study-20260828/m1y_test2b_20260828_workspace/external-results/m1y-test2b-20260828/production/representation-A/m1y-seed0-m20-10k/checkpoint_000000005_parameters.npz
Test 2B,t2b-a-m1y,A,M1-Y,M1-Y,10,J_M1_Y,Y,TRAINING TRUTH SUPPORT,0.20088616857352398,POST-HOC FIXED-ARRAY CHECKPOINT EVALUATION,True,c42cf659ce501bfbd0e92a29af1029f39ff49d8ca6d25b7c58ed171b86ec2d92,/Users/arjunsharma/Documents/SandiaProjects/4-LDRDAMDIS/DIMSWE-feature-study-20260828/m1y_test2b_20260828_workspace/external-results/m1y-test2b-20260828/production/representation-A/m1y-seed0-m20-10k/checkpoint_000000010_parameters.npz
Test 2B,t2b-a-m1y,A,M1-Y,M1-Y,20,J_M1_Y,Y,TRAINING TRUTH SUPPORT,0.09524203082912948,POST-HOC FIXED-ARRAY CHECKPOINT EVALUATION,True,e7e1dca4b7d1f4aff5633a35bc5f5aec5771f44a35f418f17584812de8bec573,/Users/arjunsharma/Documents/SandiaProjects/4-LDRDAMDIS/DIMSWE-feature-study-20260828/m1y_test2b_20260828_workspace/external-results/m1y-test2b-20260828/production/representation-A/m1y-seed0-m20-10k/checkpoint_000000020_parameters.npz
Test 2B,t2b-a-m1y,A,M1-Y,M1-Y,100,J_M1_Y,Y,TRAINING TRUTH SUPPORT,0.0043126943234802866,POST-HOC FIXED-ARRAY CHECKPOINT EVALUATION,True,80473a5b5e26db8fc21978d1a57c899a1a8d8c3e05e1fe8197d3f9f5c5d33400,/Users/arjunsharma/Documents/SandiaProjects/4-LDRDAMDIS/DIMSWE-feature-study-20260828/m1y_test2b_20260828_workspace/external-results/m1y-test2b-20260828/production/representation-A/m1y-seed0-m20-10k/checkpoint_000000100_parameters.npz
Test 2B,t2b-a-m1y,A,M1-Y,M1-Y,500,J_M1_Y,Y,TRAINING TRUTH SUPPORT,0.00030559691225119173,POST-HOC FIXED-ARRAY CHECKPOINT EVALUATION,True,f01c80062974ebd284a6eccf2016bbace28443678d1df439cb61d09f16942871,/Users/arjunsharma/Documents/SandiaProjects/4-LDRDAMDIS/DIMSWE-feature-study-20260828/m1y_test2b_20260828_workspace/external-results/m1y-test2b-20260828/production/representation-A/m1y-seed0-m20-10k/checkpoint_000000500_parameters.npz
Test 2B,t2b-a-m1y,A,M1-Y,M1-Y,1000,J_M1_Y,Y,TRAINING TRUTH SUPPORT,0.00027165519033383353,POST-HOC FIXED-ARRAY CHECKPOINT EVALUATION,True,7b6563184aea573171801ccd761b4b7031e119976b08700baabc6ffde362856b,/Users/arjunsharma/Documents/SandiaProjects/4-LDRDAMDIS/DIMSWE-feature-study-20260828/m1y_test2b_20260828_workspace/external-results/m1y-test2b-20260828/production/representation-A/m1y-seed0-m20-10k/checkpoint_000001000_parameters.npz
Test 2B,t2b-a-m1y,A,M1-Y,M1-Y,5000,J_M1_Y,Y,TRAINING TRUTH SUPPORT,6.327832458300262e-05,POST-HOC FIXED-ARRAY CHECKPOINT EVALUATION,True,fdbd1fbff1c8d51d1e44dc724938c1288a1e5cac0ee0fb0f3064b898e17f773a,/Users/arjunsharma/Documents/SandiaProjects/4-LDRDAMDIS/DIMSWE-feature-study-20260828/m1y_test2b_20260828_workspace/external-results/m1y-test2b-20260828/production/representation-A/m1y-seed0-m20-10k/checkpoint_000005000_parameters.npz
Test 2B,t2b-a-m1y,A,M1-Y,M1-Y,10000,J_M1_Y,Y,TRAINING TRUTH SUPPORT,2.439509618905571e-05,POST-HOC FIXED-ARRAY CHECKPOINT EVALUATION,True,ed838229022ef2ac38a29bb88c8e98f2c173b89e0573088036ad301f76f4e158,/Users/arjunsharma/Documents/SandiaProjects/4-LDRDAMDIS/DIMSWE-feature-study-20260828/m1y_test2b_20260828_workspace/external-results/m1y-test2b-20260828/production/representation-A/m1y-seed0-m20-10k/checkpoint_000010000_parameters.npz
Test 2B,t2b-a-m2x-independent,A,M2-X-independent,M2-X,0,J_M2_X,X_n*,TRAINING TRUTH SUPPORT,1.1339584444721977,POST-HOC FIXED-MAP CHECKPOINT EVALUATION,True,6d4ac7bafe775b90a70e2a199ef3305308c3d02333f7daeac1c870b6f18e0975,/Users/arjunsharma/Documents/SandiaProjects/4-LDRDAMDIS/DIMSWE-study-d0eb615/external-results/test2b-rain-active-learning/production/representation-A/m2x-seed0-m20-10k/checkpoint_000000000_parameters.npz
Test 2B,t2b-a-m2x-independent,A,M2-X-independent,M2-X,1,J_M2_X,X_n*,TRAINING TRUTH SUPPORT,0.915654176294694,POST-HOC FIXED-MAP CHECKPOINT EVALUATION,True,9ceebe6c9ec51f78c523296defeaff330803210c5574cf9e81b73ad26eb7c336,/Users/arjunsharma/Documents/SandiaProjects/4-LDRDAMDIS/DIMSWE-study-d0eb615/external-results/test2b-rain-active-learning/production/representation-A/m2x-seed0-m20-10k/checkpoint_000000001_parameters.npz
Test 2B,t2b-a-m2x-independent,A,M2-X-independent,M2-X,5,J_M2_X,X_n*,TRAINING TRUTH SUPPORT,0.3948557597915728,POST-HOC FIXED-MAP CHECKPOINT EVALUATION,True,94c947fe03d2a2420f11674b8edd6983229676d049c48a63ee459a7e31809666,/Users/arjunsharma/Documents/SandiaProjects/4-LDRDAMDIS/DIMSWE-study-d0eb615/external-results/test2b-rain-active-learning/production/representation-A/m2x-seed0-m20-10k/checkpoint_000000005_parameters.npz
Test 2B,t2b-a-m2x-independent,A,M2-X-independent,M2-X,10,J_M2_X,X_n*,TRAINING TRUTH SUPPORT,0.19591031754165772,POST-HOC FIXED-MAP CHECKPOINT EVALUATION,True,1fafe1530441fa37c963ef6800d51a1cbb8a1551326fbae0c304cc1c4862293c,/Users/arjunsharma/Documents/SandiaProjects/4-LDRDAMDIS/DIMSWE-study-d0eb615/external-results/test2b-rain-active-learning/production/representation-A/m2x-seed0-m20-10k/checkpoint_000000010_parameters.npz
Test 2B,t2b-a-m2x-independent,A,M2-X-independent,M2-X,20,J_M2_X,X_n*,TRAINING TRUTH SUPPORT,0.10157640672120503,POST-HOC FIXED-MAP CHECKPOINT EVALUATION,True,ec7d7abaaee4c1fc82336868436e2762251db29363b4b6900d6dd804ae6c06d6,/Users/arjunsharma/Documents/SandiaProjects/4-LDRDAMDIS/DIMSWE-study-d0eb615/external-results/test2b-rain-active-learning/production/representation-A/m2x-seed0-m20-10k/checkpoint_000000020_parameters.npz
Test 2B,t2b-a-m2x-independent,A,M2-X-independent,M2-X,100,J_M2_X,X_n*,TRAINING TRUTH SUPPORT,0.003982200657610181,POST-HOC FIXED-MAP CHECKPOINT EVALUATION,True,2abc5d200b33f00eadb9a08c912506203511eec3bcb7defc0a80abec59eb998c,/Users/arjunsharma/Documents/SandiaProjects/4-LDRDAMDIS/DIMSWE-study-d0eb615/external-results/test2b-rain-active-learning/production/representation-A/m2x-seed0-m20-10k/checkpoint_000000100_parameters.npz
Test 2B,t2b-a-m2x-independent,A,M2-X-independent,M2-X,500,J_M2_X,X_n*,TRAINING TRUTH SUPPORT,0.00011700782323104152,POST-HOC FIXED-MAP CHECKPOINT EVALUATION,True,28e05d2ab30e6651bc07161117006c3badedd338084ce9056d233c61496feb2c,/Users/arjunsharma/Documents/SandiaProjects/4-LDRDAMDIS/DIMSWE-study-d0eb615/external-results/test2b-rain-active-learning/production/representation-A/m2x-seed0-m20-10k/checkpoint_000000500_parameters.npz
Test 2B,t2b-a-m2x-independent,A,M2-X-independent,M2-X,1000,J_M2_X,X_n*,TRAINING TRUTH SUPPORT,0.00010024156215065521,POST-HOC FIXED-MAP CHECKPOINT EVALUATION,True,6bdcb31000807366d9a1f04a7444623a1b6ca310e2de2db4ca9aba16c6d03c75,/Users/arjunsharma/Documents/SandiaProjects/4-LDRDAMDIS/DIMSWE-study-d0eb615/external-results/test2b-rain-active-learning/production/representation-A/m2x-seed0-m20-10k/checkpoint_000001000_parameters.npz
Test 2B,t2b-a-m2x-independent,A,M2-X-independent,M2-X,5000,J_M2_X,X_n*,TRAINING TRUTH SUPPORT,5.955732951270237e-05,POST-HOC FIXED-MAP CHECKPOINT EVALUATION,True,3dc7559e33161bcf422059175c754b95f9efc533914f232959328bfaba8b4136,/Users/arjunsharma/Documents/SandiaProjects/4-LDRDAMDIS/DIMSWE-study-d0eb615/external-results/test2b-rain-active-learning/production/representation-A/m2x-seed0-m20-10k/checkpoint_000005000_parameters.npz
Test 2B,t2b-a-m2x-independent,A,M2-X-independent,M2-X,10000,J_M2_X,X_n*,TRAINING TRUTH SUPPORT,1.864768212896724e-05,POST-HOC FIXED-MAP CHECKPOINT EVALUATION,True,aca1a5810b1f74516bdb26ae902780050929c3e06238795a6301371491dc3652,/Users/arjunsharma/Documents/SandiaProjects/4-LDRDAMDIS/DIMSWE-study-d0eb615/external-results/test2b-rain-active-learning/production/representation-A/m2x-seed0-m20-10k/checkpoint_000010000_parameters.npz
Test 2B,t2b-a-m2x-warm,A,warm M2-X,M2-X,0,J_M2_X,X_n*,TRAINING TRUTH SUPPORT,1.8351103190537455e-05,POST-HOC FIXED-MAP CHECKPOINT EVALUATION,True,471f3ac8a9b84f68bbe14bdc7dee62e3a025ac5cf61503db6644d5a1fa1bb506,/Users/arjunsharma/Documents/SandiaProjects/4-LDRDAMDIS/DIMSWE-study-d0eb615/external-results/test2b-rain-active-learning/production/representation-A/m1-to-m2x-m20-5k/checkpoint_000000000_parameters.npz
Test 2B,t2b-a-m2x-warm,A,warm M2-X,M2-X,1,J_M2_X,X_n*,TRAINING TRUTH SUPPORT,1.835079716689335e-05,POST-HOC FIXED-MAP CHECKPOINT EVALUATION,True,f06c6876e7a6dac67fa033b66f3954ea0107a983f15a32470a08c8eb5c173a14,/Users/arjunsharma/Documents/SandiaProjects/4-LDRDAMDIS/DIMSWE-study-d0eb615/external-results/test2b-rain-active-learning/production/representation-A/m1-to-m2x-m20-5k/checkpoint_000000001_parameters.npz
Test 2B,t2b-a-m2x-warm,A,warm M2-X,M2-X,5,J_M2_X,X_n*,TRAINING TRUTH SUPPORT,1.8348950976734146e-05,POST-HOC FIXED-MAP CHECKPOINT EVALUATION,True,818f905737163916df046650b0e39f7a0be6231be94506e3cb0f33b5a80f8ccc,/Users/arjunsharma/Documents/SandiaProjects/4-LDRDAMDIS/DIMSWE-study-d0eb615/external-results/test2b-rain-active-learning/production/representation-A/m1-to-m2x-m20-5k/checkpoint_000000005_parameters.npz
Test 2B,t2b-a-m2x-warm,A,warm M2-X,M2-X,10,J_M2_X,X_n*,TRAINING TRUTH SUPPORT,1.8343692653124165e-05,POST-HOC FIXED-MAP CHECKPOINT EVALUATION,True,3825116f841a93184a93e30c34edde64cc0e251fe2c2cb099fe8d7b2423b9a33,/Users/arjunsharma/Documents/SandiaProjects/4-LDRDAMDIS/DIMSWE-study-d0eb615/external-results/test2b-rain-active-learning/production/representation-A/m1-to-m2x-m20-5k/checkpoint_000000010_parameters.npz
Test 2B,t2b-a-m2x-warm,A,warm M2-X,M2-X,20,J_M2_X,X_n*,TRAINING TRUTH SUPPORT,1.8328669145213768e-05,POST-HOC FIXED-MAP CHECKPOINT EVALUATION,True,bfde03182b32f54ca94afaba6b1e8839db730d601cd328426163e994419bde31,/Users/arjunsharma/Documents/SandiaProjects/4-LDRDAMDIS/DIMSWE-study-d0eb615/external-results/test2b-rain-active-learning/production/representation-A/m1-to-m2x-m20-5k/checkpoint_000000020_parameters.npz
Test 2B,t2b-a-m2x-warm,A,warm M2-X,M2-X,100,J_M2_X,X_n*,TRAINING TRUTH SUPPORT,1.8232826839798473e-05,POST-HOC FIXED-MAP CHECKPOINT EVALUATION,True,893ae6da8d3797b8d24ca032fb86c06b7e3e9cdf7a4918f2293d38ce5b4b2884,/Users/arjunsharma/Documents/SandiaProjects/4-LDRDAMDIS/DIMSWE-study-d0eb615/external-results/test2b-rain-active-learning/production/representation-A/m1-to-m2x-m20-5k/checkpoint_000000100_parameters.npz
Test 2B,t2b-a-m2x-warm,A,warm M2-X,M2-X,500,J_M2_X,X_n*,TRAINING TRUTH SUPPORT,1.8039351512409557e-05,POST-HOC FIXED-MAP CHECKPOINT EVALUATION,True,cc6165e60740926b294926a4e1e15a47b91aa7a494b26b425971a693d5ea26fa,/Users/arjunsharma/Documents/SandiaProjects/4-LDRDAMDIS/DIMSWE-study-d0eb615/external-results/test2b-rain-active-learning/production/representation-A/m1-to-m2x-m20-5k/checkpoint_000000500_parameters.npz
Test 2B,t2b-a-m2x-warm,A,warm M2-X,M2-X,1000,J_M2_X,X_n*,TRAINING TRUTH SUPPORT,1.7747369979476568e-05,POST-HOC FIXED-MAP CHECKPOINT EVALUATION,True,9ab95f056ac5305f11c8a6937b9d6611a9bdc92531acf1fbc559bf4ba6dbc60c,/Users/arjunsharma/Documents/SandiaProjects/4-LDRDAMDIS/DIMSWE-study-d0eb615/external-results/test2b-rain-active-learning/production/representation-A/m1-to-m2x-m20-5k/checkpoint_000001000_parameters.npz
Test 2B,t2b-a-m2x-warm,A,warm M2-X,M2-X,5000,J_M2_X,X_n*,TRAINING TRUTH SUPPORT,1.4875848850968718e-05,POST-HOC FIXED-MAP CHECKPOINT EVALUATION,True,0cf7dc9036c84c6ac3a78cf7e16cfa56fb7eb985ba7f460e3dccb139bb826d3e,/Users/arjunsharma/Documents/SandiaProjects/4-LDRDAMDIS/DIMSWE-study-d0eb615/external-results/test2b-rain-active-learning/production/representation-A/m1-to-m2x-m20-5k/checkpoint_000005000_parameters.npz
Test 2B,t2b-a-h1,A,H1,H1,0,J_H1,Y_n*=P(X_n*),TRAINING TRUTH SUPPORT,0.0001770084405503909,POST-HOC FIXED-MAP CHECKPOINT EVALUATION,True,471f3ac8a9b84f68bbe14bdc7dee62e3a025ac5cf61503db6644d5a1fa1bb506,/Users/arjunsharma/Documents/SandiaProjects/4-LDRDAMDIS/DIMSWE-study-d0eb615/external-results/test2b-rain-active-learning/production/representation-A/h1-from-m1-m20-5k/checkpoint_000000000_parameters.npz
Test 2B,t2b-a-h1,A,H1,H1,1,J_H1,Y_n*=P(X_n*),TRAINING TRUTH SUPPORT,0.0001611773152305664,POST-HOC FIXED-MAP CHECKPOINT EVALUATION,True,a6b55978819b13f2e2912224a40088e464f5218ae2368e7825a0865e8b1938f2,/Users/arjunsharma/Documents/SandiaProjects/4-LDRDAMDIS/DIMSWE-study-d0eb615/external-results/test2b-rain-active-learning/production/representation-A/h1-from-m1-m20-5k/checkpoint_000000001_parameters.npz
Test 2B,t2b-a-h1,A,H1,H1,5,J_H1,Y_n*=P(X_n*),TRAINING TRUTH SUPPORT,0.00013180990372557946,POST-HOC FIXED-MAP CHECKPOINT EVALUATION,True,03d167c349be32bc738c53a7cf4a622f7d46194543bf0e7c72b90e95ee8261e1,/Users/arjunsharma/Documents/SandiaProjects/4-LDRDAMDIS/DIMSWE-study-d0eb615/external-results/test2b-rain-active-learning/production/representation-A/h1-from-m1-m20-5k/checkpoint_000000005_parameters.npz
Test 2B,t2b-a-h1,A,H1,H1,10,J_H1,Y_n*=P(X_n*),TRAINING TRUTH SUPPORT,0.00010099104563297526,POST-HOC FIXED-MAP CHECKPOINT EVALUATION,True,4da79d222a095588520d7b378841b4e1d13ff73d97830d0fc1d5ead42c90336e,/Users/arjunsharma/Documents/SandiaProjects/4-LDRDAMDIS/DIMSWE-study-d0eb615/external-results/test2b-rain-active-learning/production/representation-A/h1-from-m1-m20-5k/checkpoint_000000010_parameters.npz
Test 2B,t2b-a-h1,A,H1,H1,20,J_H1,Y_n*=P(X_n*),TRAINING TRUTH SUPPORT,8.634996929814507e-05,POST-HOC FIXED-MAP CHECKPOINT EVALUATION,True,b9ce6231200bfac508f013ed895876f66efb68014e8b7a627aa40a429d0365a6,/Users/arjunsharma/Documents/SandiaProjects/4-LDRDAMDIS/DIMSWE-study-d0eb615/external-results/test2b-rain-active-learning/production/representation-A/h1-from-m1-m20-5k/checkpoint_000000020_parameters.npz
Test 2B,t2b-a-h1,A,H1,H1,100,J_H1,Y_n*=P(X_n*),TRAINING TRUTH SUPPORT,6.27323669818677e-05,POST-HOC FIXED-MAP CHECKPOINT EVALUATION,True,a4df230205b08db5b0d5fc4bf34d462e3f3b088c5672e1d87cdb59bd2de205dd,/Users/arjunsharma/Documents/SandiaProjects/4-LDRDAMDIS/DIMSWE-study-d0eb615/external-results/test2b-rain-active-learning/production/representation-A/h1-from-m1-m20-5k/checkpoint_000000100_parameters.npz
Test 2B,t2b-a-h1,A,H1,H1,500,J_H1,Y_n*=P(X_n*),TRAINING TRUTH SUPPORT,5.2182408479248794e-05,POST-HOC FIXED-MAP CHECKPOINT EVALUATION,True,7b86597a0db7f191e1588c12187d14ae6a935e1ef129f9ac6c44bd980d29923e,/Users/arjunsharma/Documents/SandiaProjects/4-LDRDAMDIS/DIMSWE-study-d0eb615/external-results/test2b-rain-active-learning/production/representation-A/h1-from-m1-m20-5k/checkpoint_000000500_parameters.npz
Test 2B,t2b-a-h1,A,H1,H1,1000,J_H1,Y_n*=P(X_n*),TRAINING TRUTH SUPPORT,4.7943896386394376e-05,POST-HOC FIXED-MAP CHECKPOINT EVALUATION,True,d45671a935ffb634a8815ea045af390d0eb69ba1ba7a22a48a545385f5cbc495,/Users/arjunsharma/Documents/SandiaProjects/4-LDRDAMDIS/DIMSWE-study-d0eb615/external-results/test2b-rain-active-learning/production/representation-A/h1-from-m1-m20-5k/checkpoint_000001000_parameters.npz
Test 2B,t2b-a-h1,A,H1,H1,5000,J_H1,Y_n*=P(X_n*),TRAINING TRUTH SUPPORT,3.001818343501887e-05,POST-HOC FIXED-MAP CHECKPOINT EVALUATION,True,73f39ca1e345256157890f7c918ac41a43684262e4ad11c9465bd35706b16f83,/Users/arjunsharma/Documents/SandiaProjects/4-LDRDAMDIS/DIMSWE-study-d0eb615/external-results/test2b-rain-active-learning/production/representation-A/h1-from-m1-m20-5k/checkpoint_000005000_parameters.npz
Test 2B,t2b-a-h2,A,H2,H2,0,J_H2,recursive model state,TRAINING TRUTH WINDOWS,5.522341364243512e-05,EXISTING DIAGNOSTIC INITIAL ENDPOINT,True,,
Test 2B,t2b-a-h2,A,H2,H2,20,J_H2,recursive model state,TRAINING TRUTH WINDOWS,5.518718280643356e-05,RECORDED TRAINING FINAL ENDPOINT,True,,
Test 2B,t2b-a-h5,A,H5,H5,0,J_H5,recursive model state,TRAINING TRUTH WINDOWS,0.00011044682789864873,EXISTING DIAGNOSTIC INITIAL ENDPOINT,True,,
Test 2B,t2b-a-h5,A,H5,H5,20,J_H5,recursive model state,TRAINING TRUTH WINDOWS,0.00011019889746677016,RECORDED TRAINING FINAL ENDPOINT,True,,
Test 2B,t2b-b-m1x,B,M1-X,M1-X,0,J_M1_X,X,TRAINING TRUTH SUPPORT,0.9418082869508106,POST-HOC FIXED-ARRAY CHECKPOINT EVALUATION,True,cfadd9f3ee02a78c5b3a946b88c039d9f7ed34e719325ff22c92e1fe4afac056,/Users/arjunsharma/Documents/SandiaProjects/4-LDRDAMDIS/DIMSWE-study-d0eb615/external-results/test2b-rain-active-learning/production/representation-B/m1-seed0-m20-10k/checkpoint_000000000_parameters.npz
Test 2B,t2b-b-m1x,B,M1-X,M1-X,1,J_M1_X,X,TRAINING TRUTH SUPPORT,0.7525021081246728,POST-HOC FIXED-ARRAY CHECKPOINT EVALUATION,True,6f403a6dd44c0c98ef154b5a65371e78f01cfaca09e17489625b1778234690db,/Users/arjunsharma/Documents/SandiaProjects/4-LDRDAMDIS/DIMSWE-study-d0eb615/external-results/test2b-rain-active-learning/production/representation-B/m1-seed0-m20-10k/checkpoint_000000001_parameters.npz
Test 2B,t2b-b-m1x,B,M1-X,M1-X,5,J_M1_X,X,TRAINING TRUTH SUPPORT,0.34870362599070914,POST-HOC FIXED-ARRAY CHECKPOINT EVALUATION,True,dd90f4a3e5aa666550f17bb4650c2af99e2f14cbc917bffbd37d389fa9261887,/Users/arjunsharma/Documents/SandiaProjects/4-LDRDAMDIS/DIMSWE-study-d0eb615/external-results/test2b-rain-active-learning/production/representation-B/m1-seed0-m20-10k/checkpoint_000000005_parameters.npz
Test 2B,t2b-b-m1x,B,M1-X,M1-X,10,J_M1_X,X,TRAINING TRUTH SUPPORT,0.19950299115352058,POST-HOC FIXED-ARRAY CHECKPOINT EVALUATION,True,8ad46c08b4ae5c7eede1eeca59923060d5d46698528938fb262f5ec620bdf058,/Users/arjunsharma/Documents/SandiaProjects/4-LDRDAMDIS/DIMSWE-study-d0eb615/external-results/test2b-rain-active-learning/production/representation-B/m1-seed0-m20-10k/checkpoint_000000010_parameters.npz
Test 2B,t2b-b-m1x,B,M1-X,M1-X,20,J_M1_X,X,TRAINING TRUTH SUPPORT,0.10367481524034174,POST-HOC FIXED-ARRAY CHECKPOINT EVALUATION,True,a9242776445d8de0b1373780f406999600e634f439537af8bf3b795290cc62e2,/Users/arjunsharma/Documents/SandiaProjects/4-LDRDAMDIS/DIMSWE-study-d0eb615/external-results/test2b-rain-active-learning/production/representation-B/m1-seed0-m20-10k/checkpoint_000000020_parameters.npz
Test 2B,t2b-b-m1x,B,M1-X,M1-X,100,J_M1_X,X,TRAINING TRUTH SUPPORT,0.00885432667943987,POST-HOC FIXED-ARRAY CHECKPOINT EVALUATION,True,b5dffceb42ce53a964f85cdc0f654629c00c5ac9fbafc8d822f7ba3ba88a48c1,/Users/arjunsharma/Documents/SandiaProjects/4-LDRDAMDIS/DIMSWE-study-d0eb615/external-results/test2b-rain-active-learning/production/representation-B/m1-seed0-m20-10k/checkpoint_000000100_parameters.npz
Test 2B,t2b-b-m1x,B,M1-X,M1-X,500,J_M1_X,X,TRAINING TRUTH SUPPORT,0.0002646960308906126,POST-HOC FIXED-ARRAY CHECKPOINT EVALUATION,True,b26e83c7970f3b18dc5d42368c1d8792ffb2295745056a0283cf9891640b1b65,/Users/arjunsharma/Documents/SandiaProjects/4-LDRDAMDIS/DIMSWE-study-d0eb615/external-results/test2b-rain-active-learning/production/representation-B/m1-seed0-m20-10k/checkpoint_000000500_parameters.npz
Test 2B,t2b-b-m1x,B,M1-X,M1-X,1000,J_M1_X,X,TRAINING TRUTH SUPPORT,0.00015518569762137022,POST-HOC FIXED-ARRAY CHECKPOINT EVALUATION,True,3c50d0bcbecd34c861b3312354bb8539c67462687dfd49f207f9fb9797972ced,/Users/arjunsharma/Documents/SandiaProjects/4-LDRDAMDIS/DIMSWE-study-d0eb615/external-results/test2b-rain-active-learning/production/representation-B/m1-seed0-m20-10k/checkpoint_000001000_parameters.npz
Test 2B,t2b-b-m1x,B,M1-X,M1-X,5000,J_M1_X,X,TRAINING TRUTH SUPPORT,0.0001181533860419287,POST-HOC FIXED-ARRAY CHECKPOINT EVALUATION,True,1c06c5fee6164959e789f73c83a7a4b362156b55a21f345c79a767126589d016,/Users/arjunsharma/Documents/SandiaProjects/4-LDRDAMDIS/DIMSWE-study-d0eb615/external-results/test2b-rain-active-learning/production/representation-B/m1-seed0-m20-10k/checkpoint_000005000_parameters.npz
Test 2B,t2b-b-m1x,B,M1-X,M1-X,10000,J_M1_X,X,TRAINING TRUTH SUPPORT,4.0727693178163705e-05,POST-HOC FIXED-ARRAY CHECKPOINT EVALUATION,True,cfc9d3da6a8d07d74ae17e3d9a5beabe434e63b8005e95df4a1925c3a63c609c,/Users/arjunsharma/Documents/SandiaProjects/4-LDRDAMDIS/DIMSWE-study-d0eb615/external-results/test2b-rain-active-learning/production/representation-B/m1-seed0-m20-10k/checkpoint_000010000_parameters.npz
Test 2B,t2b-b-m1y,B,M1-Y,M1-Y,0,J_M1_Y,Y,TRAINING TRUTH SUPPORT,0.9491142757431879,POST-HOC FIXED-ARRAY CHECKPOINT EVALUATION,True,cfadd9f3ee02a78c5b3a946b88c039d9f7ed34e719325ff22c92e1fe4afac056,/Users/arjunsharma/Documents/SandiaProjects/4-LDRDAMDIS/DIMSWE-feature-study-20260828/m1y_test2b_20260828_workspace/external-results/m1y-test2b-20260828/production/representation-B/m1y-seed0-m20-10k/checkpoint_000000000_parameters.npz
Test 2B,t2b-b-m1y,B,M1-Y,M1-Y,1,J_M1_Y,Y,TRAINING TRUTH SUPPORT,0.7611138863288753,POST-HOC FIXED-ARRAY CHECKPOINT EVALUATION,True,7e21d5fd4326a68b324dcf79771d230ce522118b758c07ba04037564c9882809,/Users/arjunsharma/Documents/SandiaProjects/4-LDRDAMDIS/DIMSWE-feature-study-20260828/m1y_test2b_20260828_workspace/external-results/m1y-test2b-20260828/production/representation-B/m1y-seed0-m20-10k/checkpoint_000000001_parameters.npz
Test 2B,t2b-b-m1y,B,M1-Y,M1-Y,5,J_M1_Y,Y,TRAINING TRUTH SUPPORT,0.3509832760358692,POST-HOC FIXED-ARRAY CHECKPOINT EVALUATION,True,b62514206777a98739ece9947719f52b29ee501eac27f4691073e686a66cb70a,/Users/arjunsharma/Documents/SandiaProjects/4-LDRDAMDIS/DIMSWE-feature-study-20260828/m1y_test2b_20260828_workspace/external-results/m1y-test2b-20260828/production/representation-B/m1y-seed0-m20-10k/checkpoint_000000005_parameters.npz
Test 2B,t2b-b-m1y,B,M1-Y,M1-Y,10,J_M1_Y,Y,TRAINING TRUTH SUPPORT,0.20174153079259377,POST-HOC FIXED-ARRAY CHECKPOINT EVALUATION,True,bb4de844fcfef20f82290fc8b30e2b398ab6cfe2d89dd4a872f0736a42fdcfce,/Users/arjunsharma/Documents/SandiaProjects/4-LDRDAMDIS/DIMSWE-feature-study-20260828/m1y_test2b_20260828_workspace/external-results/m1y-test2b-20260828/production/representation-B/m1y-seed0-m20-10k/checkpoint_000000010_parameters.npz
Test 2B,t2b-b-m1y,B,M1-Y,M1-Y,20,J_M1_Y,Y,TRAINING TRUTH SUPPORT,0.10875946040236915,POST-HOC FIXED-ARRAY CHECKPOINT EVALUATION,True,c9a4f98d97f1f6953dcd85433f7be653e7883230266f03b17b18086f0d40ea25,/Users/arjunsharma/Documents/SandiaProjects/4-LDRDAMDIS/DIMSWE-feature-study-20260828/m1y_test2b_20260828_workspace/external-results/m1y-test2b-20260828/production/representation-B/m1y-seed0-m20-10k/checkpoint_000000020_parameters.npz
Test 2B,t2b-b-m1y,B,M1-Y,M1-Y,100,J_M1_Y,Y,TRAINING TRUTH SUPPORT,0.00871641133995097,POST-HOC FIXED-ARRAY CHECKPOINT EVALUATION,True,072a66c244feb3e131e39076536d26459c9b1fddd03e03f8d5351813bcd7480d,/Users/arjunsharma/Documents/SandiaProjects/4-LDRDAMDIS/DIMSWE-feature-study-20260828/m1y_test2b_20260828_workspace/external-results/m1y-test2b-20260828/production/representation-B/m1y-seed0-m20-10k/checkpoint_000000100_parameters.npz
Test 2B,t2b-b-m1y,B,M1-Y,M1-Y,500,J_M1_Y,Y,TRAINING TRUTH SUPPORT,0.00036244711688153484,POST-HOC FIXED-ARRAY CHECKPOINT EVALUATION,True,8ea767ed1ba7b80c8e2cda0e2d85c0ee4f97956f1b7f8a59508d0517fc8a3757,/Users/arjunsharma/Documents/SandiaProjects/4-LDRDAMDIS/DIMSWE-feature-study-20260828/m1y_test2b_20260828_workspace/external-results/m1y-test2b-20260828/production/representation-B/m1y-seed0-m20-10k/checkpoint_000000500_parameters.npz
Test 2B,t2b-b-m1y,B,M1-Y,M1-Y,1000,J_M1_Y,Y,TRAINING TRUTH SUPPORT,0.00030171430069108934,POST-HOC FIXED-ARRAY CHECKPOINT EVALUATION,True,74d785bb4b2c130bfae950ef22df57c98bfdce6fa493ee39f113168a450966ac,/Users/arjunsharma/Documents/SandiaProjects/4-LDRDAMDIS/DIMSWE-feature-study-20260828/m1y_test2b_20260828_workspace/external-results/m1y-test2b-20260828/production/representation-B/m1y-seed0-m20-10k/checkpoint_000001000_parameters.npz
Test 2B,t2b-b-m1y,B,M1-Y,M1-Y,5000,J_M1_Y,Y,TRAINING TRUTH SUPPORT,0.00010639499739054616,POST-HOC FIXED-ARRAY CHECKPOINT EVALUATION,True,a818a53f28b060e65e50e8ceebb29cfc077f8392c2259c2b54bca92270f59b38,/Users/arjunsharma/Documents/SandiaProjects/4-LDRDAMDIS/DIMSWE-feature-study-20260828/m1y_test2b_20260828_workspace/external-results/m1y-test2b-20260828/production/representation-B/m1y-seed0-m20-10k/checkpoint_000005000_parameters.npz
Test 2B,t2b-b-m1y,B,M1-Y,M1-Y,10000,J_M1_Y,Y,TRAINING TRUTH SUPPORT,3.261043519805743e-05,POST-HOC FIXED-ARRAY CHECKPOINT EVALUATION,True,1adbd173137cbf10928ee4b25865258fc97f74b3c2c4c0a09cfd8629020566ab,/Users/arjunsharma/Documents/SandiaProjects/4-LDRDAMDIS/DIMSWE-feature-study-20260828/m1y_test2b_20260828_workspace/external-results/m1y-test2b-20260828/production/representation-B/m1y-seed0-m20-10k/checkpoint_000010000_parameters.npz
Test 2B,t2b-b-m2x-independent,B,M2-X-independent,M2-X,0,J_M2_X,X_n*,TRAINING TRUTH SUPPORT,0.9351960271502675,POST-HOC FIXED-MAP CHECKPOINT EVALUATION,True,cfadd9f3ee02a78c5b3a946b88c039d9f7ed34e719325ff22c92e1fe4afac056,/Users/arjunsharma/Documents/SandiaProjects/4-LDRDAMDIS/DIMSWE-study-d0eb615/external-results/test2b-rain-active-learning/production/representation-B/m2x-seed0-m20-10k/checkpoint_000000000_parameters.npz
Test 2B,t2b-b-m2x-independent,B,M2-X-independent,M2-X,1,J_M2_X,X_n*,TRAINING TRUTH SUPPORT,0.7366505472402304,POST-HOC FIXED-MAP CHECKPOINT EVALUATION,True,b72770a50e619b860ce548c1de920cb7006472bdaac5681bdf66a9d5b19f73de,/Users/arjunsharma/Documents/SandiaProjects/4-LDRDAMDIS/DIMSWE-study-d0eb615/external-results/test2b-rain-active-learning/production/representation-B/m2x-seed0-m20-10k/checkpoint_000000001_parameters.npz
Test 2B,t2b-b-m2x-independent,B,M2-X-independent,M2-X,5,J_M2_X,X_n*,TRAINING TRUTH SUPPORT,0.3393953355734343,POST-HOC FIXED-MAP CHECKPOINT EVALUATION,True,473811d8d48da1778d25f436ffac3d5379fb42aef0183cfed4d9d45e24986266,/Users/arjunsharma/Documents/SandiaProjects/4-LDRDAMDIS/DIMSWE-study-d0eb615/external-results/test2b-rain-active-learning/production/representation-B/m2x-seed0-m20-10k/checkpoint_000000005_parameters.npz
Test 2B,t2b-b-m2x-independent,B,M2-X-independent,M2-X,10,J_M2_X,X_n*,TRAINING TRUTH SUPPORT,0.18821313669583226,POST-HOC FIXED-MAP CHECKPOINT EVALUATION,True,60ec5e2c683e71d49bce996fef8991e6e69745aa9171aa747df66b61b38551b8,/Users/arjunsharma/Documents/SandiaProjects/4-LDRDAMDIS/DIMSWE-study-d0eb615/external-results/test2b-rain-active-learning/production/representation-B/m2x-seed0-m20-10k/checkpoint_000000010_parameters.npz
Test 2B,t2b-b-m2x-independent,B,M2-X-independent,M2-X,20,J_M2_X,X_n*,TRAINING TRUTH SUPPORT,0.08409138563508953,POST-HOC FIXED-MAP CHECKPOINT EVALUATION,True,0f2bb502bc5824453be54b30b0166b6784b90b19f936e446225f2e6a9be42578,/Users/arjunsharma/Documents/SandiaProjects/4-LDRDAMDIS/DIMSWE-study-d0eb615/external-results/test2b-rain-active-learning/production/representation-B/m2x-seed0-m20-10k/checkpoint_000000020_parameters.npz
Test 2B,t2b-b-m2x-independent,B,M2-X-independent,M2-X,100,J_M2_X,X_n*,TRAINING TRUTH SUPPORT,0.002516631870306511,POST-HOC FIXED-MAP CHECKPOINT EVALUATION,True,6d866b809303a06bfbbf46441aeb9d539389a1dd3e587bc2b0d8ebe0c3c70364,/Users/arjunsharma/Documents/SandiaProjects/4-LDRDAMDIS/DIMSWE-study-d0eb615/external-results/test2b-rain-active-learning/production/representation-B/m2x-seed0-m20-10k/checkpoint_000000100_parameters.npz
Test 2B,t2b-b-m2x-independent,B,M2-X-independent,M2-X,500,J_M2_X,X_n*,TRAINING TRUTH SUPPORT,0.00011844534049660279,POST-HOC FIXED-MAP CHECKPOINT EVALUATION,True,7a9be2bd9f569d2f512ee5d9713809c0c4bef7343667d3900c8ccb7cbf90439a,/Users/arjunsharma/Documents/SandiaProjects/4-LDRDAMDIS/DIMSWE-study-d0eb615/external-results/test2b-rain-active-learning/production/representation-B/m2x-seed0-m20-10k/checkpoint_000000500_parameters.npz
Test 2B,t2b-b-m2x-independent,B,M2-X-independent,M2-X,1000,J_M2_X,X_n*,TRAINING TRUTH SUPPORT,0.00010012013319209911,POST-HOC FIXED-MAP CHECKPOINT EVALUATION,True,ae00048b51af46e5a47797580057548a38e5de742ba2e66c55fd97115f635f0f,/Users/arjunsharma/Documents/SandiaProjects/4-LDRDAMDIS/DIMSWE-study-d0eb615/external-results/test2b-rain-active-learning/production/representation-B/m2x-seed0-m20-10k/checkpoint_000001000_parameters.npz
Test 2B,t2b-b-m2x-independent,B,M2-X-independent,M2-X,5000,J_M2_X,X_n*,TRAINING TRUTH SUPPORT,5.2577071110612056e-05,POST-HOC FIXED-MAP CHECKPOINT EVALUATION,True,d3082ecf6a90bfeddce5fccb56859d724d89df9d19563c50a9dab202fa02e2c1,/Users/arjunsharma/Documents/SandiaProjects/4-LDRDAMDIS/DIMSWE-study-d0eb615/external-results/test2b-rain-active-learning/production/representation-B/m2x-seed0-m20-10k/checkpoint_000005000_parameters.npz
Test 2B,t2b-b-m2x-independent,B,M2-X-independent,M2-X,10000,J_M2_X,X_n*,TRAINING TRUTH SUPPORT,1.863373258646678e-05,POST-HOC FIXED-MAP CHECKPOINT EVALUATION,True,8292c556c31e15a303cc9010d9174149ab46cf31ce6ef385ffcb22d406b9b74a,/Users/arjunsharma/Documents/SandiaProjects/4-LDRDAMDIS/DIMSWE-study-d0eb615/external-results/test2b-rain-active-learning/production/representation-B/m2x-seed0-m20-10k/checkpoint_000010000_parameters.npz
Test 2B,t2b-b-m2x-warm,B,warm M2-X,M2-X,0,J_M2_X,X_n*,TRAINING TRUTH SUPPORT,2.6983137744699252e-05,POST-HOC FIXED-MAP CHECKPOINT EVALUATION,True,cfc9d3da6a8d07d74ae17e3d9a5beabe434e63b8005e95df4a1925c3a63c609c,/Users/arjunsharma/Documents/SandiaProjects/4-LDRDAMDIS/DIMSWE-study-d0eb615/external-results/test2b-rain-active-learning/production/representation-B/m1-to-m2x-m20-5k/checkpoint_000000000_parameters.npz
Test 2B,t2b-b-m2x-warm,B,warm M2-X,M2-X,1,J_M2_X,X_n*,TRAINING TRUTH SUPPORT,2.6982969857897836e-05,POST-HOC FIXED-MAP CHECKPOINT EVALUATION,True,949635c066b457a8b40332d081f6d5560f287828ded97615d9664c50568d8137,/Users/arjunsharma/Documents/SandiaProjects/4-LDRDAMDIS/DIMSWE-study-d0eb615/external-results/test2b-rain-active-learning/production/representation-B/m1-to-m2x-m20-5k/checkpoint_000000001_parameters.npz
Test 2B,t2b-b-m2x-warm,B,warm M2-X,M2-X,5,J_M2_X,X_n*,TRAINING TRUTH SUPPORT,2.697250998064131e-05,POST-HOC FIXED-MAP CHECKPOINT EVALUATION,True,5c693fae50c61e91e5b4799780df1ed5d57f8e797523943ffcc1f6055597addb,/Users/arjunsharma/Documents/SandiaProjects/4-LDRDAMDIS/DIMSWE-study-d0eb615/external-results/test2b-rain-active-learning/production/representation-B/m1-to-m2x-m20-5k/checkpoint_000000005_parameters.npz
Test 2B,t2b-b-m2x-warm,B,warm M2-X,M2-X,10,J_M2_X,X_n*,TRAINING TRUTH SUPPORT,2.6956964435328037e-05,POST-HOC FIXED-MAP CHECKPOINT EVALUATION,True,8b7404766f99ed9e1bb9cd8a0a5fa69795b6a7679d26790f364ad3be8e136f26,/Users/arjunsharma/Documents/SandiaProjects/4-LDRDAMDIS/DIMSWE-study-d0eb615/external-results/test2b-rain-active-learning/production/representation-B/m1-to-m2x-m20-5k/checkpoint_000000010_parameters.npz
Test 2B,t2b-b-m2x-warm,B,warm M2-X,M2-X,20,J_M2_X,X_n*,TRAINING TRUTH SUPPORT,2.6886319366161283e-05,POST-HOC FIXED-MAP CHECKPOINT EVALUATION,True,2cb47c1af4bdc1959d83156e3dda2a22972a7c7739ffdf0185444a066ab56d73,/Users/arjunsharma/Documents/SandiaProjects/4-LDRDAMDIS/DIMSWE-study-d0eb615/external-results/test2b-rain-active-learning/production/representation-B/m1-to-m2x-m20-5k/checkpoint_000000020_parameters.npz
Test 2B,t2b-b-m2x-warm,B,warm M2-X,M2-X,100,J_M2_X,X_n*,TRAINING TRUTH SUPPORT,2.650678018743514e-05,POST-HOC FIXED-MAP CHECKPOINT EVALUATION,True,fce19bf3c70c511a1f07df236ee5d22b7ca10a3d48800d0b9c58b9b7c046107a,/Users/arjunsharma/Documents/SandiaProjects/4-LDRDAMDIS/DIMSWE-study-d0eb615/external-results/test2b-rain-active-learning/production/representation-B/m1-to-m2x-m20-5k/checkpoint_000000100_parameters.npz
Test 2B,t2b-b-m2x-warm,B,warm M2-X,M2-X,500,J_M2_X,X_n*,TRAINING TRUTH SUPPORT,2.492732635329863e-05,POST-HOC FIXED-MAP CHECKPOINT EVALUATION,True,ca396fefd400f12c5b9a0249ca93ff5822539d93b1316c3d9f1bedccde989285,/Users/arjunsharma/Documents/SandiaProjects/4-LDRDAMDIS/DIMSWE-study-d0eb615/external-results/test2b-rain-active-learning/production/representation-B/m1-to-m2x-m20-5k/checkpoint_000000500_parameters.npz
Test 2B,t2b-b-m2x-warm,B,warm M2-X,M2-X,1000,J_M2_X,X_n*,TRAINING TRUTH SUPPORT,2.3122286497560376e-05,POST-HOC FIXED-MAP CHECKPOINT EVALUATION,True,fd1f1548aa71feb929dba5a667a70f1f41660ca8845807850c0b09405bf840d9,/Users/arjunsharma/Documents/SandiaProjects/4-LDRDAMDIS/DIMSWE-study-d0eb615/external-results/test2b-rain-active-learning/production/representation-B/m1-to-m2x-m20-5k/checkpoint_000001000_parameters.npz
Test 2B,t2b-b-m2x-warm,B,warm M2-X,M2-X,5000,J_M2_X,X_n*,TRAINING TRUTH SUPPORT,1.4814244410556754e-05,POST-HOC FIXED-MAP CHECKPOINT EVALUATION,True,5e1bca9a6345f9bcd0360aa3e7e3feeef2cb2b2ac960e00106a7779e8d7892db,/Users/arjunsharma/Documents/SandiaProjects/4-LDRDAMDIS/DIMSWE-study-d0eb615/external-results/test2b-rain-active-learning/production/representation-B/m1-to-m2x-m20-5k/checkpoint_000005000_parameters.npz
Test 2B,t2b-b-h1,B,H1,H1,0,J_H1,Y_n*=P(X_n*),TRAINING TRUTH SUPPORT,0.00022321605852819912,POST-HOC FIXED-MAP CHECKPOINT EVALUATION,True,cfc9d3da6a8d07d74ae17e3d9a5beabe434e63b8005e95df4a1925c3a63c609c,/Users/arjunsharma/Documents/SandiaProjects/4-LDRDAMDIS/DIMSWE-study-d0eb615/external-results/test2b-rain-active-learning/production/representation-B/h1-from-m1-m20-5k/checkpoint_000000000_parameters.npz
Test 2B,t2b-b-h1,B,H1,H1,1,J_H1,Y_n*=P(X_n*),TRAINING TRUTH SUPPORT,0.00020501295565528366,POST-HOC FIXED-MAP CHECKPOINT EVALUATION,True,d22668e2aed362752e7fed1ea514fa7726bd095e4a78b16f0649cb8a288ba7e3,/Users/arjunsharma/Documents/SandiaProjects/4-LDRDAMDIS/DIMSWE-study-d0eb615/external-results/test2b-rain-active-learning/production/representation-B/h1-from-m1-m20-5k/checkpoint_000000001_parameters.npz
Test 2B,t2b-b-h1,B,H1,H1,5,J_H1,Y_n*=P(X_n*),TRAINING TRUTH SUPPORT,0.00018277294829121456,POST-HOC FIXED-MAP CHECKPOINT EVALUATION,True,17a2b9ee15ffdf1069bd0c17f2b82195e018460ee934c60ca92ea41df9722147,/Users/arjunsharma/Documents/SandiaProjects/4-LDRDAMDIS/DIMSWE-study-d0eb615/external-results/test2b-rain-active-learning/production/representation-B/h1-from-m1-m20-5k/checkpoint_000000005_parameters.npz
Test 2B,t2b-b-h1,B,H1,H1,10,J_H1,Y_n*=P(X_n*),TRAINING TRUTH SUPPORT,0.00013174050637115755,POST-HOC FIXED-MAP CHECKPOINT EVALUATION,True,cc79175e2ab1b3382d6eab0c2a01268596db05cb3aa0d5f0be037eb14490dc6b,/Users/arjunsharma/Documents/SandiaProjects/4-LDRDAMDIS/DIMSWE-study-d0eb615/external-results/test2b-rain-active-learning/production/representation-B/h1-from-m1-m20-5k/checkpoint_000000010_parameters.npz
Test 2B,t2b-b-h1,B,H1,H1,20,J_H1,Y_n*=P(X_n*),TRAINING TRUTH SUPPORT,0.00011873736133676852,POST-HOC FIXED-MAP CHECKPOINT EVALUATION,True,6a6818ee68e0a0e69eff6d0e4ca3f9872948a10f71f72d24dc6046bd4cd7730b,/Users/arjunsharma/Documents/SandiaProjects/4-LDRDAMDIS/DIMSWE-study-d0eb615/external-results/test2b-rain-active-learning/production/representation-B/h1-from-m1-m20-5k/checkpoint_000000020_parameters.npz
Test 2B,t2b-b-h1,B,H1,H1,100,J_H1,Y_n*=P(X_n*),TRAINING TRUTH SUPPORT,8.081725316017496e-05,POST-HOC FIXED-MAP CHECKPOINT EVALUATION,True,9370fc528568f1e95bf674e111b58b738056e258b7736901e245bc32925630d7,/Users/arjunsharma/Documents/SandiaProjects/4-LDRDAMDIS/DIMSWE-study-d0eb615/external-results/test2b-rain-active-learning/production/representation-B/h1-from-m1-m20-5k/checkpoint_000000100_parameters.npz
Test 2B,t2b-b-h1,B,H1,H1,500,J_H1,Y_n*=P(X_n*),TRAINING TRUTH SUPPORT,6.056265016235022e-05,POST-HOC FIXED-MAP CHECKPOINT EVALUATION,True,f067cdc8fd26ac6bdc7a2df9a505490950dde1646875d0d8d21ceb9f2e6fac84,/Users/arjunsharma/Documents/SandiaProjects/4-LDRDAMDIS/DIMSWE-study-d0eb615/external-results/test2b-rain-active-learning/production/representation-B/h1-from-m1-m20-5k/checkpoint_000000500_parameters.npz
Test 2B,t2b-b-h1,B,H1,H1,1000,J_H1,Y_n*=P(X_n*),TRAINING TRUTH SUPPORT,5.049268541097489e-05,POST-HOC FIXED-MAP CHECKPOINT EVALUATION,True,a2a5d8be94d04ecb9d7bc2aa2b96ea9d2f0561b61340a20edfce955ff25e9f7a,/Users/arjunsharma/Documents/SandiaProjects/4-LDRDAMDIS/DIMSWE-study-d0eb615/external-results/test2b-rain-active-learning/production/representation-B/h1-from-m1-m20-5k/checkpoint_000001000_parameters.npz
Test 2B,t2b-b-h1,B,H1,H1,5000,J_H1,Y_n*=P(X_n*),TRAINING TRUTH SUPPORT,2.2820014210665148e-05,POST-HOC FIXED-MAP CHECKPOINT EVALUATION,True,9ebda59a2f74f1522e595b854a06f7c1af01ef9c85a734dc0aab1996c7ac5e03,/Users/arjunsharma/Documents/SandiaProjects/4-LDRDAMDIS/DIMSWE-study-d0eb615/external-results/test2b-rain-active-learning/production/representation-B/h1-from-m1-m20-5k/checkpoint_000005000_parameters.npz
Test 2B,t2b-b-h2,B,H2,H2,0,J_H2,recursive model state,TRAINING TRUTH WINDOWS,3.99499252746403e-05,EXISTING DIAGNOSTIC INITIAL ENDPOINT,True,,
Test 2B,t2b-b-h2,B,H2,H2,20,J_H2,recursive model state,TRAINING TRUTH WINDOWS,3.990593206801135e-05,RECORDED TRAINING FINAL ENDPOINT,True,,
Test 2B,t2b-b-h5,B,H5,H5,0,J_H5,recursive model state,TRAINING TRUTH WINDOWS,7.420138285232397e-05,EXISTING DIAGNOSTIC INITIAL ENDPOINT,True,,
Test 2B,t2b-b-h5,B,H5,H5,20,J_H5,recursive model state,TRAINING TRUTH WINDOWS,7.397756301974212e-05,RECORDED TRAINING FINAL ENDPOINT,True,,
Test 2B,t2b-c-m1x,C,M1-X,M1-X,0,J_M1_X,X,TRAINING TRUTH SUPPORT,1.1563488778876658,POST-HOC FIXED-ARRAY CHECKPOINT EVALUATION,True,e52dd73e3f97d44adf4d55354b1c8d9a9b252186a17cae4ad09410270b86df1e,/Users/arjunsharma/Documents/SandiaProjects/4-LDRDAMDIS/DIMSWE-study-d0eb615/external-results/test2b-rain-active-learning/production/representation-C/m1-seed0-m20-10k/checkpoint_000000000_parameters.npz
Test 2B,t2b-c-m1x,C,M1-X,M1-X,1,J_M1_X,X,TRAINING TRUTH SUPPORT,0.9026154733335935,POST-HOC FIXED-ARRAY CHECKPOINT EVALUATION,True,f26bfb15e0fc2cdc59dbbf1bf83e6e961b8377803f5366df07e078779b1c76c8,/Users/arjunsharma/Documents/SandiaProjects/4-LDRDAMDIS/DIMSWE-study-d0eb615/external-results/test2b-rain-active-learning/production/representation-C/m1-seed0-m20-10k/checkpoint_000000001_parameters.npz
Test 2B,t2b-c-m1x,C,M1-X,M1-X,5,J_M1_X,X,TRAINING TRUTH SUPPORT,0.45618387376584957,POST-HOC FIXED-ARRAY CHECKPOINT EVALUATION,True,4e4a56f01a887079d02e7a81a45c5f4d3c42422c90975ba77e831767ee8330bd,/Users/arjunsharma/Documents/SandiaProjects/4-LDRDAMDIS/DIMSWE-study-d0eb615/external-results/test2b-rain-active-learning/production/representation-C/m1-seed0-m20-10k/checkpoint_000000005_parameters.npz
Test 2B,t2b-c-m1x,C,M1-X,M1-X,10,J_M1_X,X,TRAINING TRUTH SUPPORT,0.2376768917995648,POST-HOC FIXED-ARRAY CHECKPOINT EVALUATION,True,a538b18da65f17ddc4b2373531d402129c2ba9181a52360d224f8d4cfdf6a16d,/Users/arjunsharma/Documents/SandiaProjects/4-LDRDAMDIS/DIMSWE-study-d0eb615/external-results/test2b-rain-active-learning/production/representation-C/m1-seed0-m20-10k/checkpoint_000000010_parameters.npz
Test 2B,t2b-c-m1x,C,M1-X,M1-X,20,J_M1_X,X,TRAINING TRUTH SUPPORT,0.09563194984138909,POST-HOC FIXED-ARRAY CHECKPOINT EVALUATION,True,0139d284d4e95e71bedfad21186b3396537d549ed498eff6a25e9f2ee26021e6,/Users/arjunsharma/Documents/SandiaProjects/4-LDRDAMDIS/DIMSWE-study-d0eb615/external-results/test2b-rain-active-learning/production/representation-C/m1-seed0-m20-10k/checkpoint_000000020_parameters.npz
Test 2B,t2b-c-m1x,C,M1-X,M1-X,100,J_M1_X,X,TRAINING TRUTH SUPPORT,0.0038513952521297924,POST-HOC FIXED-ARRAY CHECKPOINT EVALUATION,True,f0c45c4cdf7526d545eb5a5a5d3602610e7ebed1a1c62887cde4bcc8d635a003,/Users/arjunsharma/Documents/SandiaProjects/4-LDRDAMDIS/DIMSWE-study-d0eb615/external-results/test2b-rain-active-learning/production/representation-C/m1-seed0-m20-10k/checkpoint_000000100_parameters.npz
Test 2B,t2b-c-m1x,C,M1-X,M1-X,500,J_M1_X,X,TRAINING TRUTH SUPPORT,0.001339256588420824,POST-HOC FIXED-ARRAY CHECKPOINT EVALUATION,True,eb88d834da7567eb284cca2d0e5f79f80ef9f3a06a27337689f88225f583d8bf,/Users/arjunsharma/Documents/SandiaProjects/4-LDRDAMDIS/DIMSWE-study-d0eb615/external-results/test2b-rain-active-learning/production/representation-C/m1-seed0-m20-10k/checkpoint_000000500_parameters.npz
Test 2B,t2b-c-m1x,C,M1-X,M1-X,1000,J_M1_X,X,TRAINING TRUTH SUPPORT,0.00017186555089659445,POST-HOC FIXED-ARRAY CHECKPOINT EVALUATION,True,b504a1531824273ae3751ed1d454042031e51a511aec9d3e3af183d0f824e50d,/Users/arjunsharma/Documents/SandiaProjects/4-LDRDAMDIS/DIMSWE-study-d0eb615/external-results/test2b-rain-active-learning/production/representation-C/m1-seed0-m20-10k/checkpoint_000001000_parameters.npz
Test 2B,t2b-c-m1x,C,M1-X,M1-X,5000,J_M1_X,X,TRAINING TRUTH SUPPORT,0.00011471507735781692,POST-HOC FIXED-ARRAY CHECKPOINT EVALUATION,True,f0a2b8a6759b2f8fd03e028abf3ed7e26a2f60bd55d1387d03037e7329658ab0,/Users/arjunsharma/Documents/SandiaProjects/4-LDRDAMDIS/DIMSWE-study-d0eb615/external-results/test2b-rain-active-learning/production/representation-C/m1-seed0-m20-10k/checkpoint_000005000_parameters.npz
Test 2B,t2b-c-m1x,C,M1-X,M1-X,10000,J_M1_X,X,TRAINING TRUTH SUPPORT,3.869751976556204e-05,POST-HOC FIXED-ARRAY CHECKPOINT EVALUATION,True,8ad9c8017c9304827d8e9e73392c3a9503f7de05a38b86baf52f4351c35615e4,/Users/arjunsharma/Documents/SandiaProjects/4-LDRDAMDIS/DIMSWE-study-d0eb615/external-results/test2b-rain-active-learning/production/representation-C/m1-seed0-m20-10k/checkpoint_000010000_parameters.npz
Test 2B,t2b-c-m1y,C,M1-Y,M1-Y,0,J_M1_Y,Y,TRAINING TRUTH SUPPORT,1.159404925157391,POST-HOC FIXED-ARRAY CHECKPOINT EVALUATION,True,e52dd73e3f97d44adf4d55354b1c8d9a9b252186a17cae4ad09410270b86df1e,/Users/arjunsharma/Documents/SandiaProjects/4-LDRDAMDIS/DIMSWE-feature-study-20260828/m1y_test2b_20260828_workspace/external-results/m1y-test2b-20260828/production/representation-C/m1y-seed0-m20-10k/checkpoint_000000000_parameters.npz
Test 2B,t2b-c-m1y,C,M1-Y,M1-Y,1,J_M1_Y,Y,TRAINING TRUTH SUPPORT,0.9068386478297175,POST-HOC FIXED-ARRAY CHECKPOINT EVALUATION,True,70a20f3e965d70a1ffba55e174d37b0bd0bfa4e24bcf87b9e4ac0e2039521563,/Users/arjunsharma/Documents/SandiaProjects/4-LDRDAMDIS/DIMSWE-feature-study-20260828/m1y_test2b_20260828_workspace/external-results/m1y-test2b-20260828/production/representation-C/m1y-seed0-m20-10k/checkpoint_000000001_parameters.npz
Test 2B,t2b-c-m1y,C,M1-Y,M1-Y,5,J_M1_Y,Y,TRAINING TRUTH SUPPORT,0.46162830592574744,POST-HOC FIXED-ARRAY CHECKPOINT EVALUATION,True,4ea93be6c50caa7428685930a31bc41d36279cc261f30af4439626ac64319e86,/Users/arjunsharma/Documents/SandiaProjects/4-LDRDAMDIS/DIMSWE-feature-study-20260828/m1y_test2b_20260828_workspace/external-results/m1y-test2b-20260828/production/representation-C/m1y-seed0-m20-10k/checkpoint_000000005_parameters.npz
Test 2B,t2b-c-m1y,C,M1-Y,M1-Y,10,J_M1_Y,Y,TRAINING TRUTH SUPPORT,0.24084195631918362,POST-HOC FIXED-ARRAY CHECKPOINT EVALUATION,True,50ccf516591d7d6ef6adbeac4ae218aeca1d8da3019e7beb66bb0dd9ca2a6023,/Users/arjunsharma/Documents/SandiaProjects/4-LDRDAMDIS/DIMSWE-feature-study-20260828/m1y_test2b_20260828_workspace/external-results/m1y-test2b-20260828/production/representation-C/m1y-seed0-m20-10k/checkpoint_000000010_parameters.npz
Test 2B,t2b-c-m1y,C,M1-Y,M1-Y,20,J_M1_Y,Y,TRAINING TRUTH SUPPORT,0.08464332458994417,POST-HOC FIXED-ARRAY CHECKPOINT EVALUATION,True,277ab160f144c4e0834f61a64609cf87fa4cccf050f0eda20d15c3c60365a31d,/Users/arjunsharma/Documents/SandiaProjects/4-LDRDAMDIS/DIMSWE-feature-study-20260828/m1y_test2b_20260828_workspace/external-results/m1y-test2b-20260828/production/representation-C/m1y-seed0-m20-10k/checkpoint_000000020_parameters.npz
Test 2B,t2b-c-m1y,C,M1-Y,M1-Y,100,J_M1_Y,Y,TRAINING TRUTH SUPPORT,0.004033561927618359,POST-HOC FIXED-ARRAY CHECKPOINT EVALUATION,True,c68a400fd4df1d7bf2bed8dd29a862f43240dd7fe4e3c630cddbf875e347ed4f,/Users/arjunsharma/Documents/SandiaProjects/4-LDRDAMDIS/DIMSWE-feature-study-20260828/m1y_test2b_20260828_workspace/external-results/m1y-test2b-20260828/production/representation-C/m1y-seed0-m20-10k/checkpoint_000000100_parameters.npz
Test 2B,t2b-c-m1y,C,M1-Y,M1-Y,500,J_M1_Y,Y,TRAINING TRUTH SUPPORT,0.0015894264775895004,POST-HOC FIXED-ARRAY CHECKPOINT EVALUATION,True,a743ba6ab3c02dd807c54e48602eebc780496ea6ddb75e0c2074e460d04ee01a,/Users/arjunsharma/Documents/SandiaProjects/4-LDRDAMDIS/DIMSWE-feature-study-20260828/m1y_test2b_20260828_workspace/external-results/m1y-test2b-20260828/production/representation-C/m1y-seed0-m20-10k/checkpoint_000000500_parameters.npz
Test 2B,t2b-c-m1y,C,M1-Y,M1-Y,1000,J_M1_Y,Y,TRAINING TRUTH SUPPORT,0.0003254417494615223,POST-HOC FIXED-ARRAY CHECKPOINT EVALUATION,True,ec7c68cb44678957beff2996e4a93fe260a2e7ad3cc0f4be0eee1abd51e14d91,/Users/arjunsharma/Documents/SandiaProjects/4-LDRDAMDIS/DIMSWE-feature-study-20260828/m1y_test2b_20260828_workspace/external-results/m1y-test2b-20260828/production/representation-C/m1y-seed0-m20-10k/checkpoint_000001000_parameters.npz
Test 2B,t2b-c-m1y,C,M1-Y,M1-Y,5000,J_M1_Y,Y,TRAINING TRUTH SUPPORT,0.0001355903470211379,POST-HOC FIXED-ARRAY CHECKPOINT EVALUATION,True,9e4f428d51911deee1713b983bb7a1e5be6d08362fb1e77640301842a9b85d8b,/Users/arjunsharma/Documents/SandiaProjects/4-LDRDAMDIS/DIMSWE-feature-study-20260828/m1y_test2b_20260828_workspace/external-results/m1y-test2b-20260828/production/representation-C/m1y-seed0-m20-10k/checkpoint_000005000_parameters.npz
Test 2B,t2b-c-m1y,C,M1-Y,M1-Y,10000,J_M1_Y,Y,TRAINING TRUTH SUPPORT,3.8058600673884094e-05,POST-HOC FIXED-ARRAY CHECKPOINT EVALUATION,True,c8da7ea375ced0f692210f97097e069f9d5757b6bead22b7a4a10d9a265d8a65,/Users/arjunsharma/Documents/SandiaProjects/4-LDRDAMDIS/DIMSWE-feature-study-20260828/m1y_test2b_20260828_workspace/external-results/m1y-test2b-20260828/production/representation-C/m1y-seed0-m20-10k/checkpoint_000010000_parameters.npz
Test 2B,t2b-c-m2x-independent,C,M2-X-independent,M2-X,0,J_M2_X,X_n*,TRAINING TRUTH SUPPORT,1.2245927856502428,POST-HOC FIXED-MAP CHECKPOINT EVALUATION,True,e52dd73e3f97d44adf4d55354b1c8d9a9b252186a17cae4ad09410270b86df1e,/Users/arjunsharma/Documents/SandiaProjects/4-LDRDAMDIS/DIMSWE-study-d0eb615/external-results/test2b-rain-active-learning/production/representation-C/m2x-seed0-m20-10k/checkpoint_000000000_parameters.npz
Test 2B,t2b-c-m2x-independent,C,M2-X-independent,M2-X,1,J_M2_X,X_n*,TRAINING TRUTH SUPPORT,0.9421391759803646,POST-HOC FIXED-MAP CHECKPOINT EVALUATION,True,064aa6c1a42ee6f14b00c9741e8aafd5805dd3db200260c731f2527937939213,/Users/arjunsharma/Documents/SandiaProjects/4-LDRDAMDIS/DIMSWE-study-d0eb615/external-results/test2b-rain-active-learning/production/representation-C/m2x-seed0-m20-10k/checkpoint_000000001_parameters.npz
Test 2B,t2b-c-m2x-independent,C,M2-X-independent,M2-X,5,J_M2_X,X_n*,TRAINING TRUTH SUPPORT,0.39380707343251414,POST-HOC FIXED-MAP CHECKPOINT EVALUATION,True,ce4153b758745f4ee22526b3505aae8e1bf7a8e2c78342427b23a12895acbfd3,/Users/arjunsharma/Documents/SandiaProjects/4-LDRDAMDIS/DIMSWE-study-d0eb615/external-results/test2b-rain-active-learning/production/representation-C/m2x-seed0-m20-10k/checkpoint_000000005_parameters.npz
Test 2B,t2b-c-m2x-independent,C,M2-X-independent,M2-X,10,J_M2_X,X_n*,TRAINING TRUTH SUPPORT,0.1749643747590833,POST-HOC FIXED-MAP CHECKPOINT EVALUATION,True,022c8ca95296bef619e90df515ae0a5ca74894c6b6fc2e97fa40ca5a36c8b547,/Users/arjunsharma/Documents/SandiaProjects/4-LDRDAMDIS/DIMSWE-study-d0eb615/external-results/test2b-rain-active-learning/production/representation-C/m2x-seed0-m20-10k/checkpoint_000000010_parameters.npz
Test 2B,t2b-c-m2x-independent,C,M2-X-independent,M2-X,20,J_M2_X,X_n*,TRAINING TRUTH SUPPORT,0.06541714498731287,POST-HOC FIXED-MAP CHECKPOINT EVALUATION,True,3118c505bf9b00d1b0d69314ddc96d44d56236f1e93a0596ded004a93b48c97c,/Users/arjunsharma/Documents/SandiaProjects/4-LDRDAMDIS/DIMSWE-study-d0eb615/external-results/test2b-rain-active-learning/production/representation-C/m2x-seed0-m20-10k/checkpoint_000000020_parameters.npz
Test 2B,t2b-c-m2x-independent,C,M2-X-independent,M2-X,100,J_M2_X,X_n*,TRAINING TRUTH SUPPORT,0.0013658774137441509,POST-HOC FIXED-MAP CHECKPOINT EVALUATION,True,c0de408131ce6c721a19ff2f1c0154e582b563a2de6342bc56de9189b6754407,/Users/arjunsharma/Documents/SandiaProjects/4-LDRDAMDIS/DIMSWE-study-d0eb615/external-results/test2b-rain-active-learning/production/representation-C/m2x-seed0-m20-10k/checkpoint_000000100_parameters.npz
Test 2B,t2b-c-m2x-independent,C,M2-X-independent,M2-X,500,J_M2_X,X_n*,TRAINING TRUTH SUPPORT,0.00015869768584813497,POST-HOC FIXED-MAP CHECKPOINT EVALUATION,True,d4da121b0d2e41701bdf7bb72c7b000fcc3a102ee260e7eaa091d3466258fd31,/Users/arjunsharma/Documents/SandiaProjects/4-LDRDAMDIS/DIMSWE-study-d0eb615/external-results/test2b-rain-active-learning/production/representation-C/m2x-seed0-m20-10k/checkpoint_000000500_parameters.npz
Test 2B,t2b-c-m2x-independent,C,M2-X-independent,M2-X,1000,J_M2_X,X_n*,TRAINING TRUTH SUPPORT,0.00010144551159639248,POST-HOC FIXED-MAP CHECKPOINT EVALUATION,True,c47b75a501bacd45e728aef61e9f3a26cabb5227159dfe8da48370fef18ef6fc,/Users/arjunsharma/Documents/SandiaProjects/4-LDRDAMDIS/DIMSWE-study-d0eb615/external-results/test2b-rain-active-learning/production/representation-C/m2x-seed0-m20-10k/checkpoint_000001000_parameters.npz
Test 2B,t2b-c-m2x-independent,C,M2-X-independent,M2-X,5000,J_M2_X,X_n*,TRAINING TRUTH SUPPORT,6.132703873096825e-05,POST-HOC FIXED-MAP CHECKPOINT EVALUATION,True,d0912117abb69cbde94cd7271b345463141eca96ccc4bcf9a435ebf8248906c9,/Users/arjunsharma/Documents/SandiaProjects/4-LDRDAMDIS/DIMSWE-study-d0eb615/external-results/test2b-rain-active-learning/production/representation-C/m2x-seed0-m20-10k/checkpoint_000005000_parameters.npz
Test 2B,t2b-c-m2x-independent,C,M2-X-independent,M2-X,10000,J_M2_X,X_n*,TRAINING TRUTH SUPPORT,1.538900036045785e-05,POST-HOC FIXED-MAP CHECKPOINT EVALUATION,True,4a51c90c2b1916da51affcec49f89461c391c7862300cb72a192ccf843244fc3,/Users/arjunsharma/Documents/SandiaProjects/4-LDRDAMDIS/DIMSWE-study-d0eb615/external-results/test2b-rain-active-learning/production/representation-C/m2x-seed0-m20-10k/checkpoint_000010000_parameters.npz
Test 2B,t2b-c-m2x-warm,C,warm M2-X,M2-X,0,J_M2_X,X_n*,TRAINING TRUTH SUPPORT,2.910555341715176e-05,POST-HOC FIXED-MAP CHECKPOINT EVALUATION,True,8ad9c8017c9304827d8e9e73392c3a9503f7de05a38b86baf52f4351c35615e4,/Users/arjunsharma/Documents/SandiaProjects/4-LDRDAMDIS/DIMSWE-study-d0eb615/external-results/test2b-rain-active-learning/production/representation-C/m1-to-m2x-m20-5k/checkpoint_000000000_parameters.npz
Test 2B,t2b-c-m2x-warm,C,warm M2-X,M2-X,1,J_M2_X,X_n*,TRAINING TRUTH SUPPORT,2.9084931378101337e-05,POST-HOC FIXED-MAP CHECKPOINT EVALUATION,True,2d793264ca4ee40a1a5b3acad41f4f6656f3a3d57491c1c4b02c6922a16f878f,/Users/arjunsharma/Documents/SandiaProjects/4-LDRDAMDIS/DIMSWE-study-d0eb615/external-results/test2b-rain-active-learning/production/representation-C/m1-to-m2x-m20-5k/checkpoint_000000001_parameters.npz
Test 2B,t2b-c-m2x-warm,C,warm M2-X,M2-X,5,J_M2_X,X_n*,TRAINING TRUTH SUPPORT,2.900557643061351e-05,POST-HOC FIXED-MAP CHECKPOINT EVALUATION,True,4e7c89c72e300371a3e588a78d79b93222086434832dd9a99c60a85d0ac784fe,/Users/arjunsharma/Documents/SandiaProjects/4-LDRDAMDIS/DIMSWE-study-d0eb615/external-results/test2b-rain-active-learning/production/representation-C/m1-to-m2x-m20-5k/checkpoint_000000005_parameters.npz
Test 2B,t2b-c-m2x-warm,C,warm M2-X,M2-X,10,J_M2_X,X_n*,TRAINING TRUTH SUPPORT,2.8919396449513086e-05,POST-HOC FIXED-MAP CHECKPOINT EVALUATION,True,7046bda06844fe0b4a62cfb8bffa07a467563822b75f4af12df44ad0de6d850e,/Users/arjunsharma/Documents/SandiaProjects/4-LDRDAMDIS/DIMSWE-study-d0eb615/external-results/test2b-rain-active-learning/production/representation-C/m1-to-m2x-m20-5k/checkpoint_000000010_parameters.npz
Test 2B,t2b-c-m2x-warm,C,warm M2-X,M2-X,20,J_M2_X,X_n*,TRAINING TRUTH SUPPORT,2.8793007234852332e-05,POST-HOC FIXED-MAP CHECKPOINT EVALUATION,True,706a0938c3966208c38d138c6c813892303094fd06091a4f547d6471b614402c,/Users/arjunsharma/Documents/SandiaProjects/4-LDRDAMDIS/DIMSWE-study-d0eb615/external-results/test2b-rain-active-learning/production/representation-C/m1-to-m2x-m20-5k/checkpoint_000000020_parameters.npz
Test 2B,t2b-c-m2x-warm,C,warm M2-X,M2-X,100,J_M2_X,X_n*,TRAINING TRUTH SUPPORT,2.8365444650602146e-05,POST-HOC FIXED-MAP CHECKPOINT EVALUATION,True,13baf8493fddb33d18b513b8a92f5b11fc2d7f84d8a37a4d79504d2cb0620b4d,/Users/arjunsharma/Documents/SandiaProjects/4-LDRDAMDIS/DIMSWE-study-d0eb615/external-results/test2b-rain-active-learning/production/representation-C/m1-to-m2x-m20-5k/checkpoint_000000100_parameters.npz
Test 2B,t2b-c-m2x-warm,C,warm M2-X,M2-X,500,J_M2_X,X_n*,TRAINING TRUTH SUPPORT,2.698632263715826e-05,POST-HOC FIXED-MAP CHECKPOINT EVALUATION,True,b6fa5946f0814bc1d6c8648bba4bae340534ed690354ea3ca2932ead34fb5874,/Users/arjunsharma/Documents/SandiaProjects/4-LDRDAMDIS/DIMSWE-study-d0eb615/external-results/test2b-rain-active-learning/production/representation-C/m1-to-m2x-m20-5k/checkpoint_000000500_parameters.npz
Test 2B,t2b-c-m2x-warm,C,warm M2-X,M2-X,1000,J_M2_X,X_n*,TRAINING TRUTH SUPPORT,2.5341651145941735e-05,POST-HOC FIXED-MAP CHECKPOINT EVALUATION,True,1a07334d3392b4e5f892b08f4b0f3843f0238a0c58e36e9abe6b48e6aec52d12,/Users/arjunsharma/Documents/SandiaProjects/4-LDRDAMDIS/DIMSWE-study-d0eb615/external-results/test2b-rain-active-learning/production/representation-C/m1-to-m2x-m20-5k/checkpoint_000001000_parameters.npz
Test 2B,t2b-c-m2x-warm,C,warm M2-X,M2-X,5000,J_M2_X,X_n*,TRAINING TRUTH SUPPORT,1.4039537322282988e-05,POST-HOC FIXED-MAP CHECKPOINT EVALUATION,True,5b698bb87885a7faa9cc888de15ff75bac2661796c7bb9a31ddd788cd7270c11,/Users/arjunsharma/Documents/SandiaProjects/4-LDRDAMDIS/DIMSWE-study-d0eb615/external-results/test2b-rain-active-learning/production/representation-C/m1-to-m2x-m20-5k/checkpoint_000005000_parameters.npz
Test 2B,t2b-c-h1,C,H1,H1,0,J_H1,Y_n*=P(X_n*),TRAINING TRUTH SUPPORT,0.0002729769270888485,POST-HOC FIXED-MAP CHECKPOINT EVALUATION,True,8ad9c8017c9304827d8e9e73392c3a9503f7de05a38b86baf52f4351c35615e4,/Users/arjunsharma/Documents/SandiaProjects/4-LDRDAMDIS/DIMSWE-study-d0eb615/external-results/test2b-rain-active-learning/production/representation-C/h1-from-m1-m20-5k/checkpoint_000000000_parameters.npz
Test 2B,t2b-c-h1,C,H1,H1,1,J_H1,Y_n*=P(X_n*),TRAINING TRUTH SUPPORT,0.0002512048249272274,POST-HOC FIXED-MAP CHECKPOINT EVALUATION,True,4a38862c803dabb3acf1340a94b17e98fd0da2d987660e6e53e7ba55c06daf15,/Users/arjunsharma/Documents/SandiaProjects/4-LDRDAMDIS/DIMSWE-study-d0eb615/external-results/test2b-rain-active-learning/production/representation-C/h1-from-m1-m20-5k/checkpoint_000000001_parameters.npz
Test 2B,t2b-c-h1,C,H1,H1,5,J_H1,Y_n*=P(X_n*),TRAINING TRUTH SUPPORT,0.00022225014272643336,POST-HOC FIXED-MAP CHECKPOINT EVALUATION,True,63ef21c669455becad428056bb25563be1e864311c655018ef3edd62114b429b,/Users/arjunsharma/Documents/SandiaProjects/4-LDRDAMDIS/DIMSWE-study-d0eb615/external-results/test2b-rain-active-learning/production/representation-C/h1-from-m1-m20-5k/checkpoint_000000005_parameters.npz
Test 2B,t2b-c-h1,C,H1,H1,10,J_H1,Y_n*=P(X_n*),TRAINING TRUTH SUPPORT,0.00016588853632649048,POST-HOC FIXED-MAP CHECKPOINT EVALUATION,True,a2702fd49e9406c419270b8f01611e07c571d304bc4b922a2b59a2215f4158a1,/Users/arjunsharma/Documents/SandiaProjects/4-LDRDAMDIS/DIMSWE-study-d0eb615/external-results/test2b-rain-active-learning/production/representation-C/h1-from-m1-m20-5k/checkpoint_000000010_parameters.npz
Test 2B,t2b-c-h1,C,H1,H1,20,J_H1,Y_n*=P(X_n*),TRAINING TRUTH SUPPORT,0.00014696791697803706,POST-HOC FIXED-MAP CHECKPOINT EVALUATION,True,590949aede38e6ba9cdad96e5d8972ed0329335b1bbeda1ce1a5d2704fb45227,/Users/arjunsharma/Documents/SandiaProjects/4-LDRDAMDIS/DIMSWE-study-d0eb615/external-results/test2b-rain-active-learning/production/representation-C/h1-from-m1-m20-5k/checkpoint_000000020_parameters.npz
Test 2B,t2b-c-h1,C,H1,H1,100,J_H1,Y_n*=P(X_n*),TRAINING TRUTH SUPPORT,0.00012196764004768813,POST-HOC FIXED-MAP CHECKPOINT EVALUATION,True,28b2c1c3bef0019eaa34643085fe88caefff213ba1588c310848bf46e437f5c4,/Users/arjunsharma/Documents/SandiaProjects/4-LDRDAMDIS/DIMSWE-study-d0eb615/external-results/test2b-rain-active-learning/production/representation-C/h1-from-m1-m20-5k/checkpoint_000000100_parameters.npz
Test 2B,t2b-c-h1,C,H1,H1,500,J_H1,Y_n*=P(X_n*),TRAINING TRUTH SUPPORT,9.541784536262772e-05,POST-HOC FIXED-MAP CHECKPOINT EVALUATION,True,40d9b1024db4f65bf9dcb72a1150bd3be0a80d57e2053366e1ee5ff8831fda07,/Users/arjunsharma/Documents/SandiaProjects/4-LDRDAMDIS/DIMSWE-study-d0eb615/external-results/test2b-rain-active-learning/production/representation-C/h1-from-m1-m20-5k/checkpoint_000000500_parameters.npz
Test 2B,t2b-c-h1,C,H1,H1,1000,J_H1,Y_n*=P(X_n*),TRAINING TRUTH SUPPORT,7.845821628543794e-05,POST-HOC FIXED-MAP CHECKPOINT EVALUATION,True,c76a29ff554221a16c4de208de7702c1d021ed50d22a2472f4bf57f2443831de,/Users/arjunsharma/Documents/SandiaProjects/4-LDRDAMDIS/DIMSWE-study-d0eb615/external-results/test2b-rain-active-learning/production/representation-C/h1-from-m1-m20-5k/checkpoint_000001000_parameters.npz
Test 2B,t2b-c-h1,C,H1,H1,5000,J_H1,Y_n*=P(X_n*),TRAINING TRUTH SUPPORT,3.426713133257584e-05,POST-HOC FIXED-MAP CHECKPOINT EVALUATION,True,c44aa9e8811aacb423570a3bcb2f819462d882931b929a7bee442bb8b9a1d1c3,/Users/arjunsharma/Documents/SandiaProjects/4-LDRDAMDIS/DIMSWE-study-d0eb615/external-results/test2b-rain-active-learning/production/representation-C/h1-from-m1-m20-5k/checkpoint_000005000_parameters.npz
Test 2B,t2b-c-h2,C,H2,H2,0,J_H2,recursive model state,TRAINING TRUTH WINDOWS,0.00023343392561144002,EXISTING DIAGNOSTIC INITIAL ENDPOINT,True,,
Test 2B,t2b-c-h2,C,H2,H2,20,J_H2,recursive model state,TRAINING TRUTH WINDOWS,0.00014003948998326003,RECORDED TRAINING FINAL ENDPOINT,True,,
Test 2B,t2b-c-h5,C,H5,H5,0,J_H5,recursive model state,TRAINING TRUTH WINDOWS,0.001527644917579688,EXISTING DIAGNOSTIC INITIAL ENDPOINT,True,,
Test 2B,t2b-c-h5,C,H5,H5,20,J_H5,recursive model state,TRAINING TRUTH WINDOWS,0.0007034132450114223,RECORDED TRAINING FINAL ENDPOINT,True,,
