run_id,physical_case,representation,model_label,trained_objective,checkpoint_iteration,checkpoint_parameter_pytree_sha256,checkpoint_npz_sha256,checkpoint_path,evaluation_state,support,state_first,state_last,support_use,quantity,metric,value
t2b-a-m1y,Test 2B,A,M1-Y,M1-Y,10000,ed838229022ef2ac38a29bb88c8e98f2c173b89e0573088036ad301f76f4e158,a7f98ffe462a89a00d9d2dedd4efb4531cd0feea6e1d64de0b5359bae5e31db4,/Users/arjunsharma/Documents/SandiaProjects/4-LDRDAMDIS/DIMSWE-feature-study-20260828/m1y_test2b_20260828_workspace/external-results/m1y-test2b-20260828/production/representation-A/m1y-seed0-m20-10k/checkpoint_000010000_parameters.npz,Y,TRAINING TRUTH SUPPORT,0,80,POST-HOC CHECKPOINT EVALUATION,A,correlation,0.9999876500431831
t2b-a-m1y,Test 2B,A,M1-Y,M1-Y,10000,ed838229022ef2ac38a29bb88c8e98f2c173b89e0573088036ad301f76f4e158,a7f98ffe462a89a00d9d2dedd4efb4531cd0feea6e1d64de0b5359bae5e31db4,/Users/arjunsharma/Documents/SandiaProjects/4-LDRDAMDIS/DIMSWE-feature-study-20260828/m1y_test2b_20260828_workspace/external-results/m1y-test2b-20260828/production/representation-A/m1y-seed0-m20-10k/checkpoint_000010000_parameters.npz,Y,TRAINING TRUTH SUPPORT,0,80,POST-HOC CHECKPOINT EVALUATION,A,cosine,0.9999878026014968
t2b-a-m1y,Test 2B,A,M1-Y,M1-Y,10000,ed838229022ef2ac38a29bb88c8e98f2c173b89e0573088036ad301f76f4e158,a7f98ffe462a89a00d9d2dedd4efb4531cd0feea6e1d64de0b5359bae5e31db4,/Users/arjunsharma/Documents/SandiaProjects/4-LDRDAMDIS/DIMSWE-feature-study-20260828/m1y_test2b_20260828_workspace/external-results/m1y-test2b-20260828/production/representation-A/m1y-seed0-m20-10k/checkpoint_000010000_parameters.npz,Y,TRAINING TRUTH SUPPORT,0,80,POST-HOC CHECKPOINT EVALUATION,A,maximum_absolute_error,2.3261996594433437e-08
t2b-a-m1y,Test 2B,A,M1-Y,M1-Y,10000,ed838229022ef2ac38a29bb88c8e98f2c173b89e0573088036ad301f76f4e158,a7f98ffe462a89a00d9d2dedd4efb4531cd0feea6e1d64de0b5359bae5e31db4,/Users/arjunsharma/Documents/SandiaProjects/4-LDRDAMDIS/DIMSWE-feature-study-20260828/m1y_test2b_20260828_workspace/external-results/m1y-test2b-20260828/production/representation-A/m1y-seed0-m20-10k/checkpoint_000010000_parameters.npz,Y,TRAINING TRUTH SUPPORT,0,80,POST-HOC CHECKPOINT EVALUATION,A,normalized_RMS_error,0.00494061822172226
t2b-a-m1y,Test 2B,A,M1-Y,M1-Y,10000,ed838229022ef2ac38a29bb88c8e98f2c173b89e0573088036ad301f76f4e158,a7f98ffe462a89a00d9d2dedd4efb4531cd0feea6e1d64de0b5359bae5e31db4,/Users/arjunsharma/Documents/SandiaProjects/4-LDRDAMDIS/DIMSWE-feature-study-20260828/m1y_test2b_20260828_workspace/external-results/m1y-test2b-20260828/production/representation-A/m1y-seed0-m20-10k/checkpoint_000010000_parameters.npz,Y,TRAINING TRUTH SUPPORT,0,80,POST-HOC CHECKPOINT EVALUATION,A,physical_RMS_error,4.472375406282922e-10
t2b-a-m1y,Test 2B,A,M1-Y,M1-Y,10000,ed838229022ef2ac38a29bb88c8e98f2c173b89e0573088036ad301f76f4e158,a7f98ffe462a89a00d9d2dedd4efb4531cd0feea6e1d64de0b5359bae5e31db4,/Users/arjunsharma/Documents/SandiaProjects/4-LDRDAMDIS/DIMSWE-feature-study-20260828/m1y_test2b_20260828_workspace/external-results/m1y-test2b-20260828/production/representation-A/m1y-seed0-m20-10k/checkpoint_000010000_parameters.npz,Y,TRAINING TRUTH SUPPORT,0,80,POST-HOC CHECKPOINT EVALUATION,A,prediction_RMS,9.054667223892541e-08
t2b-a-m1y,Test 2B,A,M1-Y,M1-Y,10000,ed838229022ef2ac38a29bb88c8e98f2c173b89e0573088036ad301f76f4e158,a7f98ffe462a89a00d9d2dedd4efb4531cd0feea6e1d64de0b5359bae5e31db4,/Users/arjunsharma/Documents/SandiaProjects/4-LDRDAMDIS/DIMSWE-feature-study-20260828/m1y_test2b_20260828_workspace/external-results/m1y-test2b-20260828/production/representation-A/m1y-seed0-m20-10k/checkpoint_000010000_parameters.npz,Y,TRAINING TRUTH SUPPORT,0,80,POST-HOC CHECKPOINT EVALUATION,A,relative_RMS_error,0.004939139215395303
t2b-a-m1y,Test 2B,A,M1-Y,M1-Y,10000,ed838229022ef2ac38a29bb88c8e98f2c173b89e0573088036ad301f76f4e158,a7f98ffe462a89a00d9d2dedd4efb4531cd0feea6e1d64de0b5359bae5e31db4,/Users/arjunsharma/Documents/SandiaProjects/4-LDRDAMDIS/DIMSWE-feature-study-20260828/m1y_test2b_20260828_workspace/external-results/m1y-test2b-20260828/production/representation-A/m1y-seed0-m20-10k/checkpoint_000010000_parameters.npz,Y,TRAINING TRUTH SUPPORT,0,80,POST-HOC CHECKPOINT EVALUATION,A,sample_count,5308416
t2b-a-m1y,Test 2B,A,M1-Y,M1-Y,10000,ed838229022ef2ac38a29bb88c8e98f2c173b89e0573088036ad301f76f4e158,a7f98ffe462a89a00d9d2dedd4efb4531cd0feea6e1d64de0b5359bae5e31db4,/Users/arjunsharma/Documents/SandiaProjects/4-LDRDAMDIS/DIMSWE-feature-study-20260828/m1y_test2b_20260828_workspace/external-results/m1y-test2b-20260828/production/representation-A/m1y-seed0-m20-10k/checkpoint_000010000_parameters.npz,Y,TRAINING TRUTH SUPPORT,0,80,POST-HOC CHECKPOINT EVALUATION,A,signed_mass_weighted_bias,6.600577325107139e-13
t2b-a-m1y,Test 2B,A,M1-Y,M1-Y,10000,ed838229022ef2ac38a29bb88c8e98f2c173b89e0573088036ad301f76f4e158,a7f98ffe462a89a00d9d2dedd4efb4531cd0feea6e1d64de0b5359bae5e31db4,/Users/arjunsharma/Documents/SandiaProjects/4-LDRDAMDIS/DIMSWE-feature-study-20260828/m1y_test2b_20260828_workspace/external-results/m1y-test2b-20260828/production/representation-A/m1y-seed0-m20-10k/checkpoint_000010000_parameters.npz,Y,TRAINING TRUTH SUPPORT,0,80,POST-HOC CHECKPOINT EVALUATION,A,target_RMS,9.05496932004371e-08
t2b-a-m1y,Test 2B,A,M1-Y,M1-Y,10000,ed838229022ef2ac38a29bb88c8e98f2c173b89e0573088036ad301f76f4e158,a7f98ffe462a89a00d9d2dedd4efb4531cd0feea6e1d64de0b5359bae5e31db4,/Users/arjunsharma/Documents/SandiaProjects/4-LDRDAMDIS/DIMSWE-feature-study-20260828/m1y_test2b_20260828_workspace/external-results/m1y-test2b-20260828/production/representation-A/m1y-seed0-m20-10k/checkpoint_000010000_parameters.npz,Y,TRAINING TRUTH SUPPORT,0,80,POST-HOC CHECKPOINT EVALUATION,operator,denominator,2026212938570984.2
t2b-a-m1y,Test 2B,A,M1-Y,M1-Y,10000,ed838229022ef2ac38a29bb88c8e98f2c173b89e0573088036ad301f76f4e158,a7f98ffe462a89a00d9d2dedd4efb4531cd0feea6e1d64de0b5359bae5e31db4,/Users/arjunsharma/Documents/SandiaProjects/4-LDRDAMDIS/DIMSWE-feature-study-20260828/m1y_test2b_20260828_workspace/external-results/m1y-test2b-20260828/production/representation-A/m1y-seed0-m20-10k/checkpoint_000010000_parameters.npz,Y,TRAINING TRUTH SUPPORT,0,80,POST-HOC CHECKPOINT EVALUATION,operator,normalized_objective,2.439509618905571e-05
t2b-a-m1y,Test 2B,A,M1-Y,M1-Y,10000,ed838229022ef2ac38a29bb88c8e98f2c173b89e0573088036ad301f76f4e158,a7f98ffe462a89a00d9d2dedd4efb4531cd0feea6e1d64de0b5359bae5e31db4,/Users/arjunsharma/Documents/SandiaProjects/4-LDRDAMDIS/DIMSWE-feature-study-20260828/m1y_test2b_20260828_workspace/external-results/m1y-test2b-20260828/production/representation-A/m1y-seed0-m20-10k/checkpoint_000010000_parameters.npz,Y,TRAINING TRUTH SUPPORT,0,80,POST-HOC CHECKPOINT EVALUATION,operator,numerator,49429659535.94839
t2b-a-m1y,Test 2B,A,M1-Y,M1-Y,10000,ed838229022ef2ac38a29bb88c8e98f2c173b89e0573088036ad301f76f4e158,a7f98ffe462a89a00d9d2dedd4efb4531cd0feea6e1d64de0b5359bae5e31db4,/Users/arjunsharma/Documents/SandiaProjects/4-LDRDAMDIS/DIMSWE-feature-study-20260828/m1y_test2b_20260828_workspace/external-results/m1y-test2b-20260828/production/representation-A/m1y-seed0-m20-10k/checkpoint_000010000_parameters.npz,Y,HELD-OUT TRUTH SUPPORT,81,160,POST-HOC CHECKPOINT EVALUATION,A,correlation,0.43684172435499646
t2b-a-m1y,Test 2B,A,M1-Y,M1-Y,10000,ed838229022ef2ac38a29bb88c8e98f2c173b89e0573088036ad301f76f4e158,a7f98ffe462a89a00d9d2dedd4efb4531cd0feea6e1d64de0b5359bae5e31db4,/Users/arjunsharma/Documents/SandiaProjects/4-LDRDAMDIS/DIMSWE-feature-study-20260828/m1y_test2b_20260828_workspace/external-results/m1y-test2b-20260828/production/representation-A/m1y-seed0-m20-10k/checkpoint_000010000_parameters.npz,Y,HELD-OUT TRUTH SUPPORT,81,160,POST-HOC CHECKPOINT EVALUATION,A,cosine,0.4314964094172043
t2b-a-m1y,Test 2B,A,M1-Y,M1-Y,10000,ed838229022ef2ac38a29bb88c8e98f2c173b89e0573088036ad301f76f4e158,a7f98ffe462a89a00d9d2dedd4efb4531cd0feea6e1d64de0b5359bae5e31db4,/Users/arjunsharma/Documents/SandiaProjects/4-LDRDAMDIS/DIMSWE-feature-study-20260828/m1y_test2b_20260828_workspace/external-results/m1y-test2b-20260828/production/representation-A/m1y-seed0-m20-10k/checkpoint_000010000_parameters.npz,Y,HELD-OUT TRUTH SUPPORT,81,160,POST-HOC CHECKPOINT EVALUATION,A,maximum_absolute_error,8.878932298617488e-08
t2b-a-m1y,Test 2B,A,M1-Y,M1-Y,10000,ed838229022ef2ac38a29bb88c8e98f2c173b89e0573088036ad301f76f4e158,a7f98ffe462a89a00d9d2dedd4efb4531cd0feea6e1d64de0b5359bae5e31db4,/Users/arjunsharma/Documents/SandiaProjects/4-LDRDAMDIS/DIMSWE-feature-study-20260828/m1y_test2b_20260828_workspace/external-results/m1y-test2b-20260828/production/representation-A/m1y-seed0-m20-10k/checkpoint_000010000_parameters.npz,Y,HELD-OUT TRUTH SUPPORT,81,160,POST-HOC CHECKPOINT EVALUATION,A,normalized_RMS_error,0.0694090173185677
t2b-a-m1y,Test 2B,A,M1-Y,M1-Y,10000,ed838229022ef2ac38a29bb88c8e98f2c173b89e0573088036ad301f76f4e158,a7f98ffe462a89a00d9d2dedd4efb4531cd0feea6e1d64de0b5359bae5e31db4,/Users/arjunsharma/Documents/SandiaProjects/4-LDRDAMDIS/DIMSWE-feature-study-20260828/m1y_test2b_20260828_workspace/external-results/m1y-test2b-20260828/production/representation-A/m1y-seed0-m20-10k/checkpoint_000010000_parameters.npz,Y,HELD-OUT TRUTH SUPPORT,81,160,POST-HOC CHECKPOINT EVALUATION,A,physical_RMS_error,6.28308377815958e-09
t2b-a-m1y,Test 2B,A,M1-Y,M1-Y,10000,ed838229022ef2ac38a29bb88c8e98f2c173b89e0573088036ad301f76f4e158,a7f98ffe462a89a00d9d2dedd4efb4531cd0feea6e1d64de0b5359bae5e31db4,/Users/arjunsharma/Documents/SandiaProjects/4-LDRDAMDIS/DIMSWE-feature-study-20260828/m1y_test2b_20260828_workspace/external-results/m1y-test2b-20260828/production/representation-A/m1y-seed0-m20-10k/checkpoint_000010000_parameters.npz,Y,HELD-OUT TRUTH SUPPORT,81,160,POST-HOC CHECKPOINT EVALUATION,A,prediction_RMS,6.96151533841429e-09
t2b-a-m1y,Test 2B,A,M1-Y,M1-Y,10000,ed838229022ef2ac38a29bb88c8e98f2c173b89e0573088036ad301f76f4e158,a7f98ffe462a89a00d9d2dedd4efb4531cd0feea6e1d64de0b5359bae5e31db4,/Users/arjunsharma/Documents/SandiaProjects/4-LDRDAMDIS/DIMSWE-feature-study-20260828/m1y_test2b_20260828_workspace/external-results/m1y-test2b-20260828/production/representation-A/m1y-seed0-m20-10k/checkpoint_000010000_parameters.npz,Y,HELD-OUT TRUTH SUPPORT,81,160,POST-HOC CHECKPOINT EVALUATION,A,relative_RMS_error,2.236155470690119
t2b-a-m1y,Test 2B,A,M1-Y,M1-Y,10000,ed838229022ef2ac38a29bb88c8e98f2c173b89e0573088036ad301f76f4e158,a7f98ffe462a89a00d9d2dedd4efb4531cd0feea6e1d64de0b5359bae5e31db4,/Users/arjunsharma/Documents/SandiaProjects/4-LDRDAMDIS/DIMSWE-feature-study-20260828/m1y_test2b_20260828_workspace/external-results/m1y-test2b-20260828/production/representation-A/m1y-seed0-m20-10k/checkpoint_000010000_parameters.npz,Y,HELD-OUT TRUTH SUPPORT,81,160,POST-HOC CHECKPOINT EVALUATION,A,sample_count,5242880
t2b-a-m1y,Test 2B,A,M1-Y,M1-Y,10000,ed838229022ef2ac38a29bb88c8e98f2c173b89e0573088036ad301f76f4e158,a7f98ffe462a89a00d9d2dedd4efb4531cd0feea6e1d64de0b5359bae5e31db4,/Users/arjunsharma/Documents/SandiaProjects/4-LDRDAMDIS/DIMSWE-feature-study-20260828/m1y_test2b_20260828_workspace/external-results/m1y-test2b-20260828/production/representation-A/m1y-seed0-m20-10k/checkpoint_000010000_parameters.npz,Y,HELD-OUT TRUTH SUPPORT,81,160,POST-HOC CHECKPOINT EVALUATION,A,signed_mass_weighted_bias,7.13280869599951e-10
t2b-a-m1y,Test 2B,A,M1-Y,M1-Y,10000,ed838229022ef2ac38a29bb88c8e98f2c173b89e0573088036ad301f76f4e158,a7f98ffe462a89a00d9d2dedd4efb4531cd0feea6e1d64de0b5359bae5e31db4,/Users/arjunsharma/Documents/SandiaProjects/4-LDRDAMDIS/DIMSWE-feature-study-20260828/m1y_test2b_20260828_workspace/external-results/m1y-test2b-20260828/production/representation-A/m1y-seed0-m20-10k/checkpoint_000010000_parameters.npz,Y,HELD-OUT TRUTH SUPPORT,81,160,POST-HOC CHECKPOINT EVALUATION,A,target_RMS,2.8097705461510257e-09
t2b-a-m1y,Test 2B,A,M1-Y,M1-Y,10000,ed838229022ef2ac38a29bb88c8e98f2c173b89e0573088036ad301f76f4e158,a7f98ffe462a89a00d9d2dedd4efb4531cd0feea6e1d64de0b5359bae5e31db4,/Users/arjunsharma/Documents/SandiaProjects/4-LDRDAMDIS/DIMSWE-feature-study-20260828/m1y_test2b_20260828_workspace/external-results/m1y-test2b-20260828/production/representation-A/m1y-seed0-m20-10k/checkpoint_000010000_parameters.npz,Y,HELD-OUT TRUTH SUPPORT,81,160,POST-HOC CHECKPOINT EVALUATION,operator,denominator,1926893879538.3315
t2b-a-m1y,Test 2B,A,M1-Y,M1-Y,10000,ed838229022ef2ac38a29bb88c8e98f2c173b89e0573088036ad301f76f4e158,a7f98ffe462a89a00d9d2dedd4efb4531cd0feea6e1d64de0b5359bae5e31db4,/Users/arjunsharma/Documents/SandiaProjects/4-LDRDAMDIS/DIMSWE-feature-study-20260828/m1y_test2b_20260828_workspace/external-results/m1y-test2b-20260828/production/representation-A/m1y-seed0-m20-10k/checkpoint_000010000_parameters.npz,Y,HELD-OUT TRUTH SUPPORT,81,160,POST-HOC CHECKPOINT EVALUATION,operator,normalized_objective,5.000391289097345
t2b-a-m1y,Test 2B,A,M1-Y,M1-Y,10000,ed838229022ef2ac38a29bb88c8e98f2c173b89e0573088036ad301f76f4e158,a7f98ffe462a89a00d9d2dedd4efb4531cd0feea6e1d64de0b5359bae5e31db4,/Users/arjunsharma/Documents/SandiaProjects/4-LDRDAMDIS/DIMSWE-feature-study-20260828/m1y_test2b_20260828_workspace/external-results/m1y-test2b-20260828/production/representation-A/m1y-seed0-m20-10k/checkpoint_000010000_parameters.npz,Y,HELD-OUT TRUTH SUPPORT,81,160,POST-HOC CHECKPOINT EVALUATION,operator,numerator,9635223370258.46
t2b-a-h1,Test 2B,A,H1,H1,5000,73f39ca1e345256157890f7c918ac41a43684262e4ad11c9465bd35706b16f83,a6a7667217ce26fa3b392cacc5e70f087db97622804db0cdcf123f7e532516c1,/Users/arjunsharma/Documents/SandiaProjects/4-LDRDAMDIS/DIMSWE-study-d0eb615/external-results/test2b-rain-active-learning/production/representation-A/h1-from-m1-m20-5k/checkpoint_000005000_parameters.npz,Y,TRAINING TRUTH SUPPORT,0,80,POST-HOC CHECKPOINT EVALUATION,A,correlation,0.9999768606170344
t2b-a-h1,Test 2B,A,H1,H1,5000,73f39ca1e345256157890f7c918ac41a43684262e4ad11c9465bd35706b16f83,a6a7667217ce26fa3b392cacc5e70f087db97622804db0cdcf123f7e532516c1,/Users/arjunsharma/Documents/SandiaProjects/4-LDRDAMDIS/DIMSWE-study-d0eb615/external-results/test2b-rain-active-learning/production/representation-A/h1-from-m1-m20-5k/checkpoint_000005000_parameters.npz,Y,TRAINING TRUTH SUPPORT,0,80,POST-HOC CHECKPOINT EVALUATION,A,cosine,0.9999771464521776
t2b-a-h1,Test 2B,A,H1,H1,5000,73f39ca1e345256157890f7c918ac41a43684262e4ad11c9465bd35706b16f83,a6a7667217ce26fa3b392cacc5e70f087db97622804db0cdcf123f7e532516c1,/Users/arjunsharma/Documents/SandiaProjects/4-LDRDAMDIS/DIMSWE-study-d0eb615/external-results/test2b-rain-active-learning/production/representation-A/h1-from-m1-m20-5k/checkpoint_000005000_parameters.npz,Y,TRAINING TRUTH SUPPORT,0,80,POST-HOC CHECKPOINT EVALUATION,A,maximum_absolute_error,4.075512038382644e-08
t2b-a-h1,Test 2B,A,H1,H1,5000,73f39ca1e345256157890f7c918ac41a43684262e4ad11c9465bd35706b16f83,a6a7667217ce26fa3b392cacc5e70f087db97622804db0cdcf123f7e532516c1,/Users/arjunsharma/Documents/SandiaProjects/4-LDRDAMDIS/DIMSWE-study-d0eb615/external-results/test2b-rain-active-learning/production/representation-A/h1-from-m1-m20-5k/checkpoint_000005000_parameters.npz,Y,TRAINING TRUTH SUPPORT,0,80,POST-HOC CHECKPOINT EVALUATION,A,normalized_RMS_error,0.006762689544923176
t2b-a-h1,Test 2B,A,H1,H1,5000,73f39ca1e345256157890f7c918ac41a43684262e4ad11c9465bd35706b16f83,a6a7667217ce26fa3b392cacc5e70f087db97622804db0cdcf123f7e532516c1,/Users/arjunsharma/Documents/SandiaProjects/4-LDRDAMDIS/DIMSWE-study-d0eb615/external-results/test2b-rain-active-learning/production/representation-A/h1-from-m1-m20-5k/checkpoint_000005000_parameters.npz,Y,TRAINING TRUTH SUPPORT,0,80,POST-HOC CHECKPOINT EVALUATION,A,physical_RMS_error,6.121761496984844e-10
t2b-a-h1,Test 2B,A,H1,H1,5000,73f39ca1e345256157890f7c918ac41a43684262e4ad11c9465bd35706b16f83,a6a7667217ce26fa3b392cacc5e70f087db97622804db0cdcf123f7e532516c1,/Users/arjunsharma/Documents/SandiaProjects/4-LDRDAMDIS/DIMSWE-study-d0eb615/external-results/test2b-rain-active-learning/production/representation-A/h1-from-m1-m20-5k/checkpoint_000005000_parameters.npz,Y,TRAINING TRUTH SUPPORT,0,80,POST-HOC CHECKPOINT EVALUATION,A,prediction_RMS,9.054801950672174e-08
t2b-a-h1,Test 2B,A,H1,H1,5000,73f39ca1e345256157890f7c918ac41a43684262e4ad11c9465bd35706b16f83,a6a7667217ce26fa3b392cacc5e70f087db97622804db0cdcf123f7e532516c1,/Users/arjunsharma/Documents/SandiaProjects/4-LDRDAMDIS/DIMSWE-study-d0eb615/external-results/test2b-rain-active-learning/production/representation-A/h1-from-m1-m20-5k/checkpoint_000005000_parameters.npz,Y,TRAINING TRUTH SUPPORT,0,80,POST-HOC CHECKPOINT EVALUATION,A,relative_RMS_error,0.006760665089647474
t2b-a-h1,Test 2B,A,H1,H1,5000,73f39ca1e345256157890f7c918ac41a43684262e4ad11c9465bd35706b16f83,a6a7667217ce26fa3b392cacc5e70f087db97622804db0cdcf123f7e532516c1,/Users/arjunsharma/Documents/SandiaProjects/4-LDRDAMDIS/DIMSWE-study-d0eb615/external-results/test2b-rain-active-learning/production/representation-A/h1-from-m1-m20-5k/checkpoint_000005000_parameters.npz,Y,TRAINING TRUTH SUPPORT,0,80,POST-HOC CHECKPOINT EVALUATION,A,sample_count,5308416
t2b-a-h1,Test 2B,A,H1,H1,5000,73f39ca1e345256157890f7c918ac41a43684262e4ad11c9465bd35706b16f83,a6a7667217ce26fa3b392cacc5e70f087db97622804db0cdcf123f7e532516c1,/Users/arjunsharma/Documents/SandiaProjects/4-LDRDAMDIS/DIMSWE-study-d0eb615/external-results/test2b-rain-active-learning/production/representation-A/h1-from-m1-m20-5k/checkpoint_000005000_parameters.npz,Y,TRAINING TRUTH SUPPORT,0,80,POST-HOC CHECKPOINT EVALUATION,A,signed_mass_weighted_bias,6.411244079599411e-13
t2b-a-h1,Test 2B,A,H1,H1,5000,73f39ca1e345256157890f7c918ac41a43684262e4ad11c9465bd35706b16f83,a6a7667217ce26fa3b392cacc5e70f087db97622804db0cdcf123f7e532516c1,/Users/arjunsharma/Documents/SandiaProjects/4-LDRDAMDIS/DIMSWE-study-d0eb615/external-results/test2b-rain-active-learning/production/representation-A/h1-from-m1-m20-5k/checkpoint_000005000_parameters.npz,Y,TRAINING TRUTH SUPPORT,0,80,POST-HOC CHECKPOINT EVALUATION,A,target_RMS,9.05496932004371e-08
t2b-a-h1,Test 2B,A,H1,H1,5000,73f39ca1e345256157890f7c918ac41a43684262e4ad11c9465bd35706b16f83,a6a7667217ce26fa3b392cacc5e70f087db97622804db0cdcf123f7e532516c1,/Users/arjunsharma/Documents/SandiaProjects/4-LDRDAMDIS/DIMSWE-study-d0eb615/external-results/test2b-rain-active-learning/production/representation-A/h1-from-m1-m20-5k/checkpoint_000005000_parameters.npz,Y,TRAINING TRUTH SUPPORT,0,80,POST-HOC CHECKPOINT EVALUATION,operator,denominator,2026212938570984.2
t2b-a-h1,Test 2B,A,H1,H1,5000,73f39ca1e345256157890f7c918ac41a43684262e4ad11c9465bd35706b16f83,a6a7667217ce26fa3b392cacc5e70f087db97622804db0cdcf123f7e532516c1,/Users/arjunsharma/Documents/SandiaProjects/4-LDRDAMDIS/DIMSWE-study-d0eb615/external-results/test2b-rain-active-learning/production/representation-A/h1-from-m1-m20-5k/checkpoint_000005000_parameters.npz,Y,TRAINING TRUTH SUPPORT,0,80,POST-HOC CHECKPOINT EVALUATION,operator,normalized_objective,4.570659245437805e-05
t2b-a-h1,Test 2B,A,H1,H1,5000,73f39ca1e345256157890f7c918ac41a43684262e4ad11c9465bd35706b16f83,a6a7667217ce26fa3b392cacc5e70f087db97622804db0cdcf123f7e532516c1,/Users/arjunsharma/Documents/SandiaProjects/4-LDRDAMDIS/DIMSWE-study-d0eb615/external-results/test2b-rain-active-learning/production/representation-A/h1-from-m1-m20-5k/checkpoint_000005000_parameters.npz,Y,TRAINING TRUTH SUPPORT,0,80,POST-HOC CHECKPOINT EVALUATION,operator,numerator,92611289009.05173
t2b-a-h1,Test 2B,A,H1,H1,5000,73f39ca1e345256157890f7c918ac41a43684262e4ad11c9465bd35706b16f83,a6a7667217ce26fa3b392cacc5e70f087db97622804db0cdcf123f7e532516c1,/Users/arjunsharma/Documents/SandiaProjects/4-LDRDAMDIS/DIMSWE-study-d0eb615/external-results/test2b-rain-active-learning/production/representation-A/h1-from-m1-m20-5k/checkpoint_000005000_parameters.npz,Y,HELD-OUT TRUTH SUPPORT,81,160,POST-HOC CHECKPOINT EVALUATION,A,correlation,0.48413566563238164
t2b-a-h1,Test 2B,A,H1,H1,5000,73f39ca1e345256157890f7c918ac41a43684262e4ad11c9465bd35706b16f83,a6a7667217ce26fa3b392cacc5e70f087db97622804db0cdcf123f7e532516c1,/Users/arjunsharma/Documents/SandiaProjects/4-LDRDAMDIS/DIMSWE-study-d0eb615/external-results/test2b-rain-active-learning/production/representation-A/h1-from-m1-m20-5k/checkpoint_000005000_parameters.npz,Y,HELD-OUT TRUTH SUPPORT,81,160,POST-HOC CHECKPOINT EVALUATION,A,cosine,0.4839298977153895
t2b-a-h1,Test 2B,A,H1,H1,5000,73f39ca1e345256157890f7c918ac41a43684262e4ad11c9465bd35706b16f83,a6a7667217ce26fa3b392cacc5e70f087db97622804db0cdcf123f7e532516c1,/Users/arjunsharma/Documents/SandiaProjects/4-LDRDAMDIS/DIMSWE-study-d0eb615/external-results/test2b-rain-active-learning/production/representation-A/h1-from-m1-m20-5k/checkpoint_000005000_parameters.npz,Y,HELD-OUT TRUTH SUPPORT,81,160,POST-HOC CHECKPOINT EVALUATION,A,maximum_absolute_error,8.781971863060609e-08
t2b-a-h1,Test 2B,A,H1,H1,5000,73f39ca1e345256157890f7c918ac41a43684262e4ad11c9465bd35706b16f83,a6a7667217ce26fa3b392cacc5e70f087db97622804db0cdcf123f7e532516c1,/Users/arjunsharma/Documents/SandiaProjects/4-LDRDAMDIS/DIMSWE-study-d0eb615/external-results/test2b-rain-active-learning/production/representation-A/h1-from-m1-m20-5k/checkpoint_000005000_parameters.npz,Y,HELD-OUT TRUTH SUPPORT,81,160,POST-HOC CHECKPOINT EVALUATION,A,normalized_RMS_error,0.04113392451153721
t2b-a-h1,Test 2B,A,H1,H1,5000,73f39ca1e345256157890f7c918ac41a43684262e4ad11c9465bd35706b16f83,a6a7667217ce26fa3b392cacc5e70f087db97622804db0cdcf123f7e532516c1,/Users/arjunsharma/Documents/SandiaProjects/4-LDRDAMDIS/DIMSWE-study-d0eb615/external-results/test2b-rain-active-learning/production/representation-A/h1-from-m1-m20-5k/checkpoint_000005000_parameters.npz,Y,HELD-OUT TRUTH SUPPORT,81,160,POST-HOC CHECKPOINT EVALUATION,A,physical_RMS_error,3.723549242085904e-09
t2b-a-h1,Test 2B,A,H1,H1,5000,73f39ca1e345256157890f7c918ac41a43684262e4ad11c9465bd35706b16f83,a6a7667217ce26fa3b392cacc5e70f087db97622804db0cdcf123f7e532516c1,/Users/arjunsharma/Documents/SandiaProjects/4-LDRDAMDIS/DIMSWE-study-d0eb615/external-results/test2b-rain-active-learning/production/representation-A/h1-from-m1-m20-5k/checkpoint_000005000_parameters.npz,Y,HELD-OUT TRUTH SUPPORT,81,160,POST-HOC CHECKPOINT EVALUATION,A,prediction_RMS,4.155957907119165e-09
t2b-a-h1,Test 2B,A,H1,H1,5000,73f39ca1e345256157890f7c918ac41a43684262e4ad11c9465bd35706b16f83,a6a7667217ce26fa3b392cacc5e70f087db97622804db0cdcf123f7e532516c1,/Users/arjunsharma/Documents/SandiaProjects/4-LDRDAMDIS/DIMSWE-study-d0eb615/external-results/test2b-rain-active-learning/production/representation-A/h1-from-m1-m20-5k/checkpoint_000005000_parameters.npz,Y,HELD-OUT TRUTH SUPPORT,81,160,POST-HOC CHECKPOINT EVALUATION,A,relative_RMS_error,1.3252147038079751
t2b-a-h1,Test 2B,A,H1,H1,5000,73f39ca1e345256157890f7c918ac41a43684262e4ad11c9465bd35706b16f83,a6a7667217ce26fa3b392cacc5e70f087db97622804db0cdcf123f7e532516c1,/Users/arjunsharma/Documents/SandiaProjects/4-LDRDAMDIS/DIMSWE-study-d0eb615/external-results/test2b-rain-active-learning/production/representation-A/h1-from-m1-m20-5k/checkpoint_000005000_parameters.npz,Y,HELD-OUT TRUTH SUPPORT,81,160,POST-HOC CHECKPOINT EVALUATION,A,sample_count,5242880
t2b-a-h1,Test 2B,A,H1,H1,5000,73f39ca1e345256157890f7c918ac41a43684262e4ad11c9465bd35706b16f83,a6a7667217ce26fa3b392cacc5e70f087db97622804db0cdcf123f7e532516c1,/Users/arjunsharma/Documents/SandiaProjects/4-LDRDAMDIS/DIMSWE-study-d0eb615/external-results/test2b-rain-active-learning/production/representation-A/h1-from-m1-m20-5k/checkpoint_000005000_parameters.npz,Y,HELD-OUT TRUTH SUPPORT,81,160,POST-HOC CHECKPOINT EVALUATION,A,signed_mass_weighted_bias,-5.362857683466141e-10
t2b-a-h1,Test 2B,A,H1,H1,5000,73f39ca1e345256157890f7c918ac41a43684262e4ad11c9465bd35706b16f83,a6a7667217ce26fa3b392cacc5e70f087db97622804db0cdcf123f7e532516c1,/Users/arjunsharma/Documents/SandiaProjects/4-LDRDAMDIS/DIMSWE-study-d0eb615/external-results/test2b-rain-active-learning/production/representation-A/h1-from-m1-m20-5k/checkpoint_000005000_parameters.npz,Y,HELD-OUT TRUTH SUPPORT,81,160,POST-HOC CHECKPOINT EVALUATION,A,target_RMS,2.8097705461510257e-09
t2b-a-h1,Test 2B,A,H1,H1,5000,73f39ca1e345256157890f7c918ac41a43684262e4ad11c9465bd35706b16f83,a6a7667217ce26fa3b392cacc5e70f087db97622804db0cdcf123f7e532516c1,/Users/arjunsharma/Documents/SandiaProjects/4-LDRDAMDIS/DIMSWE-study-d0eb615/external-results/test2b-rain-active-learning/production/representation-A/h1-from-m1-m20-5k/checkpoint_000005000_parameters.npz,Y,HELD-OUT TRUTH SUPPORT,81,160,POST-HOC CHECKPOINT EVALUATION,operator,denominator,1926893879538.3315
t2b-a-h1,Test 2B,A,H1,H1,5000,73f39ca1e345256157890f7c918ac41a43684262e4ad11c9465bd35706b16f83,a6a7667217ce26fa3b392cacc5e70f087db97622804db0cdcf123f7e532516c1,/Users/arjunsharma/Documents/SandiaProjects/4-LDRDAMDIS/DIMSWE-study-d0eb615/external-results/test2b-rain-active-learning/production/representation-A/h1-from-m1-m20-5k/checkpoint_000005000_parameters.npz,Y,HELD-OUT TRUTH SUPPORT,81,160,POST-HOC CHECKPOINT EVALUATION,operator,normalized_objective,1.7561940111888583
t2b-a-h1,Test 2B,A,H1,H1,5000,73f39ca1e345256157890f7c918ac41a43684262e4ad11c9465bd35706b16f83,a6a7667217ce26fa3b392cacc5e70f087db97622804db0cdcf123f7e532516c1,/Users/arjunsharma/Documents/SandiaProjects/4-LDRDAMDIS/DIMSWE-study-d0eb615/external-results/test2b-rain-active-learning/production/representation-A/h1-from-m1-m20-5k/checkpoint_000005000_parameters.npz,Y,HELD-OUT TRUTH SUPPORT,81,160,POST-HOC CHECKPOINT EVALUATION,operator,numerator,3383999491441.683
t2b-a-h2,Test 2B,A,H2,H2,20,3e9b414ee32f1d702a7998d6a3508c3bbf7097a2c735dbafc3550a4ecf74c5df,2158c1e48bb422d13ea077cea9617be77aad1be76a5945ec0a5201a796a04ed3,/Users/arjunsharma/Documents/SandiaProjects/4-LDRDAMDIS/DIMSWE-study-d0eb615/external-results/test2b-rain-active-learning/production/representation-A/h2-from-h1-m20-20/checkpoint_000000020_parameters.npz,Y,TRAINING TRUTH SUPPORT,0,80,POST-HOC CHECKPOINT EVALUATION,A,correlation,0.9999768675412388
t2b-a-h2,Test 2B,A,H2,H2,20,3e9b414ee32f1d702a7998d6a3508c3bbf7097a2c735dbafc3550a4ecf74c5df,2158c1e48bb422d13ea077cea9617be77aad1be76a5945ec0a5201a796a04ed3,/Users/arjunsharma/Documents/SandiaProjects/4-LDRDAMDIS/DIMSWE-study-d0eb615/external-results/test2b-rain-active-learning/production/representation-A/h2-from-h1-m20-20/checkpoint_000000020_parameters.npz,Y,TRAINING TRUTH SUPPORT,0,80,POST-HOC CHECKPOINT EVALUATION,A,cosine,0.9999771533114284
t2b-a-h2,Test 2B,A,H2,H2,20,3e9b414ee32f1d702a7998d6a3508c3bbf7097a2c735dbafc3550a4ecf74c5df,2158c1e48bb422d13ea077cea9617be77aad1be76a5945ec0a5201a796a04ed3,/Users/arjunsharma/Documents/SandiaProjects/4-LDRDAMDIS/DIMSWE-study-d0eb615/external-results/test2b-rain-active-learning/production/representation-A/h2-from-h1-m20-20/checkpoint_000000020_parameters.npz,Y,TRAINING TRUTH SUPPORT,0,80,POST-HOC CHECKPOINT EVALUATION,A,maximum_absolute_error,4.0737732768898814e-08
t2b-a-h2,Test 2B,A,H2,H2,20,3e9b414ee32f1d702a7998d6a3508c3bbf7097a2c735dbafc3550a4ecf74c5df,2158c1e48bb422d13ea077cea9617be77aad1be76a5945ec0a5201a796a04ed3,/Users/arjunsharma/Documents/SandiaProjects/4-LDRDAMDIS/DIMSWE-study-d0eb615/external-results/test2b-rain-active-learning/production/representation-A/h2-from-h1-m20-20/checkpoint_000000020_parameters.npz,Y,TRAINING TRUTH SUPPORT,0,80,POST-HOC CHECKPOINT EVALUATION,A,normalized_RMS_error,0.006761812233208842
t2b-a-h2,Test 2B,A,H2,H2,20,3e9b414ee32f1d702a7998d6a3508c3bbf7097a2c735dbafc3550a4ecf74c5df,2158c1e48bb422d13ea077cea9617be77aad1be76a5945ec0a5201a796a04ed3,/Users/arjunsharma/Documents/SandiaProjects/4-LDRDAMDIS/DIMSWE-study-d0eb615/external-results/test2b-rain-active-learning/production/representation-A/h2-from-h1-m20-20/checkpoint_000000020_parameters.npz,Y,TRAINING TRUTH SUPPORT,0,80,POST-HOC CHECKPOINT EVALUATION,A,physical_RMS_error,6.120967331728848e-10
t2b-a-h2,Test 2B,A,H2,H2,20,3e9b414ee32f1d702a7998d6a3508c3bbf7097a2c735dbafc3550a4ecf74c5df,2158c1e48bb422d13ea077cea9617be77aad1be76a5945ec0a5201a796a04ed3,/Users/arjunsharma/Documents/SandiaProjects/4-LDRDAMDIS/DIMSWE-study-d0eb615/external-results/test2b-rain-active-learning/production/representation-A/h2-from-h1-m20-20/checkpoint_000000020_parameters.npz,Y,TRAINING TRUTH SUPPORT,0,80,POST-HOC CHECKPOINT EVALUATION,A,prediction_RMS,9.054369915527832e-08
t2b-a-h2,Test 2B,A,H2,H2,20,3e9b414ee32f1d702a7998d6a3508c3bbf7097a2c735dbafc3550a4ecf74c5df,2158c1e48bb422d13ea077cea9617be77aad1be76a5945ec0a5201a796a04ed3,/Users/arjunsharma/Documents/SandiaProjects/4-LDRDAMDIS/DIMSWE-study-d0eb615/external-results/test2b-rain-active-learning/production/representation-A/h2-from-h1-m20-20/checkpoint_000000020_parameters.npz,Y,TRAINING TRUTH SUPPORT,0,80,POST-HOC CHECKPOINT EVALUATION,A,relative_RMS_error,0.006759788040562131
t2b-a-h2,Test 2B,A,H2,H2,20,3e9b414ee32f1d702a7998d6a3508c3bbf7097a2c735dbafc3550a4ecf74c5df,2158c1e48bb422d13ea077cea9617be77aad1be76a5945ec0a5201a796a04ed3,/Users/arjunsharma/Documents/SandiaProjects/4-LDRDAMDIS/DIMSWE-study-d0eb615/external-results/test2b-rain-active-learning/production/representation-A/h2-from-h1-m20-20/checkpoint_000000020_parameters.npz,Y,TRAINING TRUTH SUPPORT,0,80,POST-HOC CHECKPOINT EVALUATION,A,sample_count,5308416
t2b-a-h2,Test 2B,A,H2,H2,20,3e9b414ee32f1d702a7998d6a3508c3bbf7097a2c735dbafc3550a4ecf74c5df,2158c1e48bb422d13ea077cea9617be77aad1be76a5945ec0a5201a796a04ed3,/Users/arjunsharma/Documents/SandiaProjects/4-LDRDAMDIS/DIMSWE-study-d0eb615/external-results/test2b-rain-active-learning/production/representation-A/h2-from-h1-m20-20/checkpoint_000000020_parameters.npz,Y,TRAINING TRUTH SUPPORT,0,80,POST-HOC CHECKPOINT EVALUATION,A,signed_mass_weighted_bias,6.764616716239189e-14
t2b-a-h2,Test 2B,A,H2,H2,20,3e9b414ee32f1d702a7998d6a3508c3bbf7097a2c735dbafc3550a4ecf74c5df,2158c1e48bb422d13ea077cea9617be77aad1be76a5945ec0a5201a796a04ed3,/Users/arjunsharma/Documents/SandiaProjects/4-LDRDAMDIS/DIMSWE-study-d0eb615/external-results/test2b-rain-active-learning/production/representation-A/h2-from-h1-m20-20/checkpoint_000000020_parameters.npz,Y,TRAINING TRUTH SUPPORT,0,80,POST-HOC CHECKPOINT EVALUATION,A,target_RMS,9.05496932004371e-08
t2b-a-h2,Test 2B,A,H2,H2,20,3e9b414ee32f1d702a7998d6a3508c3bbf7097a2c735dbafc3550a4ecf74c5df,2158c1e48bb422d13ea077cea9617be77aad1be76a5945ec0a5201a796a04ed3,/Users/arjunsharma/Documents/SandiaProjects/4-LDRDAMDIS/DIMSWE-study-d0eb615/external-results/test2b-rain-active-learning/production/representation-A/h2-from-h1-m20-20/checkpoint_000000020_parameters.npz,Y,TRAINING TRUTH SUPPORT,0,80,POST-HOC CHECKPOINT EVALUATION,operator,denominator,2026212938570984.2
t2b-a-h2,Test 2B,A,H2,H2,20,3e9b414ee32f1d702a7998d6a3508c3bbf7097a2c735dbafc3550a4ecf74c5df,2158c1e48bb422d13ea077cea9617be77aad1be76a5945ec0a5201a796a04ed3,/Users/arjunsharma/Documents/SandiaProjects/4-LDRDAMDIS/DIMSWE-study-d0eb615/external-results/test2b-rain-active-learning/production/representation-A/h2-from-h1-m20-20/checkpoint_000000020_parameters.npz,Y,TRAINING TRUTH SUPPORT,0,80,POST-HOC CHECKPOINT EVALUATION,operator,normalized_objective,4.5694734353326805e-05
t2b-a-h2,Test 2B,A,H2,H2,20,3e9b414ee32f1d702a7998d6a3508c3bbf7097a2c735dbafc3550a4ecf74c5df,2158c1e48bb422d13ea077cea9617be77aad1be76a5945ec0a5201a796a04ed3,/Users/arjunsharma/Documents/SandiaProjects/4-LDRDAMDIS/DIMSWE-study-d0eb615/external-results/test2b-rain-active-learning/production/representation-A/h2-from-h1-m20-20/checkpoint_000000020_parameters.npz,Y,TRAINING TRUTH SUPPORT,0,80,POST-HOC CHECKPOINT EVALUATION,operator,numerator,92587261971.27481
t2b-a-h2,Test 2B,A,H2,H2,20,3e9b414ee32f1d702a7998d6a3508c3bbf7097a2c735dbafc3550a4ecf74c5df,2158c1e48bb422d13ea077cea9617be77aad1be76a5945ec0a5201a796a04ed3,/Users/arjunsharma/Documents/SandiaProjects/4-LDRDAMDIS/DIMSWE-study-d0eb615/external-results/test2b-rain-active-learning/production/representation-A/h2-from-h1-m20-20/checkpoint_000000020_parameters.npz,Y,HELD-OUT TRUTH SUPPORT,81,160,POST-HOC CHECKPOINT EVALUATION,A,correlation,0.483564036871849
t2b-a-h2,Test 2B,A,H2,H2,20,3e9b414ee32f1d702a7998d6a3508c3bbf7097a2c735dbafc3550a4ecf74c5df,2158c1e48bb422d13ea077cea9617be77aad1be76a5945ec0a5201a796a04ed3,/Users/arjunsharma/Documents/SandiaProjects/4-LDRDAMDIS/DIMSWE-study-d0eb615/external-results/test2b-rain-active-learning/production/representation-A/h2-from-h1-m20-20/checkpoint_000000020_parameters.npz,Y,HELD-OUT TRUTH SUPPORT,81,160,POST-HOC CHECKPOINT EVALUATION,A,cosine,0.4833019347567669
t2b-a-h2,Test 2B,A,H2,H2,20,3e9b414ee32f1d702a7998d6a3508c3bbf7097a2c735dbafc3550a4ecf74c5df,2158c1e48bb422d13ea077cea9617be77aad1be76a5945ec0a5201a796a04ed3,/Users/arjunsharma/Documents/SandiaProjects/4-LDRDAMDIS/DIMSWE-study-d0eb615/external-results/test2b-rain-active-learning/production/representation-A/h2-from-h1-m20-20/checkpoint_000000020_parameters.npz,Y,HELD-OUT TRUTH SUPPORT,81,160,POST-HOC CHECKPOINT EVALUATION,A,maximum_absolute_error,8.77809797535647e-08
t2b-a-h2,Test 2B,A,H2,H2,20,3e9b414ee32f1d702a7998d6a3508c3bbf7097a2c735dbafc3550a4ecf74c5df,2158c1e48bb422d13ea077cea9617be77aad1be76a5945ec0a5201a796a04ed3,/Users/arjunsharma/Documents/SandiaProjects/4-LDRDAMDIS/DIMSWE-study-d0eb615/external-results/test2b-rain-active-learning/production/representation-A/h2-from-h1-m20-20/checkpoint_000000020_parameters.npz,Y,HELD-OUT TRUTH SUPPORT,81,160,POST-HOC CHECKPOINT EVALUATION,A,normalized_RMS_error,0.0411742623723747
t2b-a-h2,Test 2B,A,H2,H2,20,3e9b414ee32f1d702a7998d6a3508c3bbf7097a2c735dbafc3550a4ecf74c5df,2158c1e48bb422d13ea077cea9617be77aad1be76a5945ec0a5201a796a04ed3,/Users/arjunsharma/Documents/SandiaProjects/4-LDRDAMDIS/DIMSWE-study-d0eb615/external-results/test2b-rain-active-learning/production/representation-A/h2-from-h1-m20-20/checkpoint_000000020_parameters.npz,Y,HELD-OUT TRUTH SUPPORT,81,160,POST-HOC CHECKPOINT EVALUATION,A,physical_RMS_error,3.72720072958515e-09
t2b-a-h2,Test 2B,A,H2,H2,20,3e9b414ee32f1d702a7998d6a3508c3bbf7097a2c735dbafc3550a4ecf74c5df,2158c1e48bb422d13ea077cea9617be77aad1be76a5945ec0a5201a796a04ed3,/Users/arjunsharma/Documents/SandiaProjects/4-LDRDAMDIS/DIMSWE-study-d0eb615/external-results/test2b-rain-active-learning/production/representation-A/h2-from-h1-m20-20/checkpoint_000000020_parameters.npz,Y,HELD-OUT TRUTH SUPPORT,81,160,POST-HOC CHECKPOINT EVALUATION,A,prediction_RMS,4.15819799588883e-09
t2b-a-h2,Test 2B,A,H2,H2,20,3e9b414ee32f1d702a7998d6a3508c3bbf7097a2c735dbafc3550a4ecf74c5df,2158c1e48bb422d13ea077cea9617be77aad1be76a5945ec0a5201a796a04ed3,/Users/arjunsharma/Documents/SandiaProjects/4-LDRDAMDIS/DIMSWE-study-d0eb615/external-results/test2b-rain-active-learning/production/representation-A/h2-from-h1-m20-20/checkpoint_000000020_parameters.npz,Y,HELD-OUT TRUTH SUPPORT,81,160,POST-HOC CHECKPOINT EVALUATION,A,relative_RMS_error,1.3265142716692184
t2b-a-h2,Test 2B,A,H2,H2,20,3e9b414ee32f1d702a7998d6a3508c3bbf7097a2c735dbafc3550a4ecf74c5df,2158c1e48bb422d13ea077cea9617be77aad1be76a5945ec0a5201a796a04ed3,/Users/arjunsharma/Documents/SandiaProjects/4-LDRDAMDIS/DIMSWE-study-d0eb615/external-results/test2b-rain-active-learning/production/representation-A/h2-from-h1-m20-20/checkpoint_000000020_parameters.npz,Y,HELD-OUT TRUTH SUPPORT,81,160,POST-HOC CHECKPOINT EVALUATION,A,sample_count,5242880
t2b-a-h2,Test 2B,A,H2,H2,20,3e9b414ee32f1d702a7998d6a3508c3bbf7097a2c735dbafc3550a4ecf74c5df,2158c1e48bb422d13ea077cea9617be77aad1be76a5945ec0a5201a796a04ed3,/Users/arjunsharma/Documents/SandiaProjects/4-LDRDAMDIS/DIMSWE-study-d0eb615/external-results/test2b-rain-active-learning/production/representation-A/h2-from-h1-m20-20/checkpoint_000000020_parameters.npz,Y,HELD-OUT TRUTH SUPPORT,81,160,POST-HOC CHECKPOINT EVALUATION,A,signed_mass_weighted_bias,-5.43684141271509e-10
t2b-a-h2,Test 2B,A,H2,H2,20,3e9b414ee32f1d702a7998d6a3508c3bbf7097a2c735dbafc3550a4ecf74c5df,2158c1e48bb422d13ea077cea9617be77aad1be76a5945ec0a5201a796a04ed3,/Users/arjunsharma/Documents/SandiaProjects/4-LDRDAMDIS/DIMSWE-study-d0eb615/external-results/test2b-rain-active-learning/production/representation-A/h2-from-h1-m20-20/checkpoint_000000020_parameters.npz,Y,HELD-OUT TRUTH SUPPORT,81,160,POST-HOC CHECKPOINT EVALUATION,A,target_RMS,2.8097705461510257e-09
t2b-a-h2,Test 2B,A,H2,H2,20,3e9b414ee32f1d702a7998d6a3508c3bbf7097a2c735dbafc3550a4ecf74c5df,2158c1e48bb422d13ea077cea9617be77aad1be76a5945ec0a5201a796a04ed3,/Users/arjunsharma/Documents/SandiaProjects/4-LDRDAMDIS/DIMSWE-study-d0eb615/external-results/test2b-rain-active-learning/production/representation-A/h2-from-h1-m20-20/checkpoint_000000020_parameters.npz,Y,HELD-OUT TRUTH SUPPORT,81,160,POST-HOC CHECKPOINT EVALUATION,operator,denominator,1926893879538.3315
t2b-a-h2,Test 2B,A,H2,H2,20,3e9b414ee32f1d702a7998d6a3508c3bbf7097a2c735dbafc3550a4ecf74c5df,2158c1e48bb422d13ea077cea9617be77aad1be76a5945ec0a5201a796a04ed3,/Users/arjunsharma/Documents/SandiaProjects/4-LDRDAMDIS/DIMSWE-study-d0eb615/external-results/test2b-rain-active-learning/production/representation-A/h2-from-h1-m20-20/checkpoint_000000020_parameters.npz,Y,HELD-OUT TRUTH SUPPORT,81,160,POST-HOC CHECKPOINT EVALUATION,operator,normalized_objective,1.7596401129421166
t2b-a-h2,Test 2B,A,H2,H2,20,3e9b414ee32f1d702a7998d6a3508c3bbf7097a2c735dbafc3550a4ecf74c5df,2158c1e48bb422d13ea077cea9617be77aad1be76a5945ec0a5201a796a04ed3,/Users/arjunsharma/Documents/SandiaProjects/4-LDRDAMDIS/DIMSWE-study-d0eb615/external-results/test2b-rain-active-learning/production/representation-A/h2-from-h1-m20-20/checkpoint_000000020_parameters.npz,Y,HELD-OUT TRUTH SUPPORT,81,160,POST-HOC CHECKPOINT EVALUATION,operator,numerator,3390639763818.303
t2b-a-h5,Test 2B,A,H5,H5,20,f2d56a8947f66761371fbef8aa52b3aa545f3e2ca9822fdb27a7e3ef796d20a9,07b3a84734679abf8849b5afb1f30f87568482e221a2a759a143f29a0cfc5ff1,/Users/arjunsharma/Documents/SandiaProjects/4-LDRDAMDIS/DIMSWE-study-d0eb615/external-results/test2b-rain-active-learning/production/representation-A/h5-from-h2-m20-20/checkpoint_000000020_parameters.npz,Y,TRAINING TRUTH SUPPORT,0,80,POST-HOC CHECKPOINT EVALUATION,A,correlation,0.9999768213860668
t2b-a-h5,Test 2B,A,H5,H5,20,f2d56a8947f66761371fbef8aa52b3aa545f3e2ca9822fdb27a7e3ef796d20a9,07b3a84734679abf8849b5afb1f30f87568482e221a2a759a143f29a0cfc5ff1,/Users/arjunsharma/Documents/SandiaProjects/4-LDRDAMDIS/DIMSWE-study-d0eb615/external-results/test2b-rain-active-learning/production/representation-A/h5-from-h2-m20-20/checkpoint_000000020_parameters.npz,Y,TRAINING TRUTH SUPPORT,0,80,POST-HOC CHECKPOINT EVALUATION,A,cosine,0.9999771077164377
t2b-a-h5,Test 2B,A,H5,H5,20,f2d56a8947f66761371fbef8aa52b3aa545f3e2ca9822fdb27a7e3ef796d20a9,07b3a84734679abf8849b5afb1f30f87568482e221a2a759a143f29a0cfc5ff1,/Users/arjunsharma/Documents/SandiaProjects/4-LDRDAMDIS/DIMSWE-study-d0eb615/external-results/test2b-rain-active-learning/production/representation-A/h5-from-h2-m20-20/checkpoint_000000020_parameters.npz,Y,TRAINING TRUTH SUPPORT,0,80,POST-HOC CHECKPOINT EVALUATION,A,maximum_absolute_error,4.0276043968337416e-08
t2b-a-h5,Test 2B,A,H5,H5,20,f2d56a8947f66761371fbef8aa52b3aa545f3e2ca9822fdb27a7e3ef796d20a9,07b3a84734679abf8849b5afb1f30f87568482e221a2a759a143f29a0cfc5ff1,/Users/arjunsharma/Documents/SandiaProjects/4-LDRDAMDIS/DIMSWE-study-d0eb615/external-results/test2b-rain-active-learning/production/representation-A/h5-from-h2-m20-20/checkpoint_000000020_parameters.npz,Y,TRAINING TRUTH SUPPORT,0,80,POST-HOC CHECKPOINT EVALUATION,A,normalized_RMS_error,0.0067684353803658705
t2b-a-h5,Test 2B,A,H5,H5,20,f2d56a8947f66761371fbef8aa52b3aa545f3e2ca9822fdb27a7e3ef796d20a9,07b3a84734679abf8849b5afb1f30f87568482e221a2a759a143f29a0cfc5ff1,/Users/arjunsharma/Documents/SandiaProjects/4-LDRDAMDIS/DIMSWE-study-d0eb615/external-results/test2b-rain-active-learning/production/representation-A/h5-from-h2-m20-20/checkpoint_000000020_parameters.npz,Y,TRAINING TRUTH SUPPORT,0,80,POST-HOC CHECKPOINT EVALUATION,A,physical_RMS_error,6.126962775846965e-10
t2b-a-h5,Test 2B,A,H5,H5,20,f2d56a8947f66761371fbef8aa52b3aa545f3e2ca9822fdb27a7e3ef796d20a9,07b3a84734679abf8849b5afb1f30f87568482e221a2a759a143f29a0cfc5ff1,/Users/arjunsharma/Documents/SandiaProjects/4-LDRDAMDIS/DIMSWE-study-d0eb615/external-results/test2b-rain-active-learning/production/representation-A/h5-from-h2-m20-20/checkpoint_000000020_parameters.npz,Y,TRAINING TRUTH SUPPORT,0,80,POST-HOC CHECKPOINT EVALUATION,A,prediction_RMS,9.054618727562817e-08
t2b-a-h5,Test 2B,A,H5,H5,20,f2d56a8947f66761371fbef8aa52b3aa545f3e2ca9822fdb27a7e3ef796d20a9,07b3a84734679abf8849b5afb1f30f87568482e221a2a759a143f29a0cfc5ff1,/Users/arjunsharma/Documents/SandiaProjects/4-LDRDAMDIS/DIMSWE-study-d0eb615/external-results/test2b-rain-active-learning/production/representation-A/h5-from-h2-m20-20/checkpoint_000000020_parameters.npz,Y,TRAINING TRUTH SUPPORT,0,80,POST-HOC CHECKPOINT EVALUATION,A,relative_RMS_error,0.006766409205036809
t2b-a-h5,Test 2B,A,H5,H5,20,f2d56a8947f66761371fbef8aa52b3aa545f3e2ca9822fdb27a7e3ef796d20a9,07b3a84734679abf8849b5afb1f30f87568482e221a2a759a143f29a0cfc5ff1,/Users/arjunsharma/Documents/SandiaProjects/4-LDRDAMDIS/DIMSWE-study-d0eb615/external-results/test2b-rain-active-learning/production/representation-A/h5-from-h2-m20-20/checkpoint_000000020_parameters.npz,Y,TRAINING TRUTH SUPPORT,0,80,POST-HOC CHECKPOINT EVALUATION,A,sample_count,5308416
t2b-a-h5,Test 2B,A,H5,H5,20,f2d56a8947f66761371fbef8aa52b3aa545f3e2ca9822fdb27a7e3ef796d20a9,07b3a84734679abf8849b5afb1f30f87568482e221a2a759a143f29a0cfc5ff1,/Users/arjunsharma/Documents/SandiaProjects/4-LDRDAMDIS/DIMSWE-study-d0eb615/external-results/test2b-rain-active-learning/production/representation-A/h5-from-h2-m20-20/checkpoint_000000020_parameters.npz,Y,TRAINING TRUTH SUPPORT,0,80,POST-HOC CHECKPOINT EVALUATION,A,signed_mass_weighted_bias,-3.8687663093209273e-13
t2b-a-h5,Test 2B,A,H5,H5,20,f2d56a8947f66761371fbef8aa52b3aa545f3e2ca9822fdb27a7e3ef796d20a9,07b3a84734679abf8849b5afb1f30f87568482e221a2a759a143f29a0cfc5ff1,/Users/arjunsharma/Documents/SandiaProjects/4-LDRDAMDIS/DIMSWE-study-d0eb615/external-results/test2b-rain-active-learning/production/representation-A/h5-from-h2-m20-20/checkpoint_000000020_parameters.npz,Y,TRAINING TRUTH SUPPORT,0,80,POST-HOC CHECKPOINT EVALUATION,A,target_RMS,9.05496932004371e-08
t2b-a-h5,Test 2B,A,H5,H5,20,f2d56a8947f66761371fbef8aa52b3aa545f3e2ca9822fdb27a7e3ef796d20a9,07b3a84734679abf8849b5afb1f30f87568482e221a2a759a143f29a0cfc5ff1,/Users/arjunsharma/Documents/SandiaProjects/4-LDRDAMDIS/DIMSWE-study-d0eb615/external-results/test2b-rain-active-learning/production/representation-A/h5-from-h2-m20-20/checkpoint_000000020_parameters.npz,Y,TRAINING TRUTH SUPPORT,0,80,POST-HOC CHECKPOINT EVALUATION,operator,denominator,2026212938570984.2
t2b-a-h5,Test 2B,A,H5,H5,20,f2d56a8947f66761371fbef8aa52b3aa545f3e2ca9822fdb27a7e3ef796d20a9,07b3a84734679abf8849b5afb1f30f87568482e221a2a759a143f29a0cfc5ff1,/Users/arjunsharma/Documents/SandiaProjects/4-LDRDAMDIS/DIMSWE-study-d0eb615/external-results/test2b-rain-active-learning/production/representation-A/h5-from-h2-m20-20/checkpoint_000000020_parameters.npz,Y,TRAINING TRUTH SUPPORT,0,80,POST-HOC CHECKPOINT EVALUATION,operator,normalized_objective,4.578429353000684e-05
t2b-a-h5,Test 2B,A,H5,H5,20,f2d56a8947f66761371fbef8aa52b3aa545f3e2ca9822fdb27a7e3ef796d20a9,07b3a84734679abf8849b5afb1f30f87568482e221a2a759a143f29a0cfc5ff1,/Users/arjunsharma/Documents/SandiaProjects/4-LDRDAMDIS/DIMSWE-study-d0eb615/external-results/test2b-rain-active-learning/production/representation-A/h5-from-h2-m20-20/checkpoint_000000020_parameters.npz,Y,TRAINING TRUTH SUPPORT,0,80,POST-HOC CHECKPOINT EVALUATION,operator,numerator,92768727933.83167
t2b-a-h5,Test 2B,A,H5,H5,20,f2d56a8947f66761371fbef8aa52b3aa545f3e2ca9822fdb27a7e3ef796d20a9,07b3a84734679abf8849b5afb1f30f87568482e221a2a759a143f29a0cfc5ff1,/Users/arjunsharma/Documents/SandiaProjects/4-LDRDAMDIS/DIMSWE-study-d0eb615/external-results/test2b-rain-active-learning/production/representation-A/h5-from-h2-m20-20/checkpoint_000000020_parameters.npz,Y,HELD-OUT TRUTH SUPPORT,81,160,POST-HOC CHECKPOINT EVALUATION,A,correlation,0.4813750417555044
t2b-a-h5,Test 2B,A,H5,H5,20,f2d56a8947f66761371fbef8aa52b3aa545f3e2ca9822fdb27a7e3ef796d20a9,07b3a84734679abf8849b5afb1f30f87568482e221a2a759a143f29a0cfc5ff1,/Users/arjunsharma/Documents/SandiaProjects/4-LDRDAMDIS/DIMSWE-study-d0eb615/external-results/test2b-rain-active-learning/production/representation-A/h5-from-h2-m20-20/checkpoint_000000020_parameters.npz,Y,HELD-OUT TRUTH SUPPORT,81,160,POST-HOC CHECKPOINT EVALUATION,A,cosine,0.4811480035305834
t2b-a-h5,Test 2B,A,H5,H5,20,f2d56a8947f66761371fbef8aa52b3aa545f3e2ca9822fdb27a7e3ef796d20a9,07b3a84734679abf8849b5afb1f30f87568482e221a2a759a143f29a0cfc5ff1,/Users/arjunsharma/Documents/SandiaProjects/4-LDRDAMDIS/DIMSWE-study-d0eb615/external-results/test2b-rain-active-learning/production/representation-A/h5-from-h2-m20-20/checkpoint_000000020_parameters.npz,Y,HELD-OUT TRUTH SUPPORT,81,160,POST-HOC CHECKPOINT EVALUATION,A,maximum_absolute_error,8.791882910543896e-08
t2b-a-h5,Test 2B,A,H5,H5,20,f2d56a8947f66761371fbef8aa52b3aa545f3e2ca9822fdb27a7e3ef796d20a9,07b3a84734679abf8849b5afb1f30f87568482e221a2a759a143f29a0cfc5ff1,/Users/arjunsharma/Documents/SandiaProjects/4-LDRDAMDIS/DIMSWE-study-d0eb615/external-results/test2b-rain-active-learning/production/representation-A/h5-from-h2-m20-20/checkpoint_000000020_parameters.npz,Y,HELD-OUT TRUTH SUPPORT,81,160,POST-HOC CHECKPOINT EVALUATION,A,normalized_RMS_error,0.04134892248542992
t2b-a-h5,Test 2B,A,H5,H5,20,f2d56a8947f66761371fbef8aa52b3aa545f3e2ca9822fdb27a7e3ef796d20a9,07b3a84734679abf8849b5afb1f30f87568482e221a2a759a143f29a0cfc5ff1,/Users/arjunsharma/Documents/SandiaProjects/4-LDRDAMDIS/DIMSWE-study-d0eb615/external-results/test2b-rain-active-learning/production/representation-A/h5-from-h2-m20-20/checkpoint_000000020_parameters.npz,Y,HELD-OUT TRUTH SUPPORT,81,160,POST-HOC CHECKPOINT EVALUATION,A,physical_RMS_error,3.7430114147875065e-09
t2b-a-h5,Test 2B,A,H5,H5,20,f2d56a8947f66761371fbef8aa52b3aa545f3e2ca9822fdb27a7e3ef796d20a9,07b3a84734679abf8849b5afb1f30f87568482e221a2a759a143f29a0cfc5ff1,/Users/arjunsharma/Documents/SandiaProjects/4-LDRDAMDIS/DIMSWE-study-d0eb615/external-results/test2b-rain-active-learning/production/representation-A/h5-from-h2-m20-20/checkpoint_000000020_parameters.npz,Y,HELD-OUT TRUTH SUPPORT,81,160,POST-HOC CHECKPOINT EVALUATION,A,prediction_RMS,4.170248225880223e-09
t2b-a-h5,Test 2B,A,H5,H5,20,f2d56a8947f66761371fbef8aa52b3aa545f3e2ca9822fdb27a7e3ef796d20a9,07b3a84734679abf8849b5afb1f30f87568482e221a2a759a143f29a0cfc5ff1,/Users/arjunsharma/Documents/SandiaProjects/4-LDRDAMDIS/DIMSWE-study-d0eb615/external-results/test2b-rain-active-learning/production/representation-A/h5-from-h2-m20-20/checkpoint_000000020_parameters.npz,Y,HELD-OUT TRUTH SUPPORT,81,160,POST-HOC CHECKPOINT EVALUATION,A,relative_RMS_error,1.332141309515428
t2b-a-h5,Test 2B,A,H5,H5,20,f2d56a8947f66761371fbef8aa52b3aa545f3e2ca9822fdb27a7e3ef796d20a9,07b3a84734679abf8849b5afb1f30f87568482e221a2a759a143f29a0cfc5ff1,/Users/arjunsharma/Documents/SandiaProjects/4-LDRDAMDIS/DIMSWE-study-d0eb615/external-results/test2b-rain-active-learning/production/representation-A/h5-from-h2-m20-20/checkpoint_000000020_parameters.npz,Y,HELD-OUT TRUTH SUPPORT,81,160,POST-HOC CHECKPOINT EVALUATION,A,sample_count,5242880
t2b-a-h5,Test 2B,A,H5,H5,20,f2d56a8947f66761371fbef8aa52b3aa545f3e2ca9822fdb27a7e3ef796d20a9,07b3a84734679abf8849b5afb1f30f87568482e221a2a759a143f29a0cfc5ff1,/Users/arjunsharma/Documents/SandiaProjects/4-LDRDAMDIS/DIMSWE-study-d0eb615/external-results/test2b-rain-active-learning/production/representation-A/h5-from-h2-m20-20/checkpoint_000000020_parameters.npz,Y,HELD-OUT TRUTH SUPPORT,81,160,POST-HOC CHECKPOINT EVALUATION,A,signed_mass_weighted_bias,-5.448774378435102e-10
t2b-a-h5,Test 2B,A,H5,H5,20,f2d56a8947f66761371fbef8aa52b3aa545f3e2ca9822fdb27a7e3ef796d20a9,07b3a84734679abf8849b5afb1f30f87568482e221a2a759a143f29a0cfc5ff1,/Users/arjunsharma/Documents/SandiaProjects/4-LDRDAMDIS/DIMSWE-study-d0eb615/external-results/test2b-rain-active-learning/production/representation-A/h5-from-h2-m20-20/checkpoint_000000020_parameters.npz,Y,HELD-OUT TRUTH SUPPORT,81,160,POST-HOC CHECKPOINT EVALUATION,A,target_RMS,2.8097705461510257e-09
t2b-a-h5,Test 2B,A,H5,H5,20,f2d56a8947f66761371fbef8aa52b3aa545f3e2ca9822fdb27a7e3ef796d20a9,07b3a84734679abf8849b5afb1f30f87568482e221a2a759a143f29a0cfc5ff1,/Users/arjunsharma/Documents/SandiaProjects/4-LDRDAMDIS/DIMSWE-study-d0eb615/external-results/test2b-rain-active-learning/production/representation-A/h5-from-h2-m20-20/checkpoint_000000020_parameters.npz,Y,HELD-OUT TRUTH SUPPORT,81,160,POST-HOC CHECKPOINT EVALUATION,operator,denominator,1926893879538.3315
t2b-a-h5,Test 2B,A,H5,H5,20,f2d56a8947f66761371fbef8aa52b3aa545f3e2ca9822fdb27a7e3ef796d20a9,07b3a84734679abf8849b5afb1f30f87568482e221a2a759a143f29a0cfc5ff1,/Users/arjunsharma/Documents/SandiaProjects/4-LDRDAMDIS/DIMSWE-study-d0eb615/external-results/test2b-rain-active-learning/production/representation-A/h5-from-h2-m20-20/checkpoint_000000020_parameters.npz,Y,HELD-OUT TRUTH SUPPORT,81,160,POST-HOC CHECKPOINT EVALUATION,operator,normalized_objective,1.774600468517478
t2b-a-h5,Test 2B,A,H5,H5,20,f2d56a8947f66761371fbef8aa52b3aa545f3e2ca9822fdb27a7e3ef796d20a9,07b3a84734679abf8849b5afb1f30f87568482e221a2a759a143f29a0cfc5ff1,/Users/arjunsharma/Documents/SandiaProjects/4-LDRDAMDIS/DIMSWE-study-d0eb615/external-results/test2b-rain-active-learning/production/representation-A/h5-from-h2-m20-20/checkpoint_000000020_parameters.npz,Y,HELD-OUT TRUTH SUPPORT,81,160,POST-HOC CHECKPOINT EVALUATION,operator,numerator,3419466781412.184
t2b-b-m1y,Test 2B,B,M1-Y,M1-Y,10000,1adbd173137cbf10928ee4b25865258fc97f74b3c2c4c0a09cfd8629020566ab,3a829ffff2c2ee96946c197e18a7bd7d7495c255212c61bec1b3d24d788a71ee,/Users/arjunsharma/Documents/SandiaProjects/4-LDRDAMDIS/DIMSWE-feature-study-20260828/m1y_test2b_20260828_workspace/external-results/m1y-test2b-20260828/production/representation-B/m1y-seed0-m20-10k/checkpoint_000010000_parameters.npz,Y,TRAINING TRUTH SUPPORT,0,80,POST-HOC CHECKPOINT EVALUATION,A,correlation,0.9999855578039787
t2b-b-m1y,Test 2B,B,M1-Y,M1-Y,10000,1adbd173137cbf10928ee4b25865258fc97f74b3c2c4c0a09cfd8629020566ab,3a829ffff2c2ee96946c197e18a7bd7d7495c255212c61bec1b3d24d788a71ee,/Users/arjunsharma/Documents/SandiaProjects/4-LDRDAMDIS/DIMSWE-feature-study-20260828/m1y_test2b_20260828_workspace/external-results/m1y-test2b-20260828/production/representation-B/m1y-seed0-m20-10k/checkpoint_000010000_parameters.npz,Y,TRAINING TRUTH SUPPORT,0,80,POST-HOC CHECKPOINT EVALUATION,A,cosine,0.9999857362214415
t2b-b-m1y,Test 2B,B,M1-Y,M1-Y,10000,1adbd173137cbf10928ee4b25865258fc97f74b3c2c4c0a09cfd8629020566ab,3a829ffff2c2ee96946c197e18a7bd7d7495c255212c61bec1b3d24d788a71ee,/Users/arjunsharma/Documents/SandiaProjects/4-LDRDAMDIS/DIMSWE-feature-study-20260828/m1y_test2b_20260828_workspace/external-results/m1y-test2b-20260828/production/representation-B/m1y-seed0-m20-10k/checkpoint_000010000_parameters.npz,Y,TRAINING TRUTH SUPPORT,0,80,POST-HOC CHECKPOINT EVALUATION,A,maximum_absolute_error,2.3531460513312582e-08
t2b-b-m1y,Test 2B,B,M1-Y,M1-Y,10000,1adbd173137cbf10928ee4b25865258fc97f74b3c2c4c0a09cfd8629020566ab,3a829ffff2c2ee96946c197e18a7bd7d7495c255212c61bec1b3d24d788a71ee,/Users/arjunsharma/Documents/SandiaProjects/4-LDRDAMDIS/DIMSWE-feature-study-20260828/m1y_test2b_20260828_workspace/external-results/m1y-test2b-20260828/production/representation-B/m1y-seed0-m20-10k/checkpoint_000010000_parameters.npz,Y,TRAINING TRUTH SUPPORT,0,80,POST-HOC CHECKPOINT EVALUATION,A,normalized_RMS_error,0.005342753130992312
t2b-b-m1y,Test 2B,B,M1-Y,M1-Y,10000,1adbd173137cbf10928ee4b25865258fc97f74b3c2c4c0a09cfd8629020566ab,3a829ffff2c2ee96946c197e18a7bd7d7495c255212c61bec1b3d24d788a71ee,/Users/arjunsharma/Documents/SandiaProjects/4-LDRDAMDIS/DIMSWE-feature-study-20260828/m1y_test2b_20260828_workspace/external-results/m1y-test2b-20260828/production/representation-B/m1y-seed0-m20-10k/checkpoint_000010000_parameters.npz,Y,TRAINING TRUTH SUPPORT,0,80,POST-HOC CHECKPOINT EVALUATION,A,physical_RMS_error,4.836398327608799e-10
t2b-b-m1y,Test 2B,B,M1-Y,M1-Y,10000,1adbd173137cbf10928ee4b25865258fc97f74b3c2c4c0a09cfd8629020566ab,3a829ffff2c2ee96946c197e18a7bd7d7495c255212c61bec1b3d24d788a71ee,/Users/arjunsharma/Documents/SandiaProjects/4-LDRDAMDIS/DIMSWE-feature-study-20260828/m1y_test2b_20260828_workspace/external-results/m1y-test2b-20260828/production/representation-B/m1y-seed0-m20-10k/checkpoint_000010000_parameters.npz,Y,TRAINING TRUTH SUPPORT,0,80,POST-HOC CHECKPOINT EVALUATION,A,prediction_RMS,9.055056279292205e-08
t2b-b-m1y,Test 2B,B,M1-Y,M1-Y,10000,1adbd173137cbf10928ee4b25865258fc97f74b3c2c4c0a09cfd8629020566ab,3a829ffff2c2ee96946c197e18a7bd7d7495c255212c61bec1b3d24d788a71ee,/Users/arjunsharma/Documents/SandiaProjects/4-LDRDAMDIS/DIMSWE-feature-study-20260828/m1y_test2b_20260828_workspace/external-results/m1y-test2b-20260828/production/representation-B/m1y-seed0-m20-10k/checkpoint_000010000_parameters.npz,Y,TRAINING TRUTH SUPPORT,0,80,POST-HOC CHECKPOINT EVALUATION,A,relative_RMS_error,0.005341153742954319
t2b-b-m1y,Test 2B,B,M1-Y,M1-Y,10000,1adbd173137cbf10928ee4b25865258fc97f74b3c2c4c0a09cfd8629020566ab,3a829ffff2c2ee96946c197e18a7bd7d7495c255212c61bec1b3d24d788a71ee,/Users/arjunsharma/Documents/SandiaProjects/4-LDRDAMDIS/DIMSWE-feature-study-20260828/m1y_test2b_20260828_workspace/external-results/m1y-test2b-20260828/production/representation-B/m1y-seed0-m20-10k/checkpoint_000010000_parameters.npz,Y,TRAINING TRUTH SUPPORT,0,80,POST-HOC CHECKPOINT EVALUATION,A,sample_count,5308416
t2b-b-m1y,Test 2B,B,M1-Y,M1-Y,10000,1adbd173137cbf10928ee4b25865258fc97f74b3c2c4c0a09cfd8629020566ab,3a829ffff2c2ee96946c197e18a7bd7d7495c255212c61bec1b3d24d788a71ee,/Users/arjunsharma/Documents/SandiaProjects/4-LDRDAMDIS/DIMSWE-feature-study-20260828/m1y_test2b_20260828_workspace/external-results/m1y-test2b-20260828/production/representation-B/m1y-seed0-m20-10k/checkpoint_000010000_parameters.npz,Y,TRAINING TRUTH SUPPORT,0,80,POST-HOC CHECKPOINT EVALUATION,A,signed_mass_weighted_bias,-1.28016191529639e-13
t2b-b-m1y,Test 2B,B,M1-Y,M1-Y,10000,1adbd173137cbf10928ee4b25865258fc97f74b3c2c4c0a09cfd8629020566ab,3a829ffff2c2ee96946c197e18a7bd7d7495c255212c61bec1b3d24d788a71ee,/Users/arjunsharma/Documents/SandiaProjects/4-LDRDAMDIS/DIMSWE-feature-study-20260828/m1y_test2b_20260828_workspace/external-results/m1y-test2b-20260828/production/representation-B/m1y-seed0-m20-10k/checkpoint_000010000_parameters.npz,Y,TRAINING TRUTH SUPPORT,0,80,POST-HOC CHECKPOINT EVALUATION,A,target_RMS,9.05496932004371e-08
t2b-b-m1y,Test 2B,B,M1-Y,M1-Y,10000,1adbd173137cbf10928ee4b25865258fc97f74b3c2c4c0a09cfd8629020566ab,3a829ffff2c2ee96946c197e18a7bd7d7495c255212c61bec1b3d24d788a71ee,/Users/arjunsharma/Documents/SandiaProjects/4-LDRDAMDIS/DIMSWE-feature-study-20260828/m1y_test2b_20260828_workspace/external-results/m1y-test2b-20260828/production/representation-B/m1y-seed0-m20-10k/checkpoint_000010000_parameters.npz,Y,TRAINING TRUTH SUPPORT,0,80,POST-HOC CHECKPOINT EVALUATION,R_activation,activity_numerical_tolerance,1.2119968976504772e-20
t2b-b-m1y,Test 2B,B,M1-Y,M1-Y,10000,1adbd173137cbf10928ee4b25865258fc97f74b3c2c4c0a09cfd8629020566ab,3a829ffff2c2ee96946c197e18a7bd7d7495c255212c61bec1b3d24d788a71ee,/Users/arjunsharma/Documents/SandiaProjects/4-LDRDAMDIS/DIMSWE-feature-study-20260828/m1y_test2b_20260828_workspace/external-results/m1y-test2b-20260828/production/representation-B/m1y-seed0-m20-10k/checkpoint_000010000_parameters.npz,Y,TRAINING TRUTH SUPPORT,0,80,POST-HOC CHECKPOINT EVALUATION,R_activation,false_negative_count,0
t2b-b-m1y,Test 2B,B,M1-Y,M1-Y,10000,1adbd173137cbf10928ee4b25865258fc97f74b3c2c4c0a09cfd8629020566ab,3a829ffff2c2ee96946c197e18a7bd7d7495c255212c61bec1b3d24d788a71ee,/Users/arjunsharma/Documents/SandiaProjects/4-LDRDAMDIS/DIMSWE-feature-study-20260828/m1y_test2b_20260828_workspace/external-results/m1y-test2b-20260828/production/representation-B/m1y-seed0-m20-10k/checkpoint_000010000_parameters.npz,Y,TRAINING TRUTH SUPPORT,0,80,POST-HOC CHECKPOINT EVALUATION,R_activation,false_negative_fraction_all_samples,0.0
t2b-b-m1y,Test 2B,B,M1-Y,M1-Y,10000,1adbd173137cbf10928ee4b25865258fc97f74b3c2c4c0a09cfd8629020566ab,3a829ffff2c2ee96946c197e18a7bd7d7495c255212c61bec1b3d24d788a71ee,/Users/arjunsharma/Documents/SandiaProjects/4-LDRDAMDIS/DIMSWE-feature-study-20260828/m1y_test2b_20260828_workspace/external-results/m1y-test2b-20260828/production/representation-B/m1y-seed0-m20-10k/checkpoint_000010000_parameters.npz,Y,TRAINING TRUTH SUPPORT,0,80,POST-HOC CHECKPOINT EVALUATION,R_activation,false_negative_rate_given_truth_active,0.0
t2b-b-m1y,Test 2B,B,M1-Y,M1-Y,10000,1adbd173137cbf10928ee4b25865258fc97f74b3c2c4c0a09cfd8629020566ab,3a829ffff2c2ee96946c197e18a7bd7d7495c255212c61bec1b3d24d788a71ee,/Users/arjunsharma/Documents/SandiaProjects/4-LDRDAMDIS/DIMSWE-feature-study-20260828/m1y_test2b_20260828_workspace/external-results/m1y-test2b-20260828/production/representation-B/m1y-seed0-m20-10k/checkpoint_000010000_parameters.npz,Y,TRAINING TRUTH SUPPORT,0,80,POST-HOC CHECKPOINT EVALUATION,R_activation,false_positive_count,1473756
t2b-b-m1y,Test 2B,B,M1-Y,M1-Y,10000,1adbd173137cbf10928ee4b25865258fc97f74b3c2c4c0a09cfd8629020566ab,3a829ffff2c2ee96946c197e18a7bd7d7495c255212c61bec1b3d24d788a71ee,/Users/arjunsharma/Documents/SandiaProjects/4-LDRDAMDIS/DIMSWE-feature-study-20260828/m1y_test2b_20260828_workspace/external-results/m1y-test2b-20260828/production/representation-B/m1y-seed0-m20-10k/checkpoint_000010000_parameters.npz,Y,TRAINING TRUTH SUPPORT,0,80,POST-HOC CHECKPOINT EVALUATION,R_activation,false_positive_fraction_all_samples,0.27762632016782407
t2b-b-m1y,Test 2B,B,M1-Y,M1-Y,10000,1adbd173137cbf10928ee4b25865258fc97f74b3c2c4c0a09cfd8629020566ab,3a829ffff2c2ee96946c197e18a7bd7d7495c255212c61bec1b3d24d788a71ee,/Users/arjunsharma/Documents/SandiaProjects/4-LDRDAMDIS/DIMSWE-feature-study-20260828/m1y_test2b_20260828_workspace/external-results/m1y-test2b-20260828/production/representation-B/m1y-seed0-m20-10k/checkpoint_000010000_parameters.npz,Y,TRAINING TRUTH SUPPORT,0,80,POST-HOC CHECKPOINT EVALUATION,R_activation,false_positive_rate_given_truth_inactive,0.2797753832835957
t2b-b-m1y,Test 2B,B,M1-Y,M1-Y,10000,1adbd173137cbf10928ee4b25865258fc97f74b3c2c4c0a09cfd8629020566ab,3a829ffff2c2ee96946c197e18a7bd7d7495c255212c61bec1b3d24d788a71ee,/Users/arjunsharma/Documents/SandiaProjects/4-LDRDAMDIS/DIMSWE-feature-study-20260828/m1y_test2b_20260828_workspace/external-results/m1y-test2b-20260828/production/representation-B/m1y-seed0-m20-10k/checkpoint_000010000_parameters.npz,Y,TRAINING TRUTH SUPPORT,0,80,POST-HOC CHECKPOINT EVALUATION,R_activation,first_meaningful_positive_predicted_step,0
t2b-b-m1y,Test 2B,B,M1-Y,M1-Y,10000,1adbd173137cbf10928ee4b25865258fc97f74b3c2c4c0a09cfd8629020566ab,3a829ffff2c2ee96946c197e18a7bd7d7495c255212c61bec1b3d24d788a71ee,/Users/arjunsharma/Documents/SandiaProjects/4-LDRDAMDIS/DIMSWE-feature-study-20260828/m1y_test2b_20260828_workspace/external-results/m1y-test2b-20260828/production/representation-B/m1y-seed0-m20-10k/checkpoint_000010000_parameters.npz,Y,TRAINING TRUTH SUPPORT,0,80,POST-HOC CHECKPOINT EVALUATION,R_activation,first_meaningful_positive_truth_step,51
t2b-b-m1y,Test 2B,B,M1-Y,M1-Y,10000,1adbd173137cbf10928ee4b25865258fc97f74b3c2c4c0a09cfd8629020566ab,3a829ffff2c2ee96946c197e18a7bd7d7495c255212c61bec1b3d24d788a71ee,/Users/arjunsharma/Documents/SandiaProjects/4-LDRDAMDIS/DIMSWE-feature-study-20260828/m1y_test2b_20260828_workspace/external-results/m1y-test2b-20260828/production/representation-B/m1y-seed0-m20-10k/checkpoint_000010000_parameters.npz,Y,TRAINING TRUTH SUPPORT,0,80,POST-HOC CHECKPOINT EVALUATION,R_activation,maximum_predicted_R,5.2514046273238795e-11
t2b-b-m1y,Test 2B,B,M1-Y,M1-Y,10000,1adbd173137cbf10928ee4b25865258fc97f74b3c2c4c0a09cfd8629020566ab,3a829ffff2c2ee96946c197e18a7bd7d7495c255212c61bec1b3d24d788a71ee,/Users/arjunsharma/Documents/SandiaProjects/4-LDRDAMDIS/DIMSWE-feature-study-20260828/m1y_test2b_20260828_workspace/external-results/m1y-test2b-20260828/production/representation-B/m1y-seed0-m20-10k/checkpoint_000010000_parameters.npz,Y,TRAINING TRUTH SUPPORT,0,80,POST-HOC CHECKPOINT EVALUATION,R_activation,minimum_predicted_R,-5.582174781737687e-13
t2b-b-m1y,Test 2B,B,M1-Y,M1-Y,10000,1adbd173137cbf10928ee4b25865258fc97f74b3c2c4c0a09cfd8629020566ab,3a829ffff2c2ee96946c197e18a7bd7d7495c255212c61bec1b3d24d788a71ee,/Users/arjunsharma/Documents/SandiaProjects/4-LDRDAMDIS/DIMSWE-feature-study-20260828/m1y_test2b_20260828_workspace/external-results/m1y-test2b-20260828/production/representation-B/m1y-seed0-m20-10k/checkpoint_000010000_parameters.npz,Y,TRAINING TRUTH SUPPORT,0,80,POST-HOC CHECKPOINT EVALUATION,R_activation,predicted_exact_negative_fraction,0.7146919156298225
t2b-b-m1y,Test 2B,B,M1-Y,M1-Y,10000,1adbd173137cbf10928ee4b25865258fc97f74b3c2c4c0a09cfd8629020566ab,3a829ffff2c2ee96946c197e18a7bd7d7495c255212c61bec1b3d24d788a71ee,/Users/arjunsharma/Documents/SandiaProjects/4-LDRDAMDIS/DIMSWE-feature-study-20260828/m1y_test2b_20260828_workspace/external-results/m1y-test2b-20260828/production/representation-B/m1y-seed0-m20-10k/checkpoint_000010000_parameters.npz,Y,TRAINING TRUTH SUPPORT,0,80,POST-HOC CHECKPOINT EVALUATION,R_activation,predicted_exact_positive_fraction,0.28530808437017746
t2b-b-m1y,Test 2B,B,M1-Y,M1-Y,10000,1adbd173137cbf10928ee4b25865258fc97f74b3c2c4c0a09cfd8629020566ab,3a829ffff2c2ee96946c197e18a7bd7d7495c255212c61bec1b3d24d788a71ee,/Users/arjunsharma/Documents/SandiaProjects/4-LDRDAMDIS/DIMSWE-feature-study-20260828/m1y_test2b_20260828_workspace/external-results/m1y-test2b-20260828/production/representation-B/m1y-seed0-m20-10k/checkpoint_000010000_parameters.npz,Y,TRAINING TRUTH SUPPORT,0,80,POST-HOC CHECKPOINT EVALUATION,R_activation,predicted_meaningful_negative_fraction,0.7146915388695988
t2b-b-m1y,Test 2B,B,M1-Y,M1-Y,10000,1adbd173137cbf10928ee4b25865258fc97f74b3c2c4c0a09cfd8629020566ab,3a829ffff2c2ee96946c197e18a7bd7d7495c255212c61bec1b3d24d788a71ee,/Users/arjunsharma/Documents/SandiaProjects/4-LDRDAMDIS/DIMSWE-feature-study-20260828/m1y_test2b_20260828_workspace/external-results/m1y-test2b-20260828/production/representation-B/m1y-seed0-m20-10k/checkpoint_000010000_parameters.npz,Y,TRAINING TRUTH SUPPORT,0,80,POST-HOC CHECKPOINT EVALUATION,R_activation,predicted_meaningful_positive_fraction,0.2853077076099537
t2b-b-m1y,Test 2B,B,M1-Y,M1-Y,10000,1adbd173137cbf10928ee4b25865258fc97f74b3c2c4c0a09cfd8629020566ab,3a829ffff2c2ee96946c197e18a7bd7d7495c255212c61bec1b3d24d788a71ee,/Users/arjunsharma/Documents/SandiaProjects/4-LDRDAMDIS/DIMSWE-feature-study-20260828/m1y_test2b_20260828_workspace/external-results/m1y-test2b-20260828/production/representation-B/m1y-seed0-m20-10k/checkpoint_000010000_parameters.npz,Y,TRAINING TRUTH SUPPORT,0,80,POST-HOC CHECKPOINT EVALUATION,R_activation,sample_count,5308416
t2b-b-m1y,Test 2B,B,M1-Y,M1-Y,10000,1adbd173137cbf10928ee4b25865258fc97f74b3c2c4c0a09cfd8629020566ab,3a829ffff2c2ee96946c197e18a7bd7d7495c255212c61bec1b3d24d788a71ee,/Users/arjunsharma/Documents/SandiaProjects/4-LDRDAMDIS/DIMSWE-feature-study-20260828/m1y_test2b_20260828_workspace/external-results/m1y-test2b-20260828/production/representation-B/m1y-seed0-m20-10k/checkpoint_000010000_parameters.npz,Y,TRAINING TRUTH SUPPORT,0,80,POST-HOC CHECKPOINT EVALUATION,R_activation,truth_active_sample_count,40776
t2b-b-m1y,Test 2B,B,M1-Y,M1-Y,10000,1adbd173137cbf10928ee4b25865258fc97f74b3c2c4c0a09cfd8629020566ab,3a829ffff2c2ee96946c197e18a7bd7d7495c255212c61bec1b3d24d788a71ee,/Users/arjunsharma/Documents/SandiaProjects/4-LDRDAMDIS/DIMSWE-feature-study-20260828/m1y_test2b_20260828_workspace/external-results/m1y-test2b-20260828/production/representation-B/m1y-seed0-m20-10k/checkpoint_000010000_parameters.npz,Y,TRAINING TRUTH SUPPORT,0,80,POST-HOC CHECKPOINT EVALUATION,R_activation,truth_active_sample_fraction,0.007681387442129629
t2b-b-m1y,Test 2B,B,M1-Y,M1-Y,10000,1adbd173137cbf10928ee4b25865258fc97f74b3c2c4c0a09cfd8629020566ab,3a829ffff2c2ee96946c197e18a7bd7d7495c255212c61bec1b3d24d788a71ee,/Users/arjunsharma/Documents/SandiaProjects/4-LDRDAMDIS/DIMSWE-feature-study-20260828/m1y_test2b_20260828_workspace/external-results/m1y-test2b-20260828/production/representation-B/m1y-seed0-m20-10k/checkpoint_000010000_parameters.npz,Y,TRAINING TRUTH SUPPORT,0,80,POST-HOC CHECKPOINT EVALUATION,R_all,correlation,0.9997080161700259
t2b-b-m1y,Test 2B,B,M1-Y,M1-Y,10000,1adbd173137cbf10928ee4b25865258fc97f74b3c2c4c0a09cfd8629020566ab,3a829ffff2c2ee96946c197e18a7bd7d7495c255212c61bec1b3d24d788a71ee,/Users/arjunsharma/Documents/SandiaProjects/4-LDRDAMDIS/DIMSWE-feature-study-20260828/m1y_test2b_20260828_workspace/external-results/m1y-test2b-20260828/production/representation-B/m1y-seed0-m20-10k/checkpoint_000010000_parameters.npz,Y,TRAINING TRUTH SUPPORT,0,80,POST-HOC CHECKPOINT EVALUATION,R_all,cosine,0.9997095172906264
t2b-b-m1y,Test 2B,B,M1-Y,M1-Y,10000,1adbd173137cbf10928ee4b25865258fc97f74b3c2c4c0a09cfd8629020566ab,3a829ffff2c2ee96946c197e18a7bd7d7495c255212c61bec1b3d24d788a71ee,/Users/arjunsharma/Documents/SandiaProjects/4-LDRDAMDIS/DIMSWE-feature-study-20260828/m1y_test2b_20260828_workspace/external-results/m1y-test2b-20260828/production/representation-B/m1y-seed0-m20-10k/checkpoint_000010000_parameters.npz,Y,TRAINING TRUTH SUPPORT,0,80,POST-HOC CHECKPOINT EVALUATION,R_all,maximum_absolute_error,2.4111126407302414e-12
t2b-b-m1y,Test 2B,B,M1-Y,M1-Y,10000,1adbd173137cbf10928ee4b25865258fc97f74b3c2c4c0a09cfd8629020566ab,3a829ffff2c2ee96946c197e18a7bd7d7495c255212c61bec1b3d24d788a71ee,/Users/arjunsharma/Documents/SandiaProjects/4-LDRDAMDIS/DIMSWE-feature-study-20260828/m1y_test2b_20260828_workspace/external-results/m1y-test2b-20260828/production/representation-B/m1y-seed0-m20-10k/checkpoint_000010000_parameters.npz,Y,TRAINING TRUTH SUPPORT,0,80,POST-HOC CHECKPOINT EVALUATION,R_all,normalized_RMS_error,0.0020803528130358484
t2b-b-m1y,Test 2B,B,M1-Y,M1-Y,10000,1adbd173137cbf10928ee4b25865258fc97f74b3c2c4c0a09cfd8629020566ab,3a829ffff2c2ee96946c197e18a7bd7d7495c255212c61bec1b3d24d788a71ee,/Users/arjunsharma/Documents/SandiaProjects/4-LDRDAMDIS/DIMSWE-feature-study-20260828/m1y_test2b_20260828_workspace/external-results/m1y-test2b-20260828/production/representation-B/m1y-seed0-m20-10k/checkpoint_000010000_parameters.npz,Y,TRAINING TRUTH SUPPORT,0,80,POST-HOC CHECKPOINT EVALUATION,R_all,physical_RMS_error,4.140499421647668e-14
t2b-b-m1y,Test 2B,B,M1-Y,M1-Y,10000,1adbd173137cbf10928ee4b25865258fc97f74b3c2c4c0a09cfd8629020566ab,3a829ffff2c2ee96946c197e18a7bd7d7495c255212c61bec1b3d24d788a71ee,/Users/arjunsharma/Documents/SandiaProjects/4-LDRDAMDIS/DIMSWE-feature-study-20260828/m1y_test2b_20260828_workspace/external-results/m1y-test2b-20260828/production/representation-B/m1y-seed0-m20-10k/checkpoint_000010000_parameters.npz,Y,TRAINING TRUTH SUPPORT,0,80,POST-HOC CHECKPOINT EVALUATION,R_all,prediction_RMS,1.7166351933531543e-12
t2b-b-m1y,Test 2B,B,M1-Y,M1-Y,10000,1adbd173137cbf10928ee4b25865258fc97f74b3c2c4c0a09cfd8629020566ab,3a829ffff2c2ee96946c197e18a7bd7d7495c255212c61bec1b3d24d788a71ee,/Users/arjunsharma/Documents/SandiaProjects/4-LDRDAMDIS/DIMSWE-feature-study-20260828/m1y_test2b_20260828_workspace/external-results/m1y-test2b-20260828/production/representation-B/m1y-seed0-m20-10k/checkpoint_000010000_parameters.npz,Y,TRAINING TRUTH SUPPORT,0,80,POST-HOC CHECKPOINT EVALUATION,R_all,relative_RMS_error,0.024104163988486863
t2b-b-m1y,Test 2B,B,M1-Y,M1-Y,10000,1adbd173137cbf10928ee4b25865258fc97f74b3c2c4c0a09cfd8629020566ab,3a829ffff2c2ee96946c197e18a7bd7d7495c255212c61bec1b3d24d788a71ee,/Users/arjunsharma/Documents/SandiaProjects/4-LDRDAMDIS/DIMSWE-feature-study-20260828/m1y_test2b_20260828_workspace/external-results/m1y-test2b-20260828/production/representation-B/m1y-seed0-m20-10k/checkpoint_000010000_parameters.npz,Y,TRAINING TRUTH SUPPORT,0,80,POST-HOC CHECKPOINT EVALUATION,R_all,sample_count,5308416
t2b-b-m1y,Test 2B,B,M1-Y,M1-Y,10000,1adbd173137cbf10928ee4b25865258fc97f74b3c2c4c0a09cfd8629020566ab,3a829ffff2c2ee96946c197e18a7bd7d7495c255212c61bec1b3d24d788a71ee,/Users/arjunsharma/Documents/SandiaProjects/4-LDRDAMDIS/DIMSWE-feature-study-20260828/m1y_test2b_20260828_workspace/external-results/m1y-test2b-20260828/production/representation-B/m1y-seed0-m20-10k/checkpoint_000010000_parameters.npz,Y,TRAINING TRUTH SUPPORT,0,80,POST-HOC CHECKPOINT EVALUATION,R_all,signed_mass_weighted_bias,-6.321034376692915e-16
t2b-b-m1y,Test 2B,B,M1-Y,M1-Y,10000,1adbd173137cbf10928ee4b25865258fc97f74b3c2c4c0a09cfd8629020566ab,3a829ffff2c2ee96946c197e18a7bd7d7495c255212c61bec1b3d24d788a71ee,/Users/arjunsharma/Documents/SandiaProjects/4-LDRDAMDIS/DIMSWE-feature-study-20260828/m1y_test2b_20260828_workspace/external-results/m1y-test2b-20260828/production/representation-B/m1y-seed0-m20-10k/checkpoint_000010000_parameters.npz,Y,TRAINING TRUTH SUPPORT,0,80,POST-HOC CHECKPOINT EVALUATION,R_all,target_RMS,1.7177527599071018e-12
t2b-b-m1y,Test 2B,B,M1-Y,M1-Y,10000,1adbd173137cbf10928ee4b25865258fc97f74b3c2c4c0a09cfd8629020566ab,3a829ffff2c2ee96946c197e18a7bd7d7495c255212c61bec1b3d24d788a71ee,/Users/arjunsharma/Documents/SandiaProjects/4-LDRDAMDIS/DIMSWE-feature-study-20260828/m1y_test2b_20260828_workspace/external-results/m1y-test2b-20260828/production/representation-B/m1y-seed0-m20-10k/checkpoint_000010000_parameters.npz,Y,TRAINING TRUTH SUPPORT,0,80,POST-HOC CHECKPOINT EVALUATION,R_truth_active,correlation,0.999533383754553
t2b-b-m1y,Test 2B,B,M1-Y,M1-Y,10000,1adbd173137cbf10928ee4b25865258fc97f74b3c2c4c0a09cfd8629020566ab,3a829ffff2c2ee96946c197e18a7bd7d7495c255212c61bec1b3d24d788a71ee,/Users/arjunsharma/Documents/SandiaProjects/4-LDRDAMDIS/DIMSWE-feature-study-20260828/m1y_test2b_20260828_workspace/external-results/m1y-test2b-20260828/production/representation-B/m1y-seed0-m20-10k/checkpoint_000010000_parameters.npz,Y,TRAINING TRUTH SUPPORT,0,80,POST-HOC CHECKPOINT EVALUATION,R_truth_active,cosine,0.9998677364717496
t2b-b-m1y,Test 2B,B,M1-Y,M1-Y,10000,1adbd173137cbf10928ee4b25865258fc97f74b3c2c4c0a09cfd8629020566ab,3a829ffff2c2ee96946c197e18a7bd7d7495c255212c61bec1b3d24d788a71ee,/Users/arjunsharma/Documents/SandiaProjects/4-LDRDAMDIS/DIMSWE-feature-study-20260828/m1y_test2b_20260828_workspace/external-results/m1y-test2b-20260828/production/representation-B/m1y-seed0-m20-10k/checkpoint_000010000_parameters.npz,Y,TRAINING TRUTH SUPPORT,0,80,POST-HOC CHECKPOINT EVALUATION,R_truth_active,maximum_absolute_error,2.4111126407302414e-12
t2b-b-m1y,Test 2B,B,M1-Y,M1-Y,10000,1adbd173137cbf10928ee4b25865258fc97f74b3c2c4c0a09cfd8629020566ab,3a829ffff2c2ee96946c197e18a7bd7d7495c255212c61bec1b3d24d788a71ee,/Users/arjunsharma/Documents/SandiaProjects/4-LDRDAMDIS/DIMSWE-feature-study-20260828/m1y_test2b_20260828_workspace/external-results/m1y-test2b-20260828/production/representation-B/m1y-seed0-m20-10k/checkpoint_000010000_parameters.npz,Y,TRAINING TRUTH SUPPORT,0,80,POST-HOC CHECKPOINT EVALUATION,R_truth_active,normalized_RMS_error,0.016274768180036123
t2b-b-m1y,Test 2B,B,M1-Y,M1-Y,10000,1adbd173137cbf10928ee4b25865258fc97f74b3c2c4c0a09cfd8629020566ab,3a829ffff2c2ee96946c197e18a7bd7d7495c255212c61bec1b3d24d788a71ee,/Users/arjunsharma/Documents/SandiaProjects/4-LDRDAMDIS/DIMSWE-feature-study-20260828/m1y_test2b_20260828_workspace/external-results/m1y-test2b-20260828/production/representation-B/m1y-seed0-m20-10k/checkpoint_000010000_parameters.npz,Y,TRAINING TRUTH SUPPORT,0,80,POST-HOC CHECKPOINT EVALUATION,R_truth_active,physical_RMS_error,3.2391461589899204e-13
t2b-b-m1y,Test 2B,B,M1-Y,M1-Y,10000,1adbd173137cbf10928ee4b25865258fc97f74b3c2c4c0a09cfd8629020566ab,3a829ffff2c2ee96946c197e18a7bd7d7495c255212c61bec1b3d24d788a71ee,/Users/arjunsharma/Documents/SandiaProjects/4-LDRDAMDIS/DIMSWE-feature-study-20260828/m1y_test2b_20260828_workspace/external-results/m1y-test2b-20260828/production/representation-B/m1y-seed0-m20-10k/checkpoint_000010000_parameters.npz,Y,TRAINING TRUTH SUPPORT,0,80,POST-HOC CHECKPOINT EVALUATION,R_truth_active,prediction_RMS,1.9883055944889253e-11
t2b-b-m1y,Test 2B,B,M1-Y,M1-Y,10000,1adbd173137cbf10928ee4b25865258fc97f74b3c2c4c0a09cfd8629020566ab,3a829ffff2c2ee96946c197e18a7bd7d7495c255212c61bec1b3d24d788a71ee,/Users/arjunsharma/Documents/SandiaProjects/4-LDRDAMDIS/DIMSWE-feature-study-20260828/m1y_test2b_20260828_workspace/external-results/m1y-test2b-20260828/production/representation-B/m1y-seed0-m20-10k/checkpoint_000010000_parameters.npz,Y,TRAINING TRUTH SUPPORT,0,80,POST-HOC CHECKPOINT EVALUATION,R_truth_active,relative_RMS_error,0.016277812407164614
t2b-b-m1y,Test 2B,B,M1-Y,M1-Y,10000,1adbd173137cbf10928ee4b25865258fc97f74b3c2c4c0a09cfd8629020566ab,3a829ffff2c2ee96946c197e18a7bd7d7495c255212c61bec1b3d24d788a71ee,/Users/arjunsharma/Documents/SandiaProjects/4-LDRDAMDIS/DIMSWE-feature-study-20260828/m1y_test2b_20260828_workspace/external-results/m1y-test2b-20260828/production/representation-B/m1y-seed0-m20-10k/checkpoint_000010000_parameters.npz,Y,TRAINING TRUTH SUPPORT,0,80,POST-HOC CHECKPOINT EVALUATION,R_truth_active,sample_count,40776
t2b-b-m1y,Test 2B,B,M1-Y,M1-Y,10000,1adbd173137cbf10928ee4b25865258fc97f74b3c2c4c0a09cfd8629020566ab,3a829ffff2c2ee96946c197e18a7bd7d7495c255212c61bec1b3d24d788a71ee,/Users/arjunsharma/Documents/SandiaProjects/4-LDRDAMDIS/DIMSWE-feature-study-20260828/m1y_test2b_20260828_workspace/external-results/m1y-test2b-20260828/production/representation-B/m1y-seed0-m20-10k/checkpoint_000010000_parameters.npz,Y,TRAINING TRUTH SUPPORT,0,80,POST-HOC CHECKPOINT EVALUATION,R_truth_active,signed_mass_weighted_bias,-5.625326446429167e-15
t2b-b-m1y,Test 2B,B,M1-Y,M1-Y,10000,1adbd173137cbf10928ee4b25865258fc97f74b3c2c4c0a09cfd8629020566ab,3a829ffff2c2ee96946c197e18a7bd7d7495c255212c61bec1b3d24d788a71ee,/Users/arjunsharma/Documents/SandiaProjects/4-LDRDAMDIS/DIMSWE-feature-study-20260828/m1y_test2b_20260828_workspace/external-results/m1y-test2b-20260828/production/representation-B/m1y-seed0-m20-10k/checkpoint_000010000_parameters.npz,Y,TRAINING TRUTH SUPPORT,0,80,POST-HOC CHECKPOINT EVALUATION,R_truth_active,target_RMS,1.9899149086914304e-11
t2b-b-m1y,Test 2B,B,M1-Y,M1-Y,10000,1adbd173137cbf10928ee4b25865258fc97f74b3c2c4c0a09cfd8629020566ab,3a829ffff2c2ee96946c197e18a7bd7d7495c255212c61bec1b3d24d788a71ee,/Users/arjunsharma/Documents/SandiaProjects/4-LDRDAMDIS/DIMSWE-feature-study-20260828/m1y_test2b_20260828_workspace/external-results/m1y-test2b-20260828/production/representation-B/m1y-seed0-m20-10k/checkpoint_000010000_parameters.npz,Y,TRAINING TRUTH SUPPORT,0,80,POST-HOC CHECKPOINT EVALUATION,operator,denominator,2041296881127481.2
t2b-b-m1y,Test 2B,B,M1-Y,M1-Y,10000,1adbd173137cbf10928ee4b25865258fc97f74b3c2c4c0a09cfd8629020566ab,3a829ffff2c2ee96946c197e18a7bd7d7495c255212c61bec1b3d24d788a71ee,/Users/arjunsharma/Documents/SandiaProjects/4-LDRDAMDIS/DIMSWE-feature-study-20260828/m1y_test2b_20260828_workspace/external-results/m1y-test2b-20260828/production/representation-B/m1y-seed0-m20-10k/checkpoint_000010000_parameters.npz,Y,TRAINING TRUTH SUPPORT,0,80,POST-HOC CHECKPOINT EVALUATION,operator,normalized_objective,3.261043519805743e-05
t2b-b-m1y,Test 2B,B,M1-Y,M1-Y,10000,1adbd173137cbf10928ee4b25865258fc97f74b3c2c4c0a09cfd8629020566ab,3a829ffff2c2ee96946c197e18a7bd7d7495c255212c61bec1b3d24d788a71ee,/Users/arjunsharma/Documents/SandiaProjects/4-LDRDAMDIS/DIMSWE-feature-study-20260828/m1y_test2b_20260828_workspace/external-results/m1y-test2b-20260828/production/representation-B/m1y-seed0-m20-10k/checkpoint_000010000_parameters.npz,Y,TRAINING TRUTH SUPPORT,0,80,POST-HOC CHECKPOINT EVALUATION,operator,numerator,66567579662.00447
t2b-b-m1y,Test 2B,B,M1-Y,M1-Y,10000,1adbd173137cbf10928ee4b25865258fc97f74b3c2c4c0a09cfd8629020566ab,3a829ffff2c2ee96946c197e18a7bd7d7495c255212c61bec1b3d24d788a71ee,/Users/arjunsharma/Documents/SandiaProjects/4-LDRDAMDIS/DIMSWE-feature-study-20260828/m1y_test2b_20260828_workspace/external-results/m1y-test2b-20260828/production/representation-B/m1y-seed0-m20-10k/checkpoint_000010000_parameters.npz,Y,HELD-OUT TRUTH SUPPORT,81,160,POST-HOC CHECKPOINT EVALUATION,A,correlation,0.21408478037379045
t2b-b-m1y,Test 2B,B,M1-Y,M1-Y,10000,1adbd173137cbf10928ee4b25865258fc97f74b3c2c4c0a09cfd8629020566ab,3a829ffff2c2ee96946c197e18a7bd7d7495c255212c61bec1b3d24d788a71ee,/Users/arjunsharma/Documents/SandiaProjects/4-LDRDAMDIS/DIMSWE-feature-study-20260828/m1y_test2b_20260828_workspace/external-results/m1y-test2b-20260828/production/representation-B/m1y-seed0-m20-10k/checkpoint_000010000_parameters.npz,Y,HELD-OUT TRUTH SUPPORT,81,160,POST-HOC CHECKPOINT EVALUATION,A,cosine,0.21732961618605004
t2b-b-m1y,Test 2B,B,M1-Y,M1-Y,10000,1adbd173137cbf10928ee4b25865258fc97f74b3c2c4c0a09cfd8629020566ab,3a829ffff2c2ee96946c197e18a7bd7d7495c255212c61bec1b3d24d788a71ee,/Users/arjunsharma/Documents/SandiaProjects/4-LDRDAMDIS/DIMSWE-feature-study-20260828/m1y_test2b_20260828_workspace/external-results/m1y-test2b-20260828/production/representation-B/m1y-seed0-m20-10k/checkpoint_000010000_parameters.npz,Y,HELD-OUT TRUTH SUPPORT,81,160,POST-HOC CHECKPOINT EVALUATION,A,maximum_absolute_error,2.211371321922787e-07
t2b-b-m1y,Test 2B,B,M1-Y,M1-Y,10000,1adbd173137cbf10928ee4b25865258fc97f74b3c2c4c0a09cfd8629020566ab,3a829ffff2c2ee96946c197e18a7bd7d7495c255212c61bec1b3d24d788a71ee,/Users/arjunsharma/Documents/SandiaProjects/4-LDRDAMDIS/DIMSWE-feature-study-20260828/m1y_test2b_20260828_workspace/external-results/m1y-test2b-20260828/production/representation-B/m1y-seed0-m20-10k/checkpoint_000010000_parameters.npz,Y,HELD-OUT TRUTH SUPPORT,81,160,POST-HOC CHECKPOINT EVALUATION,A,normalized_RMS_error,0.09085403846542286
t2b-b-m1y,Test 2B,B,M1-Y,M1-Y,10000,1adbd173137cbf10928ee4b25865258fc97f74b3c2c4c0a09cfd8629020566ab,3a829ffff2c2ee96946c197e18a7bd7d7495c255212c61bec1b3d24d788a71ee,/Users/arjunsharma/Documents/SandiaProjects/4-LDRDAMDIS/DIMSWE-feature-study-20260828/m1y_test2b_20260828_workspace/external-results/m1y-test2b-20260828/production/representation-B/m1y-seed0-m20-10k/checkpoint_000010000_parameters.npz,Y,HELD-OUT TRUTH SUPPORT,81,160,POST-HOC CHECKPOINT EVALUATION,A,physical_RMS_error,8.224342561174364e-09
t2b-b-m1y,Test 2B,B,M1-Y,M1-Y,10000,1adbd173137cbf10928ee4b25865258fc97f74b3c2c4c0a09cfd8629020566ab,3a829ffff2c2ee96946c197e18a7bd7d7495c255212c61bec1b3d24d788a71ee,/Users/arjunsharma/Documents/SandiaProjects/4-LDRDAMDIS/DIMSWE-feature-study-20260828/m1y_test2b_20260828_workspace/external-results/m1y-test2b-20260828/production/representation-B/m1y-seed0-m20-10k/checkpoint_000010000_parameters.npz,Y,HELD-OUT TRUTH SUPPORT,81,160,POST-HOC CHECKPOINT EVALUATION,A,prediction_RMS,8.364219015509028e-09
t2b-b-m1y,Test 2B,B,M1-Y,M1-Y,10000,1adbd173137cbf10928ee4b25865258fc97f74b3c2c4c0a09cfd8629020566ab,3a829ffff2c2ee96946c197e18a7bd7d7495c255212c61bec1b3d24d788a71ee,/Users/arjunsharma/Documents/SandiaProjects/4-LDRDAMDIS/DIMSWE-feature-study-20260828/m1y_test2b_20260828_workspace/external-results/m1y-test2b-20260828/production/representation-B/m1y-seed0-m20-10k/checkpoint_000010000_parameters.npz,Y,HELD-OUT TRUTH SUPPORT,81,160,POST-HOC CHECKPOINT EVALUATION,A,relative_RMS_error,2.9270513111615144
t2b-b-m1y,Test 2B,B,M1-Y,M1-Y,10000,1adbd173137cbf10928ee4b25865258fc97f74b3c2c4c0a09cfd8629020566ab,3a829ffff2c2ee96946c197e18a7bd7d7495c255212c61bec1b3d24d788a71ee,/Users/arjunsharma/Documents/SandiaProjects/4-LDRDAMDIS/DIMSWE-feature-study-20260828/m1y_test2b_20260828_workspace/external-results/m1y-test2b-20260828/production/representation-B/m1y-seed0-m20-10k/checkpoint_000010000_parameters.npz,Y,HELD-OUT TRUTH SUPPORT,81,160,POST-HOC CHECKPOINT EVALUATION,A,sample_count,5242880
t2b-b-m1y,Test 2B,B,M1-Y,M1-Y,10000,1adbd173137cbf10928ee4b25865258fc97f74b3c2c4c0a09cfd8629020566ab,3a829ffff2c2ee96946c197e18a7bd7d7495c255212c61bec1b3d24d788a71ee,/Users/arjunsharma/Documents/SandiaProjects/4-LDRDAMDIS/DIMSWE-feature-study-20260828/m1y_test2b_20260828_workspace/external-results/m1y-test2b-20260828/production/representation-B/m1y-seed0-m20-10k/checkpoint_000010000_parameters.npz,Y,HELD-OUT TRUTH SUPPORT,81,160,POST-HOC CHECKPOINT EVALUATION,A,signed_mass_weighted_bias,-1.1514622842467021e-09
t2b-b-m1y,Test 2B,B,M1-Y,M1-Y,10000,1adbd173137cbf10928ee4b25865258fc97f74b3c2c4c0a09cfd8629020566ab,3a829ffff2c2ee96946c197e18a7bd7d7495c255212c61bec1b3d24d788a71ee,/Users/arjunsharma/Documents/SandiaProjects/4-LDRDAMDIS/DIMSWE-feature-study-20260828/m1y_test2b_20260828_workspace/external-results/m1y-test2b-20260828/production/representation-B/m1y-seed0-m20-10k/checkpoint_000010000_parameters.npz,Y,HELD-OUT TRUTH SUPPORT,81,160,POST-HOC CHECKPOINT EVALUATION,A,target_RMS,2.8097705461510257e-09
t2b-b-m1y,Test 2B,B,M1-Y,M1-Y,10000,1adbd173137cbf10928ee4b25865258fc97f74b3c2c4c0a09cfd8629020566ab,3a829ffff2c2ee96946c197e18a7bd7d7495c255212c61bec1b3d24d788a71ee,/Users/arjunsharma/Documents/SandiaProjects/4-LDRDAMDIS/DIMSWE-feature-study-20260828/m1y_test2b_20260828_workspace/external-results/m1y-test2b-20260828/production/representation-B/m1y-seed0-m20-10k/checkpoint_000010000_parameters.npz,Y,HELD-OUT TRUTH SUPPORT,81,160,POST-HOC CHECKPOINT EVALUATION,R_activation,activity_numerical_tolerance,1.2119968976504772e-20
t2b-b-m1y,Test 2B,B,M1-Y,M1-Y,10000,1adbd173137cbf10928ee4b25865258fc97f74b3c2c4c0a09cfd8629020566ab,3a829ffff2c2ee96946c197e18a7bd7d7495c255212c61bec1b3d24d788a71ee,/Users/arjunsharma/Documents/SandiaProjects/4-LDRDAMDIS/DIMSWE-feature-study-20260828/m1y_test2b_20260828_workspace/external-results/m1y-test2b-20260828/production/representation-B/m1y-seed0-m20-10k/checkpoint_000010000_parameters.npz,Y,HELD-OUT TRUTH SUPPORT,81,160,POST-HOC CHECKPOINT EVALUATION,R_activation,false_negative_count,0
t2b-b-m1y,Test 2B,B,M1-Y,M1-Y,10000,1adbd173137cbf10928ee4b25865258fc97f74b3c2c4c0a09cfd8629020566ab,3a829ffff2c2ee96946c197e18a7bd7d7495c255212c61bec1b3d24d788a71ee,/Users/arjunsharma/Documents/SandiaProjects/4-LDRDAMDIS/DIMSWE-feature-study-20260828/m1y_test2b_20260828_workspace/external-results/m1y-test2b-20260828/production/representation-B/m1y-seed0-m20-10k/checkpoint_000010000_parameters.npz,Y,HELD-OUT TRUTH SUPPORT,81,160,POST-HOC CHECKPOINT EVALUATION,R_activation,false_negative_fraction_all_samples,0.0
t2b-b-m1y,Test 2B,B,M1-Y,M1-Y,10000,1adbd173137cbf10928ee4b25865258fc97f74b3c2c4c0a09cfd8629020566ab,3a829ffff2c2ee96946c197e18a7bd7d7495c255212c61bec1b3d24d788a71ee,/Users/arjunsharma/Documents/SandiaProjects/4-LDRDAMDIS/DIMSWE-feature-study-20260828/m1y_test2b_20260828_workspace/external-results/m1y-test2b-20260828/production/representation-B/m1y-seed0-m20-10k/checkpoint_000010000_parameters.npz,Y,HELD-OUT TRUTH SUPPORT,81,160,POST-HOC CHECKPOINT EVALUATION,R_activation,false_negative_rate_given_truth_active,0.0
t2b-b-m1y,Test 2B,B,M1-Y,M1-Y,10000,1adbd173137cbf10928ee4b25865258fc97f74b3c2c4c0a09cfd8629020566ab,3a829ffff2c2ee96946c197e18a7bd7d7495c255212c61bec1b3d24d788a71ee,/Users/arjunsharma/Documents/SandiaProjects/4-LDRDAMDIS/DIMSWE-feature-study-20260828/m1y_test2b_20260828_workspace/external-results/m1y-test2b-20260828/production/representation-B/m1y-seed0-m20-10k/checkpoint_000010000_parameters.npz,Y,HELD-OUT TRUTH SUPPORT,81,160,POST-HOC CHECKPOINT EVALUATION,R_activation,false_positive_count,1021390
t2b-b-m1y,Test 2B,B,M1-Y,M1-Y,10000,1adbd173137cbf10928ee4b25865258fc97f74b3c2c4c0a09cfd8629020566ab,3a829ffff2c2ee96946c197e18a7bd7d7495c255212c61bec1b3d24d788a71ee,/Users/arjunsharma/Documents/SandiaProjects/4-LDRDAMDIS/DIMSWE-feature-study-20260828/m1y_test2b_20260828_workspace/external-results/m1y-test2b-20260828/production/representation-B/m1y-seed0-m20-10k/checkpoint_000010000_parameters.npz,Y,HELD-OUT TRUTH SUPPORT,81,160,POST-HOC CHECKPOINT EVALUATION,R_activation,false_positive_fraction_all_samples,0.19481468200683594
t2b-b-m1y,Test 2B,B,M1-Y,M1-Y,10000,1adbd173137cbf10928ee4b25865258fc97f74b3c2c4c0a09cfd8629020566ab,3a829ffff2c2ee96946c197e18a7bd7d7495c255212c61bec1b3d24d788a71ee,/Users/arjunsharma/Documents/SandiaProjects/4-LDRDAMDIS/DIMSWE-feature-study-20260828/m1y_test2b_20260828_workspace/external-results/m1y-test2b-20260828/production/representation-B/m1y-seed0-m20-10k/checkpoint_000010000_parameters.npz,Y,HELD-OUT TRUTH SUPPORT,81,160,POST-HOC CHECKPOINT EVALUATION,R_activation,false_positive_rate_given_truth_inactive,0.21028941740160936
t2b-b-m1y,Test 2B,B,M1-Y,M1-Y,10000,1adbd173137cbf10928ee4b25865258fc97f74b3c2c4c0a09cfd8629020566ab,3a829ffff2c2ee96946c197e18a7bd7d7495c255212c61bec1b3d24d788a71ee,/Users/arjunsharma/Documents/SandiaProjects/4-LDRDAMDIS/DIMSWE-feature-study-20260828/m1y_test2b_20260828_workspace/external-results/m1y-test2b-20260828/production/representation-B/m1y-seed0-m20-10k/checkpoint_000010000_parameters.npz,Y,HELD-OUT TRUTH SUPPORT,81,160,POST-HOC CHECKPOINT EVALUATION,R_activation,first_meaningful_positive_predicted_step,81
t2b-b-m1y,Test 2B,B,M1-Y,M1-Y,10000,1adbd173137cbf10928ee4b25865258fc97f74b3c2c4c0a09cfd8629020566ab,3a829ffff2c2ee96946c197e18a7bd7d7495c255212c61bec1b3d24d788a71ee,/Users/arjunsharma/Documents/SandiaProjects/4-LDRDAMDIS/DIMSWE-feature-study-20260828/m1y_test2b_20260828_workspace/external-results/m1y-test2b-20260828/production/representation-B/m1y-seed0-m20-10k/checkpoint_000010000_parameters.npz,Y,HELD-OUT TRUTH SUPPORT,81,160,POST-HOC CHECKPOINT EVALUATION,R_activation,first_meaningful_positive_truth_step,81
t2b-b-m1y,Test 2B,B,M1-Y,M1-Y,10000,1adbd173137cbf10928ee4b25865258fc97f74b3c2c4c0a09cfd8629020566ab,3a829ffff2c2ee96946c197e18a7bd7d7495c255212c61bec1b3d24d788a71ee,/Users/arjunsharma/Documents/SandiaProjects/4-LDRDAMDIS/DIMSWE-feature-study-20260828/m1y_test2b_20260828_workspace/external-results/m1y-test2b-20260828/production/representation-B/m1y-seed0-m20-10k/checkpoint_000010000_parameters.npz,Y,HELD-OUT TRUTH SUPPORT,81,160,POST-HOC CHECKPOINT EVALUATION,R_activation,maximum_predicted_R,5.380062737881906e-11
t2b-b-m1y,Test 2B,B,M1-Y,M1-Y,10000,1adbd173137cbf10928ee4b25865258fc97f74b3c2c4c0a09cfd8629020566ab,3a829ffff2c2ee96946c197e18a7bd7d7495c255212c61bec1b3d24d788a71ee,/Users/arjunsharma/Documents/SandiaProjects/4-LDRDAMDIS/DIMSWE-feature-study-20260828/m1y_test2b_20260828_workspace/external-results/m1y-test2b-20260828/production/representation-B/m1y-seed0-m20-10k/checkpoint_000010000_parameters.npz,Y,HELD-OUT TRUTH SUPPORT,81,160,POST-HOC CHECKPOINT EVALUATION,R_activation,minimum_predicted_R,-5.097002259083933e-13
t2b-b-m1y,Test 2B,B,M1-Y,M1-Y,10000,1adbd173137cbf10928ee4b25865258fc97f74b3c2c4c0a09cfd8629020566ab,3a829ffff2c2ee96946c197e18a7bd7d7495c255212c61bec1b3d24d788a71ee,/Users/arjunsharma/Documents/SandiaProjects/4-LDRDAMDIS/DIMSWE-feature-study-20260828/m1y_test2b_20260828_workspace/external-results/m1y-test2b-20260828/production/representation-B/m1y-seed0-m20-10k/checkpoint_000010000_parameters.npz,Y,HELD-OUT TRUTH SUPPORT,81,160,POST-HOC CHECKPOINT EVALUATION,R_activation,predicted_exact_negative_fraction,0.7315975189208984
t2b-b-m1y,Test 2B,B,M1-Y,M1-Y,10000,1adbd173137cbf10928ee4b25865258fc97f74b3c2c4c0a09cfd8629020566ab,3a829ffff2c2ee96946c197e18a7bd7d7495c255212c61bec1b3d24d788a71ee,/Users/arjunsharma/Documents/SandiaProjects/4-LDRDAMDIS/DIMSWE-feature-study-20260828/m1y_test2b_20260828_workspace/external-results/m1y-test2b-20260828/production/representation-B/m1y-seed0-m20-10k/checkpoint_000010000_parameters.npz,Y,HELD-OUT TRUTH SUPPORT,81,160,POST-HOC CHECKPOINT EVALUATION,R_activation,predicted_exact_positive_fraction,0.2684024810791016
t2b-b-m1y,Test 2B,B,M1-Y,M1-Y,10000,1adbd173137cbf10928ee4b25865258fc97f74b3c2c4c0a09cfd8629020566ab,3a829ffff2c2ee96946c197e18a7bd7d7495c255212c61bec1b3d24d788a71ee,/Users/arjunsharma/Documents/SandiaProjects/4-LDRDAMDIS/DIMSWE-feature-study-20260828/m1y_test2b_20260828_workspace/external-results/m1y-test2b-20260828/production/representation-B/m1y-seed0-m20-10k/checkpoint_000010000_parameters.npz,Y,HELD-OUT TRUTH SUPPORT,81,160,POST-HOC CHECKPOINT EVALUATION,R_activation,predicted_meaningful_negative_fraction,0.7315975189208984
t2b-b-m1y,Test 2B,B,M1-Y,M1-Y,10000,1adbd173137cbf10928ee4b25865258fc97f74b3c2c4c0a09cfd8629020566ab,3a829ffff2c2ee96946c197e18a7bd7d7495c255212c61bec1b3d24d788a71ee,/Users/arjunsharma/Documents/SandiaProjects/4-LDRDAMDIS/DIMSWE-feature-study-20260828/m1y_test2b_20260828_workspace/external-results/m1y-test2b-20260828/production/representation-B/m1y-seed0-m20-10k/checkpoint_000010000_parameters.npz,Y,HELD-OUT TRUTH SUPPORT,81,160,POST-HOC CHECKPOINT EVALUATION,R_activation,predicted_meaningful_positive_fraction,0.2684024810791016
t2b-b-m1y,Test 2B,B,M1-Y,M1-Y,10000,1adbd173137cbf10928ee4b25865258fc97f74b3c2c4c0a09cfd8629020566ab,3a829ffff2c2ee96946c197e18a7bd7d7495c255212c61bec1b3d24d788a71ee,/Users/arjunsharma/Documents/SandiaProjects/4-LDRDAMDIS/DIMSWE-feature-study-20260828/m1y_test2b_20260828_workspace/external-results/m1y-test2b-20260828/production/representation-B/m1y-seed0-m20-10k/checkpoint_000010000_parameters.npz,Y,HELD-OUT TRUTH SUPPORT,81,160,POST-HOC CHECKPOINT EVALUATION,R_activation,sample_count,5242880
t2b-b-m1y,Test 2B,B,M1-Y,M1-Y,10000,1adbd173137cbf10928ee4b25865258fc97f74b3c2c4c0a09cfd8629020566ab,3a829ffff2c2ee96946c197e18a7bd7d7495c255212c61bec1b3d24d788a71ee,/Users/arjunsharma/Documents/SandiaProjects/4-LDRDAMDIS/DIMSWE-feature-study-20260828/m1y_test2b_20260828_workspace/external-results/m1y-test2b-20260828/production/representation-B/m1y-seed0-m20-10k/checkpoint_000010000_parameters.npz,Y,HELD-OUT TRUTH SUPPORT,81,160,POST-HOC CHECKPOINT EVALUATION,R_activation,truth_active_sample_count,385812
t2b-b-m1y,Test 2B,B,M1-Y,M1-Y,10000,1adbd173137cbf10928ee4b25865258fc97f74b3c2c4c0a09cfd8629020566ab,3a829ffff2c2ee96946c197e18a7bd7d7495c255212c61bec1b3d24d788a71ee,/Users/arjunsharma/Documents/SandiaProjects/4-LDRDAMDIS/DIMSWE-feature-study-20260828/m1y_test2b_20260828_workspace/external-results/m1y-test2b-20260828/production/representation-B/m1y-seed0-m20-10k/checkpoint_000010000_parameters.npz,Y,HELD-OUT TRUTH SUPPORT,81,160,POST-HOC CHECKPOINT EVALUATION,R_activation,truth_active_sample_fraction,0.07358779907226562
t2b-b-m1y,Test 2B,B,M1-Y,M1-Y,10000,1adbd173137cbf10928ee4b25865258fc97f74b3c2c4c0a09cfd8629020566ab,3a829ffff2c2ee96946c197e18a7bd7d7495c255212c61bec1b3d24d788a71ee,/Users/arjunsharma/Documents/SandiaProjects/4-LDRDAMDIS/DIMSWE-feature-study-20260828/m1y_test2b_20260828_workspace/external-results/m1y-test2b-20260828/production/representation-B/m1y-seed0-m20-10k/checkpoint_000010000_parameters.npz,Y,HELD-OUT TRUTH SUPPORT,81,160,POST-HOC CHECKPOINT EVALUATION,R_all,correlation,0.999507555362506
t2b-b-m1y,Test 2B,B,M1-Y,M1-Y,10000,1adbd173137cbf10928ee4b25865258fc97f74b3c2c4c0a09cfd8629020566ab,3a829ffff2c2ee96946c197e18a7bd7d7495c255212c61bec1b3d24d788a71ee,/Users/arjunsharma/Documents/SandiaProjects/4-LDRDAMDIS/DIMSWE-feature-study-20260828/m1y_test2b_20260828_workspace/external-results/m1y-test2b-20260828/production/representation-B/m1y-seed0-m20-10k/checkpoint_000010000_parameters.npz,Y,HELD-OUT TRUTH SUPPORT,81,160,POST-HOC CHECKPOINT EVALUATION,R_all,cosine,0.9995302126091722
t2b-b-m1y,Test 2B,B,M1-Y,M1-Y,10000,1adbd173137cbf10928ee4b25865258fc97f74b3c2c4c0a09cfd8629020566ab,3a829ffff2c2ee96946c197e18a7bd7d7495c255212c61bec1b3d24d788a71ee,/Users/arjunsharma/Documents/SandiaProjects/4-LDRDAMDIS/DIMSWE-feature-study-20260828/m1y_test2b_20260828_workspace/external-results/m1y-test2b-20260828/production/representation-B/m1y-seed0-m20-10k/checkpoint_000010000_parameters.npz,Y,HELD-OUT TRUTH SUPPORT,81,160,POST-HOC CHECKPOINT EVALUATION,R_all,maximum_absolute_error,2.5840082589776022e-12
t2b-b-m1y,Test 2B,B,M1-Y,M1-Y,10000,1adbd173137cbf10928ee4b25865258fc97f74b3c2c4c0a09cfd8629020566ab,3a829ffff2c2ee96946c197e18a7bd7d7495c255212c61bec1b3d24d788a71ee,/Users/arjunsharma/Documents/SandiaProjects/4-LDRDAMDIS/DIMSWE-feature-study-20260828/m1y_test2b_20260828_workspace/external-results/m1y-test2b-20260828/production/representation-B/m1y-seed0-m20-10k/checkpoint_000010000_parameters.npz,Y,HELD-OUT TRUTH SUPPORT,81,160,POST-HOC CHECKPOINT EVALUATION,R_all,normalized_RMS_error,0.009961062150091026
t2b-b-m1y,Test 2B,B,M1-Y,M1-Y,10000,1adbd173137cbf10928ee4b25865258fc97f74b3c2c4c0a09cfd8629020566ab,3a829ffff2c2ee96946c197e18a7bd7d7495c255212c61bec1b3d24d788a71ee,/Users/arjunsharma/Documents/SandiaProjects/4-LDRDAMDIS/DIMSWE-feature-study-20260828/m1y_test2b_20260828_workspace/external-results/m1y-test2b-20260828/production/representation-B/m1y-seed0-m20-10k/checkpoint_000010000_parameters.npz,Y,HELD-OUT TRUTH SUPPORT,81,160,POST-HOC CHECKPOINT EVALUATION,R_all,physical_RMS_error,1.982537376016597e-13
t2b-b-m1y,Test 2B,B,M1-Y,M1-Y,10000,1adbd173137cbf10928ee4b25865258fc97f74b3c2c4c0a09cfd8629020566ab,3a829ffff2c2ee96946c197e18a7bd7d7495c255212c61bec1b3d24d788a71ee,/Users/arjunsharma/Documents/SandiaProjects/4-LDRDAMDIS/DIMSWE-feature-study-20260828/m1y_test2b_20260828_workspace/external-results/m1y-test2b-20260828/production/representation-B/m1y-seed0-m20-10k/checkpoint_000010000_parameters.npz,Y,HELD-OUT TRUTH SUPPORT,81,160,POST-HOC CHECKPOINT EVALUATION,R_all,prediction_RMS,6.121603943529348e-12
t2b-b-m1y,Test 2B,B,M1-Y,M1-Y,10000,1adbd173137cbf10928ee4b25865258fc97f74b3c2c4c0a09cfd8629020566ab,3a829ffff2c2ee96946c197e18a7bd7d7495c255212c61bec1b3d24d788a71ee,/Users/arjunsharma/Documents/SandiaProjects/4-LDRDAMDIS/DIMSWE-feature-study-20260828/m1y_test2b_20260828_workspace/external-results/m1y-test2b-20260828/production/representation-B/m1y-seed0-m20-10k/checkpoint_000010000_parameters.npz,Y,HELD-OUT TRUTH SUPPORT,81,160,POST-HOC CHECKPOINT EVALUATION,R_all,relative_RMS_error,0.03274392584375766
t2b-b-m1y,Test 2B,B,M1-Y,M1-Y,10000,1adbd173137cbf10928ee4b25865258fc97f74b3c2c4c0a09cfd8629020566ab,3a829ffff2c2ee96946c197e18a7bd7d7495c255212c61bec1b3d24d788a71ee,/Users/arjunsharma/Documents/SandiaProjects/4-LDRDAMDIS/DIMSWE-feature-study-20260828/m1y_test2b_20260828_workspace/external-results/m1y-test2b-20260828/production/representation-B/m1y-seed0-m20-10k/checkpoint_000010000_parameters.npz,Y,HELD-OUT TRUTH SUPPORT,81,160,POST-HOC CHECKPOINT EVALUATION,R_all,sample_count,5242880
t2b-b-m1y,Test 2B,B,M1-Y,M1-Y,10000,1adbd173137cbf10928ee4b25865258fc97f74b3c2c4c0a09cfd8629020566ab,3a829ffff2c2ee96946c197e18a7bd7d7495c255212c61bec1b3d24d788a71ee,/Users/arjunsharma/Documents/SandiaProjects/4-LDRDAMDIS/DIMSWE-feature-study-20260828/m1y_test2b_20260828_workspace/external-results/m1y-test2b-20260828/production/representation-B/m1y-seed0-m20-10k/checkpoint_000010000_parameters.npz,Y,HELD-OUT TRUTH SUPPORT,81,160,POST-HOC CHECKPOINT EVALUATION,R_all,signed_mass_weighted_bias,3.2387819653611816e-14
t2b-b-m1y,Test 2B,B,M1-Y,M1-Y,10000,1adbd173137cbf10928ee4b25865258fc97f74b3c2c4c0a09cfd8629020566ab,3a829ffff2c2ee96946c197e18a7bd7d7495c255212c61bec1b3d24d788a71ee,/Users/arjunsharma/Documents/SandiaProjects/4-LDRDAMDIS/DIMSWE-feature-study-20260828/m1y_test2b_20260828_workspace/external-results/m1y-test2b-20260828/production/representation-B/m1y-seed0-m20-10k/checkpoint_000010000_parameters.npz,Y,HELD-OUT TRUTH SUPPORT,81,160,POST-HOC CHECKPOINT EVALUATION,R_all,target_RMS,6.054672202339324e-12
t2b-b-m1y,Test 2B,B,M1-Y,M1-Y,10000,1adbd173137cbf10928ee4b25865258fc97f74b3c2c4c0a09cfd8629020566ab,3a829ffff2c2ee96946c197e18a7bd7d7495c255212c61bec1b3d24d788a71ee,/Users/arjunsharma/Documents/SandiaProjects/4-LDRDAMDIS/DIMSWE-feature-study-20260828/m1y_test2b_20260828_workspace/external-results/m1y-test2b-20260828/production/representation-B/m1y-seed0-m20-10k/checkpoint_000010000_parameters.npz,Y,HELD-OUT TRUTH SUPPORT,81,160,POST-HOC CHECKPOINT EVALUATION,R_truth_active,correlation,0.9993010185272044
t2b-b-m1y,Test 2B,B,M1-Y,M1-Y,10000,1adbd173137cbf10928ee4b25865258fc97f74b3c2c4c0a09cfd8629020566ab,3a829ffff2c2ee96946c197e18a7bd7d7495c255212c61bec1b3d24d788a71ee,/Users/arjunsharma/Documents/SandiaProjects/4-LDRDAMDIS/DIMSWE-feature-study-20260828/m1y_test2b_20260828_workspace/external-results/m1y-test2b-20260828/production/representation-B/m1y-seed0-m20-10k/checkpoint_000010000_parameters.npz,Y,HELD-OUT TRUTH SUPPORT,81,160,POST-HOC CHECKPOINT EVALUATION,R_truth_active,cosine,0.9997212103166828
t2b-b-m1y,Test 2B,B,M1-Y,M1-Y,10000,1adbd173137cbf10928ee4b25865258fc97f74b3c2c4c0a09cfd8629020566ab,3a829ffff2c2ee96946c197e18a7bd7d7495c255212c61bec1b3d24d788a71ee,/Users/arjunsharma/Documents/SandiaProjects/4-LDRDAMDIS/DIMSWE-feature-study-20260828/m1y_test2b_20260828_workspace/external-results/m1y-test2b-20260828/production/representation-B/m1y-seed0-m20-10k/checkpoint_000010000_parameters.npz,Y,HELD-OUT TRUTH SUPPORT,81,160,POST-HOC CHECKPOINT EVALUATION,R_truth_active,maximum_absolute_error,2.5840082589776022e-12
t2b-b-m1y,Test 2B,B,M1-Y,M1-Y,10000,1adbd173137cbf10928ee4b25865258fc97f74b3c2c4c0a09cfd8629020566ab,3a829ffff2c2ee96946c197e18a7bd7d7495c255212c61bec1b3d24d788a71ee,/Users/arjunsharma/Documents/SandiaProjects/4-LDRDAMDIS/DIMSWE-feature-study-20260828/m1y_test2b_20260828_workspace/external-results/m1y-test2b-20260828/production/representation-B/m1y-seed0-m20-10k/checkpoint_000010000_parameters.npz,Y,HELD-OUT TRUTH SUPPORT,81,160,POST-HOC CHECKPOINT EVALUATION,R_truth_active,normalized_RMS_error,0.029451756380958483
t2b-b-m1y,Test 2B,B,M1-Y,M1-Y,10000,1adbd173137cbf10928ee4b25865258fc97f74b3c2c4c0a09cfd8629020566ab,3a829ffff2c2ee96946c197e18a7bd7d7495c255212c61bec1b3d24d788a71ee,/Users/arjunsharma/Documents/SandiaProjects/4-LDRDAMDIS/DIMSWE-feature-study-20260828/m1y_test2b_20260828_workspace/external-results/m1y-test2b-20260828/production/representation-B/m1y-seed0-m20-10k/checkpoint_000010000_parameters.npz,Y,HELD-OUT TRUTH SUPPORT,81,160,POST-HOC CHECKPOINT EVALUATION,R_truth_active,physical_RMS_error,5.861745156770448e-13
t2b-b-m1y,Test 2B,B,M1-Y,M1-Y,10000,1adbd173137cbf10928ee4b25865258fc97f74b3c2c4c0a09cfd8629020566ab,3a829ffff2c2ee96946c197e18a7bd7d7495c255212c61bec1b3d24d788a71ee,/Users/arjunsharma/Documents/SandiaProjects/4-LDRDAMDIS/DIMSWE-feature-study-20260828/m1y_test2b_20260828_workspace/external-results/m1y-test2b-20260828/production/representation-B/m1y-seed0-m20-10k/checkpoint_000010000_parameters.npz,Y,HELD-OUT TRUTH SUPPORT,81,160,POST-HOC CHECKPOINT EVALUATION,R_truth_active,prediction_RMS,2.2696141398734438e-11
t2b-b-m1y,Test 2B,B,M1-Y,M1-Y,10000,1adbd173137cbf10928ee4b25865258fc97f74b3c2c4c0a09cfd8629020566ab,3a829ffff2c2ee96946c197e18a7bd7d7495c255212c61bec1b3d24d788a71ee,/Users/arjunsharma/Documents/SandiaProjects/4-LDRDAMDIS/DIMSWE-feature-study-20260828/m1y_test2b_20260828_workspace/external-results/m1y-test2b-20260828/production/representation-B/m1y-seed0-m20-10k/checkpoint_000010000_parameters.npz,Y,HELD-OUT TRUTH SUPPORT,81,160,POST-HOC CHECKPOINT EVALUATION,R_truth_active,relative_RMS_error,0.02610757396208549
t2b-b-m1y,Test 2B,B,M1-Y,M1-Y,10000,1adbd173137cbf10928ee4b25865258fc97f74b3c2c4c0a09cfd8629020566ab,3a829ffff2c2ee96946c197e18a7bd7d7495c255212c61bec1b3d24d788a71ee,/Users/arjunsharma/Documents/SandiaProjects/4-LDRDAMDIS/DIMSWE-feature-study-20260828/m1y_test2b_20260828_workspace/external-results/m1y-test2b-20260828/production/representation-B/m1y-seed0-m20-10k/checkpoint_000010000_parameters.npz,Y,HELD-OUT TRUTH SUPPORT,81,160,POST-HOC CHECKPOINT EVALUATION,R_truth_active,sample_count,385812
t2b-b-m1y,Test 2B,B,M1-Y,M1-Y,10000,1adbd173137cbf10928ee4b25865258fc97f74b3c2c4c0a09cfd8629020566ab,3a829ffff2c2ee96946c197e18a7bd7d7495c255212c61bec1b3d24d788a71ee,/Users/arjunsharma/Documents/SandiaProjects/4-LDRDAMDIS/DIMSWE-feature-study-20260828/m1y_test2b_20260828_workspace/external-results/m1y-test2b-20260828/production/representation-B/m1y-seed0-m20-10k/checkpoint_000010000_parameters.npz,Y,HELD-OUT TRUTH SUPPORT,81,160,POST-HOC CHECKPOINT EVALUATION,R_truth_active,signed_mass_weighted_bias,3.711920340903329e-13
t2b-b-m1y,Test 2B,B,M1-Y,M1-Y,10000,1adbd173137cbf10928ee4b25865258fc97f74b3c2c4c0a09cfd8629020566ab,3a829ffff2c2ee96946c197e18a7bd7d7495c255212c61bec1b3d24d788a71ee,/Users/arjunsharma/Documents/SandiaProjects/4-LDRDAMDIS/DIMSWE-feature-study-20260828/m1y_test2b_20260828_workspace/external-results/m1y-test2b-20260828/production/representation-B/m1y-seed0-m20-10k/checkpoint_000010000_parameters.npz,Y,HELD-OUT TRUTH SUPPORT,81,160,POST-HOC CHECKPOINT EVALUATION,R_truth_active,target_RMS,2.2452278274814503e-11
t2b-b-m1y,Test 2B,B,M1-Y,M1-Y,10000,1adbd173137cbf10928ee4b25865258fc97f74b3c2c4c0a09cfd8629020566ab,3a829ffff2c2ee96946c197e18a7bd7d7495c255212c61bec1b3d24d788a71ee,/Users/arjunsharma/Documents/SandiaProjects/4-LDRDAMDIS/DIMSWE-feature-study-20260828/m1y_test2b_20260828_workspace/external-results/m1y-test2b-20260828/production/representation-B/m1y-seed0-m20-10k/checkpoint_000010000_parameters.npz,Y,HELD-OUT TRUTH SUPPORT,81,160,POST-HOC CHECKPOINT EVALUATION,operator,denominator,187015548710626.84
t2b-b-m1y,Test 2B,B,M1-Y,M1-Y,10000,1adbd173137cbf10928ee4b25865258fc97f74b3c2c4c0a09cfd8629020566ab,3a829ffff2c2ee96946c197e18a7bd7d7495c255212c61bec1b3d24d788a71ee,/Users/arjunsharma/Documents/SandiaProjects/4-LDRDAMDIS/DIMSWE-feature-study-20260828/m1y_test2b_20260828_workspace/external-results/m1y-test2b-20260828/production/representation-B/m1y-seed0-m20-10k/checkpoint_000010000_parameters.npz,Y,HELD-OUT TRUTH SUPPORT,81,160,POST-HOC CHECKPOINT EVALUATION,operator,normalized_objective,0.08933673293187334
t2b-b-m1y,Test 2B,B,M1-Y,M1-Y,10000,1adbd173137cbf10928ee4b25865258fc97f74b3c2c4c0a09cfd8629020566ab,3a829ffff2c2ee96946c197e18a7bd7d7495c255212c61bec1b3d24d788a71ee,/Users/arjunsharma/Documents/SandiaProjects/4-LDRDAMDIS/DIMSWE-feature-study-20260828/m1y_test2b_20260828_workspace/external-results/m1y-test2b-20260828/production/representation-B/m1y-seed0-m20-10k/checkpoint_000010000_parameters.npz,Y,HELD-OUT TRUTH SUPPORT,81,160,POST-HOC CHECKPOINT EVALUATION,operator,numerator,16707358129269.021
t2b-b-h1,Test 2B,B,H1,H1,5000,9ebda59a2f74f1522e595b854a06f7c1af01ef9c85a734dc0aab1996c7ac5e03,bc622626887cc65acf215c03bf3281eb0fe97447723528415fbc5f8345eccf8e,/Users/arjunsharma/Documents/SandiaProjects/4-LDRDAMDIS/DIMSWE-study-d0eb615/external-results/test2b-rain-active-learning/production/representation-B/h1-from-m1-m20-5k/checkpoint_000005000_parameters.npz,Y,TRAINING TRUTH SUPPORT,0,80,POST-HOC CHECKPOINT EVALUATION,A,correlation,0.9999822611728295
t2b-b-h1,Test 2B,B,H1,H1,5000,9ebda59a2f74f1522e595b854a06f7c1af01ef9c85a734dc0aab1996c7ac5e03,bc622626887cc65acf215c03bf3281eb0fe97447723528415fbc5f8345eccf8e,/Users/arjunsharma/Documents/SandiaProjects/4-LDRDAMDIS/DIMSWE-study-d0eb615/external-results/test2b-rain-active-learning/production/representation-B/h1-from-m1-m20-5k/checkpoint_000005000_parameters.npz,Y,TRAINING TRUTH SUPPORT,0,80,POST-HOC CHECKPOINT EVALUATION,A,cosine,0.9999824802611917
t2b-b-h1,Test 2B,B,H1,H1,5000,9ebda59a2f74f1522e595b854a06f7c1af01ef9c85a734dc0aab1996c7ac5e03,bc622626887cc65acf215c03bf3281eb0fe97447723528415fbc5f8345eccf8e,/Users/arjunsharma/Documents/SandiaProjects/4-LDRDAMDIS/DIMSWE-study-d0eb615/external-results/test2b-rain-active-learning/production/representation-B/h1-from-m1-m20-5k/checkpoint_000005000_parameters.npz,Y,TRAINING TRUTH SUPPORT,0,80,POST-HOC CHECKPOINT EVALUATION,A,maximum_absolute_error,3.9977605449188407e-08
t2b-b-h1,Test 2B,B,H1,H1,5000,9ebda59a2f74f1522e595b854a06f7c1af01ef9c85a734dc0aab1996c7ac5e03,bc622626887cc65acf215c03bf3281eb0fe97447723528415fbc5f8345eccf8e,/Users/arjunsharma/Documents/SandiaProjects/4-LDRDAMDIS/DIMSWE-study-d0eb615/external-results/test2b-rain-active-learning/production/representation-B/h1-from-m1-m20-5k/checkpoint_000005000_parameters.npz,Y,TRAINING TRUTH SUPPORT,0,80,POST-HOC CHECKPOINT EVALUATION,A,normalized_RMS_error,0.0059213945873471665
t2b-b-h1,Test 2B,B,H1,H1,5000,9ebda59a2f74f1522e595b854a06f7c1af01ef9c85a734dc0aab1996c7ac5e03,bc622626887cc65acf215c03bf3281eb0fe97447723528415fbc5f8345eccf8e,/Users/arjunsharma/Documents/SandiaProjects/4-LDRDAMDIS/DIMSWE-study-d0eb615/external-results/test2b-rain-active-learning/production/representation-B/h1-from-m1-m20-5k/checkpoint_000005000_parameters.npz,Y,TRAINING TRUTH SUPPORT,0,80,POST-HOC CHECKPOINT EVALUATION,A,physical_RMS_error,5.360199540800913e-10
t2b-b-h1,Test 2B,B,H1,H1,5000,9ebda59a2f74f1522e595b854a06f7c1af01ef9c85a734dc0aab1996c7ac5e03,bc622626887cc65acf215c03bf3281eb0fe97447723528415fbc5f8345eccf8e,/Users/arjunsharma/Documents/SandiaProjects/4-LDRDAMDIS/DIMSWE-study-d0eb615/external-results/test2b-rain-active-learning/production/representation-B/h1-from-m1-m20-5k/checkpoint_000005000_parameters.npz,Y,TRAINING TRUTH SUPPORT,0,80,POST-HOC CHECKPOINT EVALUATION,A,prediction_RMS,9.055285845450491e-08
t2b-b-h1,Test 2B,B,H1,H1,5000,9ebda59a2f74f1522e595b854a06f7c1af01ef9c85a734dc0aab1996c7ac5e03,bc622626887cc65acf215c03bf3281eb0fe97447723528415fbc5f8345eccf8e,/Users/arjunsharma/Documents/SandiaProjects/4-LDRDAMDIS/DIMSWE-study-d0eb615/external-results/test2b-rain-active-learning/production/representation-B/h1-from-m1-m20-5k/checkpoint_000005000_parameters.npz,Y,TRAINING TRUTH SUPPORT,0,80,POST-HOC CHECKPOINT EVALUATION,A,relative_RMS_error,0.0059196219792106795
t2b-b-h1,Test 2B,B,H1,H1,5000,9ebda59a2f74f1522e595b854a06f7c1af01ef9c85a734dc0aab1996c7ac5e03,bc622626887cc65acf215c03bf3281eb0fe97447723528415fbc5f8345eccf8e,/Users/arjunsharma/Documents/SandiaProjects/4-LDRDAMDIS/DIMSWE-study-d0eb615/external-results/test2b-rain-active-learning/production/representation-B/h1-from-m1-m20-5k/checkpoint_000005000_parameters.npz,Y,TRAINING TRUTH SUPPORT,0,80,POST-HOC CHECKPOINT EVALUATION,A,sample_count,5308416
t2b-b-h1,Test 2B,B,H1,H1,5000,9ebda59a2f74f1522e595b854a06f7c1af01ef9c85a734dc0aab1996c7ac5e03,bc622626887cc65acf215c03bf3281eb0fe97447723528415fbc5f8345eccf8e,/Users/arjunsharma/Documents/SandiaProjects/4-LDRDAMDIS/DIMSWE-study-d0eb615/external-results/test2b-rain-active-learning/production/representation-B/h1-from-m1-m20-5k/checkpoint_000005000_parameters.npz,Y,TRAINING TRUTH SUPPORT,0,80,POST-HOC CHECKPOINT EVALUATION,A,signed_mass_weighted_bias,-1.4861969891632047e-12
t2b-b-h1,Test 2B,B,H1,H1,5000,9ebda59a2f74f1522e595b854a06f7c1af01ef9c85a734dc0aab1996c7ac5e03,bc622626887cc65acf215c03bf3281eb0fe97447723528415fbc5f8345eccf8e,/Users/arjunsharma/Documents/SandiaProjects/4-LDRDAMDIS/DIMSWE-study-d0eb615/external-results/test2b-rain-active-learning/production/representation-B/h1-from-m1-m20-5k/checkpoint_000005000_parameters.npz,Y,TRAINING TRUTH SUPPORT,0,80,POST-HOC CHECKPOINT EVALUATION,A,target_RMS,9.05496932004371e-08
t2b-b-h1,Test 2B,B,H1,H1,5000,9ebda59a2f74f1522e595b854a06f7c1af01ef9c85a734dc0aab1996c7ac5e03,bc622626887cc65acf215c03bf3281eb0fe97447723528415fbc5f8345eccf8e,/Users/arjunsharma/Documents/SandiaProjects/4-LDRDAMDIS/DIMSWE-study-d0eb615/external-results/test2b-rain-active-learning/production/representation-B/h1-from-m1-m20-5k/checkpoint_000005000_parameters.npz,Y,TRAINING TRUTH SUPPORT,0,80,POST-HOC CHECKPOINT EVALUATION,R_activation,activity_numerical_tolerance,1.2119968976504772e-20
t2b-b-h1,Test 2B,B,H1,H1,5000,9ebda59a2f74f1522e595b854a06f7c1af01ef9c85a734dc0aab1996c7ac5e03,bc622626887cc65acf215c03bf3281eb0fe97447723528415fbc5f8345eccf8e,/Users/arjunsharma/Documents/SandiaProjects/4-LDRDAMDIS/DIMSWE-study-d0eb615/external-results/test2b-rain-active-learning/production/representation-B/h1-from-m1-m20-5k/checkpoint_000005000_parameters.npz,Y,TRAINING TRUTH SUPPORT,0,80,POST-HOC CHECKPOINT EVALUATION,R_activation,false_negative_count,0
t2b-b-h1,Test 2B,B,H1,H1,5000,9ebda59a2f74f1522e595b854a06f7c1af01ef9c85a734dc0aab1996c7ac5e03,bc622626887cc65acf215c03bf3281eb0fe97447723528415fbc5f8345eccf8e,/Users/arjunsharma/Documents/SandiaProjects/4-LDRDAMDIS/DIMSWE-study-d0eb615/external-results/test2b-rain-active-learning/production/representation-B/h1-from-m1-m20-5k/checkpoint_000005000_parameters.npz,Y,TRAINING TRUTH SUPPORT,0,80,POST-HOC CHECKPOINT EVALUATION,R_activation,false_negative_fraction_all_samples,0.0
t2b-b-h1,Test 2B,B,H1,H1,5000,9ebda59a2f74f1522e595b854a06f7c1af01ef9c85a734dc0aab1996c7ac5e03,bc622626887cc65acf215c03bf3281eb0fe97447723528415fbc5f8345eccf8e,/Users/arjunsharma/Documents/SandiaProjects/4-LDRDAMDIS/DIMSWE-study-d0eb615/external-results/test2b-rain-active-learning/production/representation-B/h1-from-m1-m20-5k/checkpoint_000005000_parameters.npz,Y,TRAINING TRUTH SUPPORT,0,80,POST-HOC CHECKPOINT EVALUATION,R_activation,false_negative_rate_given_truth_active,0.0
t2b-b-h1,Test 2B,B,H1,H1,5000,9ebda59a2f74f1522e595b854a06f7c1af01ef9c85a734dc0aab1996c7ac5e03,bc622626887cc65acf215c03bf3281eb0fe97447723528415fbc5f8345eccf8e,/Users/arjunsharma/Documents/SandiaProjects/4-LDRDAMDIS/DIMSWE-study-d0eb615/external-results/test2b-rain-active-learning/production/representation-B/h1-from-m1-m20-5k/checkpoint_000005000_parameters.npz,Y,TRAINING TRUTH SUPPORT,0,80,POST-HOC CHECKPOINT EVALUATION,R_activation,false_positive_count,4351164
t2b-b-h1,Test 2B,B,H1,H1,5000,9ebda59a2f74f1522e595b854a06f7c1af01ef9c85a734dc0aab1996c7ac5e03,bc622626887cc65acf215c03bf3281eb0fe97447723528415fbc5f8345eccf8e,/Users/arjunsharma/Documents/SandiaProjects/4-LDRDAMDIS/DIMSWE-study-d0eb615/external-results/test2b-rain-active-learning/production/representation-B/h1-from-m1-m20-5k/checkpoint_000005000_parameters.npz,Y,TRAINING TRUTH SUPPORT,0,80,POST-HOC CHECKPOINT EVALUATION,R_activation,false_positive_fraction_all_samples,0.8196727611400463
t2b-b-h1,Test 2B,B,H1,H1,5000,9ebda59a2f74f1522e595b854a06f7c1af01ef9c85a734dc0aab1996c7ac5e03,bc622626887cc65acf215c03bf3281eb0fe97447723528415fbc5f8345eccf8e,/Users/arjunsharma/Documents/SandiaProjects/4-LDRDAMDIS/DIMSWE-study-d0eb615/external-results/test2b-rain-active-learning/production/representation-B/h1-from-m1-m20-5k/checkpoint_000005000_parameters.npz,Y,TRAINING TRUTH SUPPORT,0,80,POST-HOC CHECKPOINT EVALUATION,R_activation,false_positive_rate_given_truth_inactive,0.8260177233068319
t2b-b-h1,Test 2B,B,H1,H1,5000,9ebda59a2f74f1522e595b854a06f7c1af01ef9c85a734dc0aab1996c7ac5e03,bc622626887cc65acf215c03bf3281eb0fe97447723528415fbc5f8345eccf8e,/Users/arjunsharma/Documents/SandiaProjects/4-LDRDAMDIS/DIMSWE-study-d0eb615/external-results/test2b-rain-active-learning/production/representation-B/h1-from-m1-m20-5k/checkpoint_000005000_parameters.npz,Y,TRAINING TRUTH SUPPORT,0,80,POST-HOC CHECKPOINT EVALUATION,R_activation,first_meaningful_positive_predicted_step,0
t2b-b-h1,Test 2B,B,H1,H1,5000,9ebda59a2f74f1522e595b854a06f7c1af01ef9c85a734dc0aab1996c7ac5e03,bc622626887cc65acf215c03bf3281eb0fe97447723528415fbc5f8345eccf8e,/Users/arjunsharma/Documents/SandiaProjects/4-LDRDAMDIS/DIMSWE-study-d0eb615/external-results/test2b-rain-active-learning/production/representation-B/h1-from-m1-m20-5k/checkpoint_000005000_parameters.npz,Y,TRAINING TRUTH SUPPORT,0,80,POST-HOC CHECKPOINT EVALUATION,R_activation,first_meaningful_positive_truth_step,51
t2b-b-h1,Test 2B,B,H1,H1,5000,9ebda59a2f74f1522e595b854a06f7c1af01ef9c85a734dc0aab1996c7ac5e03,bc622626887cc65acf215c03bf3281eb0fe97447723528415fbc5f8345eccf8e,/Users/arjunsharma/Documents/SandiaProjects/4-LDRDAMDIS/DIMSWE-study-d0eb615/external-results/test2b-rain-active-learning/production/representation-B/h1-from-m1-m20-5k/checkpoint_000005000_parameters.npz,Y,TRAINING TRUTH SUPPORT,0,80,POST-HOC CHECKPOINT EVALUATION,R_activation,maximum_predicted_R,2.3613058046967064e-11
t2b-b-h1,Test 2B,B,H1,H1,5000,9ebda59a2f74f1522e595b854a06f7c1af01ef9c85a734dc0aab1996c7ac5e03,bc622626887cc65acf215c03bf3281eb0fe97447723528415fbc5f8345eccf8e,/Users/arjunsharma/Documents/SandiaProjects/4-LDRDAMDIS/DIMSWE-study-d0eb615/external-results/test2b-rain-active-learning/production/representation-B/h1-from-m1-m20-5k/checkpoint_000005000_parameters.npz,Y,TRAINING TRUTH SUPPORT,0,80,POST-HOC CHECKPOINT EVALUATION,R_activation,minimum_predicted_R,-2.3336567867391014e-12
t2b-b-h1,Test 2B,B,H1,H1,5000,9ebda59a2f74f1522e595b854a06f7c1af01ef9c85a734dc0aab1996c7ac5e03,bc622626887cc65acf215c03bf3281eb0fe97447723528415fbc5f8345eccf8e,/Users/arjunsharma/Documents/SandiaProjects/4-LDRDAMDIS/DIMSWE-study-d0eb615/external-results/test2b-rain-active-learning/production/representation-B/h1-from-m1-m20-5k/checkpoint_000005000_parameters.npz,Y,TRAINING TRUTH SUPPORT,0,80,POST-HOC CHECKPOINT EVALUATION,R_activation,predicted_exact_negative_fraction,0.17264585141782407
t2b-b-h1,Test 2B,B,H1,H1,5000,9ebda59a2f74f1522e595b854a06f7c1af01ef9c85a734dc0aab1996c7ac5e03,bc622626887cc65acf215c03bf3281eb0fe97447723528415fbc5f8345eccf8e,/Users/arjunsharma/Documents/SandiaProjects/4-LDRDAMDIS/DIMSWE-study-d0eb615/external-results/test2b-rain-active-learning/production/representation-B/h1-from-m1-m20-5k/checkpoint_000005000_parameters.npz,Y,TRAINING TRUTH SUPPORT,0,80,POST-HOC CHECKPOINT EVALUATION,R_activation,predicted_exact_positive_fraction,0.8273541485821759
t2b-b-h1,Test 2B,B,H1,H1,5000,9ebda59a2f74f1522e595b854a06f7c1af01ef9c85a734dc0aab1996c7ac5e03,bc622626887cc65acf215c03bf3281eb0fe97447723528415fbc5f8345eccf8e,/Users/arjunsharma/Documents/SandiaProjects/4-LDRDAMDIS/DIMSWE-study-d0eb615/external-results/test2b-rain-active-learning/production/representation-B/h1-from-m1-m20-5k/checkpoint_000005000_parameters.npz,Y,TRAINING TRUTH SUPPORT,0,80,POST-HOC CHECKPOINT EVALUATION,R_activation,predicted_meaningful_negative_fraction,0.17264585141782407
t2b-b-h1,Test 2B,B,H1,H1,5000,9ebda59a2f74f1522e595b854a06f7c1af01ef9c85a734dc0aab1996c7ac5e03,bc622626887cc65acf215c03bf3281eb0fe97447723528415fbc5f8345eccf8e,/Users/arjunsharma/Documents/SandiaProjects/4-LDRDAMDIS/DIMSWE-study-d0eb615/external-results/test2b-rain-active-learning/production/representation-B/h1-from-m1-m20-5k/checkpoint_000005000_parameters.npz,Y,TRAINING TRUTH SUPPORT,0,80,POST-HOC CHECKPOINT EVALUATION,R_activation,predicted_meaningful_positive_fraction,0.8273541485821759
t2b-b-h1,Test 2B,B,H1,H1,5000,9ebda59a2f74f1522e595b854a06f7c1af01ef9c85a734dc0aab1996c7ac5e03,bc622626887cc65acf215c03bf3281eb0fe97447723528415fbc5f8345eccf8e,/Users/arjunsharma/Documents/SandiaProjects/4-LDRDAMDIS/DIMSWE-study-d0eb615/external-results/test2b-rain-active-learning/production/representation-B/h1-from-m1-m20-5k/checkpoint_000005000_parameters.npz,Y,TRAINING TRUTH SUPPORT,0,80,POST-HOC CHECKPOINT EVALUATION,R_activation,sample_count,5308416
t2b-b-h1,Test 2B,B,H1,H1,5000,9ebda59a2f74f1522e595b854a06f7c1af01ef9c85a734dc0aab1996c7ac5e03,bc622626887cc65acf215c03bf3281eb0fe97447723528415fbc5f8345eccf8e,/Users/arjunsharma/Documents/SandiaProjects/4-LDRDAMDIS/DIMSWE-study-d0eb615/external-results/test2b-rain-active-learning/production/representation-B/h1-from-m1-m20-5k/checkpoint_000005000_parameters.npz,Y,TRAINING TRUTH SUPPORT,0,80,POST-HOC CHECKPOINT EVALUATION,R_activation,truth_active_sample_count,40776
t2b-b-h1,Test 2B,B,H1,H1,5000,9ebda59a2f74f1522e595b854a06f7c1af01ef9c85a734dc0aab1996c7ac5e03,bc622626887cc65acf215c03bf3281eb0fe97447723528415fbc5f8345eccf8e,/Users/arjunsharma/Documents/SandiaProjects/4-LDRDAMDIS/DIMSWE-study-d0eb615/external-results/test2b-rain-active-learning/production/representation-B/h1-from-m1-m20-5k/checkpoint_000005000_parameters.npz,Y,TRAINING TRUTH SUPPORT,0,80,POST-HOC CHECKPOINT EVALUATION,R_activation,truth_active_sample_fraction,0.007681387442129629
t2b-b-h1,Test 2B,B,H1,H1,5000,9ebda59a2f74f1522e595b854a06f7c1af01ef9c85a734dc0aab1996c7ac5e03,bc622626887cc65acf215c03bf3281eb0fe97447723528415fbc5f8345eccf8e,/Users/arjunsharma/Documents/SandiaProjects/4-LDRDAMDIS/DIMSWE-study-d0eb615/external-results/test2b-rain-active-learning/production/representation-B/h1-from-m1-m20-5k/checkpoint_000005000_parameters.npz,Y,TRAINING TRUTH SUPPORT,0,80,POST-HOC CHECKPOINT EVALUATION,R_all,correlation,0.9493490693825172
t2b-b-h1,Test 2B,B,H1,H1,5000,9ebda59a2f74f1522e595b854a06f7c1af01ef9c85a734dc0aab1996c7ac5e03,bc622626887cc65acf215c03bf3281eb0fe97447723528415fbc5f8345eccf8e,/Users/arjunsharma/Documents/SandiaProjects/4-LDRDAMDIS/DIMSWE-study-d0eb615/external-results/test2b-rain-active-learning/production/representation-B/h1-from-m1-m20-5k/checkpoint_000005000_parameters.npz,Y,TRAINING TRUTH SUPPORT,0,80,POST-HOC CHECKPOINT EVALUATION,R_all,cosine,0.9377976211507529
t2b-b-h1,Test 2B,B,H1,H1,5000,9ebda59a2f74f1522e595b854a06f7c1af01ef9c85a734dc0aab1996c7ac5e03,bc622626887cc65acf215c03bf3281eb0fe97447723528415fbc5f8345eccf8e,/Users/arjunsharma/Documents/SandiaProjects/4-LDRDAMDIS/DIMSWE-study-d0eb615/external-results/test2b-rain-active-learning/production/representation-B/h1-from-m1-m20-5k/checkpoint_000005000_parameters.npz,Y,TRAINING TRUTH SUPPORT,0,80,POST-HOC CHECKPOINT EVALUATION,R_all,maximum_absolute_error,2.648987558554149e-11
t2b-b-h1,Test 2B,B,H1,H1,5000,9ebda59a2f74f1522e595b854a06f7c1af01ef9c85a734dc0aab1996c7ac5e03,bc622626887cc65acf215c03bf3281eb0fe97447723528415fbc5f8345eccf8e,/Users/arjunsharma/Documents/SandiaProjects/4-LDRDAMDIS/DIMSWE-study-d0eb615/external-results/test2b-rain-active-learning/production/representation-B/h1-from-m1-m20-5k/checkpoint_000005000_parameters.npz,Y,TRAINING TRUTH SUPPORT,0,80,POST-HOC CHECKPOINT EVALUATION,R_all,normalized_RMS_error,0.04857392970119784
t2b-b-h1,Test 2B,B,H1,H1,5000,9ebda59a2f74f1522e595b854a06f7c1af01ef9c85a734dc0aab1996c7ac5e03,bc622626887cc65acf215c03bf3281eb0fe97447723528415fbc5f8345eccf8e,/Users/arjunsharma/Documents/SandiaProjects/4-LDRDAMDIS/DIMSWE-study-d0eb615/external-results/test2b-rain-active-learning/production/representation-B/h1-from-m1-m20-5k/checkpoint_000005000_parameters.npz,Y,TRAINING TRUTH SUPPORT,0,80,POST-HOC CHECKPOINT EVALUATION,R_all,physical_RMS_error,9.66760669511006e-13
t2b-b-h1,Test 2B,B,H1,H1,5000,9ebda59a2f74f1522e595b854a06f7c1af01ef9c85a734dc0aab1996c7ac5e03,bc622626887cc65acf215c03bf3281eb0fe97447723528415fbc5f8345eccf8e,/Users/arjunsharma/Documents/SandiaProjects/4-LDRDAMDIS/DIMSWE-study-d0eb615/external-results/test2b-rain-active-learning/production/representation-B/h1-from-m1-m20-5k/checkpoint_000005000_parameters.npz,Y,TRAINING TRUTH SUPPORT,0,80,POST-HOC CHECKPOINT EVALUATION,R_all,prediction_RMS,8.500070861479706e-13
t2b-b-h1,Test 2B,B,H1,H1,5000,9ebda59a2f74f1522e595b854a06f7c1af01ef9c85a734dc0aab1996c7ac5e03,bc622626887cc65acf215c03bf3281eb0fe97447723528415fbc5f8345eccf8e,/Users/arjunsharma/Documents/SandiaProjects/4-LDRDAMDIS/DIMSWE-study-d0eb615/external-results/test2b-rain-active-learning/production/representation-B/h1-from-m1-m20-5k/checkpoint_000005000_parameters.npz,Y,TRAINING TRUTH SUPPORT,0,80,POST-HOC CHECKPOINT EVALUATION,R_all,relative_RMS_error,0.562805481717456
t2b-b-h1,Test 2B,B,H1,H1,5000,9ebda59a2f74f1522e595b854a06f7c1af01ef9c85a734dc0aab1996c7ac5e03,bc622626887cc65acf215c03bf3281eb0fe97447723528415fbc5f8345eccf8e,/Users/arjunsharma/Documents/SandiaProjects/4-LDRDAMDIS/DIMSWE-study-d0eb615/external-results/test2b-rain-active-learning/production/representation-B/h1-from-m1-m20-5k/checkpoint_000005000_parameters.npz,Y,TRAINING TRUTH SUPPORT,0,80,POST-HOC CHECKPOINT EVALUATION,R_all,sample_count,5308416
t2b-b-h1,Test 2B,B,H1,H1,5000,9ebda59a2f74f1522e595b854a06f7c1af01ef9c85a734dc0aab1996c7ac5e03,bc622626887cc65acf215c03bf3281eb0fe97447723528415fbc5f8345eccf8e,/Users/arjunsharma/Documents/SandiaProjects/4-LDRDAMDIS/DIMSWE-study-d0eb615/external-results/test2b-rain-active-learning/production/representation-B/h1-from-m1-m20-5k/checkpoint_000005000_parameters.npz,Y,TRAINING TRUTH SUPPORT,0,80,POST-HOC CHECKPOINT EVALUATION,R_all,signed_mass_weighted_bias,7.241038656655982e-14
t2b-b-h1,Test 2B,B,H1,H1,5000,9ebda59a2f74f1522e595b854a06f7c1af01ef9c85a734dc0aab1996c7ac5e03,bc622626887cc65acf215c03bf3281eb0fe97447723528415fbc5f8345eccf8e,/Users/arjunsharma/Documents/SandiaProjects/4-LDRDAMDIS/DIMSWE-study-d0eb615/external-results/test2b-rain-active-learning/production/representation-B/h1-from-m1-m20-5k/checkpoint_000005000_parameters.npz,Y,TRAINING TRUTH SUPPORT,0,80,POST-HOC CHECKPOINT EVALUATION,R_all,target_RMS,1.7177527599071018e-12
t2b-b-h1,Test 2B,B,H1,H1,5000,9ebda59a2f74f1522e595b854a06f7c1af01ef9c85a734dc0aab1996c7ac5e03,bc622626887cc65acf215c03bf3281eb0fe97447723528415fbc5f8345eccf8e,/Users/arjunsharma/Documents/SandiaProjects/4-LDRDAMDIS/DIMSWE-study-d0eb615/external-results/test2b-rain-active-learning/production/representation-B/h1-from-m1-m20-5k/checkpoint_000005000_parameters.npz,Y,TRAINING TRUTH SUPPORT,0,80,POST-HOC CHECKPOINT EVALUATION,R_truth_active,correlation,0.9716353554471271
t2b-b-h1,Test 2B,B,H1,H1,5000,9ebda59a2f74f1522e595b854a06f7c1af01ef9c85a734dc0aab1996c7ac5e03,bc622626887cc65acf215c03bf3281eb0fe97447723528415fbc5f8345eccf8e,/Users/arjunsharma/Documents/SandiaProjects/4-LDRDAMDIS/DIMSWE-study-d0eb615/external-results/test2b-rain-active-learning/production/representation-B/h1-from-m1-m20-5k/checkpoint_000005000_parameters.npz,Y,TRAINING TRUTH SUPPORT,0,80,POST-HOC CHECKPOINT EVALUATION,R_truth_active,cosine,0.9842834679442761
t2b-b-h1,Test 2B,B,H1,H1,5000,9ebda59a2f74f1522e595b854a06f7c1af01ef9c85a734dc0aab1996c7ac5e03,bc622626887cc65acf215c03bf3281eb0fe97447723528415fbc5f8345eccf8e,/Users/arjunsharma/Documents/SandiaProjects/4-LDRDAMDIS/DIMSWE-study-d0eb615/external-results/test2b-rain-active-learning/production/representation-B/h1-from-m1-m20-5k/checkpoint_000005000_parameters.npz,Y,TRAINING TRUTH SUPPORT,0,80,POST-HOC CHECKPOINT EVALUATION,R_truth_active,maximum_absolute_error,2.648987558554149e-11
t2b-b-h1,Test 2B,B,H1,H1,5000,9ebda59a2f74f1522e595b854a06f7c1af01ef9c85a734dc0aab1996c7ac5e03,bc622626887cc65acf215c03bf3281eb0fe97447723528415fbc5f8345eccf8e,/Users/arjunsharma/Documents/SandiaProjects/4-LDRDAMDIS/DIMSWE-study-d0eb615/external-results/test2b-rain-active-learning/production/representation-B/h1-from-m1-m20-5k/checkpoint_000005000_parameters.npz,Y,TRAINING TRUTH SUPPORT,0,80,POST-HOC CHECKPOINT EVALUATION,R_truth_active,normalized_RMS_error,0.5422704976255651
t2b-b-h1,Test 2B,B,H1,H1,5000,9ebda59a2f74f1522e595b854a06f7c1af01ef9c85a734dc0aab1996c7ac5e03,bc622626887cc65acf215c03bf3281eb0fe97447723528415fbc5f8345eccf8e,/Users/arjunsharma/Documents/SandiaProjects/4-LDRDAMDIS/DIMSWE-study-d0eb615/external-results/test2b-rain-active-learning/production/representation-B/h1-from-m1-m20-5k/checkpoint_000005000_parameters.npz,Y,TRAINING TRUTH SUPPORT,0,80,POST-HOC CHECKPOINT EVALUATION,R_truth_active,physical_RMS_error,1.0792739903183698e-11
t2b-b-h1,Test 2B,B,H1,H1,5000,9ebda59a2f74f1522e595b854a06f7c1af01ef9c85a734dc0aab1996c7ac5e03,bc622626887cc65acf215c03bf3281eb0fe97447723528415fbc5f8345eccf8e,/Users/arjunsharma/Documents/SandiaProjects/4-LDRDAMDIS/DIMSWE-study-d0eb615/external-results/test2b-rain-active-learning/production/representation-B/h1-from-m1-m20-5k/checkpoint_000005000_parameters.npz,Y,TRAINING TRUTH SUPPORT,0,80,POST-HOC CHECKPOINT EVALUATION,R_truth_active,prediction_RMS,9.381781910660061e-12
t2b-b-h1,Test 2B,B,H1,H1,5000,9ebda59a2f74f1522e595b854a06f7c1af01ef9c85a734dc0aab1996c7ac5e03,bc622626887cc65acf215c03bf3281eb0fe97447723528415fbc5f8345eccf8e,/Users/arjunsharma/Documents/SandiaProjects/4-LDRDAMDIS/DIMSWE-study-d0eb615/external-results/test2b-rain-active-learning/production/representation-B/h1-from-m1-m20-5k/checkpoint_000005000_parameters.npz,Y,TRAINING TRUTH SUPPORT,0,80,POST-HOC CHECKPOINT EVALUATION,R_truth_active,relative_RMS_error,0.5423719303797272
t2b-b-h1,Test 2B,B,H1,H1,5000,9ebda59a2f74f1522e595b854a06f7c1af01ef9c85a734dc0aab1996c7ac5e03,bc622626887cc65acf215c03bf3281eb0fe97447723528415fbc5f8345eccf8e,/Users/arjunsharma/Documents/SandiaProjects/4-LDRDAMDIS/DIMSWE-study-d0eb615/external-results/test2b-rain-active-learning/production/representation-B/h1-from-m1-m20-5k/checkpoint_000005000_parameters.npz,Y,TRAINING TRUTH SUPPORT,0,80,POST-HOC CHECKPOINT EVALUATION,R_truth_active,sample_count,40776
t2b-b-h1,Test 2B,B,H1,H1,5000,9ebda59a2f74f1522e595b854a06f7c1af01ef9c85a734dc0aab1996c7ac5e03,bc622626887cc65acf215c03bf3281eb0fe97447723528415fbc5f8345eccf8e,/Users/arjunsharma/Documents/SandiaProjects/4-LDRDAMDIS/DIMSWE-study-d0eb615/external-results/test2b-rain-active-learning/production/representation-B/h1-from-m1-m20-5k/checkpoint_000005000_parameters.npz,Y,TRAINING TRUTH SUPPORT,0,80,POST-HOC CHECKPOINT EVALUATION,R_truth_active,signed_mass_weighted_bias,-9.51423771714445e-12
t2b-b-h1,Test 2B,B,H1,H1,5000,9ebda59a2f74f1522e595b854a06f7c1af01ef9c85a734dc0aab1996c7ac5e03,bc622626887cc65acf215c03bf3281eb0fe97447723528415fbc5f8345eccf8e,/Users/arjunsharma/Documents/SandiaProjects/4-LDRDAMDIS/DIMSWE-study-d0eb615/external-results/test2b-rain-active-learning/production/representation-B/h1-from-m1-m20-5k/checkpoint_000005000_parameters.npz,Y,TRAINING TRUTH SUPPORT,0,80,POST-HOC CHECKPOINT EVALUATION,R_truth_active,target_RMS,1.9899149086914304e-11
t2b-b-h1,Test 2B,B,H1,H1,5000,9ebda59a2f74f1522e595b854a06f7c1af01ef9c85a734dc0aab1996c7ac5e03,bc622626887cc65acf215c03bf3281eb0fe97447723528415fbc5f8345eccf8e,/Users/arjunsharma/Documents/SandiaProjects/4-LDRDAMDIS/DIMSWE-study-d0eb615/external-results/test2b-rain-active-learning/production/representation-B/h1-from-m1-m20-5k/checkpoint_000005000_parameters.npz,Y,TRAINING TRUTH SUPPORT,0,80,POST-HOC CHECKPOINT EVALUATION,operator,denominator,2041296881127481.2
t2b-b-h1,Test 2B,B,H1,H1,5000,9ebda59a2f74f1522e595b854a06f7c1af01ef9c85a734dc0aab1996c7ac5e03,bc622626887cc65acf215c03bf3281eb0fe97447723528415fbc5f8345eccf8e,/Users/arjunsharma/Documents/SandiaProjects/4-LDRDAMDIS/DIMSWE-study-d0eb615/external-results/test2b-rain-active-learning/production/representation-B/h1-from-m1-m20-5k/checkpoint_000005000_parameters.npz,Y,TRAINING TRUTH SUPPORT,0,80,POST-HOC CHECKPOINT EVALUATION,operator,normalized_objective,0.002375372933154954
t2b-b-h1,Test 2B,B,H1,H1,5000,9ebda59a2f74f1522e595b854a06f7c1af01ef9c85a734dc0aab1996c7ac5e03,bc622626887cc65acf215c03bf3281eb0fe97447723528415fbc5f8345eccf8e,/Users/arjunsharma/Documents/SandiaProjects/4-LDRDAMDIS/DIMSWE-study-d0eb615/external-results/test2b-rain-active-learning/production/representation-B/h1-from-m1-m20-5k/checkpoint_000005000_parameters.npz,Y,TRAINING TRUTH SUPPORT,0,80,POST-HOC CHECKPOINT EVALUATION,operator,numerator,4848841359963.845
t2b-b-h1,Test 2B,B,H1,H1,5000,9ebda59a2f74f1522e595b854a06f7c1af01ef9c85a734dc0aab1996c7ac5e03,bc622626887cc65acf215c03bf3281eb0fe97447723528415fbc5f8345eccf8e,/Users/arjunsharma/Documents/SandiaProjects/4-LDRDAMDIS/DIMSWE-study-d0eb615/external-results/test2b-rain-active-learning/production/representation-B/h1-from-m1-m20-5k/checkpoint_000005000_parameters.npz,Y,HELD-OUT TRUTH SUPPORT,81,160,POST-HOC CHECKPOINT EVALUATION,A,correlation,0.7607721545435325
t2b-b-h1,Test 2B,B,H1,H1,5000,9ebda59a2f74f1522e595b854a06f7c1af01ef9c85a734dc0aab1996c7ac5e03,bc622626887cc65acf215c03bf3281eb0fe97447723528415fbc5f8345eccf8e,/Users/arjunsharma/Documents/SandiaProjects/4-LDRDAMDIS/DIMSWE-study-d0eb615/external-results/test2b-rain-active-learning/production/representation-B/h1-from-m1-m20-5k/checkpoint_000005000_parameters.npz,Y,HELD-OUT TRUTH SUPPORT,81,160,POST-HOC CHECKPOINT EVALUATION,A,cosine,0.7544901227906393
t2b-b-h1,Test 2B,B,H1,H1,5000,9ebda59a2f74f1522e595b854a06f7c1af01ef9c85a734dc0aab1996c7ac5e03,bc622626887cc65acf215c03bf3281eb0fe97447723528415fbc5f8345eccf8e,/Users/arjunsharma/Documents/SandiaProjects/4-LDRDAMDIS/DIMSWE-study-d0eb615/external-results/test2b-rain-active-learning/production/representation-B/h1-from-m1-m20-5k/checkpoint_000005000_parameters.npz,Y,HELD-OUT TRUTH SUPPORT,81,160,POST-HOC CHECKPOINT EVALUATION,A,maximum_absolute_error,2.5891477068252108e-08
t2b-b-h1,Test 2B,B,H1,H1,5000,9ebda59a2f74f1522e595b854a06f7c1af01ef9c85a734dc0aab1996c7ac5e03,bc622626887cc65acf215c03bf3281eb0fe97447723528415fbc5f8345eccf8e,/Users/arjunsharma/Documents/SandiaProjects/4-LDRDAMDIS/DIMSWE-study-d0eb615/external-results/test2b-rain-active-learning/production/representation-B/h1-from-m1-m20-5k/checkpoint_000005000_parameters.npz,Y,HELD-OUT TRUTH SUPPORT,81,160,POST-HOC CHECKPOINT EVALUATION,A,normalized_RMS_error,0.02438387098782869
t2b-b-h1,Test 2B,B,H1,H1,5000,9ebda59a2f74f1522e595b854a06f7c1af01ef9c85a734dc0aab1996c7ac5e03,bc622626887cc65acf215c03bf3281eb0fe97447723528415fbc5f8345eccf8e,/Users/arjunsharma/Documents/SandiaProjects/4-LDRDAMDIS/DIMSWE-study-d0eb615/external-results/test2b-rain-active-learning/production/representation-B/h1-from-m1-m20-5k/checkpoint_000005000_parameters.npz,Y,HELD-OUT TRUTH SUPPORT,81,160,POST-HOC CHECKPOINT EVALUATION,A,physical_RMS_error,2.2072910721267063e-09
t2b-b-h1,Test 2B,B,H1,H1,5000,9ebda59a2f74f1522e595b854a06f7c1af01ef9c85a734dc0aab1996c7ac5e03,bc622626887cc65acf215c03bf3281eb0fe97447723528415fbc5f8345eccf8e,/Users/arjunsharma/Documents/SandiaProjects/4-LDRDAMDIS/DIMSWE-study-d0eb615/external-results/test2b-rain-active-learning/production/representation-B/h1-from-m1-m20-5k/checkpoint_000005000_parameters.npz,Y,HELD-OUT TRUTH SUPPORT,81,160,POST-HOC CHECKPOINT EVALUATION,A,prediction_RMS,3.3329925346090003e-09
t2b-b-h1,Test 2B,B,H1,H1,5000,9ebda59a2f74f1522e595b854a06f7c1af01ef9c85a734dc0aab1996c7ac5e03,bc622626887cc65acf215c03bf3281eb0fe97447723528415fbc5f8345eccf8e,/Users/arjunsharma/Documents/SandiaProjects/4-LDRDAMDIS/DIMSWE-study-d0eb615/external-results/test2b-rain-active-learning/production/representation-B/h1-from-m1-m20-5k/checkpoint_000005000_parameters.npz,Y,HELD-OUT TRUTH SUPPORT,81,160,POST-HOC CHECKPOINT EVALUATION,A,relative_RMS_error,0.7855769842666946
t2b-b-h1,Test 2B,B,H1,H1,5000,9ebda59a2f74f1522e595b854a06f7c1af01ef9c85a734dc0aab1996c7ac5e03,bc622626887cc65acf215c03bf3281eb0fe97447723528415fbc5f8345eccf8e,/Users/arjunsharma/Documents/SandiaProjects/4-LDRDAMDIS/DIMSWE-study-d0eb615/external-results/test2b-rain-active-learning/production/representation-B/h1-from-m1-m20-5k/checkpoint_000005000_parameters.npz,Y,HELD-OUT TRUTH SUPPORT,81,160,POST-HOC CHECKPOINT EVALUATION,A,sample_count,5242880
t2b-b-h1,Test 2B,B,H1,H1,5000,9ebda59a2f74f1522e595b854a06f7c1af01ef9c85a734dc0aab1996c7ac5e03,bc622626887cc65acf215c03bf3281eb0fe97447723528415fbc5f8345eccf8e,/Users/arjunsharma/Documents/SandiaProjects/4-LDRDAMDIS/DIMSWE-study-d0eb615/external-results/test2b-rain-active-learning/production/representation-B/h1-from-m1-m20-5k/checkpoint_000005000_parameters.npz,Y,HELD-OUT TRUTH SUPPORT,81,160,POST-HOC CHECKPOINT EVALUATION,A,signed_mass_weighted_bias,3.812415023273225e-10
t2b-b-h1,Test 2B,B,H1,H1,5000,9ebda59a2f74f1522e595b854a06f7c1af01ef9c85a734dc0aab1996c7ac5e03,bc622626887cc65acf215c03bf3281eb0fe97447723528415fbc5f8345eccf8e,/Users/arjunsharma/Documents/SandiaProjects/4-LDRDAMDIS/DIMSWE-study-d0eb615/external-results/test2b-rain-active-learning/production/representation-B/h1-from-m1-m20-5k/checkpoint_000005000_parameters.npz,Y,HELD-OUT TRUTH SUPPORT,81,160,POST-HOC CHECKPOINT EVALUATION,A,target_RMS,2.8097705461510257e-09
t2b-b-h1,Test 2B,B,H1,H1,5000,9ebda59a2f74f1522e595b854a06f7c1af01ef9c85a734dc0aab1996c7ac5e03,bc622626887cc65acf215c03bf3281eb0fe97447723528415fbc5f8345eccf8e,/Users/arjunsharma/Documents/SandiaProjects/4-LDRDAMDIS/DIMSWE-study-d0eb615/external-results/test2b-rain-active-learning/production/representation-B/h1-from-m1-m20-5k/checkpoint_000005000_parameters.npz,Y,HELD-OUT TRUTH SUPPORT,81,160,POST-HOC CHECKPOINT EVALUATION,R_activation,activity_numerical_tolerance,1.2119968976504772e-20
t2b-b-h1,Test 2B,B,H1,H1,5000,9ebda59a2f74f1522e595b854a06f7c1af01ef9c85a734dc0aab1996c7ac5e03,bc622626887cc65acf215c03bf3281eb0fe97447723528415fbc5f8345eccf8e,/Users/arjunsharma/Documents/SandiaProjects/4-LDRDAMDIS/DIMSWE-study-d0eb615/external-results/test2b-rain-active-learning/production/representation-B/h1-from-m1-m20-5k/checkpoint_000005000_parameters.npz,Y,HELD-OUT TRUTH SUPPORT,81,160,POST-HOC CHECKPOINT EVALUATION,R_activation,false_negative_count,0
t2b-b-h1,Test 2B,B,H1,H1,5000,9ebda59a2f74f1522e595b854a06f7c1af01ef9c85a734dc0aab1996c7ac5e03,bc622626887cc65acf215c03bf3281eb0fe97447723528415fbc5f8345eccf8e,/Users/arjunsharma/Documents/SandiaProjects/4-LDRDAMDIS/DIMSWE-study-d0eb615/external-results/test2b-rain-active-learning/production/representation-B/h1-from-m1-m20-5k/checkpoint_000005000_parameters.npz,Y,HELD-OUT TRUTH SUPPORT,81,160,POST-HOC CHECKPOINT EVALUATION,R_activation,false_negative_fraction_all_samples,0.0
t2b-b-h1,Test 2B,B,H1,H1,5000,9ebda59a2f74f1522e595b854a06f7c1af01ef9c85a734dc0aab1996c7ac5e03,bc622626887cc65acf215c03bf3281eb0fe97447723528415fbc5f8345eccf8e,/Users/arjunsharma/Documents/SandiaProjects/4-LDRDAMDIS/DIMSWE-study-d0eb615/external-results/test2b-rain-active-learning/production/representation-B/h1-from-m1-m20-5k/checkpoint_000005000_parameters.npz,Y,HELD-OUT TRUTH SUPPORT,81,160,POST-HOC CHECKPOINT EVALUATION,R_activation,false_negative_rate_given_truth_active,0.0
t2b-b-h1,Test 2B,B,H1,H1,5000,9ebda59a2f74f1522e595b854a06f7c1af01ef9c85a734dc0aab1996c7ac5e03,bc622626887cc65acf215c03bf3281eb0fe97447723528415fbc5f8345eccf8e,/Users/arjunsharma/Documents/SandiaProjects/4-LDRDAMDIS/DIMSWE-study-d0eb615/external-results/test2b-rain-active-learning/production/representation-B/h1-from-m1-m20-5k/checkpoint_000005000_parameters.npz,Y,HELD-OUT TRUTH SUPPORT,81,160,POST-HOC CHECKPOINT EVALUATION,R_activation,false_positive_count,3861302
t2b-b-h1,Test 2B,B,H1,H1,5000,9ebda59a2f74f1522e595b854a06f7c1af01ef9c85a734dc0aab1996c7ac5e03,bc622626887cc65acf215c03bf3281eb0fe97447723528415fbc5f8345eccf8e,/Users/arjunsharma/Documents/SandiaProjects/4-LDRDAMDIS/DIMSWE-study-d0eb615/external-results/test2b-rain-active-learning/production/representation-B/h1-from-m1-m20-5k/checkpoint_000005000_parameters.npz,Y,HELD-OUT TRUTH SUPPORT,81,160,POST-HOC CHECKPOINT EVALUATION,R_activation,false_positive_fraction_all_samples,0.7364849090576172
t2b-b-h1,Test 2B,B,H1,H1,5000,9ebda59a2f74f1522e595b854a06f7c1af01ef9c85a734dc0aab1996c7ac5e03,bc622626887cc65acf215c03bf3281eb0fe97447723528415fbc5f8345eccf8e,/Users/arjunsharma/Documents/SandiaProjects/4-LDRDAMDIS/DIMSWE-study-d0eb615/external-results/test2b-rain-active-learning/production/representation-B/h1-from-m1-m20-5k/checkpoint_000005000_parameters.npz,Y,HELD-OUT TRUTH SUPPORT,81,160,POST-HOC CHECKPOINT EVALUATION,R_activation,false_positive_rate_given_truth_inactive,0.7949861933166265
t2b-b-h1,Test 2B,B,H1,H1,5000,9ebda59a2f74f1522e595b854a06f7c1af01ef9c85a734dc0aab1996c7ac5e03,bc622626887cc65acf215c03bf3281eb0fe97447723528415fbc5f8345eccf8e,/Users/arjunsharma/Documents/SandiaProjects/4-LDRDAMDIS/DIMSWE-study-d0eb615/external-results/test2b-rain-active-learning/production/representation-B/h1-from-m1-m20-5k/checkpoint_000005000_parameters.npz,Y,HELD-OUT TRUTH SUPPORT,81,160,POST-HOC CHECKPOINT EVALUATION,R_activation,first_meaningful_positive_predicted_step,81
t2b-b-h1,Test 2B,B,H1,H1,5000,9ebda59a2f74f1522e595b854a06f7c1af01ef9c85a734dc0aab1996c7ac5e03,bc622626887cc65acf215c03bf3281eb0fe97447723528415fbc5f8345eccf8e,/Users/arjunsharma/Documents/SandiaProjects/4-LDRDAMDIS/DIMSWE-study-d0eb615/external-results/test2b-rain-active-learning/production/representation-B/h1-from-m1-m20-5k/checkpoint_000005000_parameters.npz,Y,HELD-OUT TRUTH SUPPORT,81,160,POST-HOC CHECKPOINT EVALUATION,R_activation,first_meaningful_positive_truth_step,81
t2b-b-h1,Test 2B,B,H1,H1,5000,9ebda59a2f74f1522e595b854a06f7c1af01ef9c85a734dc0aab1996c7ac5e03,bc622626887cc65acf215c03bf3281eb0fe97447723528415fbc5f8345eccf8e,/Users/arjunsharma/Documents/SandiaProjects/4-LDRDAMDIS/DIMSWE-study-d0eb615/external-results/test2b-rain-active-learning/production/representation-B/h1-from-m1-m20-5k/checkpoint_000005000_parameters.npz,Y,HELD-OUT TRUTH SUPPORT,81,160,POST-HOC CHECKPOINT EVALUATION,R_activation,maximum_predicted_R,2.4599178368725912e-11
t2b-b-h1,Test 2B,B,H1,H1,5000,9ebda59a2f74f1522e595b854a06f7c1af01ef9c85a734dc0aab1996c7ac5e03,bc622626887cc65acf215c03bf3281eb0fe97447723528415fbc5f8345eccf8e,/Users/arjunsharma/Documents/SandiaProjects/4-LDRDAMDIS/DIMSWE-study-d0eb615/external-results/test2b-rain-active-learning/production/representation-B/h1-from-m1-m20-5k/checkpoint_000005000_parameters.npz,Y,HELD-OUT TRUTH SUPPORT,81,160,POST-HOC CHECKPOINT EVALUATION,R_activation,minimum_predicted_R,-6.903832784191463e-13
t2b-b-h1,Test 2B,B,H1,H1,5000,9ebda59a2f74f1522e595b854a06f7c1af01ef9c85a734dc0aab1996c7ac5e03,bc622626887cc65acf215c03bf3281eb0fe97447723528415fbc5f8345eccf8e,/Users/arjunsharma/Documents/SandiaProjects/4-LDRDAMDIS/DIMSWE-study-d0eb615/external-results/test2b-rain-active-learning/production/representation-B/h1-from-m1-m20-5k/checkpoint_000005000_parameters.npz,Y,HELD-OUT TRUTH SUPPORT,81,160,POST-HOC CHECKPOINT EVALUATION,R_activation,predicted_exact_negative_fraction,0.1899272918701172
t2b-b-h1,Test 2B,B,H1,H1,5000,9ebda59a2f74f1522e595b854a06f7c1af01ef9c85a734dc0aab1996c7ac5e03,bc622626887cc65acf215c03bf3281eb0fe97447723528415fbc5f8345eccf8e,/Users/arjunsharma/Documents/SandiaProjects/4-LDRDAMDIS/DIMSWE-study-d0eb615/external-results/test2b-rain-active-learning/production/representation-B/h1-from-m1-m20-5k/checkpoint_000005000_parameters.npz,Y,HELD-OUT TRUTH SUPPORT,81,160,POST-HOC CHECKPOINT EVALUATION,R_activation,predicted_exact_positive_fraction,0.8100727081298829
t2b-b-h1,Test 2B,B,H1,H1,5000,9ebda59a2f74f1522e595b854a06f7c1af01ef9c85a734dc0aab1996c7ac5e03,bc622626887cc65acf215c03bf3281eb0fe97447723528415fbc5f8345eccf8e,/Users/arjunsharma/Documents/SandiaProjects/4-LDRDAMDIS/DIMSWE-study-d0eb615/external-results/test2b-rain-active-learning/production/representation-B/h1-from-m1-m20-5k/checkpoint_000005000_parameters.npz,Y,HELD-OUT TRUTH SUPPORT,81,160,POST-HOC CHECKPOINT EVALUATION,R_activation,predicted_meaningful_negative_fraction,0.1899272918701172
t2b-b-h1,Test 2B,B,H1,H1,5000,9ebda59a2f74f1522e595b854a06f7c1af01ef9c85a734dc0aab1996c7ac5e03,bc622626887cc65acf215c03bf3281eb0fe97447723528415fbc5f8345eccf8e,/Users/arjunsharma/Documents/SandiaProjects/4-LDRDAMDIS/DIMSWE-study-d0eb615/external-results/test2b-rain-active-learning/production/representation-B/h1-from-m1-m20-5k/checkpoint_000005000_parameters.npz,Y,HELD-OUT TRUTH SUPPORT,81,160,POST-HOC CHECKPOINT EVALUATION,R_activation,predicted_meaningful_positive_fraction,0.8100727081298829
t2b-b-h1,Test 2B,B,H1,H1,5000,9ebda59a2f74f1522e595b854a06f7c1af01ef9c85a734dc0aab1996c7ac5e03,bc622626887cc65acf215c03bf3281eb0fe97447723528415fbc5f8345eccf8e,/Users/arjunsharma/Documents/SandiaProjects/4-LDRDAMDIS/DIMSWE-study-d0eb615/external-results/test2b-rain-active-learning/production/representation-B/h1-from-m1-m20-5k/checkpoint_000005000_parameters.npz,Y,HELD-OUT TRUTH SUPPORT,81,160,POST-HOC CHECKPOINT EVALUATION,R_activation,sample_count,5242880
t2b-b-h1,Test 2B,B,H1,H1,5000,9ebda59a2f74f1522e595b854a06f7c1af01ef9c85a734dc0aab1996c7ac5e03,bc622626887cc65acf215c03bf3281eb0fe97447723528415fbc5f8345eccf8e,/Users/arjunsharma/Documents/SandiaProjects/4-LDRDAMDIS/DIMSWE-study-d0eb615/external-results/test2b-rain-active-learning/production/representation-B/h1-from-m1-m20-5k/checkpoint_000005000_parameters.npz,Y,HELD-OUT TRUTH SUPPORT,81,160,POST-HOC CHECKPOINT EVALUATION,R_activation,truth_active_sample_count,385812
t2b-b-h1,Test 2B,B,H1,H1,5000,9ebda59a2f74f1522e595b854a06f7c1af01ef9c85a734dc0aab1996c7ac5e03,bc622626887cc65acf215c03bf3281eb0fe97447723528415fbc5f8345eccf8e,/Users/arjunsharma/Documents/SandiaProjects/4-LDRDAMDIS/DIMSWE-study-d0eb615/external-results/test2b-rain-active-learning/production/representation-B/h1-from-m1-m20-5k/checkpoint_000005000_parameters.npz,Y,HELD-OUT TRUTH SUPPORT,81,160,POST-HOC CHECKPOINT EVALUATION,R_activation,truth_active_sample_fraction,0.07358779907226562
t2b-b-h1,Test 2B,B,H1,H1,5000,9ebda59a2f74f1522e595b854a06f7c1af01ef9c85a734dc0aab1996c7ac5e03,bc622626887cc65acf215c03bf3281eb0fe97447723528415fbc5f8345eccf8e,/Users/arjunsharma/Documents/SandiaProjects/4-LDRDAMDIS/DIMSWE-study-d0eb615/external-results/test2b-rain-active-learning/production/representation-B/h1-from-m1-m20-5k/checkpoint_000005000_parameters.npz,Y,HELD-OUT TRUTH SUPPORT,81,160,POST-HOC CHECKPOINT EVALUATION,R_all,correlation,0.9867413452282631
t2b-b-h1,Test 2B,B,H1,H1,5000,9ebda59a2f74f1522e595b854a06f7c1af01ef9c85a734dc0aab1996c7ac5e03,bc622626887cc65acf215c03bf3281eb0fe97447723528415fbc5f8345eccf8e,/Users/arjunsharma/Documents/SandiaProjects/4-LDRDAMDIS/DIMSWE-study-d0eb615/external-results/test2b-rain-active-learning/production/representation-B/h1-from-m1-m20-5k/checkpoint_000005000_parameters.npz,Y,HELD-OUT TRUTH SUPPORT,81,160,POST-HOC CHECKPOINT EVALUATION,R_all,cosine,0.9868987875487467
t2b-b-h1,Test 2B,B,H1,H1,5000,9ebda59a2f74f1522e595b854a06f7c1af01ef9c85a734dc0aab1996c7ac5e03,bc622626887cc65acf215c03bf3281eb0fe97447723528415fbc5f8345eccf8e,/Users/arjunsharma/Documents/SandiaProjects/4-LDRDAMDIS/DIMSWE-study-d0eb615/external-results/test2b-rain-active-learning/production/representation-B/h1-from-m1-m20-5k/checkpoint_000005000_parameters.npz,Y,HELD-OUT TRUTH SUPPORT,81,160,POST-HOC CHECKPOINT EVALUATION,R_all,maximum_absolute_error,2.729844170100735e-11
t2b-b-h1,Test 2B,B,H1,H1,5000,9ebda59a2f74f1522e595b854a06f7c1af01ef9c85a734dc0aab1996c7ac5e03,bc622626887cc65acf215c03bf3281eb0fe97447723528415fbc5f8345eccf8e,/Users/arjunsharma/Documents/SandiaProjects/4-LDRDAMDIS/DIMSWE-study-d0eb615/external-results/test2b-rain-active-learning/production/representation-B/h1-from-m1-m20-5k/checkpoint_000005000_parameters.npz,Y,HELD-OUT TRUTH SUPPORT,81,160,POST-HOC CHECKPOINT EVALUATION,R_all,normalized_RMS_error,0.1696402382095561
t2b-b-h1,Test 2B,B,H1,H1,5000,9ebda59a2f74f1522e595b854a06f7c1af01ef9c85a734dc0aab1996c7ac5e03,bc622626887cc65acf215c03bf3281eb0fe97447723528415fbc5f8345eccf8e,/Users/arjunsharma/Documents/SandiaProjects/4-LDRDAMDIS/DIMSWE-study-d0eb615/external-results/test2b-rain-active-learning/production/representation-B/h1-from-m1-m20-5k/checkpoint_000005000_parameters.npz,Y,HELD-OUT TRUTH SUPPORT,81,160,POST-HOC CHECKPOINT EVALUATION,R_all,physical_RMS_error,3.376327821865166e-12
t2b-b-h1,Test 2B,B,H1,H1,5000,9ebda59a2f74f1522e595b854a06f7c1af01ef9c85a734dc0aab1996c7ac5e03,bc622626887cc65acf215c03bf3281eb0fe97447723528415fbc5f8345eccf8e,/Users/arjunsharma/Documents/SandiaProjects/4-LDRDAMDIS/DIMSWE-study-d0eb615/external-results/test2b-rain-active-learning/production/representation-B/h1-from-m1-m20-5k/checkpoint_000005000_parameters.npz,Y,HELD-OUT TRUTH SUPPORT,81,160,POST-HOC CHECKPOINT EVALUATION,R_all,prediction_RMS,2.7434257545520538e-12
t2b-b-h1,Test 2B,B,H1,H1,5000,9ebda59a2f74f1522e595b854a06f7c1af01ef9c85a734dc0aab1996c7ac5e03,bc622626887cc65acf215c03bf3281eb0fe97447723528415fbc5f8345eccf8e,/Users/arjunsharma/Documents/SandiaProjects/4-LDRDAMDIS/DIMSWE-study-d0eb615/external-results/test2b-rain-active-learning/production/representation-B/h1-from-m1-m20-5k/checkpoint_000005000_parameters.npz,Y,HELD-OUT TRUTH SUPPORT,81,160,POST-HOC CHECKPOINT EVALUATION,R_all,relative_RMS_error,0.5576400685342907
t2b-b-h1,Test 2B,B,H1,H1,5000,9ebda59a2f74f1522e595b854a06f7c1af01ef9c85a734dc0aab1996c7ac5e03,bc622626887cc65acf215c03bf3281eb0fe97447723528415fbc5f8345eccf8e,/Users/arjunsharma/Documents/SandiaProjects/4-LDRDAMDIS/DIMSWE-study-d0eb615/external-results/test2b-rain-active-learning/production/representation-B/h1-from-m1-m20-5k/checkpoint_000005000_parameters.npz,Y,HELD-OUT TRUTH SUPPORT,81,160,POST-HOC CHECKPOINT EVALUATION,R_all,sample_count,5242880
t2b-b-h1,Test 2B,B,H1,H1,5000,9ebda59a2f74f1522e595b854a06f7c1af01ef9c85a734dc0aab1996c7ac5e03,bc622626887cc65acf215c03bf3281eb0fe97447723528415fbc5f8345eccf8e,/Users/arjunsharma/Documents/SandiaProjects/4-LDRDAMDIS/DIMSWE-study-d0eb615/external-results/test2b-rain-active-learning/production/representation-B/h1-from-m1-m20-5k/checkpoint_000005000_parameters.npz,Y,HELD-OUT TRUTH SUPPORT,81,160,POST-HOC CHECKPOINT EVALUATION,R_all,signed_mass_weighted_bias,-6.68965347413278e-13
t2b-b-h1,Test 2B,B,H1,H1,5000,9ebda59a2f74f1522e595b854a06f7c1af01ef9c85a734dc0aab1996c7ac5e03,bc622626887cc65acf215c03bf3281eb0fe97447723528415fbc5f8345eccf8e,/Users/arjunsharma/Documents/SandiaProjects/4-LDRDAMDIS/DIMSWE-study-d0eb615/external-results/test2b-rain-active-learning/production/representation-B/h1-from-m1-m20-5k/checkpoint_000005000_parameters.npz,Y,HELD-OUT TRUTH SUPPORT,81,160,POST-HOC CHECKPOINT EVALUATION,R_all,target_RMS,6.054672202339324e-12
t2b-b-h1,Test 2B,B,H1,H1,5000,9ebda59a2f74f1522e595b854a06f7c1af01ef9c85a734dc0aab1996c7ac5e03,bc622626887cc65acf215c03bf3281eb0fe97447723528415fbc5f8345eccf8e,/Users/arjunsharma/Documents/SandiaProjects/4-LDRDAMDIS/DIMSWE-study-d0eb615/external-results/test2b-rain-active-learning/production/representation-B/h1-from-m1-m20-5k/checkpoint_000005000_parameters.npz,Y,HELD-OUT TRUTH SUPPORT,81,160,POST-HOC CHECKPOINT EVALUATION,R_truth_active,correlation,0.9783821700347679
t2b-b-h1,Test 2B,B,H1,H1,5000,9ebda59a2f74f1522e595b854a06f7c1af01ef9c85a734dc0aab1996c7ac5e03,bc622626887cc65acf215c03bf3281eb0fe97447723528415fbc5f8345eccf8e,/Users/arjunsharma/Documents/SandiaProjects/4-LDRDAMDIS/DIMSWE-study-d0eb615/external-results/test2b-rain-active-learning/production/representation-B/h1-from-m1-m20-5k/checkpoint_000005000_parameters.npz,Y,HELD-OUT TRUTH SUPPORT,81,160,POST-HOC CHECKPOINT EVALUATION,R_truth_active,cosine,0.9898068580895997
t2b-b-h1,Test 2B,B,H1,H1,5000,9ebda59a2f74f1522e595b854a06f7c1af01ef9c85a734dc0aab1996c7ac5e03,bc622626887cc65acf215c03bf3281eb0fe97447723528415fbc5f8345eccf8e,/Users/arjunsharma/Documents/SandiaProjects/4-LDRDAMDIS/DIMSWE-study-d0eb615/external-results/test2b-rain-active-learning/production/representation-B/h1-from-m1-m20-5k/checkpoint_000005000_parameters.npz,Y,HELD-OUT TRUTH SUPPORT,81,160,POST-HOC CHECKPOINT EVALUATION,R_truth_active,maximum_absolute_error,2.729844170100735e-11
t2b-b-h1,Test 2B,B,H1,H1,5000,9ebda59a2f74f1522e595b854a06f7c1af01ef9c85a734dc0aab1996c7ac5e03,bc622626887cc65acf215c03bf3281eb0fe97447723528415fbc5f8345eccf8e,/Users/arjunsharma/Documents/SandiaProjects/4-LDRDAMDIS/DIMSWE-study-d0eb615/external-results/test2b-rain-active-learning/production/representation-B/h1-from-m1-m20-5k/checkpoint_000005000_parameters.npz,Y,HELD-OUT TRUTH SUPPORT,81,160,POST-HOC CHECKPOINT EVALUATION,R_truth_active,normalized_RMS_error,0.6278498922740438
t2b-b-h1,Test 2B,B,H1,H1,5000,9ebda59a2f74f1522e595b854a06f7c1af01ef9c85a734dc0aab1996c7ac5e03,bc622626887cc65acf215c03bf3281eb0fe97447723528415fbc5f8345eccf8e,/Users/arjunsharma/Documents/SandiaProjects/4-LDRDAMDIS/DIMSWE-study-d0eb615/external-results/test2b-rain-active-learning/production/representation-B/h1-from-m1-m20-5k/checkpoint_000005000_parameters.npz,Y,HELD-OUT TRUTH SUPPORT,81,160,POST-HOC CHECKPOINT EVALUATION,R_truth_active,physical_RMS_error,1.2496015577514605e-11
t2b-b-h1,Test 2B,B,H1,H1,5000,9ebda59a2f74f1522e595b854a06f7c1af01ef9c85a734dc0aab1996c7ac5e03,bc622626887cc65acf215c03bf3281eb0fe97447723528415fbc5f8345eccf8e,/Users/arjunsharma/Documents/SandiaProjects/4-LDRDAMDIS/DIMSWE-study-d0eb615/external-results/test2b-rain-active-learning/production/representation-B/h1-from-m1-m20-5k/checkpoint_000005000_parameters.npz,Y,HELD-OUT TRUTH SUPPORT,81,160,POST-HOC CHECKPOINT EVALUATION,R_truth_active,prediction_RMS,1.0143437296333212e-11
t2b-b-h1,Test 2B,B,H1,H1,5000,9ebda59a2f74f1522e595b854a06f7c1af01ef9c85a734dc0aab1996c7ac5e03,bc622626887cc65acf215c03bf3281eb0fe97447723528415fbc5f8345eccf8e,/Users/arjunsharma/Documents/SandiaProjects/4-LDRDAMDIS/DIMSWE-study-d0eb615/external-results/test2b-rain-active-learning/production/representation-B/h1-from-m1-m20-5k/checkpoint_000005000_parameters.npz,Y,HELD-OUT TRUTH SUPPORT,81,160,POST-HOC CHECKPOINT EVALUATION,R_truth_active,relative_RMS_error,0.5565589123991848
t2b-b-h1,Test 2B,B,H1,H1,5000,9ebda59a2f74f1522e595b854a06f7c1af01ef9c85a734dc0aab1996c7ac5e03,bc622626887cc65acf215c03bf3281eb0fe97447723528415fbc5f8345eccf8e,/Users/arjunsharma/Documents/SandiaProjects/4-LDRDAMDIS/DIMSWE-study-d0eb615/external-results/test2b-rain-active-learning/production/representation-B/h1-from-m1-m20-5k/checkpoint_000005000_parameters.npz,Y,HELD-OUT TRUTH SUPPORT,81,160,POST-HOC CHECKPOINT EVALUATION,R_truth_active,sample_count,385812
t2b-b-h1,Test 2B,B,H1,H1,5000,9ebda59a2f74f1522e595b854a06f7c1af01ef9c85a734dc0aab1996c7ac5e03,bc622626887cc65acf215c03bf3281eb0fe97447723528415fbc5f8345eccf8e,/Users/arjunsharma/Documents/SandiaProjects/4-LDRDAMDIS/DIMSWE-study-d0eb615/external-results/test2b-rain-active-learning/production/representation-B/h1-from-m1-m20-5k/checkpoint_000005000_parameters.npz,Y,HELD-OUT TRUTH SUPPORT,81,160,POST-HOC CHECKPOINT EVALUATION,R_truth_active,signed_mass_weighted_bias,-1.1041907707433364e-11
t2b-b-h1,Test 2B,B,H1,H1,5000,9ebda59a2f74f1522e595b854a06f7c1af01ef9c85a734dc0aab1996c7ac5e03,bc622626887cc65acf215c03bf3281eb0fe97447723528415fbc5f8345eccf8e,/Users/arjunsharma/Documents/SandiaProjects/4-LDRDAMDIS/DIMSWE-study-d0eb615/external-results/test2b-rain-active-learning/production/representation-B/h1-from-m1-m20-5k/checkpoint_000005000_parameters.npz,Y,HELD-OUT TRUTH SUPPORT,81,160,POST-HOC CHECKPOINT EVALUATION,R_truth_active,target_RMS,2.2452278274814503e-11
t2b-b-h1,Test 2B,B,H1,H1,5000,9ebda59a2f74f1522e595b854a06f7c1af01ef9c85a734dc0aab1996c7ac5e03,bc622626887cc65acf215c03bf3281eb0fe97447723528415fbc5f8345eccf8e,/Users/arjunsharma/Documents/SandiaProjects/4-LDRDAMDIS/DIMSWE-study-d0eb615/external-results/test2b-rain-active-learning/production/representation-B/h1-from-m1-m20-5k/checkpoint_000005000_parameters.npz,Y,HELD-OUT TRUTH SUPPORT,81,160,POST-HOC CHECKPOINT EVALUATION,operator,denominator,187015548710626.84
t2b-b-h1,Test 2B,B,H1,H1,5000,9ebda59a2f74f1522e595b854a06f7c1af01ef9c85a734dc0aab1996c7ac5e03,bc622626887cc65acf215c03bf3281eb0fe97447723528415fbc5f8345eccf8e,/Users/arjunsharma/Documents/SandiaProjects/4-LDRDAMDIS/DIMSWE-study-d0eb615/external-results/test2b-rain-active-learning/production/representation-B/h1-from-m1-m20-5k/checkpoint_000005000_parameters.npz,Y,HELD-OUT TRUTH SUPPORT,81,160,POST-HOC CHECKPOINT EVALUATION,operator,normalized_objective,0.31411702167710703
t2b-b-h1,Test 2B,B,H1,H1,5000,9ebda59a2f74f1522e595b854a06f7c1af01ef9c85a734dc0aab1996c7ac5e03,bc622626887cc65acf215c03bf3281eb0fe97447723528415fbc5f8345eccf8e,/Users/arjunsharma/Documents/SandiaProjects/4-LDRDAMDIS/DIMSWE-study-d0eb615/external-results/test2b-rain-active-learning/production/representation-B/h1-from-m1-m20-5k/checkpoint_000005000_parameters.npz,Y,HELD-OUT TRUTH SUPPORT,81,160,POST-HOC CHECKPOINT EVALUATION,operator,numerator,58744767168292.04
t2b-b-h2,Test 2B,B,H2,H2,20,866baac093ffcd94826daa14c13115ea057ce0e07a2b770ba642ccb1f79c44a5,b3257a8821b80b90359bce7ca22759e0a48f1785f01b468c60a90c8bf9f41bcc,/Users/arjunsharma/Documents/SandiaProjects/4-LDRDAMDIS/DIMSWE-study-d0eb615/external-results/test2b-rain-active-learning/production/representation-B/h2-from-h1-m20-20/checkpoint_000000020_parameters.npz,Y,TRAINING TRUTH SUPPORT,0,80,POST-HOC CHECKPOINT EVALUATION,A,correlation,0.9999822748775185
t2b-b-h2,Test 2B,B,H2,H2,20,866baac093ffcd94826daa14c13115ea057ce0e07a2b770ba642ccb1f79c44a5,b3257a8821b80b90359bce7ca22759e0a48f1785f01b468c60a90c8bf9f41bcc,/Users/arjunsharma/Documents/SandiaProjects/4-LDRDAMDIS/DIMSWE-study-d0eb615/external-results/test2b-rain-active-learning/production/representation-B/h2-from-h1-m20-20/checkpoint_000000020_parameters.npz,Y,TRAINING TRUTH SUPPORT,0,80,POST-HOC CHECKPOINT EVALUATION,A,cosine,0.9999824938478161
t2b-b-h2,Test 2B,B,H2,H2,20,866baac093ffcd94826daa14c13115ea057ce0e07a2b770ba642ccb1f79c44a5,b3257a8821b80b90359bce7ca22759e0a48f1785f01b468c60a90c8bf9f41bcc,/Users/arjunsharma/Documents/SandiaProjects/4-LDRDAMDIS/DIMSWE-study-d0eb615/external-results/test2b-rain-active-learning/production/representation-B/h2-from-h1-m20-20/checkpoint_000000020_parameters.npz,Y,TRAINING TRUTH SUPPORT,0,80,POST-HOC CHECKPOINT EVALUATION,A,maximum_absolute_error,3.9956350514625286e-08
t2b-b-h2,Test 2B,B,H2,H2,20,866baac093ffcd94826daa14c13115ea057ce0e07a2b770ba642ccb1f79c44a5,b3257a8821b80b90359bce7ca22759e0a48f1785f01b468c60a90c8bf9f41bcc,/Users/arjunsharma/Documents/SandiaProjects/4-LDRDAMDIS/DIMSWE-study-d0eb615/external-results/test2b-rain-active-learning/production/representation-B/h2-from-h1-m20-20/checkpoint_000000020_parameters.npz,Y,TRAINING TRUTH SUPPORT,0,80,POST-HOC CHECKPOINT EVALUATION,A,normalized_RMS_error,0.005918933413369269
t2b-b-h2,Test 2B,B,H2,H2,20,866baac093ffcd94826daa14c13115ea057ce0e07a2b770ba642ccb1f79c44a5,b3257a8821b80b90359bce7ca22759e0a48f1785f01b468c60a90c8bf9f41bcc,/Users/arjunsharma/Documents/SandiaProjects/4-LDRDAMDIS/DIMSWE-study-d0eb615/external-results/test2b-rain-active-learning/production/representation-B/h2-from-h1-m20-20/checkpoint_000000020_parameters.npz,Y,TRAINING TRUTH SUPPORT,0,80,POST-HOC CHECKPOINT EVALUATION,A,physical_RMS_error,5.357971622456415e-10
t2b-b-h2,Test 2B,B,H2,H2,20,866baac093ffcd94826daa14c13115ea057ce0e07a2b770ba642ccb1f79c44a5,b3257a8821b80b90359bce7ca22759e0a48f1785f01b468c60a90c8bf9f41bcc,/Users/arjunsharma/Documents/SandiaProjects/4-LDRDAMDIS/DIMSWE-study-d0eb615/external-results/test2b-rain-active-learning/production/representation-B/h2-from-h1-m20-20/checkpoint_000000020_parameters.npz,Y,TRAINING TRUTH SUPPORT,0,80,POST-HOC CHECKPOINT EVALUATION,A,prediction_RMS,9.054554239644626e-08
t2b-b-h2,Test 2B,B,H2,H2,20,866baac093ffcd94826daa14c13115ea057ce0e07a2b770ba642ccb1f79c44a5,b3257a8821b80b90359bce7ca22759e0a48f1785f01b468c60a90c8bf9f41bcc,/Users/arjunsharma/Documents/SandiaProjects/4-LDRDAMDIS/DIMSWE-study-d0eb615/external-results/test2b-rain-active-learning/production/representation-B/h2-from-h1-m20-20/checkpoint_000000020_parameters.npz,Y,TRAINING TRUTH SUPPORT,0,80,POST-HOC CHECKPOINT EVALUATION,A,relative_RMS_error,0.005917161542001284
t2b-b-h2,Test 2B,B,H2,H2,20,866baac093ffcd94826daa14c13115ea057ce0e07a2b770ba642ccb1f79c44a5,b3257a8821b80b90359bce7ca22759e0a48f1785f01b468c60a90c8bf9f41bcc,/Users/arjunsharma/Documents/SandiaProjects/4-LDRDAMDIS/DIMSWE-study-d0eb615/external-results/test2b-rain-active-learning/production/representation-B/h2-from-h1-m20-20/checkpoint_000000020_parameters.npz,Y,TRAINING TRUTH SUPPORT,0,80,POST-HOC CHECKPOINT EVALUATION,A,sample_count,5308416
t2b-b-h2,Test 2B,B,H2,H2,20,866baac093ffcd94826daa14c13115ea057ce0e07a2b770ba642ccb1f79c44a5,b3257a8821b80b90359bce7ca22759e0a48f1785f01b468c60a90c8bf9f41bcc,/Users/arjunsharma/Documents/SandiaProjects/4-LDRDAMDIS/DIMSWE-study-d0eb615/external-results/test2b-rain-active-learning/production/representation-B/h2-from-h1-m20-20/checkpoint_000000020_parameters.npz,Y,TRAINING TRUTH SUPPORT,0,80,POST-HOC CHECKPOINT EVALUATION,A,signed_mass_weighted_bias,5.815347080742136e-13
t2b-b-h2,Test 2B,B,H2,H2,20,866baac093ffcd94826daa14c13115ea057ce0e07a2b770ba642ccb1f79c44a5,b3257a8821b80b90359bce7ca22759e0a48f1785f01b468c60a90c8bf9f41bcc,/Users/arjunsharma/Documents/SandiaProjects/4-LDRDAMDIS/DIMSWE-study-d0eb615/external-results/test2b-rain-active-learning/production/representation-B/h2-from-h1-m20-20/checkpoint_000000020_parameters.npz,Y,TRAINING TRUTH SUPPORT,0,80,POST-HOC CHECKPOINT EVALUATION,A,target_RMS,9.05496932004371e-08
t2b-b-h2,Test 2B,B,H2,H2,20,866baac093ffcd94826daa14c13115ea057ce0e07a2b770ba642ccb1f79c44a5,b3257a8821b80b90359bce7ca22759e0a48f1785f01b468c60a90c8bf9f41bcc,/Users/arjunsharma/Documents/SandiaProjects/4-LDRDAMDIS/DIMSWE-study-d0eb615/external-results/test2b-rain-active-learning/production/representation-B/h2-from-h1-m20-20/checkpoint_000000020_parameters.npz,Y,TRAINING TRUTH SUPPORT,0,80,POST-HOC CHECKPOINT EVALUATION,R_activation,activity_numerical_tolerance,1.2119968976504772e-20
t2b-b-h2,Test 2B,B,H2,H2,20,866baac093ffcd94826daa14c13115ea057ce0e07a2b770ba642ccb1f79c44a5,b3257a8821b80b90359bce7ca22759e0a48f1785f01b468c60a90c8bf9f41bcc,/Users/arjunsharma/Documents/SandiaProjects/4-LDRDAMDIS/DIMSWE-study-d0eb615/external-results/test2b-rain-active-learning/production/representation-B/h2-from-h1-m20-20/checkpoint_000000020_parameters.npz,Y,TRAINING TRUTH SUPPORT,0,80,POST-HOC CHECKPOINT EVALUATION,R_activation,false_negative_count,0
t2b-b-h2,Test 2B,B,H2,H2,20,866baac093ffcd94826daa14c13115ea057ce0e07a2b770ba642ccb1f79c44a5,b3257a8821b80b90359bce7ca22759e0a48f1785f01b468c60a90c8bf9f41bcc,/Users/arjunsharma/Documents/SandiaProjects/4-LDRDAMDIS/DIMSWE-study-d0eb615/external-results/test2b-rain-active-learning/production/representation-B/h2-from-h1-m20-20/checkpoint_000000020_parameters.npz,Y,TRAINING TRUTH SUPPORT,0,80,POST-HOC CHECKPOINT EVALUATION,R_activation,false_negative_fraction_all_samples,0.0
t2b-b-h2,Test 2B,B,H2,H2,20,866baac093ffcd94826daa14c13115ea057ce0e07a2b770ba642ccb1f79c44a5,b3257a8821b80b90359bce7ca22759e0a48f1785f01b468c60a90c8bf9f41bcc,/Users/arjunsharma/Documents/SandiaProjects/4-LDRDAMDIS/DIMSWE-study-d0eb615/external-results/test2b-rain-active-learning/production/representation-B/h2-from-h1-m20-20/checkpoint_000000020_parameters.npz,Y,TRAINING TRUTH SUPPORT,0,80,POST-HOC CHECKPOINT EVALUATION,R_activation,false_negative_rate_given_truth_active,0.0
t2b-b-h2,Test 2B,B,H2,H2,20,866baac093ffcd94826daa14c13115ea057ce0e07a2b770ba642ccb1f79c44a5,b3257a8821b80b90359bce7ca22759e0a48f1785f01b468c60a90c8bf9f41bcc,/Users/arjunsharma/Documents/SandiaProjects/4-LDRDAMDIS/DIMSWE-study-d0eb615/external-results/test2b-rain-active-learning/production/representation-B/h2-from-h1-m20-20/checkpoint_000000020_parameters.npz,Y,TRAINING TRUTH SUPPORT,0,80,POST-HOC CHECKPOINT EVALUATION,R_activation,false_positive_count,4351108
t2b-b-h2,Test 2B,B,H2,H2,20,866baac093ffcd94826daa14c13115ea057ce0e07a2b770ba642ccb1f79c44a5,b3257a8821b80b90359bce7ca22759e0a48f1785f01b468c60a90c8bf9f41bcc,/Users/arjunsharma/Documents/SandiaProjects/4-LDRDAMDIS/DIMSWE-study-d0eb615/external-results/test2b-rain-active-learning/production/representation-B/h2-from-h1-m20-20/checkpoint_000000020_parameters.npz,Y,TRAINING TRUTH SUPPORT,0,80,POST-HOC CHECKPOINT EVALUATION,R_activation,false_positive_fraction_all_samples,0.8196622118537809
t2b-b-h2,Test 2B,B,H2,H2,20,866baac093ffcd94826daa14c13115ea057ce0e07a2b770ba642ccb1f79c44a5,b3257a8821b80b90359bce7ca22759e0a48f1785f01b468c60a90c8bf9f41bcc,/Users/arjunsharma/Documents/SandiaProjects/4-LDRDAMDIS/DIMSWE-study-d0eb615/external-results/test2b-rain-active-learning/production/representation-B/h2-from-h1-m20-20/checkpoint_000000020_parameters.npz,Y,TRAINING TRUTH SUPPORT,0,80,POST-HOC CHECKPOINT EVALUATION,R_activation,false_positive_rate_given_truth_inactive,0.8260070923601461
t2b-b-h2,Test 2B,B,H2,H2,20,866baac093ffcd94826daa14c13115ea057ce0e07a2b770ba642ccb1f79c44a5,b3257a8821b80b90359bce7ca22759e0a48f1785f01b468c60a90c8bf9f41bcc,/Users/arjunsharma/Documents/SandiaProjects/4-LDRDAMDIS/DIMSWE-study-d0eb615/external-results/test2b-rain-active-learning/production/representation-B/h2-from-h1-m20-20/checkpoint_000000020_parameters.npz,Y,TRAINING TRUTH SUPPORT,0,80,POST-HOC CHECKPOINT EVALUATION,R_activation,first_meaningful_positive_predicted_step,0
t2b-b-h2,Test 2B,B,H2,H2,20,866baac093ffcd94826daa14c13115ea057ce0e07a2b770ba642ccb1f79c44a5,b3257a8821b80b90359bce7ca22759e0a48f1785f01b468c60a90c8bf9f41bcc,/Users/arjunsharma/Documents/SandiaProjects/4-LDRDAMDIS/DIMSWE-study-d0eb615/external-results/test2b-rain-active-learning/production/representation-B/h2-from-h1-m20-20/checkpoint_000000020_parameters.npz,Y,TRAINING TRUTH SUPPORT,0,80,POST-HOC CHECKPOINT EVALUATION,R_activation,first_meaningful_positive_truth_step,51
t2b-b-h2,Test 2B,B,H2,H2,20,866baac093ffcd94826daa14c13115ea057ce0e07a2b770ba642ccb1f79c44a5,b3257a8821b80b90359bce7ca22759e0a48f1785f01b468c60a90c8bf9f41bcc,/Users/arjunsharma/Documents/SandiaProjects/4-LDRDAMDIS/DIMSWE-study-d0eb615/external-results/test2b-rain-active-learning/production/representation-B/h2-from-h1-m20-20/checkpoint_000000020_parameters.npz,Y,TRAINING TRUTH SUPPORT,0,80,POST-HOC CHECKPOINT EVALUATION,R_activation,maximum_predicted_R,2.3612937665731716e-11
t2b-b-h2,Test 2B,B,H2,H2,20,866baac093ffcd94826daa14c13115ea057ce0e07a2b770ba642ccb1f79c44a5,b3257a8821b80b90359bce7ca22759e0a48f1785f01b468c60a90c8bf9f41bcc,/Users/arjunsharma/Documents/SandiaProjects/4-LDRDAMDIS/DIMSWE-study-d0eb615/external-results/test2b-rain-active-learning/production/representation-B/h2-from-h1-m20-20/checkpoint_000000020_parameters.npz,Y,TRAINING TRUTH SUPPORT,0,80,POST-HOC CHECKPOINT EVALUATION,R_activation,minimum_predicted_R,-2.3343836980415515e-12
t2b-b-h2,Test 2B,B,H2,H2,20,866baac093ffcd94826daa14c13115ea057ce0e07a2b770ba642ccb1f79c44a5,b3257a8821b80b90359bce7ca22759e0a48f1785f01b468c60a90c8bf9f41bcc,/Users/arjunsharma/Documents/SandiaProjects/4-LDRDAMDIS/DIMSWE-study-d0eb615/external-results/test2b-rain-active-learning/production/representation-B/h2-from-h1-m20-20/checkpoint_000000020_parameters.npz,Y,TRAINING TRUTH SUPPORT,0,80,POST-HOC CHECKPOINT EVALUATION,R_activation,predicted_exact_negative_fraction,0.1726564007040895
t2b-b-h2,Test 2B,B,H2,H2,20,866baac093ffcd94826daa14c13115ea057ce0e07a2b770ba642ccb1f79c44a5,b3257a8821b80b90359bce7ca22759e0a48f1785f01b468c60a90c8bf9f41bcc,/Users/arjunsharma/Documents/SandiaProjects/4-LDRDAMDIS/DIMSWE-study-d0eb615/external-results/test2b-rain-active-learning/production/representation-B/h2-from-h1-m20-20/checkpoint_000000020_parameters.npz,Y,TRAINING TRUTH SUPPORT,0,80,POST-HOC CHECKPOINT EVALUATION,R_activation,predicted_exact_positive_fraction,0.8273435992959105
t2b-b-h2,Test 2B,B,H2,H2,20,866baac093ffcd94826daa14c13115ea057ce0e07a2b770ba642ccb1f79c44a5,b3257a8821b80b90359bce7ca22759e0a48f1785f01b468c60a90c8bf9f41bcc,/Users/arjunsharma/Documents/SandiaProjects/4-LDRDAMDIS/DIMSWE-study-d0eb615/external-results/test2b-rain-active-learning/production/representation-B/h2-from-h1-m20-20/checkpoint_000000020_parameters.npz,Y,TRAINING TRUTH SUPPORT,0,80,POST-HOC CHECKPOINT EVALUATION,R_activation,predicted_meaningful_negative_fraction,0.1726564007040895
t2b-b-h2,Test 2B,B,H2,H2,20,866baac093ffcd94826daa14c13115ea057ce0e07a2b770ba642ccb1f79c44a5,b3257a8821b80b90359bce7ca22759e0a48f1785f01b468c60a90c8bf9f41bcc,/Users/arjunsharma/Documents/SandiaProjects/4-LDRDAMDIS/DIMSWE-study-d0eb615/external-results/test2b-rain-active-learning/production/representation-B/h2-from-h1-m20-20/checkpoint_000000020_parameters.npz,Y,TRAINING TRUTH SUPPORT,0,80,POST-HOC CHECKPOINT EVALUATION,R_activation,predicted_meaningful_positive_fraction,0.8273435992959105
t2b-b-h2,Test 2B,B,H2,H2,20,866baac093ffcd94826daa14c13115ea057ce0e07a2b770ba642ccb1f79c44a5,b3257a8821b80b90359bce7ca22759e0a48f1785f01b468c60a90c8bf9f41bcc,/Users/arjunsharma/Documents/SandiaProjects/4-LDRDAMDIS/DIMSWE-study-d0eb615/external-results/test2b-rain-active-learning/production/representation-B/h2-from-h1-m20-20/checkpoint_000000020_parameters.npz,Y,TRAINING TRUTH SUPPORT,0,80,POST-HOC CHECKPOINT EVALUATION,R_activation,sample_count,5308416
t2b-b-h2,Test 2B,B,H2,H2,20,866baac093ffcd94826daa14c13115ea057ce0e07a2b770ba642ccb1f79c44a5,b3257a8821b80b90359bce7ca22759e0a48f1785f01b468c60a90c8bf9f41bcc,/Users/arjunsharma/Documents/SandiaProjects/4-LDRDAMDIS/DIMSWE-study-d0eb615/external-results/test2b-rain-active-learning/production/representation-B/h2-from-h1-m20-20/checkpoint_000000020_parameters.npz,Y,TRAINING TRUTH SUPPORT,0,80,POST-HOC CHECKPOINT EVALUATION,R_activation,truth_active_sample_count,40776
t2b-b-h2,Test 2B,B,H2,H2,20,866baac093ffcd94826daa14c13115ea057ce0e07a2b770ba642ccb1f79c44a5,b3257a8821b80b90359bce7ca22759e0a48f1785f01b468c60a90c8bf9f41bcc,/Users/arjunsharma/Documents/SandiaProjects/4-LDRDAMDIS/DIMSWE-study-d0eb615/external-results/test2b-rain-active-learning/production/representation-B/h2-from-h1-m20-20/checkpoint_000000020_parameters.npz,Y,TRAINING TRUTH SUPPORT,0,80,POST-HOC CHECKPOINT EVALUATION,R_activation,truth_active_sample_fraction,0.007681387442129629
t2b-b-h2,Test 2B,B,H2,H2,20,866baac093ffcd94826daa14c13115ea057ce0e07a2b770ba642ccb1f79c44a5,b3257a8821b80b90359bce7ca22759e0a48f1785f01b468c60a90c8bf9f41bcc,/Users/arjunsharma/Documents/SandiaProjects/4-LDRDAMDIS/DIMSWE-study-d0eb615/external-results/test2b-rain-active-learning/production/representation-B/h2-from-h1-m20-20/checkpoint_000000020_parameters.npz,Y,TRAINING TRUTH SUPPORT,0,80,POST-HOC CHECKPOINT EVALUATION,R_all,correlation,0.9493362919662091
t2b-b-h2,Test 2B,B,H2,H2,20,866baac093ffcd94826daa14c13115ea057ce0e07a2b770ba642ccb1f79c44a5,b3257a8821b80b90359bce7ca22759e0a48f1785f01b468c60a90c8bf9f41bcc,/Users/arjunsharma/Documents/SandiaProjects/4-LDRDAMDIS/DIMSWE-study-d0eb615/external-results/test2b-rain-active-learning/production/representation-B/h2-from-h1-m20-20/checkpoint_000000020_parameters.npz,Y,TRAINING TRUTH SUPPORT,0,80,POST-HOC CHECKPOINT EVALUATION,R_all,cosine,0.9377881936381871
t2b-b-h2,Test 2B,B,H2,H2,20,866baac093ffcd94826daa14c13115ea057ce0e07a2b770ba642ccb1f79c44a5,b3257a8821b80b90359bce7ca22759e0a48f1785f01b468c60a90c8bf9f41bcc,/Users/arjunsharma/Documents/SandiaProjects/4-LDRDAMDIS/DIMSWE-study-d0eb615/external-results/test2b-rain-active-learning/production/representation-B/h2-from-h1-m20-20/checkpoint_000000020_parameters.npz,Y,TRAINING TRUTH SUPPORT,0,80,POST-HOC CHECKPOINT EVALUATION,R_all,maximum_absolute_error,2.6489995966776838e-11
t2b-b-h2,Test 2B,B,H2,H2,20,866baac093ffcd94826daa14c13115ea057ce0e07a2b770ba642ccb1f79c44a5,b3257a8821b80b90359bce7ca22759e0a48f1785f01b468c60a90c8bf9f41bcc,/Users/arjunsharma/Documents/SandiaProjects/4-LDRDAMDIS/DIMSWE-study-d0eb615/external-results/test2b-rain-active-learning/production/representation-B/h2-from-h1-m20-20/checkpoint_000000020_parameters.npz,Y,TRAINING TRUTH SUPPORT,0,80,POST-HOC CHECKPOINT EVALUATION,R_all,normalized_RMS_error,0.04857436671835909
t2b-b-h2,Test 2B,B,H2,H2,20,866baac093ffcd94826daa14c13115ea057ce0e07a2b770ba642ccb1f79c44a5,b3257a8821b80b90359bce7ca22759e0a48f1785f01b468c60a90c8bf9f41bcc,/Users/arjunsharma/Documents/SandiaProjects/4-LDRDAMDIS/DIMSWE-study-d0eb615/external-results/test2b-rain-active-learning/production/representation-B/h2-from-h1-m20-20/checkpoint_000000020_parameters.npz,Y,TRAINING TRUTH SUPPORT,0,80,POST-HOC CHECKPOINT EVALUATION,R_all,physical_RMS_error,9.667693674073055e-13
t2b-b-h2,Test 2B,B,H2,H2,20,866baac093ffcd94826daa14c13115ea057ce0e07a2b770ba642ccb1f79c44a5,b3257a8821b80b90359bce7ca22759e0a48f1785f01b468c60a90c8bf9f41bcc,/Users/arjunsharma/Documents/SandiaProjects/4-LDRDAMDIS/DIMSWE-study-d0eb615/external-results/test2b-rain-active-learning/production/representation-B/h2-from-h1-m20-20/checkpoint_000000020_parameters.npz,Y,TRAINING TRUTH SUPPORT,0,80,POST-HOC CHECKPOINT EVALUATION,R_all,prediction_RMS,8.500141257925617e-13
t2b-b-h2,Test 2B,B,H2,H2,20,866baac093ffcd94826daa14c13115ea057ce0e07a2b770ba642ccb1f79c44a5,b3257a8821b80b90359bce7ca22759e0a48f1785f01b468c60a90c8bf9f41bcc,/Users/arjunsharma/Documents/SandiaProjects/4-LDRDAMDIS/DIMSWE-study-d0eb615/external-results/test2b-rain-active-learning/production/representation-B/h2-from-h1-m20-20/checkpoint_000000020_parameters.npz,Y,TRAINING TRUTH SUPPORT,0,80,POST-HOC CHECKPOINT EVALUATION,R_all,relative_RMS_error,0.5628105452495908
t2b-b-h2,Test 2B,B,H2,H2,20,866baac093ffcd94826daa14c13115ea057ce0e07a2b770ba642ccb1f79c44a5,b3257a8821b80b90359bce7ca22759e0a48f1785f01b468c60a90c8bf9f41bcc,/Users/arjunsharma/Documents/SandiaProjects/4-LDRDAMDIS/DIMSWE-study-d0eb615/external-results/test2b-rain-active-learning/production/representation-B/h2-from-h1-m20-20/checkpoint_000000020_parameters.npz,Y,TRAINING TRUTH SUPPORT,0,80,POST-HOC CHECKPOINT EVALUATION,R_all,sample_count,5308416
t2b-b-h2,Test 2B,B,H2,H2,20,866baac093ffcd94826daa14c13115ea057ce0e07a2b770ba642ccb1f79c44a5,b3257a8821b80b90359bce7ca22759e0a48f1785f01b468c60a90c8bf9f41bcc,/Users/arjunsharma/Documents/SandiaProjects/4-LDRDAMDIS/DIMSWE-study-d0eb615/external-results/test2b-rain-active-learning/production/representation-B/h2-from-h1-m20-20/checkpoint_000000020_parameters.npz,Y,TRAINING TRUTH SUPPORT,0,80,POST-HOC CHECKPOINT EVALUATION,R_all,signed_mass_weighted_bias,7.23956193923686e-14
t2b-b-h2,Test 2B,B,H2,H2,20,866baac093ffcd94826daa14c13115ea057ce0e07a2b770ba642ccb1f79c44a5,b3257a8821b80b90359bce7ca22759e0a48f1785f01b468c60a90c8bf9f41bcc,/Users/arjunsharma/Documents/SandiaProjects/4-LDRDAMDIS/DIMSWE-study-d0eb615/external-results/test2b-rain-active-learning/production/representation-B/h2-from-h1-m20-20/checkpoint_000000020_parameters.npz,Y,TRAINING TRUTH SUPPORT,0,80,POST-HOC CHECKPOINT EVALUATION,R_all,target_RMS,1.7177527599071018e-12
t2b-b-h2,Test 2B,B,H2,H2,20,866baac093ffcd94826daa14c13115ea057ce0e07a2b770ba642ccb1f79c44a5,b3257a8821b80b90359bce7ca22759e0a48f1785f01b468c60a90c8bf9f41bcc,/Users/arjunsharma/Documents/SandiaProjects/4-LDRDAMDIS/DIMSWE-study-d0eb615/external-results/test2b-rain-active-learning/production/representation-B/h2-from-h1-m20-20/checkpoint_000000020_parameters.npz,Y,TRAINING TRUTH SUPPORT,0,80,POST-HOC CHECKPOINT EVALUATION,R_truth_active,correlation,0.9716344580653022
t2b-b-h2,Test 2B,B,H2,H2,20,866baac093ffcd94826daa14c13115ea057ce0e07a2b770ba642ccb1f79c44a5,b3257a8821b80b90359bce7ca22759e0a48f1785f01b468c60a90c8bf9f41bcc,/Users/arjunsharma/Documents/SandiaProjects/4-LDRDAMDIS/DIMSWE-study-d0eb615/external-results/test2b-rain-active-learning/production/representation-B/h2-from-h1-m20-20/checkpoint_000000020_parameters.npz,Y,TRAINING TRUTH SUPPORT,0,80,POST-HOC CHECKPOINT EVALUATION,R_truth_active,cosine,0.9842828141382548
t2b-b-h2,Test 2B,B,H2,H2,20,866baac093ffcd94826daa14c13115ea057ce0e07a2b770ba642ccb1f79c44a5,b3257a8821b80b90359bce7ca22759e0a48f1785f01b468c60a90c8bf9f41bcc,/Users/arjunsharma/Documents/SandiaProjects/4-LDRDAMDIS/DIMSWE-study-d0eb615/external-results/test2b-rain-active-learning/production/representation-B/h2-from-h1-m20-20/checkpoint_000000020_parameters.npz,Y,TRAINING TRUTH SUPPORT,0,80,POST-HOC CHECKPOINT EVALUATION,R_truth_active,maximum_absolute_error,2.6489995966776838e-11
t2b-b-h2,Test 2B,B,H2,H2,20,866baac093ffcd94826daa14c13115ea057ce0e07a2b770ba642ccb1f79c44a5,b3257a8821b80b90359bce7ca22759e0a48f1785f01b468c60a90c8bf9f41bcc,/Users/arjunsharma/Documents/SandiaProjects/4-LDRDAMDIS/DIMSWE-study-d0eb615/external-results/test2b-rain-active-learning/production/representation-B/h2-from-h1-m20-20/checkpoint_000000020_parameters.npz,Y,TRAINING TRUTH SUPPORT,0,80,POST-HOC CHECKPOINT EVALUATION,R_truth_active,normalized_RMS_error,0.5422715591398533
t2b-b-h2,Test 2B,B,H2,H2,20,866baac093ffcd94826daa14c13115ea057ce0e07a2b770ba642ccb1f79c44a5,b3257a8821b80b90359bce7ca22759e0a48f1785f01b468c60a90c8bf9f41bcc,/Users/arjunsharma/Documents/SandiaProjects/4-LDRDAMDIS/DIMSWE-study-d0eb615/external-results/test2b-rain-active-learning/production/representation-B/h2-from-h1-m20-20/checkpoint_000000020_parameters.npz,Y,TRAINING TRUTH SUPPORT,0,80,POST-HOC CHECKPOINT EVALUATION,R_truth_active,physical_RMS_error,1.0792761030365918e-11
t2b-b-h2,Test 2B,B,H2,H2,20,866baac093ffcd94826daa14c13115ea057ce0e07a2b770ba642ccb1f79c44a5,b3257a8821b80b90359bce7ca22759e0a48f1785f01b468c60a90c8bf9f41bcc,/Users/arjunsharma/Documents/SandiaProjects/4-LDRDAMDIS/DIMSWE-study-d0eb615/external-results/test2b-rain-active-learning/production/representation-B/h2-from-h1-m20-20/checkpoint_000000020_parameters.npz,Y,TRAINING TRUTH SUPPORT,0,80,POST-HOC CHECKPOINT EVALUATION,R_truth_active,prediction_RMS,9.381771526954786e-12
t2b-b-h2,Test 2B,B,H2,H2,20,866baac093ffcd94826daa14c13115ea057ce0e07a2b770ba642ccb1f79c44a5,b3257a8821b80b90359bce7ca22759e0a48f1785f01b468c60a90c8bf9f41bcc,/Users/arjunsharma/Documents/SandiaProjects/4-LDRDAMDIS/DIMSWE-study-d0eb615/external-results/test2b-rain-active-learning/production/representation-B/h2-from-h1-m20-20/checkpoint_000000020_parameters.npz,Y,TRAINING TRUTH SUPPORT,0,80,POST-HOC CHECKPOINT EVALUATION,R_truth_active,relative_RMS_error,0.5423729920925737
t2b-b-h2,Test 2B,B,H2,H2,20,866baac093ffcd94826daa14c13115ea057ce0e07a2b770ba642ccb1f79c44a5,b3257a8821b80b90359bce7ca22759e0a48f1785f01b468c60a90c8bf9f41bcc,/Users/arjunsharma/Documents/SandiaProjects/4-LDRDAMDIS/DIMSWE-study-d0eb615/external-results/test2b-rain-active-learning/production/representation-B/h2-from-h1-m20-20/checkpoint_000000020_parameters.npz,Y,TRAINING TRUTH SUPPORT,0,80,POST-HOC CHECKPOINT EVALUATION,R_truth_active,sample_count,40776
t2b-b-h2,Test 2B,B,H2,H2,20,866baac093ffcd94826daa14c13115ea057ce0e07a2b770ba642ccb1f79c44a5,b3257a8821b80b90359bce7ca22759e0a48f1785f01b468c60a90c8bf9f41bcc,/Users/arjunsharma/Documents/SandiaProjects/4-LDRDAMDIS/DIMSWE-study-d0eb615/external-results/test2b-rain-active-learning/production/representation-B/h2-from-h1-m20-20/checkpoint_000000020_parameters.npz,Y,TRAINING TRUTH SUPPORT,0,80,POST-HOC CHECKPOINT EVALUATION,R_truth_active,signed_mass_weighted_bias,-9.514262645687135e-12
t2b-b-h2,Test 2B,B,H2,H2,20,866baac093ffcd94826daa14c13115ea057ce0e07a2b770ba642ccb1f79c44a5,b3257a8821b80b90359bce7ca22759e0a48f1785f01b468c60a90c8bf9f41bcc,/Users/arjunsharma/Documents/SandiaProjects/4-LDRDAMDIS/DIMSWE-study-d0eb615/external-results/test2b-rain-active-learning/production/representation-B/h2-from-h1-m20-20/checkpoint_000000020_parameters.npz,Y,TRAINING TRUTH SUPPORT,0,80,POST-HOC CHECKPOINT EVALUATION,R_truth_active,target_RMS,1.9899149086914304e-11
t2b-b-h2,Test 2B,B,H2,H2,20,866baac093ffcd94826daa14c13115ea057ce0e07a2b770ba642ccb1f79c44a5,b3257a8821b80b90359bce7ca22759e0a48f1785f01b468c60a90c8bf9f41bcc,/Users/arjunsharma/Documents/SandiaProjects/4-LDRDAMDIS/DIMSWE-study-d0eb615/external-results/test2b-rain-active-learning/production/representation-B/h2-from-h1-m20-20/checkpoint_000000020_parameters.npz,Y,TRAINING TRUTH SUPPORT,0,80,POST-HOC CHECKPOINT EVALUATION,operator,denominator,2041296881127481.2
t2b-b-h2,Test 2B,B,H2,H2,20,866baac093ffcd94826daa14c13115ea057ce0e07a2b770ba642ccb1f79c44a5,b3257a8821b80b90359bce7ca22759e0a48f1785f01b468c60a90c8bf9f41bcc,/Users/arjunsharma/Documents/SandiaProjects/4-LDRDAMDIS/DIMSWE-study-d0eb615/external-results/test2b-rain-active-learning/production/representation-B/h2-from-h1-m20-20/checkpoint_000000020_parameters.npz,Y,TRAINING TRUTH SUPPORT,0,80,POST-HOC CHECKPOINT EVALUATION,operator,normalized_objective,0.0023753861412240513
t2b-b-h2,Test 2B,B,H2,H2,20,866baac093ffcd94826daa14c13115ea057ce0e07a2b770ba642ccb1f79c44a5,b3257a8821b80b90359bce7ca22759e0a48f1785f01b468c60a90c8bf9f41bcc,/Users/arjunsharma/Documents/SandiaProjects/4-LDRDAMDIS/DIMSWE-study-d0eb615/external-results/test2b-rain-active-learning/production/representation-B/h2-from-h1-m20-20/checkpoint_000000020_parameters.npz,Y,TRAINING TRUTH SUPPORT,0,80,POST-HOC CHECKPOINT EVALUATION,operator,numerator,4848868321554.099
t2b-b-h2,Test 2B,B,H2,H2,20,866baac093ffcd94826daa14c13115ea057ce0e07a2b770ba642ccb1f79c44a5,b3257a8821b80b90359bce7ca22759e0a48f1785f01b468c60a90c8bf9f41bcc,/Users/arjunsharma/Documents/SandiaProjects/4-LDRDAMDIS/DIMSWE-study-d0eb615/external-results/test2b-rain-active-learning/production/representation-B/h2-from-h1-m20-20/checkpoint_000000020_parameters.npz,Y,HELD-OUT TRUTH SUPPORT,81,160,POST-HOC CHECKPOINT EVALUATION,A,correlation,0.7625169579135053
t2b-b-h2,Test 2B,B,H2,H2,20,866baac093ffcd94826daa14c13115ea057ce0e07a2b770ba642ccb1f79c44a5,b3257a8821b80b90359bce7ca22759e0a48f1785f01b468c60a90c8bf9f41bcc,/Users/arjunsharma/Documents/SandiaProjects/4-LDRDAMDIS/DIMSWE-study-d0eb615/external-results/test2b-rain-active-learning/production/representation-B/h2-from-h1-m20-20/checkpoint_000000020_parameters.npz,Y,HELD-OUT TRUTH SUPPORT,81,160,POST-HOC CHECKPOINT EVALUATION,A,cosine,0.7563695706661596
t2b-b-h2,Test 2B,B,H2,H2,20,866baac093ffcd94826daa14c13115ea057ce0e07a2b770ba642ccb1f79c44a5,b3257a8821b80b90359bce7ca22759e0a48f1785f01b468c60a90c8bf9f41bcc,/Users/arjunsharma/Documents/SandiaProjects/4-LDRDAMDIS/DIMSWE-study-d0eb615/external-results/test2b-rain-active-learning/production/representation-B/h2-from-h1-m20-20/checkpoint_000000020_parameters.npz,Y,HELD-OUT TRUTH SUPPORT,81,160,POST-HOC CHECKPOINT EVALUATION,A,maximum_absolute_error,2.5864730924521877e-08
t2b-b-h2,Test 2B,B,H2,H2,20,866baac093ffcd94826daa14c13115ea057ce0e07a2b770ba642ccb1f79c44a5,b3257a8821b80b90359bce7ca22759e0a48f1785f01b468c60a90c8bf9f41bcc,/Users/arjunsharma/Documents/SandiaProjects/4-LDRDAMDIS/DIMSWE-study-d0eb615/external-results/test2b-rain-active-learning/production/representation-B/h2-from-h1-m20-20/checkpoint_000000020_parameters.npz,Y,HELD-OUT TRUTH SUPPORT,81,160,POST-HOC CHECKPOINT EVALUATION,A,normalized_RMS_error,0.02422154024908351
t2b-b-h2,Test 2B,B,H2,H2,20,866baac093ffcd94826daa14c13115ea057ce0e07a2b770ba642ccb1f79c44a5,b3257a8821b80b90359bce7ca22759e0a48f1785f01b468c60a90c8bf9f41bcc,/Users/arjunsharma/Documents/SandiaProjects/4-LDRDAMDIS/DIMSWE-study-d0eb615/external-results/test2b-rain-active-learning/production/representation-B/h2-from-h1-m20-20/checkpoint_000000020_parameters.npz,Y,HELD-OUT TRUTH SUPPORT,81,160,POST-HOC CHECKPOINT EVALUATION,A,physical_RMS_error,2.192596473777543e-09
t2b-b-h2,Test 2B,B,H2,H2,20,866baac093ffcd94826daa14c13115ea057ce0e07a2b770ba642ccb1f79c44a5,b3257a8821b80b90359bce7ca22759e0a48f1785f01b468c60a90c8bf9f41bcc,/Users/arjunsharma/Documents/SandiaProjects/4-LDRDAMDIS/DIMSWE-study-d0eb615/external-results/test2b-rain-active-learning/production/representation-B/h2-from-h1-m20-20/checkpoint_000000020_parameters.npz,Y,HELD-OUT TRUTH SUPPORT,81,160,POST-HOC CHECKPOINT EVALUATION,A,prediction_RMS,3.3207373119328358e-09
t2b-b-h2,Test 2B,B,H2,H2,20,866baac093ffcd94826daa14c13115ea057ce0e07a2b770ba642ccb1f79c44a5,b3257a8821b80b90359bce7ca22759e0a48f1785f01b468c60a90c8bf9f41bcc,/Users/arjunsharma/Documents/SandiaProjects/4-LDRDAMDIS/DIMSWE-study-d0eb615/external-results/test2b-rain-active-learning/production/representation-B/h2-from-h1-m20-20/checkpoint_000000020_parameters.npz,Y,HELD-OUT TRUTH SUPPORT,81,160,POST-HOC CHECKPOINT EVALUATION,A,relative_RMS_error,0.7803471627891748
t2b-b-h2,Test 2B,B,H2,H2,20,866baac093ffcd94826daa14c13115ea057ce0e07a2b770ba642ccb1f79c44a5,b3257a8821b80b90359bce7ca22759e0a48f1785f01b468c60a90c8bf9f41bcc,/Users/arjunsharma/Documents/SandiaProjects/4-LDRDAMDIS/DIMSWE-study-d0eb615/external-results/test2b-rain-active-learning/production/representation-B/h2-from-h1-m20-20/checkpoint_000000020_parameters.npz,Y,HELD-OUT TRUTH SUPPORT,81,160,POST-HOC CHECKPOINT EVALUATION,A,sample_count,5242880
t2b-b-h2,Test 2B,B,H2,H2,20,866baac093ffcd94826daa14c13115ea057ce0e07a2b770ba642ccb1f79c44a5,b3257a8821b80b90359bce7ca22759e0a48f1785f01b468c60a90c8bf9f41bcc,/Users/arjunsharma/Documents/SandiaProjects/4-LDRDAMDIS/DIMSWE-study-d0eb615/external-results/test2b-rain-active-learning/production/representation-B/h2-from-h1-m20-20/checkpoint_000000020_parameters.npz,Y,HELD-OUT TRUTH SUPPORT,81,160,POST-HOC CHECKPOINT EVALUATION,A,signed_mass_weighted_bias,3.7556535831459307e-10
t2b-b-h2,Test 2B,B,H2,H2,20,866baac093ffcd94826daa14c13115ea057ce0e07a2b770ba642ccb1f79c44a5,b3257a8821b80b90359bce7ca22759e0a48f1785f01b468c60a90c8bf9f41bcc,/Users/arjunsharma/Documents/SandiaProjects/4-LDRDAMDIS/DIMSWE-study-d0eb615/external-results/test2b-rain-active-learning/production/representation-B/h2-from-h1-m20-20/checkpoint_000000020_parameters.npz,Y,HELD-OUT TRUTH SUPPORT,81,160,POST-HOC CHECKPOINT EVALUATION,A,target_RMS,2.8097705461510257e-09
t2b-b-h2,Test 2B,B,H2,H2,20,866baac093ffcd94826daa14c13115ea057ce0e07a2b770ba642ccb1f79c44a5,b3257a8821b80b90359bce7ca22759e0a48f1785f01b468c60a90c8bf9f41bcc,/Users/arjunsharma/Documents/SandiaProjects/4-LDRDAMDIS/DIMSWE-study-d0eb615/external-results/test2b-rain-active-learning/production/representation-B/h2-from-h1-m20-20/checkpoint_000000020_parameters.npz,Y,HELD-OUT TRUTH SUPPORT,81,160,POST-HOC CHECKPOINT EVALUATION,R_activation,activity_numerical_tolerance,1.2119968976504772e-20
t2b-b-h2,Test 2B,B,H2,H2,20,866baac093ffcd94826daa14c13115ea057ce0e07a2b770ba642ccb1f79c44a5,b3257a8821b80b90359bce7ca22759e0a48f1785f01b468c60a90c8bf9f41bcc,/Users/arjunsharma/Documents/SandiaProjects/4-LDRDAMDIS/DIMSWE-study-d0eb615/external-results/test2b-rain-active-learning/production/representation-B/h2-from-h1-m20-20/checkpoint_000000020_parameters.npz,Y,HELD-OUT TRUTH SUPPORT,81,160,POST-HOC CHECKPOINT EVALUATION,R_activation,false_negative_count,0
t2b-b-h2,Test 2B,B,H2,H2,20,866baac093ffcd94826daa14c13115ea057ce0e07a2b770ba642ccb1f79c44a5,b3257a8821b80b90359bce7ca22759e0a48f1785f01b468c60a90c8bf9f41bcc,/Users/arjunsharma/Documents/SandiaProjects/4-LDRDAMDIS/DIMSWE-study-d0eb615/external-results/test2b-rain-active-learning/production/representation-B/h2-from-h1-m20-20/checkpoint_000000020_parameters.npz,Y,HELD-OUT TRUTH SUPPORT,81,160,POST-HOC CHECKPOINT EVALUATION,R_activation,false_negative_fraction_all_samples,0.0
t2b-b-h2,Test 2B,B,H2,H2,20,866baac093ffcd94826daa14c13115ea057ce0e07a2b770ba642ccb1f79c44a5,b3257a8821b80b90359bce7ca22759e0a48f1785f01b468c60a90c8bf9f41bcc,/Users/arjunsharma/Documents/SandiaProjects/4-LDRDAMDIS/DIMSWE-study-d0eb615/external-results/test2b-rain-active-learning/production/representation-B/h2-from-h1-m20-20/checkpoint_000000020_parameters.npz,Y,HELD-OUT TRUTH SUPPORT,81,160,POST-HOC CHECKPOINT EVALUATION,R_activation,false_negative_rate_given_truth_active,0.0
t2b-b-h2,Test 2B,B,H2,H2,20,866baac093ffcd94826daa14c13115ea057ce0e07a2b770ba642ccb1f79c44a5,b3257a8821b80b90359bce7ca22759e0a48f1785f01b468c60a90c8bf9f41bcc,/Users/arjunsharma/Documents/SandiaProjects/4-LDRDAMDIS/DIMSWE-study-d0eb615/external-results/test2b-rain-active-learning/production/representation-B/h2-from-h1-m20-20/checkpoint_000000020_parameters.npz,Y,HELD-OUT TRUTH SUPPORT,81,160,POST-HOC CHECKPOINT EVALUATION,R_activation,false_positive_count,3861210
t2b-b-h2,Test 2B,B,H2,H2,20,866baac093ffcd94826daa14c13115ea057ce0e07a2b770ba642ccb1f79c44a5,b3257a8821b80b90359bce7ca22759e0a48f1785f01b468c60a90c8bf9f41bcc,/Users/arjunsharma/Documents/SandiaProjects/4-LDRDAMDIS/DIMSWE-study-d0eb615/external-results/test2b-rain-active-learning/production/representation-B/h2-from-h1-m20-20/checkpoint_000000020_parameters.npz,Y,HELD-OUT TRUTH SUPPORT,81,160,POST-HOC CHECKPOINT EVALUATION,R_activation,false_positive_fraction_all_samples,0.7364673614501953
t2b-b-h2,Test 2B,B,H2,H2,20,866baac093ffcd94826daa14c13115ea057ce0e07a2b770ba642ccb1f79c44a5,b3257a8821b80b90359bce7ca22759e0a48f1785f01b468c60a90c8bf9f41bcc,/Users/arjunsharma/Documents/SandiaProjects/4-LDRDAMDIS/DIMSWE-study-d0eb615/external-results/test2b-rain-active-learning/production/representation-B/h2-from-h1-m20-20/checkpoint_000000020_parameters.npz,Y,HELD-OUT TRUTH SUPPORT,81,160,POST-HOC CHECKPOINT EVALUATION,R_activation,false_positive_rate_given_truth_inactive,0.7949672518482344
t2b-b-h2,Test 2B,B,H2,H2,20,866baac093ffcd94826daa14c13115ea057ce0e07a2b770ba642ccb1f79c44a5,b3257a8821b80b90359bce7ca22759e0a48f1785f01b468c60a90c8bf9f41bcc,/Users/arjunsharma/Documents/SandiaProjects/4-LDRDAMDIS/DIMSWE-study-d0eb615/external-results/test2b-rain-active-learning/production/representation-B/h2-from-h1-m20-20/checkpoint_000000020_parameters.npz,Y,HELD-OUT TRUTH SUPPORT,81,160,POST-HOC CHECKPOINT EVALUATION,R_activation,first_meaningful_positive_predicted_step,81
t2b-b-h2,Test 2B,B,H2,H2,20,866baac093ffcd94826daa14c13115ea057ce0e07a2b770ba642ccb1f79c44a5,b3257a8821b80b90359bce7ca22759e0a48f1785f01b468c60a90c8bf9f41bcc,/Users/arjunsharma/Documents/SandiaProjects/4-LDRDAMDIS/DIMSWE-study-d0eb615/external-results/test2b-rain-active-learning/production/representation-B/h2-from-h1-m20-20/checkpoint_000000020_parameters.npz,Y,HELD-OUT TRUTH SUPPORT,81,160,POST-HOC CHECKPOINT EVALUATION,R_activation,first_meaningful_positive_truth_step,81
t2b-b-h2,Test 2B,B,H2,H2,20,866baac093ffcd94826daa14c13115ea057ce0e07a2b770ba642ccb1f79c44a5,b3257a8821b80b90359bce7ca22759e0a48f1785f01b468c60a90c8bf9f41bcc,/Users/arjunsharma/Documents/SandiaProjects/4-LDRDAMDIS/DIMSWE-study-d0eb615/external-results/test2b-rain-active-learning/production/representation-B/h2-from-h1-m20-20/checkpoint_000000020_parameters.npz,Y,HELD-OUT TRUTH SUPPORT,81,160,POST-HOC CHECKPOINT EVALUATION,R_activation,maximum_predicted_R,2.45990256535406e-11
t2b-b-h2,Test 2B,B,H2,H2,20,866baac093ffcd94826daa14c13115ea057ce0e07a2b770ba642ccb1f79c44a5,b3257a8821b80b90359bce7ca22759e0a48f1785f01b468c60a90c8bf9f41bcc,/Users/arjunsharma/Documents/SandiaProjects/4-LDRDAMDIS/DIMSWE-study-d0eb615/external-results/test2b-rain-active-learning/production/representation-B/h2-from-h1-m20-20/checkpoint_000000020_parameters.npz,Y,HELD-OUT TRUTH SUPPORT,81,160,POST-HOC CHECKPOINT EVALUATION,R_activation,minimum_predicted_R,-6.901067016035088e-13
t2b-b-h2,Test 2B,B,H2,H2,20,866baac093ffcd94826daa14c13115ea057ce0e07a2b770ba642ccb1f79c44a5,b3257a8821b80b90359bce7ca22759e0a48f1785f01b468c60a90c8bf9f41bcc,/Users/arjunsharma/Documents/SandiaProjects/4-LDRDAMDIS/DIMSWE-study-d0eb615/external-results/test2b-rain-active-learning/production/representation-B/h2-from-h1-m20-20/checkpoint_000000020_parameters.npz,Y,HELD-OUT TRUTH SUPPORT,81,160,POST-HOC CHECKPOINT EVALUATION,R_activation,predicted_exact_negative_fraction,0.18994483947753907
t2b-b-h2,Test 2B,B,H2,H2,20,866baac093ffcd94826daa14c13115ea057ce0e07a2b770ba642ccb1f79c44a5,b3257a8821b80b90359bce7ca22759e0a48f1785f01b468c60a90c8bf9f41bcc,/Users/arjunsharma/Documents/SandiaProjects/4-LDRDAMDIS/DIMSWE-study-d0eb615/external-results/test2b-rain-active-learning/production/representation-B/h2-from-h1-m20-20/checkpoint_000000020_parameters.npz,Y,HELD-OUT TRUTH SUPPORT,81,160,POST-HOC CHECKPOINT EVALUATION,R_activation,predicted_exact_positive_fraction,0.810055160522461
t2b-b-h2,Test 2B,B,H2,H2,20,866baac093ffcd94826daa14c13115ea057ce0e07a2b770ba642ccb1f79c44a5,b3257a8821b80b90359bce7ca22759e0a48f1785f01b468c60a90c8bf9f41bcc,/Users/arjunsharma/Documents/SandiaProjects/4-LDRDAMDIS/DIMSWE-study-d0eb615/external-results/test2b-rain-active-learning/production/representation-B/h2-from-h1-m20-20/checkpoint_000000020_parameters.npz,Y,HELD-OUT TRUTH SUPPORT,81,160,POST-HOC CHECKPOINT EVALUATION,R_activation,predicted_meaningful_negative_fraction,0.18994483947753907
t2b-b-h2,Test 2B,B,H2,H2,20,866baac093ffcd94826daa14c13115ea057ce0e07a2b770ba642ccb1f79c44a5,b3257a8821b80b90359bce7ca22759e0a48f1785f01b468c60a90c8bf9f41bcc,/Users/arjunsharma/Documents/SandiaProjects/4-LDRDAMDIS/DIMSWE-study-d0eb615/external-results/test2b-rain-active-learning/production/representation-B/h2-from-h1-m20-20/checkpoint_000000020_parameters.npz,Y,HELD-OUT TRUTH SUPPORT,81,160,POST-HOC CHECKPOINT EVALUATION,R_activation,predicted_meaningful_positive_fraction,0.810055160522461
t2b-b-h2,Test 2B,B,H2,H2,20,866baac093ffcd94826daa14c13115ea057ce0e07a2b770ba642ccb1f79c44a5,b3257a8821b80b90359bce7ca22759e0a48f1785f01b468c60a90c8bf9f41bcc,/Users/arjunsharma/Documents/SandiaProjects/4-LDRDAMDIS/DIMSWE-study-d0eb615/external-results/test2b-rain-active-learning/production/representation-B/h2-from-h1-m20-20/checkpoint_000000020_parameters.npz,Y,HELD-OUT TRUTH SUPPORT,81,160,POST-HOC CHECKPOINT EVALUATION,R_activation,sample_count,5242880
t2b-b-h2,Test 2B,B,H2,H2,20,866baac093ffcd94826daa14c13115ea057ce0e07a2b770ba642ccb1f79c44a5,b3257a8821b80b90359bce7ca22759e0a48f1785f01b468c60a90c8bf9f41bcc,/Users/arjunsharma/Documents/SandiaProjects/4-LDRDAMDIS/DIMSWE-study-d0eb615/external-results/test2b-rain-active-learning/production/representation-B/h2-from-h1-m20-20/checkpoint_000000020_parameters.npz,Y,HELD-OUT TRUTH SUPPORT,81,160,POST-HOC CHECKPOINT EVALUATION,R_activation,truth_active_sample_count,385812
t2b-b-h2,Test 2B,B,H2,H2,20,866baac093ffcd94826daa14c13115ea057ce0e07a2b770ba642ccb1f79c44a5,b3257a8821b80b90359bce7ca22759e0a48f1785f01b468c60a90c8bf9f41bcc,/Users/arjunsharma/Documents/SandiaProjects/4-LDRDAMDIS/DIMSWE-study-d0eb615/external-results/test2b-rain-active-learning/production/representation-B/h2-from-h1-m20-20/checkpoint_000000020_parameters.npz,Y,HELD-OUT TRUTH SUPPORT,81,160,POST-HOC CHECKPOINT EVALUATION,R_activation,truth_active_sample_fraction,0.07358779907226562
t2b-b-h2,Test 2B,B,H2,H2,20,866baac093ffcd94826daa14c13115ea057ce0e07a2b770ba642ccb1f79c44a5,b3257a8821b80b90359bce7ca22759e0a48f1785f01b468c60a90c8bf9f41bcc,/Users/arjunsharma/Documents/SandiaProjects/4-LDRDAMDIS/DIMSWE-study-d0eb615/external-results/test2b-rain-active-learning/production/representation-B/h2-from-h1-m20-20/checkpoint_000000020_parameters.npz,Y,HELD-OUT TRUTH SUPPORT,81,160,POST-HOC CHECKPOINT EVALUATION,R_all,correlation,0.9867395975694659
t2b-b-h2,Test 2B,B,H2,H2,20,866baac093ffcd94826daa14c13115ea057ce0e07a2b770ba642ccb1f79c44a5,b3257a8821b80b90359bce7ca22759e0a48f1785f01b468c60a90c8bf9f41bcc,/Users/arjunsharma/Documents/SandiaProjects/4-LDRDAMDIS/DIMSWE-study-d0eb615/external-results/test2b-rain-active-learning/production/representation-B/h2-from-h1-m20-20/checkpoint_000000020_parameters.npz,Y,HELD-OUT TRUTH SUPPORT,81,160,POST-HOC CHECKPOINT EVALUATION,R_all,cosine,0.9868974194154663
t2b-b-h2,Test 2B,B,H2,H2,20,866baac093ffcd94826daa14c13115ea057ce0e07a2b770ba642ccb1f79c44a5,b3257a8821b80b90359bce7ca22759e0a48f1785f01b468c60a90c8bf9f41bcc,/Users/arjunsharma/Documents/SandiaProjects/4-LDRDAMDIS/DIMSWE-study-d0eb615/external-results/test2b-rain-active-learning/production/representation-B/h2-from-h1-m20-20/checkpoint_000000020_parameters.npz,Y,HELD-OUT TRUTH SUPPORT,81,160,POST-HOC CHECKPOINT EVALUATION,R_all,maximum_absolute_error,2.729864415833551e-11
t2b-b-h2,Test 2B,B,H2,H2,20,866baac093ffcd94826daa14c13115ea057ce0e07a2b770ba642ccb1f79c44a5,b3257a8821b80b90359bce7ca22759e0a48f1785f01b468c60a90c8bf9f41bcc,/Users/arjunsharma/Documents/SandiaProjects/4-LDRDAMDIS/DIMSWE-study-d0eb615/external-results/test2b-rain-active-learning/production/representation-B/h2-from-h1-m20-20/checkpoint_000000020_parameters.npz,Y,HELD-OUT TRUTH SUPPORT,81,160,POST-HOC CHECKPOINT EVALUATION,R_all,normalized_RMS_error,0.1696418094673419
t2b-b-h2,Test 2B,B,H2,H2,20,866baac093ffcd94826daa14c13115ea057ce0e07a2b770ba642ccb1f79c44a5,b3257a8821b80b90359bce7ca22759e0a48f1785f01b468c60a90c8bf9f41bcc,/Users/arjunsharma/Documents/SandiaProjects/4-LDRDAMDIS/DIMSWE-study-d0eb615/external-results/test2b-rain-active-learning/production/representation-B/h2-from-h1-m20-20/checkpoint_000000020_parameters.npz,Y,HELD-OUT TRUTH SUPPORT,81,160,POST-HOC CHECKPOINT EVALUATION,R_all,physical_RMS_error,3.3763590944065957e-12
t2b-b-h2,Test 2B,B,H2,H2,20,866baac093ffcd94826daa14c13115ea057ce0e07a2b770ba642ccb1f79c44a5,b3257a8821b80b90359bce7ca22759e0a48f1785f01b468c60a90c8bf9f41bcc,/Users/arjunsharma/Documents/SandiaProjects/4-LDRDAMDIS/DIMSWE-study-d0eb615/external-results/test2b-rain-active-learning/production/representation-B/h2-from-h1-m20-20/checkpoint_000000020_parameters.npz,Y,HELD-OUT TRUTH SUPPORT,81,160,POST-HOC CHECKPOINT EVALUATION,R_all,prediction_RMS,2.743400116166071e-12
t2b-b-h2,Test 2B,B,H2,H2,20,866baac093ffcd94826daa14c13115ea057ce0e07a2b770ba642ccb1f79c44a5,b3257a8821b80b90359bce7ca22759e0a48f1785f01b468c60a90c8bf9f41bcc,/Users/arjunsharma/Documents/SandiaProjects/4-LDRDAMDIS/DIMSWE-study-d0eb615/external-results/test2b-rain-active-learning/production/representation-B/h2-from-h1-m20-20/checkpoint_000000020_parameters.npz,Y,HELD-OUT TRUTH SUPPORT,81,160,POST-HOC CHECKPOINT EVALUATION,R_all,relative_RMS_error,0.5576452335606348
t2b-b-h2,Test 2B,B,H2,H2,20,866baac093ffcd94826daa14c13115ea057ce0e07a2b770ba642ccb1f79c44a5,b3257a8821b80b90359bce7ca22759e0a48f1785f01b468c60a90c8bf9f41bcc,/Users/arjunsharma/Documents/SandiaProjects/4-LDRDAMDIS/DIMSWE-study-d0eb615/external-results/test2b-rain-active-learning/production/representation-B/h2-from-h1-m20-20/checkpoint_000000020_parameters.npz,Y,HELD-OUT TRUTH SUPPORT,81,160,POST-HOC CHECKPOINT EVALUATION,R_all,sample_count,5242880
t2b-b-h2,Test 2B,B,H2,H2,20,866baac093ffcd94826daa14c13115ea057ce0e07a2b770ba642ccb1f79c44a5,b3257a8821b80b90359bce7ca22759e0a48f1785f01b468c60a90c8bf9f41bcc,/Users/arjunsharma/Documents/SandiaProjects/4-LDRDAMDIS/DIMSWE-study-d0eb615/external-results/test2b-rain-active-learning/production/representation-B/h2-from-h1-m20-20/checkpoint_000000020_parameters.npz,Y,HELD-OUT TRUTH SUPPORT,81,160,POST-HOC CHECKPOINT EVALUATION,R_all,signed_mass_weighted_bias,-6.689937520502549e-13
t2b-b-h2,Test 2B,B,H2,H2,20,866baac093ffcd94826daa14c13115ea057ce0e07a2b770ba642ccb1f79c44a5,b3257a8821b80b90359bce7ca22759e0a48f1785f01b468c60a90c8bf9f41bcc,/Users/arjunsharma/Documents/SandiaProjects/4-LDRDAMDIS/DIMSWE-study-d0eb615/external-results/test2b-rain-active-learning/production/representation-B/h2-from-h1-m20-20/checkpoint_000000020_parameters.npz,Y,HELD-OUT TRUTH SUPPORT,81,160,POST-HOC CHECKPOINT EVALUATION,R_all,target_RMS,6.054672202339324e-12
t2b-b-h2,Test 2B,B,H2,H2,20,866baac093ffcd94826daa14c13115ea057ce0e07a2b770ba642ccb1f79c44a5,b3257a8821b80b90359bce7ca22759e0a48f1785f01b468c60a90c8bf9f41bcc,/Users/arjunsharma/Documents/SandiaProjects/4-LDRDAMDIS/DIMSWE-study-d0eb615/external-results/test2b-rain-active-learning/production/representation-B/h2-from-h1-m20-20/checkpoint_000000020_parameters.npz,Y,HELD-OUT TRUTH SUPPORT,81,160,POST-HOC CHECKPOINT EVALUATION,R_truth_active,correlation,0.978380580815356
t2b-b-h2,Test 2B,B,H2,H2,20,866baac093ffcd94826daa14c13115ea057ce0e07a2b770ba642ccb1f79c44a5,b3257a8821b80b90359bce7ca22759e0a48f1785f01b468c60a90c8bf9f41bcc,/Users/arjunsharma/Documents/SandiaProjects/4-LDRDAMDIS/DIMSWE-study-d0eb615/external-results/test2b-rain-active-learning/production/representation-B/h2-from-h1-m20-20/checkpoint_000000020_parameters.npz,Y,HELD-OUT TRUTH SUPPORT,81,160,POST-HOC CHECKPOINT EVALUATION,R_truth_active,cosine,0.9898051282921537
t2b-b-h2,Test 2B,B,H2,H2,20,866baac093ffcd94826daa14c13115ea057ce0e07a2b770ba642ccb1f79c44a5,b3257a8821b80b90359bce7ca22759e0a48f1785f01b468c60a90c8bf9f41bcc,/Users/arjunsharma/Documents/SandiaProjects/4-LDRDAMDIS/DIMSWE-study-d0eb615/external-results/test2b-rain-active-learning/production/representation-B/h2-from-h1-m20-20/checkpoint_000000020_parameters.npz,Y,HELD-OUT TRUTH SUPPORT,81,160,POST-HOC CHECKPOINT EVALUATION,R_truth_active,maximum_absolute_error,2.729864415833551e-11
t2b-b-h2,Test 2B,B,H2,H2,20,866baac093ffcd94826daa14c13115ea057ce0e07a2b770ba642ccb1f79c44a5,b3257a8821b80b90359bce7ca22759e0a48f1785f01b468c60a90c8bf9f41bcc,/Users/arjunsharma/Documents/SandiaProjects/4-LDRDAMDIS/DIMSWE-study-d0eb615/external-results/test2b-rain-active-learning/production/representation-B/h2-from-h1-m20-20/checkpoint_000000020_parameters.npz,Y,HELD-OUT TRUTH SUPPORT,81,160,POST-HOC CHECKPOINT EVALUATION,R_truth_active,normalized_RMS_error,0.6278559025090992
t2b-b-h2,Test 2B,B,H2,H2,20,866baac093ffcd94826daa14c13115ea057ce0e07a2b770ba642ccb1f79c44a5,b3257a8821b80b90359bce7ca22759e0a48f1785f01b468c60a90c8bf9f41bcc,/Users/arjunsharma/Documents/SandiaProjects/4-LDRDAMDIS/DIMSWE-study-d0eb615/external-results/test2b-rain-active-learning/production/representation-B/h2-from-h1-m20-20/checkpoint_000000020_parameters.npz,Y,HELD-OUT TRUTH SUPPORT,81,160,POST-HOC CHECKPOINT EVALUATION,R_truth_active,physical_RMS_error,1.2496135198449165e-11
t2b-b-h2,Test 2B,B,H2,H2,20,866baac093ffcd94826daa14c13115ea057ce0e07a2b770ba642ccb1f79c44a5,b3257a8821b80b90359bce7ca22759e0a48f1785f01b468c60a90c8bf9f41bcc,/Users/arjunsharma/Documents/SandiaProjects/4-LDRDAMDIS/DIMSWE-study-d0eb615/external-results/test2b-rain-active-learning/production/representation-B/h2-from-h1-m20-20/checkpoint_000000020_parameters.npz,Y,HELD-OUT TRUTH SUPPORT,81,160,POST-HOC CHECKPOINT EVALUATION,R_truth_active,prediction_RMS,1.014334616690189e-11
t2b-b-h2,Test 2B,B,H2,H2,20,866baac093ffcd94826daa14c13115ea057ce0e07a2b770ba642ccb1f79c44a5,b3257a8821b80b90359bce7ca22759e0a48f1785f01b468c60a90c8bf9f41bcc,/Users/arjunsharma/Documents/SandiaProjects/4-LDRDAMDIS/DIMSWE-study-d0eb615/external-results/test2b-rain-active-learning/production/representation-B/h2-from-h1-m20-20/checkpoint_000000020_parameters.npz,Y,HELD-OUT TRUTH SUPPORT,81,160,POST-HOC CHECKPOINT EVALUATION,R_truth_active,relative_RMS_error,0.5565642401852159
t2b-b-h2,Test 2B,B,H2,H2,20,866baac093ffcd94826daa14c13115ea057ce0e07a2b770ba642ccb1f79c44a5,b3257a8821b80b90359bce7ca22759e0a48f1785f01b468c60a90c8bf9f41bcc,/Users/arjunsharma/Documents/SandiaProjects/4-LDRDAMDIS/DIMSWE-study-d0eb615/external-results/test2b-rain-active-learning/production/representation-B/h2-from-h1-m20-20/checkpoint_000000020_parameters.npz,Y,HELD-OUT TRUTH SUPPORT,81,160,POST-HOC CHECKPOINT EVALUATION,R_truth_active,sample_count,385812
t2b-b-h2,Test 2B,B,H2,H2,20,866baac093ffcd94826daa14c13115ea057ce0e07a2b770ba642ccb1f79c44a5,b3257a8821b80b90359bce7ca22759e0a48f1785f01b468c60a90c8bf9f41bcc,/Users/arjunsharma/Documents/SandiaProjects/4-LDRDAMDIS/DIMSWE-study-d0eb615/external-results/test2b-rain-active-learning/production/representation-B/h2-from-h1-m20-20/checkpoint_000000020_parameters.npz,Y,HELD-OUT TRUTH SUPPORT,81,160,POST-HOC CHECKPOINT EVALUATION,R_truth_active,signed_mass_weighted_bias,-1.1042059925014236e-11
t2b-b-h2,Test 2B,B,H2,H2,20,866baac093ffcd94826daa14c13115ea057ce0e07a2b770ba642ccb1f79c44a5,b3257a8821b80b90359bce7ca22759e0a48f1785f01b468c60a90c8bf9f41bcc,/Users/arjunsharma/Documents/SandiaProjects/4-LDRDAMDIS/DIMSWE-study-d0eb615/external-results/test2b-rain-active-learning/production/representation-B/h2-from-h1-m20-20/checkpoint_000000020_parameters.npz,Y,HELD-OUT TRUTH SUPPORT,81,160,POST-HOC CHECKPOINT EVALUATION,R_truth_active,target_RMS,2.2452278274814503e-11
t2b-b-h2,Test 2B,B,H2,H2,20,866baac093ffcd94826daa14c13115ea057ce0e07a2b770ba642ccb1f79c44a5,b3257a8821b80b90359bce7ca22759e0a48f1785f01b468c60a90c8bf9f41bcc,/Users/arjunsharma/Documents/SandiaProjects/4-LDRDAMDIS/DIMSWE-study-d0eb615/external-results/test2b-rain-active-learning/production/representation-B/h2-from-h1-m20-20/checkpoint_000000020_parameters.npz,Y,HELD-OUT TRUTH SUPPORT,81,160,POST-HOC CHECKPOINT EVALUATION,operator,denominator,187015548710626.84
t2b-b-h2,Test 2B,B,H2,H2,20,866baac093ffcd94826daa14c13115ea057ce0e07a2b770ba642ccb1f79c44a5,b3257a8821b80b90359bce7ca22759e0a48f1785f01b468c60a90c8bf9f41bcc,/Users/arjunsharma/Documents/SandiaProjects/4-LDRDAMDIS/DIMSWE-study-d0eb615/external-results/test2b-rain-active-learning/production/representation-B/h2-from-h1-m20-20/checkpoint_000000020_parameters.npz,Y,HELD-OUT TRUTH SUPPORT,81,160,POST-HOC CHECKPOINT EVALUATION,operator,normalized_objective,0.3140383431628889
t2b-b-h2,Test 2B,B,H2,H2,20,866baac093ffcd94826daa14c13115ea057ce0e07a2b770ba642ccb1f79c44a5,b3257a8821b80b90359bce7ca22759e0a48f1785f01b468c60a90c8bf9f41bcc,/Users/arjunsharma/Documents/SandiaProjects/4-LDRDAMDIS/DIMSWE-study-d0eb615/external-results/test2b-rain-active-learning/production/representation-B/h2-from-h1-m20-20/checkpoint_000000020_parameters.npz,Y,HELD-OUT TRUTH SUPPORT,81,160,POST-HOC CHECKPOINT EVALUATION,operator,numerator,58730053062783.805
t2b-b-h5,Test 2B,B,H5,H5,20,4caffb3b14e290581d2cb4394458746e5f47d43689dc3497c942e23582ae0129,575d26dacc4eddd4ef84c564725a8b8beb521dc279fb797eaece34e4de842f74,/Users/arjunsharma/Documents/SandiaProjects/4-LDRDAMDIS/DIMSWE-study-d0eb615/external-results/test2b-rain-active-learning/production/representation-B/h5-from-h2-m20-20/checkpoint_000000020_parameters.npz,Y,TRAINING TRUTH SUPPORT,0,80,POST-HOC CHECKPOINT EVALUATION,A,correlation,0.9999822198049754
t2b-b-h5,Test 2B,B,H5,H5,20,4caffb3b14e290581d2cb4394458746e5f47d43689dc3497c942e23582ae0129,575d26dacc4eddd4ef84c564725a8b8beb521dc279fb797eaece34e4de842f74,/Users/arjunsharma/Documents/SandiaProjects/4-LDRDAMDIS/DIMSWE-study-d0eb615/external-results/test2b-rain-active-learning/production/representation-B/h5-from-h2-m20-20/checkpoint_000000020_parameters.npz,Y,TRAINING TRUTH SUPPORT,0,80,POST-HOC CHECKPOINT EVALUATION,A,cosine,0.9999824391823356
t2b-b-h5,Test 2B,B,H5,H5,20,4caffb3b14e290581d2cb4394458746e5f47d43689dc3497c942e23582ae0129,575d26dacc4eddd4ef84c564725a8b8beb521dc279fb797eaece34e4de842f74,/Users/arjunsharma/Documents/SandiaProjects/4-LDRDAMDIS/DIMSWE-study-d0eb615/external-results/test2b-rain-active-learning/production/representation-B/h5-from-h2-m20-20/checkpoint_000000020_parameters.npz,Y,TRAINING TRUTH SUPPORT,0,80,POST-HOC CHECKPOINT EVALUATION,A,maximum_absolute_error,3.988331777937341e-08
t2b-b-h5,Test 2B,B,H5,H5,20,4caffb3b14e290581d2cb4394458746e5f47d43689dc3497c942e23582ae0129,575d26dacc4eddd4ef84c564725a8b8beb521dc279fb797eaece34e4de842f74,/Users/arjunsharma/Documents/SandiaProjects/4-LDRDAMDIS/DIMSWE-study-d0eb615/external-results/test2b-rain-active-learning/production/representation-B/h5-from-h2-m20-20/checkpoint_000000020_parameters.npz,Y,TRAINING TRUTH SUPPORT,0,80,POST-HOC CHECKPOINT EVALUATION,A,normalized_RMS_error,0.005928481635696807
t2b-b-h5,Test 2B,B,H5,H5,20,4caffb3b14e290581d2cb4394458746e5f47d43689dc3497c942e23582ae0129,575d26dacc4eddd4ef84c564725a8b8beb521dc279fb797eaece34e4de842f74,/Users/arjunsharma/Documents/SandiaProjects/4-LDRDAMDIS/DIMSWE-study-d0eb615/external-results/test2b-rain-active-learning/production/representation-B/h5-from-h2-m20-20/checkpoint_000000020_parameters.npz,Y,TRAINING TRUTH SUPPORT,0,80,POST-HOC CHECKPOINT EVALUATION,A,physical_RMS_error,5.366614920277658e-10
t2b-b-h5,Test 2B,B,H5,H5,20,4caffb3b14e290581d2cb4394458746e5f47d43689dc3497c942e23582ae0129,575d26dacc4eddd4ef84c564725a8b8beb521dc279fb797eaece34e4de842f74,/Users/arjunsharma/Documents/SandiaProjects/4-LDRDAMDIS/DIMSWE-study-d0eb615/external-results/test2b-rain-active-learning/production/representation-B/h5-from-h2-m20-20/checkpoint_000000020_parameters.npz,Y,TRAINING TRUTH SUPPORT,0,80,POST-HOC CHECKPOINT EVALUATION,A,prediction_RMS,9.05541960675265e-08
t2b-b-h5,Test 2B,B,H5,H5,20,4caffb3b14e290581d2cb4394458746e5f47d43689dc3497c942e23582ae0129,575d26dacc4eddd4ef84c564725a8b8beb521dc279fb797eaece34e4de842f74,/Users/arjunsharma/Documents/SandiaProjects/4-LDRDAMDIS/DIMSWE-study-d0eb615/external-results/test2b-rain-active-learning/production/representation-B/h5-from-h2-m20-20/checkpoint_000000020_parameters.npz,Y,TRAINING TRUTH SUPPORT,0,80,POST-HOC CHECKPOINT EVALUATION,A,relative_RMS_error,0.005926706906006118
t2b-b-h5,Test 2B,B,H5,H5,20,4caffb3b14e290581d2cb4394458746e5f47d43689dc3497c942e23582ae0129,575d26dacc4eddd4ef84c564725a8b8beb521dc279fb797eaece34e4de842f74,/Users/arjunsharma/Documents/SandiaProjects/4-LDRDAMDIS/DIMSWE-study-d0eb615/external-results/test2b-rain-active-learning/production/representation-B/h5-from-h2-m20-20/checkpoint_000000020_parameters.npz,Y,TRAINING TRUTH SUPPORT,0,80,POST-HOC CHECKPOINT EVALUATION,A,sample_count,5308416
t2b-b-h5,Test 2B,B,H5,H5,20,4caffb3b14e290581d2cb4394458746e5f47d43689dc3497c942e23582ae0129,575d26dacc4eddd4ef84c564725a8b8beb521dc279fb797eaece34e4de842f74,/Users/arjunsharma/Documents/SandiaProjects/4-LDRDAMDIS/DIMSWE-study-d0eb615/external-results/test2b-rain-active-learning/production/representation-B/h5-from-h2-m20-20/checkpoint_000000020_parameters.npz,Y,TRAINING TRUTH SUPPORT,0,80,POST-HOC CHECKPOINT EVALUATION,A,signed_mass_weighted_bias,1.447584523814328e-12
t2b-b-h5,Test 2B,B,H5,H5,20,4caffb3b14e290581d2cb4394458746e5f47d43689dc3497c942e23582ae0129,575d26dacc4eddd4ef84c564725a8b8beb521dc279fb797eaece34e4de842f74,/Users/arjunsharma/Documents/SandiaProjects/4-LDRDAMDIS/DIMSWE-study-d0eb615/external-results/test2b-rain-active-learning/production/representation-B/h5-from-h2-m20-20/checkpoint_000000020_parameters.npz,Y,TRAINING TRUTH SUPPORT,0,80,POST-HOC CHECKPOINT EVALUATION,A,target_RMS,9.05496932004371e-08
t2b-b-h5,Test 2B,B,H5,H5,20,4caffb3b14e290581d2cb4394458746e5f47d43689dc3497c942e23582ae0129,575d26dacc4eddd4ef84c564725a8b8beb521dc279fb797eaece34e4de842f74,/Users/arjunsharma/Documents/SandiaProjects/4-LDRDAMDIS/DIMSWE-study-d0eb615/external-results/test2b-rain-active-learning/production/representation-B/h5-from-h2-m20-20/checkpoint_000000020_parameters.npz,Y,TRAINING TRUTH SUPPORT,0,80,POST-HOC CHECKPOINT EVALUATION,R_activation,activity_numerical_tolerance,1.2119968976504772e-20
t2b-b-h5,Test 2B,B,H5,H5,20,4caffb3b14e290581d2cb4394458746e5f47d43689dc3497c942e23582ae0129,575d26dacc4eddd4ef84c564725a8b8beb521dc279fb797eaece34e4de842f74,/Users/arjunsharma/Documents/SandiaProjects/4-LDRDAMDIS/DIMSWE-study-d0eb615/external-results/test2b-rain-active-learning/production/representation-B/h5-from-h2-m20-20/checkpoint_000000020_parameters.npz,Y,TRAINING TRUTH SUPPORT,0,80,POST-HOC CHECKPOINT EVALUATION,R_activation,false_negative_count,0
t2b-b-h5,Test 2B,B,H5,H5,20,4caffb3b14e290581d2cb4394458746e5f47d43689dc3497c942e23582ae0129,575d26dacc4eddd4ef84c564725a8b8beb521dc279fb797eaece34e4de842f74,/Users/arjunsharma/Documents/SandiaProjects/4-LDRDAMDIS/DIMSWE-study-d0eb615/external-results/test2b-rain-active-learning/production/representation-B/h5-from-h2-m20-20/checkpoint_000000020_parameters.npz,Y,TRAINING TRUTH SUPPORT,0,80,POST-HOC CHECKPOINT EVALUATION,R_activation,false_negative_fraction_all_samples,0.0
t2b-b-h5,Test 2B,B,H5,H5,20,4caffb3b14e290581d2cb4394458746e5f47d43689dc3497c942e23582ae0129,575d26dacc4eddd4ef84c564725a8b8beb521dc279fb797eaece34e4de842f74,/Users/arjunsharma/Documents/SandiaProjects/4-LDRDAMDIS/DIMSWE-study-d0eb615/external-results/test2b-rain-active-learning/production/representation-B/h5-from-h2-m20-20/checkpoint_000000020_parameters.npz,Y,TRAINING TRUTH SUPPORT,0,80,POST-HOC CHECKPOINT EVALUATION,R_activation,false_negative_rate_given_truth_active,0.0
t2b-b-h5,Test 2B,B,H5,H5,20,4caffb3b14e290581d2cb4394458746e5f47d43689dc3497c942e23582ae0129,575d26dacc4eddd4ef84c564725a8b8beb521dc279fb797eaece34e4de842f74,/Users/arjunsharma/Documents/SandiaProjects/4-LDRDAMDIS/DIMSWE-study-d0eb615/external-results/test2b-rain-active-learning/production/representation-B/h5-from-h2-m20-20/checkpoint_000000020_parameters.npz,Y,TRAINING TRUTH SUPPORT,0,80,POST-HOC CHECKPOINT EVALUATION,R_activation,false_positive_count,4351094
t2b-b-h5,Test 2B,B,H5,H5,20,4caffb3b14e290581d2cb4394458746e5f47d43689dc3497c942e23582ae0129,575d26dacc4eddd4ef84c564725a8b8beb521dc279fb797eaece34e4de842f74,/Users/arjunsharma/Documents/SandiaProjects/4-LDRDAMDIS/DIMSWE-study-d0eb615/external-results/test2b-rain-active-learning/production/representation-B/h5-from-h2-m20-20/checkpoint_000000020_parameters.npz,Y,TRAINING TRUTH SUPPORT,0,80,POST-HOC CHECKPOINT EVALUATION,R_activation,false_positive_fraction_all_samples,0.8196595745322145
t2b-b-h5,Test 2B,B,H5,H5,20,4caffb3b14e290581d2cb4394458746e5f47d43689dc3497c942e23582ae0129,575d26dacc4eddd4ef84c564725a8b8beb521dc279fb797eaece34e4de842f74,/Users/arjunsharma/Documents/SandiaProjects/4-LDRDAMDIS/DIMSWE-study-d0eb615/external-results/test2b-rain-active-learning/production/representation-B/h5-from-h2-m20-20/checkpoint_000000020_parameters.npz,Y,TRAINING TRUTH SUPPORT,0,80,POST-HOC CHECKPOINT EVALUATION,R_activation,false_positive_rate_given_truth_inactive,0.8260044346234746
t2b-b-h5,Test 2B,B,H5,H5,20,4caffb3b14e290581d2cb4394458746e5f47d43689dc3497c942e23582ae0129,575d26dacc4eddd4ef84c564725a8b8beb521dc279fb797eaece34e4de842f74,/Users/arjunsharma/Documents/SandiaProjects/4-LDRDAMDIS/DIMSWE-study-d0eb615/external-results/test2b-rain-active-learning/production/representation-B/h5-from-h2-m20-20/checkpoint_000000020_parameters.npz,Y,TRAINING TRUTH SUPPORT,0,80,POST-HOC CHECKPOINT EVALUATION,R_activation,first_meaningful_positive_predicted_step,0
t2b-b-h5,Test 2B,B,H5,H5,20,4caffb3b14e290581d2cb4394458746e5f47d43689dc3497c942e23582ae0129,575d26dacc4eddd4ef84c564725a8b8beb521dc279fb797eaece34e4de842f74,/Users/arjunsharma/Documents/SandiaProjects/4-LDRDAMDIS/DIMSWE-study-d0eb615/external-results/test2b-rain-active-learning/production/representation-B/h5-from-h2-m20-20/checkpoint_000000020_parameters.npz,Y,TRAINING TRUTH SUPPORT,0,80,POST-HOC CHECKPOINT EVALUATION,R_activation,first_meaningful_positive_truth_step,51
t2b-b-h5,Test 2B,B,H5,H5,20,4caffb3b14e290581d2cb4394458746e5f47d43689dc3497c942e23582ae0129,575d26dacc4eddd4ef84c564725a8b8beb521dc279fb797eaece34e4de842f74,/Users/arjunsharma/Documents/SandiaProjects/4-LDRDAMDIS/DIMSWE-study-d0eb615/external-results/test2b-rain-active-learning/production/representation-B/h5-from-h2-m20-20/checkpoint_000000020_parameters.npz,Y,TRAINING TRUTH SUPPORT,0,80,POST-HOC CHECKPOINT EVALUATION,R_activation,maximum_predicted_R,2.3620203538881592e-11
t2b-b-h5,Test 2B,B,H5,H5,20,4caffb3b14e290581d2cb4394458746e5f47d43689dc3497c942e23582ae0129,575d26dacc4eddd4ef84c564725a8b8beb521dc279fb797eaece34e4de842f74,/Users/arjunsharma/Documents/SandiaProjects/4-LDRDAMDIS/DIMSWE-study-d0eb615/external-results/test2b-rain-active-learning/production/representation-B/h5-from-h2-m20-20/checkpoint_000000020_parameters.npz,Y,TRAINING TRUTH SUPPORT,0,80,POST-HOC CHECKPOINT EVALUATION,R_activation,minimum_predicted_R,-2.3328186179995157e-12
t2b-b-h5,Test 2B,B,H5,H5,20,4caffb3b14e290581d2cb4394458746e5f47d43689dc3497c942e23582ae0129,575d26dacc4eddd4ef84c564725a8b8beb521dc279fb797eaece34e4de842f74,/Users/arjunsharma/Documents/SandiaProjects/4-LDRDAMDIS/DIMSWE-study-d0eb615/external-results/test2b-rain-active-learning/production/representation-B/h5-from-h2-m20-20/checkpoint_000000020_parameters.npz,Y,TRAINING TRUTH SUPPORT,0,80,POST-HOC CHECKPOINT EVALUATION,R_activation,predicted_exact_negative_fraction,0.17265903802565585
t2b-b-h5,Test 2B,B,H5,H5,20,4caffb3b14e290581d2cb4394458746e5f47d43689dc3497c942e23582ae0129,575d26dacc4eddd4ef84c564725a8b8beb521dc279fb797eaece34e4de842f74,/Users/arjunsharma/Documents/SandiaProjects/4-LDRDAMDIS/DIMSWE-study-d0eb615/external-results/test2b-rain-active-learning/production/representation-B/h5-from-h2-m20-20/checkpoint_000000020_parameters.npz,Y,TRAINING TRUTH SUPPORT,0,80,POST-HOC CHECKPOINT EVALUATION,R_activation,predicted_exact_positive_fraction,0.8273409619743441
t2b-b-h5,Test 2B,B,H5,H5,20,4caffb3b14e290581d2cb4394458746e5f47d43689dc3497c942e23582ae0129,575d26dacc4eddd4ef84c564725a8b8beb521dc279fb797eaece34e4de842f74,/Users/arjunsharma/Documents/SandiaProjects/4-LDRDAMDIS/DIMSWE-study-d0eb615/external-results/test2b-rain-active-learning/production/representation-B/h5-from-h2-m20-20/checkpoint_000000020_parameters.npz,Y,TRAINING TRUTH SUPPORT,0,80,POST-HOC CHECKPOINT EVALUATION,R_activation,predicted_meaningful_negative_fraction,0.17265903802565585
t2b-b-h5,Test 2B,B,H5,H5,20,4caffb3b14e290581d2cb4394458746e5f47d43689dc3497c942e23582ae0129,575d26dacc4eddd4ef84c564725a8b8beb521dc279fb797eaece34e4de842f74,/Users/arjunsharma/Documents/SandiaProjects/4-LDRDAMDIS/DIMSWE-study-d0eb615/external-results/test2b-rain-active-learning/production/representation-B/h5-from-h2-m20-20/checkpoint_000000020_parameters.npz,Y,TRAINING TRUTH SUPPORT,0,80,POST-HOC CHECKPOINT EVALUATION,R_activation,predicted_meaningful_positive_fraction,0.8273409619743441
t2b-b-h5,Test 2B,B,H5,H5,20,4caffb3b14e290581d2cb4394458746e5f47d43689dc3497c942e23582ae0129,575d26dacc4eddd4ef84c564725a8b8beb521dc279fb797eaece34e4de842f74,/Users/arjunsharma/Documents/SandiaProjects/4-LDRDAMDIS/DIMSWE-study-d0eb615/external-results/test2b-rain-active-learning/production/representation-B/h5-from-h2-m20-20/checkpoint_000000020_parameters.npz,Y,TRAINING TRUTH SUPPORT,0,80,POST-HOC CHECKPOINT EVALUATION,R_activation,sample_count,5308416
t2b-b-h5,Test 2B,B,H5,H5,20,4caffb3b14e290581d2cb4394458746e5f47d43689dc3497c942e23582ae0129,575d26dacc4eddd4ef84c564725a8b8beb521dc279fb797eaece34e4de842f74,/Users/arjunsharma/Documents/SandiaProjects/4-LDRDAMDIS/DIMSWE-study-d0eb615/external-results/test2b-rain-active-learning/production/representation-B/h5-from-h2-m20-20/checkpoint_000000020_parameters.npz,Y,TRAINING TRUTH SUPPORT,0,80,POST-HOC CHECKPOINT EVALUATION,R_activation,truth_active_sample_count,40776
t2b-b-h5,Test 2B,B,H5,H5,20,4caffb3b14e290581d2cb4394458746e5f47d43689dc3497c942e23582ae0129,575d26dacc4eddd4ef84c564725a8b8beb521dc279fb797eaece34e4de842f74,/Users/arjunsharma/Documents/SandiaProjects/4-LDRDAMDIS/DIMSWE-study-d0eb615/external-results/test2b-rain-active-learning/production/representation-B/h5-from-h2-m20-20/checkpoint_000000020_parameters.npz,Y,TRAINING TRUTH SUPPORT,0,80,POST-HOC CHECKPOINT EVALUATION,R_activation,truth_active_sample_fraction,0.007681387442129629
t2b-b-h5,Test 2B,B,H5,H5,20,4caffb3b14e290581d2cb4394458746e5f47d43689dc3497c942e23582ae0129,575d26dacc4eddd4ef84c564725a8b8beb521dc279fb797eaece34e4de842f74,/Users/arjunsharma/Documents/SandiaProjects/4-LDRDAMDIS/DIMSWE-study-d0eb615/external-results/test2b-rain-active-learning/production/representation-B/h5-from-h2-m20-20/checkpoint_000000020_parameters.npz,Y,TRAINING TRUTH SUPPORT,0,80,POST-HOC CHECKPOINT EVALUATION,R_all,correlation,0.9493149632406138
t2b-b-h5,Test 2B,B,H5,H5,20,4caffb3b14e290581d2cb4394458746e5f47d43689dc3497c942e23582ae0129,575d26dacc4eddd4ef84c564725a8b8beb521dc279fb797eaece34e4de842f74,/Users/arjunsharma/Documents/SandiaProjects/4-LDRDAMDIS/DIMSWE-study-d0eb615/external-results/test2b-rain-active-learning/production/representation-B/h5-from-h2-m20-20/checkpoint_000000020_parameters.npz,Y,TRAINING TRUTH SUPPORT,0,80,POST-HOC CHECKPOINT EVALUATION,R_all,cosine,0.9377774974888543
t2b-b-h5,Test 2B,B,H5,H5,20,4caffb3b14e290581d2cb4394458746e5f47d43689dc3497c942e23582ae0129,575d26dacc4eddd4ef84c564725a8b8beb521dc279fb797eaece34e4de842f74,/Users/arjunsharma/Documents/SandiaProjects/4-LDRDAMDIS/DIMSWE-study-d0eb615/external-results/test2b-rain-active-learning/production/representation-B/h5-from-h2-m20-20/checkpoint_000000020_parameters.npz,Y,TRAINING TRUTH SUPPORT,0,80,POST-HOC CHECKPOINT EVALUATION,R_all,maximum_absolute_error,2.6482730093626962e-11
t2b-b-h5,Test 2B,B,H5,H5,20,4caffb3b14e290581d2cb4394458746e5f47d43689dc3497c942e23582ae0129,575d26dacc4eddd4ef84c564725a8b8beb521dc279fb797eaece34e4de842f74,/Users/arjunsharma/Documents/SandiaProjects/4-LDRDAMDIS/DIMSWE-study-d0eb615/external-results/test2b-rain-active-learning/production/representation-B/h5-from-h2-m20-20/checkpoint_000000020_parameters.npz,Y,TRAINING TRUTH SUPPORT,0,80,POST-HOC CHECKPOINT EVALUATION,R_all,normalized_RMS_error,0.0485720532717511
t2b-b-h5,Test 2B,B,H5,H5,20,4caffb3b14e290581d2cb4394458746e5f47d43689dc3497c942e23582ae0129,575d26dacc4eddd4ef84c564725a8b8beb521dc279fb797eaece34e4de842f74,/Users/arjunsharma/Documents/SandiaProjects/4-LDRDAMDIS/DIMSWE-study-d0eb615/external-results/test2b-rain-active-learning/production/representation-B/h5-from-h2-m20-20/checkpoint_000000020_parameters.npz,Y,TRAINING TRUTH SUPPORT,0,80,POST-HOC CHECKPOINT EVALUATION,R_all,physical_RMS_error,9.66723323177296e-13
t2b-b-h5,Test 2B,B,H5,H5,20,4caffb3b14e290581d2cb4394458746e5f47d43689dc3497c942e23582ae0129,575d26dacc4eddd4ef84c564725a8b8beb521dc279fb797eaece34e4de842f74,/Users/arjunsharma/Documents/SandiaProjects/4-LDRDAMDIS/DIMSWE-study-d0eb615/external-results/test2b-rain-active-learning/production/representation-B/h5-from-h2-m20-20/checkpoint_000000020_parameters.npz,Y,TRAINING TRUTH SUPPORT,0,80,POST-HOC CHECKPOINT EVALUATION,R_all,prediction_RMS,8.500931602379049e-13
t2b-b-h5,Test 2B,B,H5,H5,20,4caffb3b14e290581d2cb4394458746e5f47d43689dc3497c942e23582ae0129,575d26dacc4eddd4ef84c564725a8b8beb521dc279fb797eaece34e4de842f74,/Users/arjunsharma/Documents/SandiaProjects/4-LDRDAMDIS/DIMSWE-study-d0eb615/external-results/test2b-rain-active-learning/production/representation-B/h5-from-h2-m20-20/checkpoint_000000020_parameters.npz,Y,TRAINING TRUTH SUPPORT,0,80,POST-HOC CHECKPOINT EVALUATION,R_all,relative_RMS_error,0.5627837403268545
t2b-b-h5,Test 2B,B,H5,H5,20,4caffb3b14e290581d2cb4394458746e5f47d43689dc3497c942e23582ae0129,575d26dacc4eddd4ef84c564725a8b8beb521dc279fb797eaece34e4de842f74,/Users/arjunsharma/Documents/SandiaProjects/4-LDRDAMDIS/DIMSWE-study-d0eb615/external-results/test2b-rain-active-learning/production/representation-B/h5-from-h2-m20-20/checkpoint_000000020_parameters.npz,Y,TRAINING TRUTH SUPPORT,0,80,POST-HOC CHECKPOINT EVALUATION,R_all,sample_count,5308416
t2b-b-h5,Test 2B,B,H5,H5,20,4caffb3b14e290581d2cb4394458746e5f47d43689dc3497c942e23582ae0129,575d26dacc4eddd4ef84c564725a8b8beb521dc279fb797eaece34e4de842f74,/Users/arjunsharma/Documents/SandiaProjects/4-LDRDAMDIS/DIMSWE-study-d0eb615/external-results/test2b-rain-active-learning/production/representation-B/h5-from-h2-m20-20/checkpoint_000000020_parameters.npz,Y,TRAINING TRUTH SUPPORT,0,80,POST-HOC CHECKPOINT EVALUATION,R_all,signed_mass_weighted_bias,7.235872459310258e-14
t2b-b-h5,Test 2B,B,H5,H5,20,4caffb3b14e290581d2cb4394458746e5f47d43689dc3497c942e23582ae0129,575d26dacc4eddd4ef84c564725a8b8beb521dc279fb797eaece34e4de842f74,/Users/arjunsharma/Documents/SandiaProjects/4-LDRDAMDIS/DIMSWE-study-d0eb615/external-results/test2b-rain-active-learning/production/representation-B/h5-from-h2-m20-20/checkpoint_000000020_parameters.npz,Y,TRAINING TRUTH SUPPORT,0,80,POST-HOC CHECKPOINT EVALUATION,R_all,target_RMS,1.7177527599071018e-12
t2b-b-h5,Test 2B,B,H5,H5,20,4caffb3b14e290581d2cb4394458746e5f47d43689dc3497c942e23582ae0129,575d26dacc4eddd4ef84c564725a8b8beb521dc279fb797eaece34e4de842f74,/Users/arjunsharma/Documents/SandiaProjects/4-LDRDAMDIS/DIMSWE-study-d0eb615/external-results/test2b-rain-active-learning/production/representation-B/h5-from-h2-m20-20/checkpoint_000000020_parameters.npz,Y,TRAINING TRUTH SUPPORT,0,80,POST-HOC CHECKPOINT EVALUATION,R_truth_active,correlation,0.9716527993210572
t2b-b-h5,Test 2B,B,H5,H5,20,4caffb3b14e290581d2cb4394458746e5f47d43689dc3497c942e23582ae0129,575d26dacc4eddd4ef84c564725a8b8beb521dc279fb797eaece34e4de842f74,/Users/arjunsharma/Documents/SandiaProjects/4-LDRDAMDIS/DIMSWE-study-d0eb615/external-results/test2b-rain-active-learning/production/representation-B/h5-from-h2-m20-20/checkpoint_000000020_parameters.npz,Y,TRAINING TRUTH SUPPORT,0,80,POST-HOC CHECKPOINT EVALUATION,R_truth_active,cosine,0.9842896812389642
t2b-b-h5,Test 2B,B,H5,H5,20,4caffb3b14e290581d2cb4394458746e5f47d43689dc3497c942e23582ae0129,575d26dacc4eddd4ef84c564725a8b8beb521dc279fb797eaece34e4de842f74,/Users/arjunsharma/Documents/SandiaProjects/4-LDRDAMDIS/DIMSWE-study-d0eb615/external-results/test2b-rain-active-learning/production/representation-B/h5-from-h2-m20-20/checkpoint_000000020_parameters.npz,Y,TRAINING TRUTH SUPPORT,0,80,POST-HOC CHECKPOINT EVALUATION,R_truth_active,maximum_absolute_error,2.6482730093626962e-11
t2b-b-h5,Test 2B,B,H5,H5,20,4caffb3b14e290581d2cb4394458746e5f47d43689dc3497c942e23582ae0129,575d26dacc4eddd4ef84c564725a8b8beb521dc279fb797eaece34e4de842f74,/Users/arjunsharma/Documents/SandiaProjects/4-LDRDAMDIS/DIMSWE-study-d0eb615/external-results/test2b-rain-active-learning/production/representation-B/h5-from-h2-m20-20/checkpoint_000000020_parameters.npz,Y,TRAINING TRUTH SUPPORT,0,80,POST-HOC CHECKPOINT EVALUATION,R_truth_active,normalized_RMS_error,0.5422323434309867
t2b-b-h5,Test 2B,B,H5,H5,20,4caffb3b14e290581d2cb4394458746e5f47d43689dc3497c942e23582ae0129,575d26dacc4eddd4ef84c564725a8b8beb521dc279fb797eaece34e4de842f74,/Users/arjunsharma/Documents/SandiaProjects/4-LDRDAMDIS/DIMSWE-study-d0eb615/external-results/test2b-rain-active-learning/production/representation-B/h5-from-h2-m20-20/checkpoint_000000020_parameters.npz,Y,TRAINING TRUTH SUPPORT,0,80,POST-HOC CHECKPOINT EVALUATION,R_truth_active,physical_RMS_error,1.0791980525160915e-11
t2b-b-h5,Test 2B,B,H5,H5,20,4caffb3b14e290581d2cb4394458746e5f47d43689dc3497c942e23582ae0129,575d26dacc4eddd4ef84c564725a8b8beb521dc279fb797eaece34e4de842f74,/Users/arjunsharma/Documents/SandiaProjects/4-LDRDAMDIS/DIMSWE-study-d0eb615/external-results/test2b-rain-active-learning/production/representation-B/h5-from-h2-m20-20/checkpoint_000000020_parameters.npz,Y,TRAINING TRUTH SUPPORT,0,80,POST-HOC CHECKPOINT EVALUATION,R_truth_active,prediction_RMS,9.382471370510752e-12
t2b-b-h5,Test 2B,B,H5,H5,20,4caffb3b14e290581d2cb4394458746e5f47d43689dc3497c942e23582ae0129,575d26dacc4eddd4ef84c564725a8b8beb521dc279fb797eaece34e4de842f74,/Users/arjunsharma/Documents/SandiaProjects/4-LDRDAMDIS/DIMSWE-study-d0eb615/external-results/test2b-rain-active-learning/production/representation-B/h5-from-h2-m20-20/checkpoint_000000020_parameters.npz,Y,TRAINING TRUTH SUPPORT,0,80,POST-HOC CHECKPOINT EVALUATION,R_truth_active,relative_RMS_error,0.5423337690483323
t2b-b-h5,Test 2B,B,H5,H5,20,4caffb3b14e290581d2cb4394458746e5f47d43689dc3497c942e23582ae0129,575d26dacc4eddd4ef84c564725a8b8beb521dc279fb797eaece34e4de842f74,/Users/arjunsharma/Documents/SandiaProjects/4-LDRDAMDIS/DIMSWE-study-d0eb615/external-results/test2b-rain-active-learning/production/representation-B/h5-from-h2-m20-20/checkpoint_000000020_parameters.npz,Y,TRAINING TRUTH SUPPORT,0,80,POST-HOC CHECKPOINT EVALUATION,R_truth_active,sample_count,40776
t2b-b-h5,Test 2B,B,H5,H5,20,4caffb3b14e290581d2cb4394458746e5f47d43689dc3497c942e23582ae0129,575d26dacc4eddd4ef84c564725a8b8beb521dc279fb797eaece34e4de842f74,/Users/arjunsharma/Documents/SandiaProjects/4-LDRDAMDIS/DIMSWE-study-d0eb615/external-results/test2b-rain-active-learning/production/representation-B/h5-from-h2-m20-20/checkpoint_000000020_parameters.npz,Y,TRAINING TRUTH SUPPORT,0,80,POST-HOC CHECKPOINT EVALUATION,R_truth_active,signed_mass_weighted_bias,-9.513678775692838e-12
t2b-b-h5,Test 2B,B,H5,H5,20,4caffb3b14e290581d2cb4394458746e5f47d43689dc3497c942e23582ae0129,575d26dacc4eddd4ef84c564725a8b8beb521dc279fb797eaece34e4de842f74,/Users/arjunsharma/Documents/SandiaProjects/4-LDRDAMDIS/DIMSWE-study-d0eb615/external-results/test2b-rain-active-learning/production/representation-B/h5-from-h2-m20-20/checkpoint_000000020_parameters.npz,Y,TRAINING TRUTH SUPPORT,0,80,POST-HOC CHECKPOINT EVALUATION,R_truth_active,target_RMS,1.9899149086914304e-11
t2b-b-h5,Test 2B,B,H5,H5,20,4caffb3b14e290581d2cb4394458746e5f47d43689dc3497c942e23582ae0129,575d26dacc4eddd4ef84c564725a8b8beb521dc279fb797eaece34e4de842f74,/Users/arjunsharma/Documents/SandiaProjects/4-LDRDAMDIS/DIMSWE-study-d0eb615/external-results/test2b-rain-active-learning/production/representation-B/h5-from-h2-m20-20/checkpoint_000000020_parameters.npz,Y,TRAINING TRUTH SUPPORT,0,80,POST-HOC CHECKPOINT EVALUATION,operator,denominator,2041296881127481.2
t2b-b-h5,Test 2B,B,H5,H5,20,4caffb3b14e290581d2cb4394458746e5f47d43689dc3497c942e23582ae0129,575d26dacc4eddd4ef84c564725a8b8beb521dc279fb797eaece34e4de842f74,/Users/arjunsharma/Documents/SandiaProjects/4-LDRDAMDIS/DIMSWE-study-d0eb615/external-results/test2b-rain-active-learning/production/representation-B/h5-from-h2-m20-20/checkpoint_000000020_parameters.npz,Y,TRAINING TRUTH SUPPORT,0,80,POST-HOC CHECKPOINT EVALUATION,operator,normalized_objective,0.0023752754110600645
t2b-b-h5,Test 2B,B,H5,H5,20,4caffb3b14e290581d2cb4394458746e5f47d43689dc3497c942e23582ae0129,575d26dacc4eddd4ef84c564725a8b8beb521dc279fb797eaece34e4de842f74,/Users/arjunsharma/Documents/SandiaProjects/4-LDRDAMDIS/DIMSWE-study-d0eb615/external-results/test2b-rain-active-learning/production/representation-B/h5-from-h2-m20-20/checkpoint_000000020_parameters.npz,Y,TRAINING TRUTH SUPPORT,0,80,POST-HOC CHECKPOINT EVALUATION,operator,numerator,4848642288415.706
t2b-b-h5,Test 2B,B,H5,H5,20,4caffb3b14e290581d2cb4394458746e5f47d43689dc3497c942e23582ae0129,575d26dacc4eddd4ef84c564725a8b8beb521dc279fb797eaece34e4de842f74,/Users/arjunsharma/Documents/SandiaProjects/4-LDRDAMDIS/DIMSWE-study-d0eb615/external-results/test2b-rain-active-learning/production/representation-B/h5-from-h2-m20-20/checkpoint_000000020_parameters.npz,Y,HELD-OUT TRUTH SUPPORT,81,160,POST-HOC CHECKPOINT EVALUATION,A,correlation,0.7657893833414485
t2b-b-h5,Test 2B,B,H5,H5,20,4caffb3b14e290581d2cb4394458746e5f47d43689dc3497c942e23582ae0129,575d26dacc4eddd4ef84c564725a8b8beb521dc279fb797eaece34e4de842f74,/Users/arjunsharma/Documents/SandiaProjects/4-LDRDAMDIS/DIMSWE-study-d0eb615/external-results/test2b-rain-active-learning/production/representation-B/h5-from-h2-m20-20/checkpoint_000000020_parameters.npz,Y,HELD-OUT TRUTH SUPPORT,81,160,POST-HOC CHECKPOINT EVALUATION,A,cosine,0.7592933866723156
t2b-b-h5,Test 2B,B,H5,H5,20,4caffb3b14e290581d2cb4394458746e5f47d43689dc3497c942e23582ae0129,575d26dacc4eddd4ef84c564725a8b8beb521dc279fb797eaece34e4de842f74,/Users/arjunsharma/Documents/SandiaProjects/4-LDRDAMDIS/DIMSWE-study-d0eb615/external-results/test2b-rain-active-learning/production/representation-B/h5-from-h2-m20-20/checkpoint_000000020_parameters.npz,Y,HELD-OUT TRUTH SUPPORT,81,160,POST-HOC CHECKPOINT EVALUATION,A,maximum_absolute_error,2.5826354223522303e-08
t2b-b-h5,Test 2B,B,H5,H5,20,4caffb3b14e290581d2cb4394458746e5f47d43689dc3497c942e23582ae0129,575d26dacc4eddd4ef84c564725a8b8beb521dc279fb797eaece34e4de842f74,/Users/arjunsharma/Documents/SandiaProjects/4-LDRDAMDIS/DIMSWE-study-d0eb615/external-results/test2b-rain-active-learning/production/representation-B/h5-from-h2-m20-20/checkpoint_000000020_parameters.npz,Y,HELD-OUT TRUTH SUPPORT,81,160,POST-HOC CHECKPOINT EVALUATION,A,normalized_RMS_error,0.023938068849870747
t2b-b-h5,Test 2B,B,H5,H5,20,4caffb3b14e290581d2cb4394458746e5f47d43689dc3497c942e23582ae0129,575d26dacc4eddd4ef84c564725a8b8beb521dc279fb797eaece34e4de842f74,/Users/arjunsharma/Documents/SandiaProjects/4-LDRDAMDIS/DIMSWE-study-d0eb615/external-results/test2b-rain-active-learning/production/representation-B/h5-from-h2-m20-20/checkpoint_000000020_parameters.npz,Y,HELD-OUT TRUTH SUPPORT,81,160,POST-HOC CHECKPOINT EVALUATION,A,physical_RMS_error,2.16693590950545e-09
t2b-b-h5,Test 2B,B,H5,H5,20,4caffb3b14e290581d2cb4394458746e5f47d43689dc3497c942e23582ae0129,575d26dacc4eddd4ef84c564725a8b8beb521dc279fb797eaece34e4de842f74,/Users/arjunsharma/Documents/SandiaProjects/4-LDRDAMDIS/DIMSWE-study-d0eb615/external-results/test2b-rain-active-learning/production/representation-B/h5-from-h2-m20-20/checkpoint_000000020_parameters.npz,Y,HELD-OUT TRUTH SUPPORT,81,160,POST-HOC CHECKPOINT EVALUATION,A,prediction_RMS,3.2963536790336814e-09
t2b-b-h5,Test 2B,B,H5,H5,20,4caffb3b14e290581d2cb4394458746e5f47d43689dc3497c942e23582ae0129,575d26dacc4eddd4ef84c564725a8b8beb521dc279fb797eaece34e4de842f74,/Users/arjunsharma/Documents/SandiaProjects/4-LDRDAMDIS/DIMSWE-study-d0eb615/external-results/test2b-rain-active-learning/production/representation-B/h5-from-h2-m20-20/checkpoint_000000020_parameters.npz,Y,HELD-OUT TRUTH SUPPORT,81,160,POST-HOC CHECKPOINT EVALUATION,A,relative_RMS_error,0.7712145436479982
t2b-b-h5,Test 2B,B,H5,H5,20,4caffb3b14e290581d2cb4394458746e5f47d43689dc3497c942e23582ae0129,575d26dacc4eddd4ef84c564725a8b8beb521dc279fb797eaece34e4de842f74,/Users/arjunsharma/Documents/SandiaProjects/4-LDRDAMDIS/DIMSWE-study-d0eb615/external-results/test2b-rain-active-learning/production/representation-B/h5-from-h2-m20-20/checkpoint_000000020_parameters.npz,Y,HELD-OUT TRUTH SUPPORT,81,160,POST-HOC CHECKPOINT EVALUATION,A,sample_count,5242880
t2b-b-h5,Test 2B,B,H5,H5,20,4caffb3b14e290581d2cb4394458746e5f47d43689dc3497c942e23582ae0129,575d26dacc4eddd4ef84c564725a8b8beb521dc279fb797eaece34e4de842f74,/Users/arjunsharma/Documents/SandiaProjects/4-LDRDAMDIS/DIMSWE-study-d0eb615/external-results/test2b-rain-active-learning/production/representation-B/h5-from-h2-m20-20/checkpoint_000000020_parameters.npz,Y,HELD-OUT TRUTH SUPPORT,81,160,POST-HOC CHECKPOINT EVALUATION,A,signed_mass_weighted_bias,3.844859159273717e-10
t2b-b-h5,Test 2B,B,H5,H5,20,4caffb3b14e290581d2cb4394458746e5f47d43689dc3497c942e23582ae0129,575d26dacc4eddd4ef84c564725a8b8beb521dc279fb797eaece34e4de842f74,/Users/arjunsharma/Documents/SandiaProjects/4-LDRDAMDIS/DIMSWE-study-d0eb615/external-results/test2b-rain-active-learning/production/representation-B/h5-from-h2-m20-20/checkpoint_000000020_parameters.npz,Y,HELD-OUT TRUTH SUPPORT,81,160,POST-HOC CHECKPOINT EVALUATION,A,target_RMS,2.8097705461510257e-09
t2b-b-h5,Test 2B,B,H5,H5,20,4caffb3b14e290581d2cb4394458746e5f47d43689dc3497c942e23582ae0129,575d26dacc4eddd4ef84c564725a8b8beb521dc279fb797eaece34e4de842f74,/Users/arjunsharma/Documents/SandiaProjects/4-LDRDAMDIS/DIMSWE-study-d0eb615/external-results/test2b-rain-active-learning/production/representation-B/h5-from-h2-m20-20/checkpoint_000000020_parameters.npz,Y,HELD-OUT TRUTH SUPPORT,81,160,POST-HOC CHECKPOINT EVALUATION,R_activation,activity_numerical_tolerance,1.2119968976504772e-20
t2b-b-h5,Test 2B,B,H5,H5,20,4caffb3b14e290581d2cb4394458746e5f47d43689dc3497c942e23582ae0129,575d26dacc4eddd4ef84c564725a8b8beb521dc279fb797eaece34e4de842f74,/Users/arjunsharma/Documents/SandiaProjects/4-LDRDAMDIS/DIMSWE-study-d0eb615/external-results/test2b-rain-active-learning/production/representation-B/h5-from-h2-m20-20/checkpoint_000000020_parameters.npz,Y,HELD-OUT TRUTH SUPPORT,81,160,POST-HOC CHECKPOINT EVALUATION,R_activation,false_negative_count,0
t2b-b-h5,Test 2B,B,H5,H5,20,4caffb3b14e290581d2cb4394458746e5f47d43689dc3497c942e23582ae0129,575d26dacc4eddd4ef84c564725a8b8beb521dc279fb797eaece34e4de842f74,/Users/arjunsharma/Documents/SandiaProjects/4-LDRDAMDIS/DIMSWE-study-d0eb615/external-results/test2b-rain-active-learning/production/representation-B/h5-from-h2-m20-20/checkpoint_000000020_parameters.npz,Y,HELD-OUT TRUTH SUPPORT,81,160,POST-HOC CHECKPOINT EVALUATION,R_activation,false_negative_fraction_all_samples,0.0
t2b-b-h5,Test 2B,B,H5,H5,20,4caffb3b14e290581d2cb4394458746e5f47d43689dc3497c942e23582ae0129,575d26dacc4eddd4ef84c564725a8b8beb521dc279fb797eaece34e4de842f74,/Users/arjunsharma/Documents/SandiaProjects/4-LDRDAMDIS/DIMSWE-study-d0eb615/external-results/test2b-rain-active-learning/production/representation-B/h5-from-h2-m20-20/checkpoint_000000020_parameters.npz,Y,HELD-OUT TRUTH SUPPORT,81,160,POST-HOC CHECKPOINT EVALUATION,R_activation,false_negative_rate_given_truth_active,0.0
t2b-b-h5,Test 2B,B,H5,H5,20,4caffb3b14e290581d2cb4394458746e5f47d43689dc3497c942e23582ae0129,575d26dacc4eddd4ef84c564725a8b8beb521dc279fb797eaece34e4de842f74,/Users/arjunsharma/Documents/SandiaProjects/4-LDRDAMDIS/DIMSWE-study-d0eb615/external-results/test2b-rain-active-learning/production/representation-B/h5-from-h2-m20-20/checkpoint_000000020_parameters.npz,Y,HELD-OUT TRUTH SUPPORT,81,160,POST-HOC CHECKPOINT EVALUATION,R_activation,false_positive_count,3861094
t2b-b-h5,Test 2B,B,H5,H5,20,4caffb3b14e290581d2cb4394458746e5f47d43689dc3497c942e23582ae0129,575d26dacc4eddd4ef84c564725a8b8beb521dc279fb797eaece34e4de842f74,/Users/arjunsharma/Documents/SandiaProjects/4-LDRDAMDIS/DIMSWE-study-d0eb615/external-results/test2b-rain-active-learning/production/representation-B/h5-from-h2-m20-20/checkpoint_000000020_parameters.npz,Y,HELD-OUT TRUTH SUPPORT,81,160,POST-HOC CHECKPOINT EVALUATION,R_activation,false_positive_fraction_all_samples,0.7364452362060547
t2b-b-h5,Test 2B,B,H5,H5,20,4caffb3b14e290581d2cb4394458746e5f47d43689dc3497c942e23582ae0129,575d26dacc4eddd4ef84c564725a8b8beb521dc279fb797eaece34e4de842f74,/Users/arjunsharma/Documents/SandiaProjects/4-LDRDAMDIS/DIMSWE-study-d0eb615/external-results/test2b-rain-active-learning/production/representation-B/h5-from-h2-m20-20/checkpoint_000000020_parameters.npz,Y,HELD-OUT TRUTH SUPPORT,81,160,POST-HOC CHECKPOINT EVALUATION,R_activation,false_positive_rate_given_truth_inactive,0.7949433691272183
t2b-b-h5,Test 2B,B,H5,H5,20,4caffb3b14e290581d2cb4394458746e5f47d43689dc3497c942e23582ae0129,575d26dacc4eddd4ef84c564725a8b8beb521dc279fb797eaece34e4de842f74,/Users/arjunsharma/Documents/SandiaProjects/4-LDRDAMDIS/DIMSWE-study-d0eb615/external-results/test2b-rain-active-learning/production/representation-B/h5-from-h2-m20-20/checkpoint_000000020_parameters.npz,Y,HELD-OUT TRUTH SUPPORT,81,160,POST-HOC CHECKPOINT EVALUATION,R_activation,first_meaningful_positive_predicted_step,81
t2b-b-h5,Test 2B,B,H5,H5,20,4caffb3b14e290581d2cb4394458746e5f47d43689dc3497c942e23582ae0129,575d26dacc4eddd4ef84c564725a8b8beb521dc279fb797eaece34e4de842f74,/Users/arjunsharma/Documents/SandiaProjects/4-LDRDAMDIS/DIMSWE-study-d0eb615/external-results/test2b-rain-active-learning/production/representation-B/h5-from-h2-m20-20/checkpoint_000000020_parameters.npz,Y,HELD-OUT TRUTH SUPPORT,81,160,POST-HOC CHECKPOINT EVALUATION,R_activation,first_meaningful_positive_truth_step,81
t2b-b-h5,Test 2B,B,H5,H5,20,4caffb3b14e290581d2cb4394458746e5f47d43689dc3497c942e23582ae0129,575d26dacc4eddd4ef84c564725a8b8beb521dc279fb797eaece34e4de842f74,/Users/arjunsharma/Documents/SandiaProjects/4-LDRDAMDIS/DIMSWE-study-d0eb615/external-results/test2b-rain-active-learning/production/representation-B/h5-from-h2-m20-20/checkpoint_000000020_parameters.npz,Y,HELD-OUT TRUTH SUPPORT,81,160,POST-HOC CHECKPOINT EVALUATION,R_activation,maximum_predicted_R,2.4606593561141673e-11
t2b-b-h5,Test 2B,B,H5,H5,20,4caffb3b14e290581d2cb4394458746e5f47d43689dc3497c942e23582ae0129,575d26dacc4eddd4ef84c564725a8b8beb521dc279fb797eaece34e4de842f74,/Users/arjunsharma/Documents/SandiaProjects/4-LDRDAMDIS/DIMSWE-study-d0eb615/external-results/test2b-rain-active-learning/production/representation-B/h5-from-h2-m20-20/checkpoint_000000020_parameters.npz,Y,HELD-OUT TRUTH SUPPORT,81,160,POST-HOC CHECKPOINT EVALUATION,R_activation,minimum_predicted_R,-6.893142566314777e-13
t2b-b-h5,Test 2B,B,H5,H5,20,4caffb3b14e290581d2cb4394458746e5f47d43689dc3497c942e23582ae0129,575d26dacc4eddd4ef84c564725a8b8beb521dc279fb797eaece34e4de842f74,/Users/arjunsharma/Documents/SandiaProjects/4-LDRDAMDIS/DIMSWE-study-d0eb615/external-results/test2b-rain-active-learning/production/representation-B/h5-from-h2-m20-20/checkpoint_000000020_parameters.npz,Y,HELD-OUT TRUTH SUPPORT,81,160,POST-HOC CHECKPOINT EVALUATION,R_activation,predicted_exact_negative_fraction,0.18996696472167968
t2b-b-h5,Test 2B,B,H5,H5,20,4caffb3b14e290581d2cb4394458746e5f47d43689dc3497c942e23582ae0129,575d26dacc4eddd4ef84c564725a8b8beb521dc279fb797eaece34e4de842f74,/Users/arjunsharma/Documents/SandiaProjects/4-LDRDAMDIS/DIMSWE-study-d0eb615/external-results/test2b-rain-active-learning/production/representation-B/h5-from-h2-m20-20/checkpoint_000000020_parameters.npz,Y,HELD-OUT TRUTH SUPPORT,81,160,POST-HOC CHECKPOINT EVALUATION,R_activation,predicted_exact_positive_fraction,0.8100330352783203
t2b-b-h5,Test 2B,B,H5,H5,20,4caffb3b14e290581d2cb4394458746e5f47d43689dc3497c942e23582ae0129,575d26dacc4eddd4ef84c564725a8b8beb521dc279fb797eaece34e4de842f74,/Users/arjunsharma/Documents/SandiaProjects/4-LDRDAMDIS/DIMSWE-study-d0eb615/external-results/test2b-rain-active-learning/production/representation-B/h5-from-h2-m20-20/checkpoint_000000020_parameters.npz,Y,HELD-OUT TRUTH SUPPORT,81,160,POST-HOC CHECKPOINT EVALUATION,R_activation,predicted_meaningful_negative_fraction,0.18996696472167968
t2b-b-h5,Test 2B,B,H5,H5,20,4caffb3b14e290581d2cb4394458746e5f47d43689dc3497c942e23582ae0129,575d26dacc4eddd4ef84c564725a8b8beb521dc279fb797eaece34e4de842f74,/Users/arjunsharma/Documents/SandiaProjects/4-LDRDAMDIS/DIMSWE-study-d0eb615/external-results/test2b-rain-active-learning/production/representation-B/h5-from-h2-m20-20/checkpoint_000000020_parameters.npz,Y,HELD-OUT TRUTH SUPPORT,81,160,POST-HOC CHECKPOINT EVALUATION,R_activation,predicted_meaningful_positive_fraction,0.8100330352783203
t2b-b-h5,Test 2B,B,H5,H5,20,4caffb3b14e290581d2cb4394458746e5f47d43689dc3497c942e23582ae0129,575d26dacc4eddd4ef84c564725a8b8beb521dc279fb797eaece34e4de842f74,/Users/arjunsharma/Documents/SandiaProjects/4-LDRDAMDIS/DIMSWE-study-d0eb615/external-results/test2b-rain-active-learning/production/representation-B/h5-from-h2-m20-20/checkpoint_000000020_parameters.npz,Y,HELD-OUT TRUTH SUPPORT,81,160,POST-HOC CHECKPOINT EVALUATION,R_activation,sample_count,5242880
t2b-b-h5,Test 2B,B,H5,H5,20,4caffb3b14e290581d2cb4394458746e5f47d43689dc3497c942e23582ae0129,575d26dacc4eddd4ef84c564725a8b8beb521dc279fb797eaece34e4de842f74,/Users/arjunsharma/Documents/SandiaProjects/4-LDRDAMDIS/DIMSWE-study-d0eb615/external-results/test2b-rain-active-learning/production/representation-B/h5-from-h2-m20-20/checkpoint_000000020_parameters.npz,Y,HELD-OUT TRUTH SUPPORT,81,160,POST-HOC CHECKPOINT EVALUATION,R_activation,truth_active_sample_count,385812
t2b-b-h5,Test 2B,B,H5,H5,20,4caffb3b14e290581d2cb4394458746e5f47d43689dc3497c942e23582ae0129,575d26dacc4eddd4ef84c564725a8b8beb521dc279fb797eaece34e4de842f74,/Users/arjunsharma/Documents/SandiaProjects/4-LDRDAMDIS/DIMSWE-study-d0eb615/external-results/test2b-rain-active-learning/production/representation-B/h5-from-h2-m20-20/checkpoint_000000020_parameters.npz,Y,HELD-OUT TRUTH SUPPORT,81,160,POST-HOC CHECKPOINT EVALUATION,R_activation,truth_active_sample_fraction,0.07358779907226562
t2b-b-h5,Test 2B,B,H5,H5,20,4caffb3b14e290581d2cb4394458746e5f47d43689dc3497c942e23582ae0129,575d26dacc4eddd4ef84c564725a8b8beb521dc279fb797eaece34e4de842f74,/Users/arjunsharma/Documents/SandiaProjects/4-LDRDAMDIS/DIMSWE-study-d0eb615/external-results/test2b-rain-active-learning/production/representation-B/h5-from-h2-m20-20/checkpoint_000000020_parameters.npz,Y,HELD-OUT TRUTH SUPPORT,81,160,POST-HOC CHECKPOINT EVALUATION,R_all,correlation,0.9867418882299043
t2b-b-h5,Test 2B,B,H5,H5,20,4caffb3b14e290581d2cb4394458746e5f47d43689dc3497c942e23582ae0129,575d26dacc4eddd4ef84c564725a8b8beb521dc279fb797eaece34e4de842f74,/Users/arjunsharma/Documents/SandiaProjects/4-LDRDAMDIS/DIMSWE-study-d0eb615/external-results/test2b-rain-active-learning/production/representation-B/h5-from-h2-m20-20/checkpoint_000000020_parameters.npz,Y,HELD-OUT TRUTH SUPPORT,81,160,POST-HOC CHECKPOINT EVALUATION,R_all,cosine,0.9869011139087795
t2b-b-h5,Test 2B,B,H5,H5,20,4caffb3b14e290581d2cb4394458746e5f47d43689dc3497c942e23582ae0129,575d26dacc4eddd4ef84c564725a8b8beb521dc279fb797eaece34e4de842f74,/Users/arjunsharma/Documents/SandiaProjects/4-LDRDAMDIS/DIMSWE-study-d0eb615/external-results/test2b-rain-active-learning/production/representation-B/h5-from-h2-m20-20/checkpoint_000000020_parameters.npz,Y,HELD-OUT TRUTH SUPPORT,81,160,POST-HOC CHECKPOINT EVALUATION,R_all,maximum_absolute_error,2.729114133523534e-11
t2b-b-h5,Test 2B,B,H5,H5,20,4caffb3b14e290581d2cb4394458746e5f47d43689dc3497c942e23582ae0129,575d26dacc4eddd4ef84c564725a8b8beb521dc279fb797eaece34e4de842f74,/Users/arjunsharma/Documents/SandiaProjects/4-LDRDAMDIS/DIMSWE-study-d0eb615/external-results/test2b-rain-active-learning/production/representation-B/h5-from-h2-m20-20/checkpoint_000000020_parameters.npz,Y,HELD-OUT TRUTH SUPPORT,81,160,POST-HOC CHECKPOINT EVALUATION,R_all,normalized_RMS_error,0.16963331661908693
t2b-b-h5,Test 2B,B,H5,H5,20,4caffb3b14e290581d2cb4394458746e5f47d43689dc3497c942e23582ae0129,575d26dacc4eddd4ef84c564725a8b8beb521dc279fb797eaece34e4de842f74,/Users/arjunsharma/Documents/SandiaProjects/4-LDRDAMDIS/DIMSWE-study-d0eb615/external-results/test2b-rain-active-learning/production/representation-B/h5-from-h2-m20-20/checkpoint_000000020_parameters.npz,Y,HELD-OUT TRUTH SUPPORT,81,160,POST-HOC CHECKPOINT EVALUATION,R_all,physical_RMS_error,3.376190062341133e-12
t2b-b-h5,Test 2B,B,H5,H5,20,4caffb3b14e290581d2cb4394458746e5f47d43689dc3497c942e23582ae0129,575d26dacc4eddd4ef84c564725a8b8beb521dc279fb797eaece34e4de842f74,/Users/arjunsharma/Documents/SandiaProjects/4-LDRDAMDIS/DIMSWE-study-d0eb615/external-results/test2b-rain-active-learning/production/representation-B/h5-from-h2-m20-20/checkpoint_000000020_parameters.npz,Y,HELD-OUT TRUTH SUPPORT,81,160,POST-HOC CHECKPOINT EVALUATION,R_all,prediction_RMS,2.7435577120834677e-12
t2b-b-h5,Test 2B,B,H5,H5,20,4caffb3b14e290581d2cb4394458746e5f47d43689dc3497c942e23582ae0129,575d26dacc4eddd4ef84c564725a8b8beb521dc279fb797eaece34e4de842f74,/Users/arjunsharma/Documents/SandiaProjects/4-LDRDAMDIS/DIMSWE-study-d0eb615/external-results/test2b-rain-active-learning/production/representation-B/h5-from-h2-m20-20/checkpoint_000000020_parameters.npz,Y,HELD-OUT TRUTH SUPPORT,81,160,POST-HOC CHECKPOINT EVALUATION,R_all,relative_RMS_error,0.5576173159360609
t2b-b-h5,Test 2B,B,H5,H5,20,4caffb3b14e290581d2cb4394458746e5f47d43689dc3497c942e23582ae0129,575d26dacc4eddd4ef84c564725a8b8beb521dc279fb797eaece34e4de842f74,/Users/arjunsharma/Documents/SandiaProjects/4-LDRDAMDIS/DIMSWE-study-d0eb615/external-results/test2b-rain-active-learning/production/representation-B/h5-from-h2-m20-20/checkpoint_000000020_parameters.npz,Y,HELD-OUT TRUTH SUPPORT,81,160,POST-HOC CHECKPOINT EVALUATION,R_all,sample_count,5242880
t2b-b-h5,Test 2B,B,H5,H5,20,4caffb3b14e290581d2cb4394458746e5f47d43689dc3497c942e23582ae0129,575d26dacc4eddd4ef84c564725a8b8beb521dc279fb797eaece34e4de842f74,/Users/arjunsharma/Documents/SandiaProjects/4-LDRDAMDIS/DIMSWE-study-d0eb615/external-results/test2b-rain-active-learning/production/representation-B/h5-from-h2-m20-20/checkpoint_000000020_parameters.npz,Y,HELD-OUT TRUTH SUPPORT,81,160,POST-HOC CHECKPOINT EVALUATION,R_all,signed_mass_weighted_bias,-6.690751386951316e-13
t2b-b-h5,Test 2B,B,H5,H5,20,4caffb3b14e290581d2cb4394458746e5f47d43689dc3497c942e23582ae0129,575d26dacc4eddd4ef84c564725a8b8beb521dc279fb797eaece34e4de842f74,/Users/arjunsharma/Documents/SandiaProjects/4-LDRDAMDIS/DIMSWE-study-d0eb615/external-results/test2b-rain-active-learning/production/representation-B/h5-from-h2-m20-20/checkpoint_000000020_parameters.npz,Y,HELD-OUT TRUTH SUPPORT,81,160,POST-HOC CHECKPOINT EVALUATION,R_all,target_RMS,6.054672202339324e-12
t2b-b-h5,Test 2B,B,H5,H5,20,4caffb3b14e290581d2cb4394458746e5f47d43689dc3497c942e23582ae0129,575d26dacc4eddd4ef84c564725a8b8beb521dc279fb797eaece34e4de842f74,/Users/arjunsharma/Documents/SandiaProjects/4-LDRDAMDIS/DIMSWE-study-d0eb615/external-results/test2b-rain-active-learning/production/representation-B/h5-from-h2-m20-20/checkpoint_000000020_parameters.npz,Y,HELD-OUT TRUTH SUPPORT,81,160,POST-HOC CHECKPOINT EVALUATION,R_truth_active,correlation,0.9784026954488418
t2b-b-h5,Test 2B,B,H5,H5,20,4caffb3b14e290581d2cb4394458746e5f47d43689dc3497c942e23582ae0129,575d26dacc4eddd4ef84c564725a8b8beb521dc279fb797eaece34e4de842f74,/Users/arjunsharma/Documents/SandiaProjects/4-LDRDAMDIS/DIMSWE-study-d0eb615/external-results/test2b-rain-active-learning/production/representation-B/h5-from-h2-m20-20/checkpoint_000000020_parameters.npz,Y,HELD-OUT TRUTH SUPPORT,81,160,POST-HOC CHECKPOINT EVALUATION,R_truth_active,cosine,0.9898055211507288
t2b-b-h5,Test 2B,B,H5,H5,20,4caffb3b14e290581d2cb4394458746e5f47d43689dc3497c942e23582ae0129,575d26dacc4eddd4ef84c564725a8b8beb521dc279fb797eaece34e4de842f74,/Users/arjunsharma/Documents/SandiaProjects/4-LDRDAMDIS/DIMSWE-study-d0eb615/external-results/test2b-rain-active-learning/production/representation-B/h5-from-h2-m20-20/checkpoint_000000020_parameters.npz,Y,HELD-OUT TRUTH SUPPORT,81,160,POST-HOC CHECKPOINT EVALUATION,R_truth_active,maximum_absolute_error,2.729114133523534e-11
t2b-b-h5,Test 2B,B,H5,H5,20,4caffb3b14e290581d2cb4394458746e5f47d43689dc3497c942e23582ae0129,575d26dacc4eddd4ef84c564725a8b8beb521dc279fb797eaece34e4de842f74,/Users/arjunsharma/Documents/SandiaProjects/4-LDRDAMDIS/DIMSWE-study-d0eb615/external-results/test2b-rain-active-learning/production/representation-B/h5-from-h2-m20-20/checkpoint_000000020_parameters.npz,Y,HELD-OUT TRUTH SUPPORT,81,160,POST-HOC CHECKPOINT EVALUATION,R_truth_active,normalized_RMS_error,0.6278255921115959
t2b-b-h5,Test 2B,B,H5,H5,20,4caffb3b14e290581d2cb4394458746e5f47d43689dc3497c942e23582ae0129,575d26dacc4eddd4ef84c564725a8b8beb521dc279fb797eaece34e4de842f74,/Users/arjunsharma/Documents/SandiaProjects/4-LDRDAMDIS/DIMSWE-study-d0eb615/external-results/test2b-rain-active-learning/production/representation-B/h5-from-h2-m20-20/checkpoint_000000020_parameters.npz,Y,HELD-OUT TRUTH SUPPORT,81,160,POST-HOC CHECKPOINT EVALUATION,R_truth_active,physical_RMS_error,1.2495531934509771e-11
t2b-b-h5,Test 2B,B,H5,H5,20,4caffb3b14e290581d2cb4394458746e5f47d43689dc3497c942e23582ae0129,575d26dacc4eddd4ef84c564725a8b8beb521dc279fb797eaece34e4de842f74,/Users/arjunsharma/Documents/SandiaProjects/4-LDRDAMDIS/DIMSWE-study-d0eb615/external-results/test2b-rain-active-learning/production/representation-B/h5-from-h2-m20-20/checkpoint_000000020_parameters.npz,Y,HELD-OUT TRUTH SUPPORT,81,160,POST-HOC CHECKPOINT EVALUATION,R_truth_active,prediction_RMS,1.0143962804269189e-11
t2b-b-h5,Test 2B,B,H5,H5,20,4caffb3b14e290581d2cb4394458746e5f47d43689dc3497c942e23582ae0129,575d26dacc4eddd4ef84c564725a8b8beb521dc279fb797eaece34e4de842f74,/Users/arjunsharma/Documents/SandiaProjects/4-LDRDAMDIS/DIMSWE-study-d0eb615/external-results/test2b-rain-active-learning/production/representation-B/h5-from-h2-m20-20/checkpoint_000000020_parameters.npz,Y,HELD-OUT TRUTH SUPPORT,81,160,POST-HOC CHECKPOINT EVALUATION,R_truth_active,relative_RMS_error,0.55653737146695
t2b-b-h5,Test 2B,B,H5,H5,20,4caffb3b14e290581d2cb4394458746e5f47d43689dc3497c942e23582ae0129,575d26dacc4eddd4ef84c564725a8b8beb521dc279fb797eaece34e4de842f74,/Users/arjunsharma/Documents/SandiaProjects/4-LDRDAMDIS/DIMSWE-study-d0eb615/external-results/test2b-rain-active-learning/production/representation-B/h5-from-h2-m20-20/checkpoint_000000020_parameters.npz,Y,HELD-OUT TRUTH SUPPORT,81,160,POST-HOC CHECKPOINT EVALUATION,R_truth_active,sample_count,385812
t2b-b-h5,Test 2B,B,H5,H5,20,4caffb3b14e290581d2cb4394458746e5f47d43689dc3497c942e23582ae0129,575d26dacc4eddd4ef84c564725a8b8beb521dc279fb797eaece34e4de842f74,/Users/arjunsharma/Documents/SandiaProjects/4-LDRDAMDIS/DIMSWE-study-d0eb615/external-results/test2b-rain-active-learning/production/representation-B/h5-from-h2-m20-20/checkpoint_000000020_parameters.npz,Y,HELD-OUT TRUTH SUPPORT,81,160,POST-HOC CHECKPOINT EVALUATION,R_truth_active,signed_mass_weighted_bias,-1.104195101646398e-11
t2b-b-h5,Test 2B,B,H5,H5,20,4caffb3b14e290581d2cb4394458746e5f47d43689dc3497c942e23582ae0129,575d26dacc4eddd4ef84c564725a8b8beb521dc279fb797eaece34e4de842f74,/Users/arjunsharma/Documents/SandiaProjects/4-LDRDAMDIS/DIMSWE-study-d0eb615/external-results/test2b-rain-active-learning/production/representation-B/h5-from-h2-m20-20/checkpoint_000000020_parameters.npz,Y,HELD-OUT TRUTH SUPPORT,81,160,POST-HOC CHECKPOINT EVALUATION,R_truth_active,target_RMS,2.2452278274814503e-11
t2b-b-h5,Test 2B,B,H5,H5,20,4caffb3b14e290581d2cb4394458746e5f47d43689dc3497c942e23582ae0129,575d26dacc4eddd4ef84c564725a8b8beb521dc279fb797eaece34e4de842f74,/Users/arjunsharma/Documents/SandiaProjects/4-LDRDAMDIS/DIMSWE-study-d0eb615/external-results/test2b-rain-active-learning/production/representation-B/h5-from-h2-m20-20/checkpoint_000000020_parameters.npz,Y,HELD-OUT TRUTH SUPPORT,81,160,POST-HOC CHECKPOINT EVALUATION,operator,denominator,187015548710626.84
t2b-b-h5,Test 2B,B,H5,H5,20,4caffb3b14e290581d2cb4394458746e5f47d43689dc3497c942e23582ae0129,575d26dacc4eddd4ef84c564725a8b8beb521dc279fb797eaece34e4de842f74,/Users/arjunsharma/Documents/SandiaProjects/4-LDRDAMDIS/DIMSWE-study-d0eb615/external-results/test2b-rain-active-learning/production/representation-B/h5-from-h2-m20-20/checkpoint_000000020_parameters.npz,Y,HELD-OUT TRUTH SUPPORT,81,160,POST-HOC CHECKPOINT EVALUATION,operator,normalized_objective,0.31386153129827826
t2b-b-h5,Test 2B,B,H5,H5,20,4caffb3b14e290581d2cb4394458746e5f47d43689dc3497c942e23582ae0129,575d26dacc4eddd4ef84c564725a8b8beb521dc279fb797eaece34e4de842f74,/Users/arjunsharma/Documents/SandiaProjects/4-LDRDAMDIS/DIMSWE-study-d0eb615/external-results/test2b-rain-active-learning/production/representation-B/h5-from-h2-m20-20/checkpoint_000000020_parameters.npz,Y,HELD-OUT TRUTH SUPPORT,81,160,POST-HOC CHECKPOINT EVALUATION,operator,numerator,58696986494905.086
t2b-c-m1y,Test 2B,C,M1-Y,M1-Y,10000,c8da7ea375ced0f692210f97097e069f9d5757b6bead22b7a4a10d9a265d8a65,169eadab27a39916e37a875c27708873595f133cb4ea39e9f23eab14e86d49ee,/Users/arjunsharma/Documents/SandiaProjects/4-LDRDAMDIS/DIMSWE-feature-study-20260828/m1y_test2b_20260828_workspace/external-results/m1y-test2b-20260828/production/representation-C/m1y-seed0-m20-10k/checkpoint_000010000_parameters.npz,Y,TRAINING TRUTH SUPPORT,0,80,POST-HOC CHECKPOINT EVALUATION,effective_A,correlation,0.9999835418642031
t2b-c-m1y,Test 2B,C,M1-Y,M1-Y,10000,c8da7ea375ced0f692210f97097e069f9d5757b6bead22b7a4a10d9a265d8a65,169eadab27a39916e37a875c27708873595f133cb4ea39e9f23eab14e86d49ee,/Users/arjunsharma/Documents/SandiaProjects/4-LDRDAMDIS/DIMSWE-feature-study-20260828/m1y_test2b_20260828_workspace/external-results/m1y-test2b-20260828/production/representation-C/m1y-seed0-m20-10k/checkpoint_000010000_parameters.npz,Y,TRAINING TRUTH SUPPORT,0,80,POST-HOC CHECKPOINT EVALUATION,effective_A,cosine,0.9999837451762954
t2b-c-m1y,Test 2B,C,M1-Y,M1-Y,10000,c8da7ea375ced0f692210f97097e069f9d5757b6bead22b7a4a10d9a265d8a65,169eadab27a39916e37a875c27708873595f133cb4ea39e9f23eab14e86d49ee,/Users/arjunsharma/Documents/SandiaProjects/4-LDRDAMDIS/DIMSWE-feature-study-20260828/m1y_test2b_20260828_workspace/external-results/m1y-test2b-20260828/production/representation-C/m1y-seed0-m20-10k/checkpoint_000010000_parameters.npz,Y,TRAINING TRUTH SUPPORT,0,80,POST-HOC CHECKPOINT EVALUATION,effective_A,maximum_absolute_error,3.1755865150303776e-08
t2b-c-m1y,Test 2B,C,M1-Y,M1-Y,10000,c8da7ea375ced0f692210f97097e069f9d5757b6bead22b7a4a10d9a265d8a65,169eadab27a39916e37a875c27708873595f133cb4ea39e9f23eab14e86d49ee,/Users/arjunsharma/Documents/SandiaProjects/4-LDRDAMDIS/DIMSWE-feature-study-20260828/m1y_test2b_20260828_workspace/external-results/m1y-test2b-20260828/production/representation-C/m1y-seed0-m20-10k/checkpoint_000010000_parameters.npz,Y,TRAINING TRUTH SUPPORT,0,80,POST-HOC CHECKPOINT EVALUATION,effective_A,normalized_RMS_error,0.005703411642729768
t2b-c-m1y,Test 2B,C,M1-Y,M1-Y,10000,c8da7ea375ced0f692210f97097e069f9d5757b6bead22b7a4a10d9a265d8a65,169eadab27a39916e37a875c27708873595f133cb4ea39e9f23eab14e86d49ee,/Users/arjunsharma/Documents/SandiaProjects/4-LDRDAMDIS/DIMSWE-feature-study-20260828/m1y_test2b_20260828_workspace/external-results/m1y-test2b-20260828/production/representation-C/m1y-seed0-m20-10k/checkpoint_000010000_parameters.npz,Y,TRAINING TRUTH SUPPORT,0,80,POST-HOC CHECKPOINT EVALUATION,effective_A,physical_RMS_error,5.162875741076889e-10
t2b-c-m1y,Test 2B,C,M1-Y,M1-Y,10000,c8da7ea375ced0f692210f97097e069f9d5757b6bead22b7a4a10d9a265d8a65,169eadab27a39916e37a875c27708873595f133cb4ea39e9f23eab14e86d49ee,/Users/arjunsharma/Documents/SandiaProjects/4-LDRDAMDIS/DIMSWE-feature-study-20260828/m1y_test2b_20260828_workspace/external-results/m1y-test2b-20260828/production/representation-C/m1y-seed0-m20-10k/checkpoint_000010000_parameters.npz,Y,TRAINING TRUTH SUPPORT,0,80,POST-HOC CHECKPOINT EVALUATION,effective_A,prediction_RMS,9.054885264443662e-08
t2b-c-m1y,Test 2B,C,M1-Y,M1-Y,10000,c8da7ea375ced0f692210f97097e069f9d5757b6bead22b7a4a10d9a265d8a65,169eadab27a39916e37a875c27708873595f133cb4ea39e9f23eab14e86d49ee,/Users/arjunsharma/Documents/SandiaProjects/4-LDRDAMDIS/DIMSWE-feature-study-20260828/m1y_test2b_20260828_workspace/external-results/m1y-test2b-20260828/production/representation-C/m1y-seed0-m20-10k/checkpoint_000010000_parameters.npz,Y,TRAINING TRUTH SUPPORT,0,80,POST-HOC CHECKPOINT EVALUATION,effective_A,relative_RMS_error,0.005701704289211183
t2b-c-m1y,Test 2B,C,M1-Y,M1-Y,10000,c8da7ea375ced0f692210f97097e069f9d5757b6bead22b7a4a10d9a265d8a65,169eadab27a39916e37a875c27708873595f133cb4ea39e9f23eab14e86d49ee,/Users/arjunsharma/Documents/SandiaProjects/4-LDRDAMDIS/DIMSWE-feature-study-20260828/m1y_test2b_20260828_workspace/external-results/m1y-test2b-20260828/production/representation-C/m1y-seed0-m20-10k/checkpoint_000010000_parameters.npz,Y,TRAINING TRUTH SUPPORT,0,80,POST-HOC CHECKPOINT EVALUATION,effective_A,sample_count,5308416
t2b-c-m1y,Test 2B,C,M1-Y,M1-Y,10000,c8da7ea375ced0f692210f97097e069f9d5757b6bead22b7a4a10d9a265d8a65,169eadab27a39916e37a875c27708873595f133cb4ea39e9f23eab14e86d49ee,/Users/arjunsharma/Documents/SandiaProjects/4-LDRDAMDIS/DIMSWE-feature-study-20260828/m1y_test2b_20260828_workspace/external-results/m1y-test2b-20260828/production/representation-C/m1y-seed0-m20-10k/checkpoint_000010000_parameters.npz,Y,TRAINING TRUTH SUPPORT,0,80,POST-HOC CHECKPOINT EVALUATION,effective_A,signed_mass_weighted_bias,-4.956835530495939e-13
t2b-c-m1y,Test 2B,C,M1-Y,M1-Y,10000,c8da7ea375ced0f692210f97097e069f9d5757b6bead22b7a4a10d9a265d8a65,169eadab27a39916e37a875c27708873595f133cb4ea39e9f23eab14e86d49ee,/Users/arjunsharma/Documents/SandiaProjects/4-LDRDAMDIS/DIMSWE-feature-study-20260828/m1y_test2b_20260828_workspace/external-results/m1y-test2b-20260828/production/representation-C/m1y-seed0-m20-10k/checkpoint_000010000_parameters.npz,Y,TRAINING TRUTH SUPPORT,0,80,POST-HOC CHECKPOINT EVALUATION,effective_A,target_RMS,9.05496932004371e-08
t2b-c-m1y,Test 2B,C,M1-Y,M1-Y,10000,c8da7ea375ced0f692210f97097e069f9d5757b6bead22b7a4a10d9a265d8a65,169eadab27a39916e37a875c27708873595f133cb4ea39e9f23eab14e86d49ee,/Users/arjunsharma/Documents/SandiaProjects/4-LDRDAMDIS/DIMSWE-feature-study-20260828/m1y_test2b_20260828_workspace/external-results/m1y-test2b-20260828/production/representation-C/m1y-seed0-m20-10k/checkpoint_000010000_parameters.npz,Y,TRAINING TRUTH SUPPORT,0,80,POST-HOC CHECKPOINT EVALUATION,effective_R,correlation,0.9976173901314658
t2b-c-m1y,Test 2B,C,M1-Y,M1-Y,10000,c8da7ea375ced0f692210f97097e069f9d5757b6bead22b7a4a10d9a265d8a65,169eadab27a39916e37a875c27708873595f133cb4ea39e9f23eab14e86d49ee,/Users/arjunsharma/Documents/SandiaProjects/4-LDRDAMDIS/DIMSWE-feature-study-20260828/m1y_test2b_20260828_workspace/external-results/m1y-test2b-20260828/production/representation-C/m1y-seed0-m20-10k/checkpoint_000010000_parameters.npz,Y,TRAINING TRUTH SUPPORT,0,80,POST-HOC CHECKPOINT EVALUATION,effective_R,cosine,0.9976301207894506
t2b-c-m1y,Test 2B,C,M1-Y,M1-Y,10000,c8da7ea375ced0f692210f97097e069f9d5757b6bead22b7a4a10d9a265d8a65,169eadab27a39916e37a875c27708873595f133cb4ea39e9f23eab14e86d49ee,/Users/arjunsharma/Documents/SandiaProjects/4-LDRDAMDIS/DIMSWE-feature-study-20260828/m1y_test2b_20260828_workspace/external-results/m1y-test2b-20260828/production/representation-C/m1y-seed0-m20-10k/checkpoint_000010000_parameters.npz,Y,TRAINING TRUTH SUPPORT,0,80,POST-HOC CHECKPOINT EVALUATION,effective_R,maximum_absolute_error,1.0754088960739504e-11
t2b-c-m1y,Test 2B,C,M1-Y,M1-Y,10000,c8da7ea375ced0f692210f97097e069f9d5757b6bead22b7a4a10d9a265d8a65,169eadab27a39916e37a875c27708873595f133cb4ea39e9f23eab14e86d49ee,/Users/arjunsharma/Documents/SandiaProjects/4-LDRDAMDIS/DIMSWE-feature-study-20260828/m1y_test2b_20260828_workspace/external-results/m1y-test2b-20260828/production/representation-C/m1y-seed0-m20-10k/checkpoint_000010000_parameters.npz,Y,TRAINING TRUTH SUPPORT,0,80,POST-HOC CHECKPOINT EVALUATION,effective_R,normalized_RMS_error,0.005938369990864841
t2b-c-m1y,Test 2B,C,M1-Y,M1-Y,10000,c8da7ea375ced0f692210f97097e069f9d5757b6bead22b7a4a10d9a265d8a65,169eadab27a39916e37a875c27708873595f133cb4ea39e9f23eab14e86d49ee,/Users/arjunsharma/Documents/SandiaProjects/4-LDRDAMDIS/DIMSWE-feature-study-20260828/m1y_test2b_20260828_workspace/external-results/m1y-test2b-20260828/production/representation-C/m1y-seed0-m20-10k/checkpoint_000010000_parameters.npz,Y,TRAINING TRUTH SUPPORT,0,80,POST-HOC CHECKPOINT EVALUATION,effective_R,physical_RMS_error,1.1819061343169416e-13
t2b-c-m1y,Test 2B,C,M1-Y,M1-Y,10000,c8da7ea375ced0f692210f97097e069f9d5757b6bead22b7a4a10d9a265d8a65,169eadab27a39916e37a875c27708873595f133cb4ea39e9f23eab14e86d49ee,/Users/arjunsharma/Documents/SandiaProjects/4-LDRDAMDIS/DIMSWE-feature-study-20260828/m1y_test2b_20260828_workspace/external-results/m1y-test2b-20260828/production/representation-C/m1y-seed0-m20-10k/checkpoint_000010000_parameters.npz,Y,TRAINING TRUTH SUPPORT,0,80,POST-HOC CHECKPOINT EVALUATION,effective_R,prediction_RMS,1.7133524404410255e-12
t2b-c-m1y,Test 2B,C,M1-Y,M1-Y,10000,c8da7ea375ced0f692210f97097e069f9d5757b6bead22b7a4a10d9a265d8a65,169eadab27a39916e37a875c27708873595f133cb4ea39e9f23eab14e86d49ee,/Users/arjunsharma/Documents/SandiaProjects/4-LDRDAMDIS/DIMSWE-feature-study-20260828/m1y_test2b_20260828_workspace/external-results/m1y-test2b-20260828/production/representation-C/m1y-seed0-m20-10k/checkpoint_000010000_parameters.npz,Y,TRAINING TRUTH SUPPORT,0,80,POST-HOC CHECKPOINT EVALUATION,effective_R,relative_RMS_error,0.06880536954461715
t2b-c-m1y,Test 2B,C,M1-Y,M1-Y,10000,c8da7ea375ced0f692210f97097e069f9d5757b6bead22b7a4a10d9a265d8a65,169eadab27a39916e37a875c27708873595f133cb4ea39e9f23eab14e86d49ee,/Users/arjunsharma/Documents/SandiaProjects/4-LDRDAMDIS/DIMSWE-feature-study-20260828/m1y_test2b_20260828_workspace/external-results/m1y-test2b-20260828/production/representation-C/m1y-seed0-m20-10k/checkpoint_000010000_parameters.npz,Y,TRAINING TRUTH SUPPORT,0,80,POST-HOC CHECKPOINT EVALUATION,effective_R,sample_count,5308416
t2b-c-m1y,Test 2B,C,M1-Y,M1-Y,10000,c8da7ea375ced0f692210f97097e069f9d5757b6bead22b7a4a10d9a265d8a65,169eadab27a39916e37a875c27708873595f133cb4ea39e9f23eab14e86d49ee,/Users/arjunsharma/Documents/SandiaProjects/4-LDRDAMDIS/DIMSWE-feature-study-20260828/m1y_test2b_20260828_workspace/external-results/m1y-test2b-20260828/production/representation-C/m1y-seed0-m20-10k/checkpoint_000010000_parameters.npz,Y,TRAINING TRUTH SUPPORT,0,80,POST-HOC CHECKPOINT EVALUATION,effective_R,signed_mass_weighted_bias,2.3125545397383466e-16
t2b-c-m1y,Test 2B,C,M1-Y,M1-Y,10000,c8da7ea375ced0f692210f97097e069f9d5757b6bead22b7a4a10d9a265d8a65,169eadab27a39916e37a875c27708873595f133cb4ea39e9f23eab14e86d49ee,/Users/arjunsharma/Documents/SandiaProjects/4-LDRDAMDIS/DIMSWE-feature-study-20260828/m1y_test2b_20260828_workspace/external-results/m1y-test2b-20260828/production/representation-C/m1y-seed0-m20-10k/checkpoint_000010000_parameters.npz,Y,TRAINING TRUTH SUPPORT,0,80,POST-HOC CHECKPOINT EVALUATION,effective_R,target_RMS,1.7177527599071018e-12
t2b-c-m1y,Test 2B,C,M1-Y,M1-Y,10000,c8da7ea375ced0f692210f97097e069f9d5757b6bead22b7a4a10d9a265d8a65,169eadab27a39916e37a875c27708873595f133cb4ea39e9f23eab14e86d49ee,/Users/arjunsharma/Documents/SandiaProjects/4-LDRDAMDIS/DIMSWE-feature-study-20260828/m1y_test2b_20260828_workspace/external-results/m1y-test2b-20260828/production/representation-C/m1y-seed0-m20-10k/checkpoint_000010000_parameters.npz,Y,TRAINING TRUTH SUPPORT,0,80,POST-HOC CHECKPOINT EVALUATION,effective_R_activation,activity_numerical_tolerance,1.2119968976504772e-20
t2b-c-m1y,Test 2B,C,M1-Y,M1-Y,10000,c8da7ea375ced0f692210f97097e069f9d5757b6bead22b7a4a10d9a265d8a65,169eadab27a39916e37a875c27708873595f133cb4ea39e9f23eab14e86d49ee,/Users/arjunsharma/Documents/SandiaProjects/4-LDRDAMDIS/DIMSWE-feature-study-20260828/m1y_test2b_20260828_workspace/external-results/m1y-test2b-20260828/production/representation-C/m1y-seed0-m20-10k/checkpoint_000010000_parameters.npz,Y,TRAINING TRUTH SUPPORT,0,80,POST-HOC CHECKPOINT EVALUATION,effective_R_activation,false_negative_count,0
t2b-c-m1y,Test 2B,C,M1-Y,M1-Y,10000,c8da7ea375ced0f692210f97097e069f9d5757b6bead22b7a4a10d9a265d8a65,169eadab27a39916e37a875c27708873595f133cb4ea39e9f23eab14e86d49ee,/Users/arjunsharma/Documents/SandiaProjects/4-LDRDAMDIS/DIMSWE-feature-study-20260828/m1y_test2b_20260828_workspace/external-results/m1y-test2b-20260828/production/representation-C/m1y-seed0-m20-10k/checkpoint_000010000_parameters.npz,Y,TRAINING TRUTH SUPPORT,0,80,POST-HOC CHECKPOINT EVALUATION,effective_R_activation,false_negative_rate_given_truth_active,0.0
t2b-c-m1y,Test 2B,C,M1-Y,M1-Y,10000,c8da7ea375ced0f692210f97097e069f9d5757b6bead22b7a4a10d9a265d8a65,169eadab27a39916e37a875c27708873595f133cb4ea39e9f23eab14e86d49ee,/Users/arjunsharma/Documents/SandiaProjects/4-LDRDAMDIS/DIMSWE-feature-study-20260828/m1y_test2b_20260828_workspace/external-results/m1y-test2b-20260828/production/representation-C/m1y-seed0-m20-10k/checkpoint_000010000_parameters.npz,Y,TRAINING TRUTH SUPPORT,0,80,POST-HOC CHECKPOINT EVALUATION,effective_R_activation,false_positive_count,3614410
t2b-c-m1y,Test 2B,C,M1-Y,M1-Y,10000,c8da7ea375ced0f692210f97097e069f9d5757b6bead22b7a4a10d9a265d8a65,169eadab27a39916e37a875c27708873595f133cb4ea39e9f23eab14e86d49ee,/Users/arjunsharma/Documents/SandiaProjects/4-LDRDAMDIS/DIMSWE-feature-study-20260828/m1y_test2b_20260828_workspace/external-results/m1y-test2b-20260828/production/representation-C/m1y-seed0-m20-10k/checkpoint_000010000_parameters.npz,Y,TRAINING TRUTH SUPPORT,0,80,POST-HOC CHECKPOINT EVALUATION,effective_R_activation,false_positive_rate_given_truth_inactive,0.6861535716184097
t2b-c-m1y,Test 2B,C,M1-Y,M1-Y,10000,c8da7ea375ced0f692210f97097e069f9d5757b6bead22b7a4a10d9a265d8a65,169eadab27a39916e37a875c27708873595f133cb4ea39e9f23eab14e86d49ee,/Users/arjunsharma/Documents/SandiaProjects/4-LDRDAMDIS/DIMSWE-feature-study-20260828/m1y_test2b_20260828_workspace/external-results/m1y-test2b-20260828/production/representation-C/m1y-seed0-m20-10k/checkpoint_000010000_parameters.npz,Y,TRAINING TRUTH SUPPORT,0,80,POST-HOC CHECKPOINT EVALUATION,effective_R_activation,first_meaningful_positive_predicted_step,0
t2b-c-m1y,Test 2B,C,M1-Y,M1-Y,10000,c8da7ea375ced0f692210f97097e069f9d5757b6bead22b7a4a10d9a265d8a65,169eadab27a39916e37a875c27708873595f133cb4ea39e9f23eab14e86d49ee,/Users/arjunsharma/Documents/SandiaProjects/4-LDRDAMDIS/DIMSWE-feature-study-20260828/m1y_test2b_20260828_workspace/external-results/m1y-test2b-20260828/production/representation-C/m1y-seed0-m20-10k/checkpoint_000010000_parameters.npz,Y,TRAINING TRUTH SUPPORT,0,80,POST-HOC CHECKPOINT EVALUATION,effective_R_activation,first_meaningful_positive_truth_step,51
t2b-c-m1y,Test 2B,C,M1-Y,M1-Y,10000,c8da7ea375ced0f692210f97097e069f9d5757b6bead22b7a4a10d9a265d8a65,169eadab27a39916e37a875c27708873595f133cb4ea39e9f23eab14e86d49ee,/Users/arjunsharma/Documents/SandiaProjects/4-LDRDAMDIS/DIMSWE-feature-study-20260828/m1y_test2b_20260828_workspace/external-results/m1y-test2b-20260828/production/representation-C/m1y-seed0-m20-10k/checkpoint_000010000_parameters.npz,Y,TRAINING TRUTH SUPPORT,0,80,POST-HOC CHECKPOINT EVALUATION,effective_R_activation,maximum_predicted_effective_R,3.934884467176905e-11
t2b-c-m1y,Test 2B,C,M1-Y,M1-Y,10000,c8da7ea375ced0f692210f97097e069f9d5757b6bead22b7a4a10d9a265d8a65,169eadab27a39916e37a875c27708873595f133cb4ea39e9f23eab14e86d49ee,/Users/arjunsharma/Documents/SandiaProjects/4-LDRDAMDIS/DIMSWE-feature-study-20260828/m1y_test2b_20260828_workspace/external-results/m1y-test2b-20260828/production/representation-C/m1y-seed0-m20-10k/checkpoint_000010000_parameters.npz,Y,TRAINING TRUTH SUPPORT,0,80,POST-HOC CHECKPOINT EVALUATION,effective_R_activation,minimum_predicted_effective_R,-7.138581210190373e-13
t2b-c-m1y,Test 2B,C,M1-Y,M1-Y,10000,c8da7ea375ced0f692210f97097e069f9d5757b6bead22b7a4a10d9a265d8a65,169eadab27a39916e37a875c27708873595f133cb4ea39e9f23eab14e86d49ee,/Users/arjunsharma/Documents/SandiaProjects/4-LDRDAMDIS/DIMSWE-feature-study-20260828/m1y_test2b_20260828_workspace/external-results/m1y-test2b-20260828/production/representation-C/m1y-seed0-m20-10k/checkpoint_000010000_parameters.npz,Y,TRAINING TRUTH SUPPORT,0,80,POST-HOC CHECKPOINT EVALUATION,effective_R_activation,predicted_meaningful_negative_fraction,0.3114348988474151
t2b-c-m1y,Test 2B,C,M1-Y,M1-Y,10000,c8da7ea375ced0f692210f97097e069f9d5757b6bead22b7a4a10d9a265d8a65,169eadab27a39916e37a875c27708873595f133cb4ea39e9f23eab14e86d49ee,/Users/arjunsharma/Documents/SandiaProjects/4-LDRDAMDIS/DIMSWE-feature-study-20260828/m1y_test2b_20260828_workspace/external-results/m1y-test2b-20260828/production/representation-C/m1y-seed0-m20-10k/checkpoint_000010000_parameters.npz,Y,TRAINING TRUTH SUPPORT,0,80,POST-HOC CHECKPOINT EVALUATION,effective_R_activation,predicted_meaningful_positive_fraction,0.6885643476321374
t2b-c-m1y,Test 2B,C,M1-Y,M1-Y,10000,c8da7ea375ced0f692210f97097e069f9d5757b6bead22b7a4a10d9a265d8a65,169eadab27a39916e37a875c27708873595f133cb4ea39e9f23eab14e86d49ee,/Users/arjunsharma/Documents/SandiaProjects/4-LDRDAMDIS/DIMSWE-feature-study-20260828/m1y_test2b_20260828_workspace/external-results/m1y-test2b-20260828/production/representation-C/m1y-seed0-m20-10k/checkpoint_000010000_parameters.npz,Y,TRAINING TRUTH SUPPORT,0,80,POST-HOC CHECKPOINT EVALUATION,effective_R_activation,sample_count,5308416
t2b-c-m1y,Test 2B,C,M1-Y,M1-Y,10000,c8da7ea375ced0f692210f97097e069f9d5757b6bead22b7a4a10d9a265d8a65,169eadab27a39916e37a875c27708873595f133cb4ea39e9f23eab14e86d49ee,/Users/arjunsharma/Documents/SandiaProjects/4-LDRDAMDIS/DIMSWE-feature-study-20260828/m1y_test2b_20260828_workspace/external-results/m1y-test2b-20260828/production/representation-C/m1y-seed0-m20-10k/checkpoint_000010000_parameters.npz,Y,TRAINING TRUTH SUPPORT,0,80,POST-HOC CHECKPOINT EVALUATION,effective_R_activation,truth_active_sample_count,40776
t2b-c-m1y,Test 2B,C,M1-Y,M1-Y,10000,c8da7ea375ced0f692210f97097e069f9d5757b6bead22b7a4a10d9a265d8a65,169eadab27a39916e37a875c27708873595f133cb4ea39e9f23eab14e86d49ee,/Users/arjunsharma/Documents/SandiaProjects/4-LDRDAMDIS/DIMSWE-feature-study-20260828/m1y_test2b_20260828_workspace/external-results/m1y-test2b-20260828/production/representation-C/m1y-seed0-m20-10k/checkpoint_000010000_parameters.npz,Y,TRAINING TRUTH SUPPORT,0,80,POST-HOC CHECKPOINT EVALUATION,effective_R_activation,truth_active_sample_fraction,0.007681387442129629
t2b-c-m1y,Test 2B,C,M1-Y,M1-Y,10000,c8da7ea375ced0f692210f97097e069f9d5757b6bead22b7a4a10d9a265d8a65,169eadab27a39916e37a875c27708873595f133cb4ea39e9f23eab14e86d49ee,/Users/arjunsharma/Documents/SandiaProjects/4-LDRDAMDIS/DIMSWE-feature-study-20260828/m1y_test2b_20260828_workspace/external-results/m1y-test2b-20260828/production/representation-C/m1y-seed0-m20-10k/checkpoint_000010000_parameters.npz,Y,TRAINING TRUTH SUPPORT,0,80,POST-HOC CHECKPOINT EVALUATION,operator,denominator,6093310863157334.0
t2b-c-m1y,Test 2B,C,M1-Y,M1-Y,10000,c8da7ea375ced0f692210f97097e069f9d5757b6bead22b7a4a10d9a265d8a65,169eadab27a39916e37a875c27708873595f133cb4ea39e9f23eab14e86d49ee,/Users/arjunsharma/Documents/SandiaProjects/4-LDRDAMDIS/DIMSWE-feature-study-20260828/m1y_test2b_20260828_workspace/external-results/m1y-test2b-20260828/production/representation-C/m1y-seed0-m20-10k/checkpoint_000010000_parameters.npz,Y,TRAINING TRUTH SUPPORT,0,80,POST-HOC CHECKPOINT EVALUATION,operator,normalized_objective,3.8058600673884094e-05
t2b-c-m1y,Test 2B,C,M1-Y,M1-Y,10000,c8da7ea375ced0f692210f97097e069f9d5757b6bead22b7a4a10d9a265d8a65,169eadab27a39916e37a875c27708873595f133cb4ea39e9f23eab14e86d49ee,/Users/arjunsharma/Documents/SandiaProjects/4-LDRDAMDIS/DIMSWE-feature-study-20260828/m1y_test2b_20260828_workspace/external-results/m1y-test2b-20260828/production/representation-C/m1y-seed0-m20-10k/checkpoint_000010000_parameters.npz,Y,TRAINING TRUTH SUPPORT,0,80,POST-HOC CHECKPOINT EVALUATION,operator,numerator,231902884922.74496
t2b-c-m1y,Test 2B,C,M1-Y,M1-Y,10000,c8da7ea375ced0f692210f97097e069f9d5757b6bead22b7a4a10d9a265d8a65,169eadab27a39916e37a875c27708873595f133cb4ea39e9f23eab14e86d49ee,/Users/arjunsharma/Documents/SandiaProjects/4-LDRDAMDIS/DIMSWE-feature-study-20260828/m1y_test2b_20260828_workspace/external-results/m1y-test2b-20260828/production/representation-C/m1y-seed0-m20-10k/checkpoint_000010000_parameters.npz,Y,TRAINING TRUTH SUPPORT,0,80,POST-HOC CHECKPOINT EVALUATION,source_components.Qc,correlation,0.9999865855617888
t2b-c-m1y,Test 2B,C,M1-Y,M1-Y,10000,c8da7ea375ced0f692210f97097e069f9d5757b6bead22b7a4a10d9a265d8a65,169eadab27a39916e37a875c27708873595f133cb4ea39e9f23eab14e86d49ee,/Users/arjunsharma/Documents/SandiaProjects/4-LDRDAMDIS/DIMSWE-feature-study-20260828/m1y_test2b_20260828_workspace/external-results/m1y-test2b-20260828/production/representation-C/m1y-seed0-m20-10k/checkpoint_000010000_parameters.npz,Y,TRAINING TRUTH SUPPORT,0,80,POST-HOC CHECKPOINT EVALUATION,source_components.Qc,cosine,0.9999867516279687
t2b-c-m1y,Test 2B,C,M1-Y,M1-Y,10000,c8da7ea375ced0f692210f97097e069f9d5757b6bead22b7a4a10d9a265d8a65,169eadab27a39916e37a875c27708873595f133cb4ea39e9f23eab14e86d49ee,/Users/arjunsharma/Documents/SandiaProjects/4-LDRDAMDIS/DIMSWE-feature-study-20260828/m1y_test2b_20260828_workspace/external-results/m1y-test2b-20260828/production/representation-C/m1y-seed0-m20-10k/checkpoint_000010000_parameters.npz,Y,TRAINING TRUTH SUPPORT,0,80,POST-HOC CHECKPOINT EVALUATION,source_components.Qc,maximum_absolute_error,2.090171967807911e-05
t2b-c-m1y,Test 2B,C,M1-Y,M1-Y,10000,c8da7ea375ced0f692210f97097e069f9d5757b6bead22b7a4a10d9a265d8a65,169eadab27a39916e37a875c27708873595f133cb4ea39e9f23eab14e86d49ee,/Users/arjunsharma/Documents/SandiaProjects/4-LDRDAMDIS/DIMSWE-feature-study-20260828/m1y_test2b_20260828_workspace/external-results/m1y-test2b-20260828/production/representation-C/m1y-seed0-m20-10k/checkpoint_000010000_parameters.npz,Y,TRAINING TRUTH SUPPORT,0,80,POST-HOC CHECKPOINT EVALUATION,source_components.Qc,normalized_RMS_error,0.005149144437250053
t2b-c-m1y,Test 2B,C,M1-Y,M1-Y,10000,c8da7ea375ced0f692210f97097e069f9d5757b6bead22b7a4a10d9a265d8a65,169eadab27a39916e37a875c27708873595f133cb4ea39e9f23eab14e86d49ee,/Users/arjunsharma/Documents/SandiaProjects/4-LDRDAMDIS/DIMSWE-feature-study-20260828/m1y_test2b_20260828_workspace/external-results/m1y-test2b-20260828/production/representation-C/m1y-seed0-m20-10k/checkpoint_000010000_parameters.npz,Y,TRAINING TRUTH SUPPORT,0,80,POST-HOC CHECKPOINT EVALUATION,source_components.Qc,physical_RMS_error,3.5031452279209133e-07
t2b-c-m1y,Test 2B,C,M1-Y,M1-Y,10000,c8da7ea375ced0f692210f97097e069f9d5757b6bead22b7a4a10d9a265d8a65,169eadab27a39916e37a875c27708873595f133cb4ea39e9f23eab14e86d49ee,/Users/arjunsharma/Documents/SandiaProjects/4-LDRDAMDIS/DIMSWE-feature-study-20260828/m1y_test2b_20260828_workspace/external-results/m1y-test2b-20260828/production/representation-C/m1y-seed0-m20-10k/checkpoint_000010000_parameters.npz,Y,TRAINING TRUTH SUPPORT,0,80,POST-HOC CHECKPOINT EVALUATION,source_components.Qc,prediction_RMS,6.805445141995451e-05
t2b-c-m1y,Test 2B,C,M1-Y,M1-Y,10000,c8da7ea375ced0f692210f97097e069f9d5757b6bead22b7a4a10d9a265d8a65,169eadab27a39916e37a875c27708873595f133cb4ea39e9f23eab14e86d49ee,/Users/arjunsharma/Documents/SandiaProjects/4-LDRDAMDIS/DIMSWE-feature-study-20260828/m1y_test2b_20260828_workspace/external-results/m1y-test2b-20260828/production/representation-C/m1y-seed0-m20-10k/checkpoint_000010000_parameters.npz,Y,TRAINING TRUTH SUPPORT,0,80,POST-HOC CHECKPOINT EVALUATION,source_components.Qc,relative_RMS_error,0.005147778563916815
t2b-c-m1y,Test 2B,C,M1-Y,M1-Y,10000,c8da7ea375ced0f692210f97097e069f9d5757b6bead22b7a4a10d9a265d8a65,169eadab27a39916e37a875c27708873595f133cb4ea39e9f23eab14e86d49ee,/Users/arjunsharma/Documents/SandiaProjects/4-LDRDAMDIS/DIMSWE-feature-study-20260828/m1y_test2b_20260828_workspace/external-results/m1y-test2b-20260828/production/representation-C/m1y-seed0-m20-10k/checkpoint_000010000_parameters.npz,Y,TRAINING TRUTH SUPPORT,0,80,POST-HOC CHECKPOINT EVALUATION,source_components.Qc,sample_count,5308416
t2b-c-m1y,Test 2B,C,M1-Y,M1-Y,10000,c8da7ea375ced0f692210f97097e069f9d5757b6bead22b7a4a10d9a265d8a65,169eadab27a39916e37a875c27708873595f133cb4ea39e9f23eab14e86d49ee,/Users/arjunsharma/Documents/SandiaProjects/4-LDRDAMDIS/DIMSWE-feature-study-20260828/m1y_test2b_20260828_workspace/external-results/m1y-test2b-20260828/production/representation-C/m1y-seed0-m20-10k/checkpoint_000010000_parameters.npz,Y,TRAINING TRUTH SUPPORT,0,80,POST-HOC CHECKPOINT EVALUATION,source_components.Qc,signed_mass_weighted_bias,-1.039676447198185e-09
t2b-c-m1y,Test 2B,C,M1-Y,M1-Y,10000,c8da7ea375ced0f692210f97097e069f9d5757b6bead22b7a4a10d9a265d8a65,169eadab27a39916e37a875c27708873595f133cb4ea39e9f23eab14e86d49ee,/Users/arjunsharma/Documents/SandiaProjects/4-LDRDAMDIS/DIMSWE-feature-study-20260828/m1y_test2b_20260828_workspace/external-results/m1y-test2b-20260828/production/representation-C/m1y-seed0-m20-10k/checkpoint_000010000_parameters.npz,Y,TRAINING TRUTH SUPPORT,0,80,POST-HOC CHECKPOINT EVALUATION,source_components.Qc,target_RMS,6.805159127232269e-05
t2b-c-m1y,Test 2B,C,M1-Y,M1-Y,10000,c8da7ea375ced0f692210f97097e069f9d5757b6bead22b7a4a10d9a265d8a65,169eadab27a39916e37a875c27708873595f133cb4ea39e9f23eab14e86d49ee,/Users/arjunsharma/Documents/SandiaProjects/4-LDRDAMDIS/DIMSWE-feature-study-20260828/m1y_test2b_20260828_workspace/external-results/m1y-test2b-20260828/production/representation-C/m1y-seed0-m20-10k/checkpoint_000010000_parameters.npz,Y,TRAINING TRUTH SUPPORT,0,80,POST-HOC CHECKPOINT EVALUATION,source_components.Qr,correlation,0.997633439490515
t2b-c-m1y,Test 2B,C,M1-Y,M1-Y,10000,c8da7ea375ced0f692210f97097e069f9d5757b6bead22b7a4a10d9a265d8a65,169eadab27a39916e37a875c27708873595f133cb4ea39e9f23eab14e86d49ee,/Users/arjunsharma/Documents/SandiaProjects/4-LDRDAMDIS/DIMSWE-feature-study-20260828/m1y_test2b_20260828_workspace/external-results/m1y-test2b-20260828/production/representation-C/m1y-seed0-m20-10k/checkpoint_000010000_parameters.npz,Y,TRAINING TRUTH SUPPORT,0,80,POST-HOC CHECKPOINT EVALUATION,source_components.Qr,cosine,0.9976460706515763
t2b-c-m1y,Test 2B,C,M1-Y,M1-Y,10000,c8da7ea375ced0f692210f97097e069f9d5757b6bead22b7a4a10d9a265d8a65,169eadab27a39916e37a875c27708873595f133cb4ea39e9f23eab14e86d49ee,/Users/arjunsharma/Documents/SandiaProjects/4-LDRDAMDIS/DIMSWE-feature-study-20260828/m1y_test2b_20260828_workspace/external-results/m1y-test2b-20260828/production/representation-C/m1y-seed0-m20-10k/checkpoint_000010000_parameters.npz,Y,TRAINING TRUTH SUPPORT,0,80,POST-HOC CHECKPOINT EVALUATION,source_components.Qr,maximum_absolute_error,8.168051560553385e-09
t2b-c-m1y,Test 2B,C,M1-Y,M1-Y,10000,c8da7ea375ced0f692210f97097e069f9d5757b6bead22b7a4a10d9a265d8a65,169eadab27a39916e37a875c27708873595f133cb4ea39e9f23eab14e86d49ee,/Users/arjunsharma/Documents/SandiaProjects/4-LDRDAMDIS/DIMSWE-feature-study-20260828/m1y_test2b_20260828_workspace/external-results/m1y-test2b-20260828/production/representation-C/m1y-seed0-m20-10k/checkpoint_000010000_parameters.npz,Y,TRAINING TRUTH SUPPORT,0,80,POST-HOC CHECKPOINT EVALUATION,source_components.Qr,normalized_RMS_error,0.005918891566835375
t2b-c-m1y,Test 2B,C,M1-Y,M1-Y,10000,c8da7ea375ced0f692210f97097e069f9d5757b6bead22b7a4a10d9a265d8a65,169eadab27a39916e37a875c27708873595f133cb4ea39e9f23eab14e86d49ee,/Users/arjunsharma/Documents/SandiaProjects/4-LDRDAMDIS/DIMSWE-feature-study-20260828/m1y_test2b_20260828_workspace/external-results/m1y-test2b-20260828/production/representation-C/m1y-seed0-m20-10k/checkpoint_000010000_parameters.npz,Y,TRAINING TRUTH SUPPORT,0,80,POST-HOC CHECKPOINT EVALUATION,source_components.Qr,physical_RMS_error,8.923615803471499e-11
t2b-c-m1y,Test 2B,C,M1-Y,M1-Y,10000,c8da7ea375ced0f692210f97097e069f9d5757b6bead22b7a4a10d9a265d8a65,169eadab27a39916e37a875c27708873595f133cb4ea39e9f23eab14e86d49ee,/Users/arjunsharma/Documents/SandiaProjects/4-LDRDAMDIS/DIMSWE-feature-study-20260828/m1y_test2b_20260828_workspace/external-results/m1y-test2b-20260828/production/representation-C/m1y-seed0-m20-10k/checkpoint_000010000_parameters.npz,Y,TRAINING TRUTH SUPPORT,0,80,POST-HOC CHECKPOINT EVALUATION,source_components.Qr,prediction_RMS,1.2979371472284738e-09
t2b-c-m1y,Test 2B,C,M1-Y,M1-Y,10000,c8da7ea375ced0f692210f97097e069f9d5757b6bead22b7a4a10d9a265d8a65,169eadab27a39916e37a875c27708873595f133cb4ea39e9f23eab14e86d49ee,/Users/arjunsharma/Documents/SandiaProjects/4-LDRDAMDIS/DIMSWE-feature-study-20260828/m1y_test2b_20260828_workspace/external-results/m1y-test2b-20260828/production/representation-C/m1y-seed0-m20-10k/checkpoint_000010000_parameters.npz,Y,TRAINING TRUTH SUPPORT,0,80,POST-HOC CHECKPOINT EVALUATION,source_components.Qr,relative_RMS_error,0.06857387189818062
t2b-c-m1y,Test 2B,C,M1-Y,M1-Y,10000,c8da7ea375ced0f692210f97097e069f9d5757b6bead22b7a4a10d9a265d8a65,169eadab27a39916e37a875c27708873595f133cb4ea39e9f23eab14e86d49ee,/Users/arjunsharma/Documents/SandiaProjects/4-LDRDAMDIS/DIMSWE-feature-study-20260828/m1y_test2b_20260828_workspace/external-results/m1y-test2b-20260828/production/representation-C/m1y-seed0-m20-10k/checkpoint_000010000_parameters.npz,Y,TRAINING TRUTH SUPPORT,0,80,POST-HOC CHECKPOINT EVALUATION,source_components.Qr,sample_count,5308416
t2b-c-m1y,Test 2B,C,M1-Y,M1-Y,10000,c8da7ea375ced0f692210f97097e069f9d5757b6bead22b7a4a10d9a265d8a65,169eadab27a39916e37a875c27708873595f133cb4ea39e9f23eab14e86d49ee,/Users/arjunsharma/Documents/SandiaProjects/4-LDRDAMDIS/DIMSWE-feature-study-20260828/m1y_test2b_20260828_workspace/external-results/m1y-test2b-20260828/production/representation-C/m1y-seed0-m20-10k/checkpoint_000010000_parameters.npz,Y,TRAINING TRUTH SUPPORT,0,80,POST-HOC CHECKPOINT EVALUATION,source_components.Qr,signed_mass_weighted_bias,1.6694660864362241e-13
t2b-c-m1y,Test 2B,C,M1-Y,M1-Y,10000,c8da7ea375ced0f692210f97097e069f9d5757b6bead22b7a4a10d9a265d8a65,169eadab27a39916e37a875c27708873595f133cb4ea39e9f23eab14e86d49ee,/Users/arjunsharma/Documents/SandiaProjects/4-LDRDAMDIS/DIMSWE-feature-study-20260828/m1y_test2b_20260828_workspace/external-results/m1y-test2b-20260828/production/representation-C/m1y-seed0-m20-10k/checkpoint_000010000_parameters.npz,Y,TRAINING TRUTH SUPPORT,0,80,POST-HOC CHECKPOINT EVALUATION,source_components.Qr,target_RMS,1.3013142697733911e-09
t2b-c-m1y,Test 2B,C,M1-Y,M1-Y,10000,c8da7ea375ced0f692210f97097e069f9d5757b6bead22b7a4a10d9a265d8a65,169eadab27a39916e37a875c27708873595f133cb4ea39e9f23eab14e86d49ee,/Users/arjunsharma/Documents/SandiaProjects/4-LDRDAMDIS/DIMSWE-feature-study-20260828/m1y_test2b_20260828_workspace/external-results/m1y-test2b-20260828/production/representation-C/m1y-seed0-m20-10k/checkpoint_000010000_parameters.npz,Y,TRAINING TRUTH SUPPORT,0,80,POST-HOC CHECKPOINT EVALUATION,source_components.Qv,correlation,0.9999865820994885
t2b-c-m1y,Test 2B,C,M1-Y,M1-Y,10000,c8da7ea375ced0f692210f97097e069f9d5757b6bead22b7a4a10d9a265d8a65,169eadab27a39916e37a875c27708873595f133cb4ea39e9f23eab14e86d49ee,/Users/arjunsharma/Documents/SandiaProjects/4-LDRDAMDIS/DIMSWE-feature-study-20260828/m1y_test2b_20260828_workspace/external-results/m1y-test2b-20260828/production/representation-C/m1y-seed0-m20-10k/checkpoint_000010000_parameters.npz,Y,TRAINING TRUTH SUPPORT,0,80,POST-HOC CHECKPOINT EVALUATION,source_components.Qv,cosine,0.9999867481234904
t2b-c-m1y,Test 2B,C,M1-Y,M1-Y,10000,c8da7ea375ced0f692210f97097e069f9d5757b6bead22b7a4a10d9a265d8a65,169eadab27a39916e37a875c27708873595f133cb4ea39e9f23eab14e86d49ee,/Users/arjunsharma/Documents/SandiaProjects/4-LDRDAMDIS/DIMSWE-feature-study-20260828/m1y_test2b_20260828_workspace/external-results/m1y-test2b-20260828/production/representation-C/m1y-seed0-m20-10k/checkpoint_000010000_parameters.npz,Y,TRAINING TRUTH SUPPORT,0,80,POST-HOC CHECKPOINT EVALUATION,source_components.Qv,maximum_absolute_error,2.0439864387715287e-05
t2b-c-m1y,Test 2B,C,M1-Y,M1-Y,10000,c8da7ea375ced0f692210f97097e069f9d5757b6bead22b7a4a10d9a265d8a65,169eadab27a39916e37a875c27708873595f133cb4ea39e9f23eab14e86d49ee,/Users/arjunsharma/Documents/SandiaProjects/4-LDRDAMDIS/DIMSWE-feature-study-20260828/m1y_test2b_20260828_workspace/external-results/m1y-test2b-20260828/production/representation-C/m1y-seed0-m20-10k/checkpoint_000010000_parameters.npz,Y,TRAINING TRUTH SUPPORT,0,80,POST-HOC CHECKPOINT EVALUATION,source_components.Qv,normalized_RMS_error,0.005150293461263635
t2b-c-m1y,Test 2B,C,M1-Y,M1-Y,10000,c8da7ea375ced0f692210f97097e069f9d5757b6bead22b7a4a10d9a265d8a65,169eadab27a39916e37a875c27708873595f133cb4ea39e9f23eab14e86d49ee,/Users/arjunsharma/Documents/SandiaProjects/4-LDRDAMDIS/DIMSWE-feature-study-20260828/m1y_test2b_20260828_workspace/external-results/m1y-test2b-20260828/production/representation-C/m1y-seed0-m20-10k/checkpoint_000010000_parameters.npz,Y,TRAINING TRUTH SUPPORT,0,80,POST-HOC CHECKPOINT EVALUATION,source_components.Qv,physical_RMS_error,3.50392695128626e-07
t2b-c-m1y,Test 2B,C,M1-Y,M1-Y,10000,c8da7ea375ced0f692210f97097e069f9d5757b6bead22b7a4a10d9a265d8a65,169eadab27a39916e37a875c27708873595f133cb4ea39e9f23eab14e86d49ee,/Users/arjunsharma/Documents/SandiaProjects/4-LDRDAMDIS/DIMSWE-feature-study-20260828/m1y_test2b_20260828_workspace/external-results/m1y-test2b-20260828/production/representation-C/m1y-seed0-m20-10k/checkpoint_000010000_parameters.npz,Y,TRAINING TRUTH SUPPORT,0,80,POST-HOC CHECKPOINT EVALUATION,source_components.Qv,prediction_RMS,6.805672924313783e-05
t2b-c-m1y,Test 2B,C,M1-Y,M1-Y,10000,c8da7ea375ced0f692210f97097e069f9d5757b6bead22b7a4a10d9a265d8a65,169eadab27a39916e37a875c27708873595f133cb4ea39e9f23eab14e86d49ee,/Users/arjunsharma/Documents/SandiaProjects/4-LDRDAMDIS/DIMSWE-feature-study-20260828/m1y_test2b_20260828_workspace/external-results/m1y-test2b-20260828/production/representation-C/m1y-seed0-m20-10k/checkpoint_000010000_parameters.npz,Y,TRAINING TRUTH SUPPORT,0,80,POST-HOC CHECKPOINT EVALUATION,source_components.Qv,relative_RMS_error,0.0051489271901994866
t2b-c-m1y,Test 2B,C,M1-Y,M1-Y,10000,c8da7ea375ced0f692210f97097e069f9d5757b6bead22b7a4a10d9a265d8a65,169eadab27a39916e37a875c27708873595f133cb4ea39e9f23eab14e86d49ee,/Users/arjunsharma/Documents/SandiaProjects/4-LDRDAMDIS/DIMSWE-feature-study-20260828/m1y_test2b_20260828_workspace/external-results/m1y-test2b-20260828/production/representation-C/m1y-seed0-m20-10k/checkpoint_000010000_parameters.npz,Y,TRAINING TRUTH SUPPORT,0,80,POST-HOC CHECKPOINT EVALUATION,source_components.Qv,sample_count,5308416
t2b-c-m1y,Test 2B,C,M1-Y,M1-Y,10000,c8da7ea375ced0f692210f97097e069f9d5757b6bead22b7a4a10d9a265d8a65,169eadab27a39916e37a875c27708873595f133cb4ea39e9f23eab14e86d49ee,/Users/arjunsharma/Documents/SandiaProjects/4-LDRDAMDIS/DIMSWE-feature-study-20260828/m1y_test2b_20260828_workspace/external-results/m1y-test2b-20260828/production/representation-C/m1y-seed0-m20-10k/checkpoint_000010000_parameters.npz,Y,TRAINING TRUTH SUPPORT,0,80,POST-HOC CHECKPOINT EVALUATION,source_components.Qv,signed_mass_weighted_bias,-2.3881855088278692e-09
t2b-c-m1y,Test 2B,C,M1-Y,M1-Y,10000,c8da7ea375ced0f692210f97097e069f9d5757b6bead22b7a4a10d9a265d8a65,169eadab27a39916e37a875c27708873595f133cb4ea39e9f23eab14e86d49ee,/Users/arjunsharma/Documents/SandiaProjects/4-LDRDAMDIS/DIMSWE-feature-study-20260828/m1y_test2b_20260828_workspace/external-results/m1y-test2b-20260828/production/representation-C/m1y-seed0-m20-10k/checkpoint_000010000_parameters.npz,Y,TRAINING TRUTH SUPPORT,0,80,POST-HOC CHECKPOINT EVALUATION,source_components.Qv,target_RMS,6.805159253282248e-05
t2b-c-m1y,Test 2B,C,M1-Y,M1-Y,10000,c8da7ea375ced0f692210f97097e069f9d5757b6bead22b7a4a10d9a265d8a65,169eadab27a39916e37a875c27708873595f133cb4ea39e9f23eab14e86d49ee,/Users/arjunsharma/Documents/SandiaProjects/4-LDRDAMDIS/DIMSWE-feature-study-20260828/m1y_test2b_20260828_workspace/external-results/m1y-test2b-20260828/production/representation-C/m1y-seed0-m20-10k/checkpoint_000010000_parameters.npz,Y,TRAINING TRUTH SUPPORT,0,80,POST-HOC CHECKPOINT EVALUATION,source_components.S,correlation,0.9999866248397116
t2b-c-m1y,Test 2B,C,M1-Y,M1-Y,10000,c8da7ea375ced0f692210f97097e069f9d5757b6bead22b7a4a10d9a265d8a65,169eadab27a39916e37a875c27708873595f133cb4ea39e9f23eab14e86d49ee,/Users/arjunsharma/Documents/SandiaProjects/4-LDRDAMDIS/DIMSWE-feature-study-20260828/m1y_test2b_20260828_workspace/external-results/m1y-test2b-20260828/production/representation-C/m1y-seed0-m20-10k/checkpoint_000010000_parameters.npz,Y,TRAINING TRUTH SUPPORT,0,80,POST-HOC CHECKPOINT EVALUATION,source_components.S,cosine,0.999986790596465
t2b-c-m1y,Test 2B,C,M1-Y,M1-Y,10000,c8da7ea375ced0f692210f97097e069f9d5757b6bead22b7a4a10d9a265d8a65,169eadab27a39916e37a875c27708873595f133cb4ea39e9f23eab14e86d49ee,/Users/arjunsharma/Documents/SandiaProjects/4-LDRDAMDIS/DIMSWE-feature-study-20260828/m1y_test2b_20260828_workspace/external-results/m1y-test2b-20260828/production/representation-C/m1y-seed0-m20-10k/checkpoint_000010000_parameters.npz,Y,TRAINING TRUTH SUPPORT,0,80,POST-HOC CHECKPOINT EVALUATION,source_components.S,maximum_absolute_error,0.002078265207586437
t2b-c-m1y,Test 2B,C,M1-Y,M1-Y,10000,c8da7ea375ced0f692210f97097e069f9d5757b6bead22b7a4a10d9a265d8a65,169eadab27a39916e37a875c27708873595f133cb4ea39e9f23eab14e86d49ee,/Users/arjunsharma/Documents/SandiaProjects/4-LDRDAMDIS/DIMSWE-feature-study-20260828/m1y_test2b_20260828_workspace/external-results/m1y-test2b-20260828/production/representation-C/m1y-seed0-m20-10k/checkpoint_000010000_parameters.npz,Y,TRAINING TRUTH SUPPORT,0,80,POST-HOC CHECKPOINT EVALUATION,source_components.S,normalized_RMS_error,0.005142708879469348
t2b-c-m1y,Test 2B,C,M1-Y,M1-Y,10000,c8da7ea375ced0f692210f97097e069f9d5757b6bead22b7a4a10d9a265d8a65,169eadab27a39916e37a875c27708873595f133cb4ea39e9f23eab14e86d49ee,/Users/arjunsharma/Documents/SandiaProjects/4-LDRDAMDIS/DIMSWE-feature-study-20260828/m1y_test2b_20260828_workspace/external-results/m1y-test2b-20260828/production/representation-C/m1y-seed0-m20-10k/checkpoint_000010000_parameters.npz,Y,TRAINING TRUTH SUPPORT,0,80,POST-HOC CHECKPOINT EVALUATION,source_components.S,physical_RMS_error,3.4309467943824057e-05
t2b-c-m1y,Test 2B,C,M1-Y,M1-Y,10000,c8da7ea375ced0f692210f97097e069f9d5757b6bead22b7a4a10d9a265d8a65,169eadab27a39916e37a875c27708873595f133cb4ea39e9f23eab14e86d49ee,/Users/arjunsharma/Documents/SandiaProjects/4-LDRDAMDIS/DIMSWE-feature-study-20260828/m1y_test2b_20260828_workspace/external-results/m1y-test2b-20260828/production/representation-C/m1y-seed0-m20-10k/checkpoint_000010000_parameters.npz,Y,TRAINING TRUTH SUPPORT,0,80,POST-HOC CHECKPOINT EVALUATION,source_components.S,prediction_RMS,0.006672348282540631
t2b-c-m1y,Test 2B,C,M1-Y,M1-Y,10000,c8da7ea375ced0f692210f97097e069f9d5757b6bead22b7a4a10d9a265d8a65,169eadab27a39916e37a875c27708873595f133cb4ea39e9f23eab14e86d49ee,/Users/arjunsharma/Documents/SandiaProjects/4-LDRDAMDIS/DIMSWE-feature-study-20260828/m1y_test2b_20260828_workspace/external-results/m1y-test2b-20260828/production/representation-C/m1y-seed0-m20-10k/checkpoint_000010000_parameters.npz,Y,TRAINING TRUTH SUPPORT,0,80,POST-HOC CHECKPOINT EVALUATION,source_components.S,relative_RMS_error,0.005141344620444848
t2b-c-m1y,Test 2B,C,M1-Y,M1-Y,10000,c8da7ea375ced0f692210f97097e069f9d5757b6bead22b7a4a10d9a265d8a65,169eadab27a39916e37a875c27708873595f133cb4ea39e9f23eab14e86d49ee,/Users/arjunsharma/Documents/SandiaProjects/4-LDRDAMDIS/DIMSWE-feature-study-20260828/m1y_test2b_20260828_workspace/external-results/m1y-test2b-20260828/production/representation-C/m1y-seed0-m20-10k/checkpoint_000010000_parameters.npz,Y,TRAINING TRUTH SUPPORT,0,80,POST-HOC CHECKPOINT EVALUATION,source_components.S,sample_count,5308416
t2b-c-m1y,Test 2B,C,M1-Y,M1-Y,10000,c8da7ea375ced0f692210f97097e069f9d5757b6bead22b7a4a10d9a265d8a65,169eadab27a39916e37a875c27708873595f133cb4ea39e9f23eab14e86d49ee,/Users/arjunsharma/Documents/SandiaProjects/4-LDRDAMDIS/DIMSWE-feature-study-20260828/m1y_test2b_20260828_workspace/external-results/m1y-test2b-20260828/production/representation-C/m1y-seed0-m20-10k/checkpoint_000010000_parameters.npz,Y,TRAINING TRUTH SUPPORT,0,80,POST-HOC CHECKPOINT EVALUATION,source_components.S,signed_mass_weighted_bias,1.822576281057099e-08
t2b-c-m1y,Test 2B,C,M1-Y,M1-Y,10000,c8da7ea375ced0f692210f97097e069f9d5757b6bead22b7a4a10d9a265d8a65,169eadab27a39916e37a875c27708873595f133cb4ea39e9f23eab14e86d49ee,/Users/arjunsharma/Documents/SandiaProjects/4-LDRDAMDIS/DIMSWE-feature-study-20260828/m1y_test2b_20260828_workspace/external-results/m1y-test2b-20260828/production/representation-C/m1y-seed0-m20-10k/checkpoint_000010000_parameters.npz,Y,TRAINING TRUTH SUPPORT,0,80,POST-HOC CHECKPOINT EVALUATION,source_components.S,target_RMS,0.006673248046316622
t2b-c-m1y,Test 2B,C,M1-Y,M1-Y,10000,c8da7ea375ced0f692210f97097e069f9d5757b6bead22b7a4a10d9a265d8a65,169eadab27a39916e37a875c27708873595f133cb4ea39e9f23eab14e86d49ee,/Users/arjunsharma/Documents/SandiaProjects/4-LDRDAMDIS/DIMSWE-feature-study-20260828/m1y_test2b_20260828_workspace/external-results/m1y-test2b-20260828/production/representation-C/m1y-seed0-m20-10k/checkpoint_000010000_parameters.npz,Y,TRAINING TRUTH SUPPORT,0,80,POST-HOC CHECKPOINT EVALUATION,source_structure,S_minus_beta2_Qv_defect_RMS,6.13869173246452e-06
t2b-c-m1y,Test 2B,C,M1-Y,M1-Y,10000,c8da7ea375ced0f692210f97097e069f9d5757b6bead22b7a4a10d9a265d8a65,169eadab27a39916e37a875c27708873595f133cb4ea39e9f23eab14e86d49ee,/Users/arjunsharma/Documents/SandiaProjects/4-LDRDAMDIS/DIMSWE-feature-study-20260828/m1y_test2b_20260828_workspace/external-results/m1y-test2b-20260828/production/representation-C/m1y-seed0-m20-10k/checkpoint_000010000_parameters.npz,Y,TRAINING TRUTH SUPPORT,0,80,POST-HOC CHECKPOINT EVALUATION,source_structure,negative_Qr_source_fraction,0.31144130377121915
t2b-c-m1y,Test 2B,C,M1-Y,M1-Y,10000,c8da7ea375ced0f692210f97097e069f9d5757b6bead22b7a4a10d9a265d8a65,169eadab27a39916e37a875c27708873595f133cb4ea39e9f23eab14e86d49ee,/Users/arjunsharma/Documents/SandiaProjects/4-LDRDAMDIS/DIMSWE-feature-study-20260828/m1y_test2b_20260828_workspace/external-results/m1y-test2b-20260828/production/representation-C/m1y-seed0-m20-10k/checkpoint_000010000_parameters.npz,Y,TRAINING TRUTH SUPPORT,0,80,POST-HOC CHECKPOINT EVALUATION,source_structure,normalized_off_manifold_RMS,0.001025257832404904
t2b-c-m1y,Test 2B,C,M1-Y,M1-Y,10000,c8da7ea375ced0f692210f97097e069f9d5757b6bead22b7a4a10d9a265d8a65,169eadab27a39916e37a875c27708873595f133cb4ea39e9f23eab14e86d49ee,/Users/arjunsharma/Documents/SandiaProjects/4-LDRDAMDIS/DIMSWE-feature-study-20260828/m1y_test2b_20260828_workspace/external-results/m1y-test2b-20260828/production/representation-C/m1y-seed0-m20-10k/checkpoint_000010000_parameters.npz,Y,TRAINING TRUTH SUPPORT,0,80,POST-HOC CHECKPOINT EVALUATION,source_structure,positive_Qr_source_fraction,0.6885586962287809
t2b-c-m1y,Test 2B,C,M1-Y,M1-Y,10000,c8da7ea375ced0f692210f97097e069f9d5757b6bead22b7a4a10d9a265d8a65,169eadab27a39916e37a875c27708873595f133cb4ea39e9f23eab14e86d49ee,/Users/arjunsharma/Documents/SandiaProjects/4-LDRDAMDIS/DIMSWE-feature-study-20260828/m1y_test2b_20260828_workspace/external-results/m1y-test2b-20260828/production/representation-C/m1y-seed0-m20-10k/checkpoint_000010000_parameters.npz,Y,TRAINING TRUTH SUPPORT,0,80,POST-HOC CHECKPOINT EVALUATION,source_structure,water_source_defect_RMS,8.452063702752244e-08
t2b-c-m1y,Test 2B,C,M1-Y,M1-Y,10000,c8da7ea375ced0f692210f97097e069f9d5757b6bead22b7a4a10d9a265d8a65,169eadab27a39916e37a875c27708873595f133cb4ea39e9f23eab14e86d49ee,/Users/arjunsharma/Documents/SandiaProjects/4-LDRDAMDIS/DIMSWE-feature-study-20260828/m1y_test2b_20260828_workspace/external-results/m1y-test2b-20260828/production/representation-C/m1y-seed0-m20-10k/checkpoint_000010000_parameters.npz,Y,TRAINING TRUTH SUPPORT,0,80,POST-HOC CHECKPOINT EVALUATION,source_vector,normalized_source_vector_cosine,0.9999809705421167
t2b-c-m1y,Test 2B,C,M1-Y,M1-Y,10000,c8da7ea375ced0f692210f97097e069f9d5757b6bead22b7a4a10d9a265d8a65,169eadab27a39916e37a875c27708873595f133cb4ea39e9f23eab14e86d49ee,/Users/arjunsharma/Documents/SandiaProjects/4-LDRDAMDIS/DIMSWE-feature-study-20260828/m1y_test2b_20260828_workspace/external-results/m1y-test2b-20260828/production/representation-C/m1y-seed0-m20-10k/checkpoint_000010000_parameters.npz,Y,TRAINING TRUTH SUPPORT,0,80,POST-HOC CHECKPOINT EVALUATION,source_vector,normalized_vector_RMS_error,0.01070139912215809
t2b-c-m1y,Test 2B,C,M1-Y,M1-Y,10000,c8da7ea375ced0f692210f97097e069f9d5757b6bead22b7a4a10d9a265d8a65,169eadab27a39916e37a875c27708873595f133cb4ea39e9f23eab14e86d49ee,/Users/arjunsharma/Documents/SandiaProjects/4-LDRDAMDIS/DIMSWE-feature-study-20260828/m1y_test2b_20260828_workspace/external-results/m1y-test2b-20260828/production/representation-C/m1y-seed0-m20-10k/checkpoint_000010000_parameters.npz,Y,TRAINING TRUTH SUPPORT,0,80,POST-HOC CHECKPOINT EVALUATION,source_vector,normalized_vector_relative_RMS_error,0.00616916531419641
t2b-c-m1y,Test 2B,C,M1-Y,M1-Y,10000,c8da7ea375ced0f692210f97097e069f9d5757b6bead22b7a4a10d9a265d8a65,169eadab27a39916e37a875c27708873595f133cb4ea39e9f23eab14e86d49ee,/Users/arjunsharma/Documents/SandiaProjects/4-LDRDAMDIS/DIMSWE-feature-study-20260828/m1y_test2b_20260828_workspace/external-results/m1y-test2b-20260828/production/representation-C/m1y-seed0-m20-10k/checkpoint_000010000_parameters.npz,Y,HELD-OUT TRUTH SUPPORT,81,160,POST-HOC CHECKPOINT EVALUATION,effective_A,correlation,0.4058142151995244
t2b-c-m1y,Test 2B,C,M1-Y,M1-Y,10000,c8da7ea375ced0f692210f97097e069f9d5757b6bead22b7a4a10d9a265d8a65,169eadab27a39916e37a875c27708873595f133cb4ea39e9f23eab14e86d49ee,/Users/arjunsharma/Documents/SandiaProjects/4-LDRDAMDIS/DIMSWE-feature-study-20260828/m1y_test2b_20260828_workspace/external-results/m1y-test2b-20260828/production/representation-C/m1y-seed0-m20-10k/checkpoint_000010000_parameters.npz,Y,HELD-OUT TRUTH SUPPORT,81,160,POST-HOC CHECKPOINT EVALUATION,effective_A,cosine,0.40676421881318103
t2b-c-m1y,Test 2B,C,M1-Y,M1-Y,10000,c8da7ea375ced0f692210f97097e069f9d5757b6bead22b7a4a10d9a265d8a65,169eadab27a39916e37a875c27708873595f133cb4ea39e9f23eab14e86d49ee,/Users/arjunsharma/Documents/SandiaProjects/4-LDRDAMDIS/DIMSWE-feature-study-20260828/m1y_test2b_20260828_workspace/external-results/m1y-test2b-20260828/production/representation-C/m1y-seed0-m20-10k/checkpoint_000010000_parameters.npz,Y,HELD-OUT TRUTH SUPPORT,81,160,POST-HOC CHECKPOINT EVALUATION,effective_A,maximum_absolute_error,1.1018071397222746e-07
t2b-c-m1y,Test 2B,C,M1-Y,M1-Y,10000,c8da7ea375ced0f692210f97097e069f9d5757b6bead22b7a4a10d9a265d8a65,169eadab27a39916e37a875c27708873595f133cb4ea39e9f23eab14e86d49ee,/Users/arjunsharma/Documents/SandiaProjects/4-LDRDAMDIS/DIMSWE-feature-study-20260828/m1y_test2b_20260828_workspace/external-results/m1y-test2b-20260828/production/representation-C/m1y-seed0-m20-10k/checkpoint_000010000_parameters.npz,Y,HELD-OUT TRUTH SUPPORT,81,160,POST-HOC CHECKPOINT EVALUATION,effective_A,normalized_RMS_error,0.048761450490350466
t2b-c-m1y,Test 2B,C,M1-Y,M1-Y,10000,c8da7ea375ced0f692210f97097e069f9d5757b6bead22b7a4a10d9a265d8a65,169eadab27a39916e37a875c27708873595f133cb4ea39e9f23eab14e86d49ee,/Users/arjunsharma/Documents/SandiaProjects/4-LDRDAMDIS/DIMSWE-feature-study-20260828/m1y_test2b_20260828_workspace/external-results/m1y-test2b-20260828/production/representation-C/m1y-seed0-m20-10k/checkpoint_000010000_parameters.npz,Y,HELD-OUT TRUTH SUPPORT,81,160,POST-HOC CHECKPOINT EVALUATION,effective_A,physical_RMS_error,4.414012622730136e-09
t2b-c-m1y,Test 2B,C,M1-Y,M1-Y,10000,c8da7ea375ced0f692210f97097e069f9d5757b6bead22b7a4a10d9a265d8a65,169eadab27a39916e37a875c27708873595f133cb4ea39e9f23eab14e86d49ee,/Users/arjunsharma/Documents/SandiaProjects/4-LDRDAMDIS/DIMSWE-feature-study-20260828/m1y_test2b_20260828_workspace/external-results/m1y-test2b-20260828/production/representation-C/m1y-seed0-m20-10k/checkpoint_000010000_parameters.npz,Y,HELD-OUT TRUTH SUPPORT,81,160,POST-HOC CHECKPOINT EVALUATION,effective_A,prediction_RMS,4.73386797783883e-09
t2b-c-m1y,Test 2B,C,M1-Y,M1-Y,10000,c8da7ea375ced0f692210f97097e069f9d5757b6bead22b7a4a10d9a265d8a65,169eadab27a39916e37a875c27708873595f133cb4ea39e9f23eab14e86d49ee,/Users/arjunsharma/Documents/SandiaProjects/4-LDRDAMDIS/DIMSWE-feature-study-20260828/m1y_test2b_20260828_workspace/external-results/m1y-test2b-20260828/production/representation-C/m1y-seed0-m20-10k/checkpoint_000010000_parameters.npz,Y,HELD-OUT TRUTH SUPPORT,81,160,POST-HOC CHECKPOINT EVALUATION,effective_A,relative_RMS_error,1.570951275283559
t2b-c-m1y,Test 2B,C,M1-Y,M1-Y,10000,c8da7ea375ced0f692210f97097e069f9d5757b6bead22b7a4a10d9a265d8a65,169eadab27a39916e37a875c27708873595f133cb4ea39e9f23eab14e86d49ee,/Users/arjunsharma/Documents/SandiaProjects/4-LDRDAMDIS/DIMSWE-feature-study-20260828/m1y_test2b_20260828_workspace/external-results/m1y-test2b-20260828/production/representation-C/m1y-seed0-m20-10k/checkpoint_000010000_parameters.npz,Y,HELD-OUT TRUTH SUPPORT,81,160,POST-HOC CHECKPOINT EVALUATION,effective_A,sample_count,5242880
t2b-c-m1y,Test 2B,C,M1-Y,M1-Y,10000,c8da7ea375ced0f692210f97097e069f9d5757b6bead22b7a4a10d9a265d8a65,169eadab27a39916e37a875c27708873595f133cb4ea39e9f23eab14e86d49ee,/Users/arjunsharma/Documents/SandiaProjects/4-LDRDAMDIS/DIMSWE-feature-study-20260828/m1y_test2b_20260828_workspace/external-results/m1y-test2b-20260828/production/representation-C/m1y-seed0-m20-10k/checkpoint_000010000_parameters.npz,Y,HELD-OUT TRUTH SUPPORT,81,160,POST-HOC CHECKPOINT EVALUATION,effective_A,signed_mass_weighted_bias,-5.964673117942796e-10
t2b-c-m1y,Test 2B,C,M1-Y,M1-Y,10000,c8da7ea375ced0f692210f97097e069f9d5757b6bead22b7a4a10d9a265d8a65,169eadab27a39916e37a875c27708873595f133cb4ea39e9f23eab14e86d49ee,/Users/arjunsharma/Documents/SandiaProjects/4-LDRDAMDIS/DIMSWE-feature-study-20260828/m1y_test2b_20260828_workspace/external-results/m1y-test2b-20260828/production/representation-C/m1y-seed0-m20-10k/checkpoint_000010000_parameters.npz,Y,HELD-OUT TRUTH SUPPORT,81,160,POST-HOC CHECKPOINT EVALUATION,effective_A,target_RMS,2.8097705461510257e-09
t2b-c-m1y,Test 2B,C,M1-Y,M1-Y,10000,c8da7ea375ced0f692210f97097e069f9d5757b6bead22b7a4a10d9a265d8a65,169eadab27a39916e37a875c27708873595f133cb4ea39e9f23eab14e86d49ee,/Users/arjunsharma/Documents/SandiaProjects/4-LDRDAMDIS/DIMSWE-feature-study-20260828/m1y_test2b_20260828_workspace/external-results/m1y-test2b-20260828/production/representation-C/m1y-seed0-m20-10k/checkpoint_000010000_parameters.npz,Y,HELD-OUT TRUTH SUPPORT,81,160,POST-HOC CHECKPOINT EVALUATION,effective_R,correlation,0.9972532724820286
t2b-c-m1y,Test 2B,C,M1-Y,M1-Y,10000,c8da7ea375ced0f692210f97097e069f9d5757b6bead22b7a4a10d9a265d8a65,169eadab27a39916e37a875c27708873595f133cb4ea39e9f23eab14e86d49ee,/Users/arjunsharma/Documents/SandiaProjects/4-LDRDAMDIS/DIMSWE-feature-study-20260828/m1y_test2b_20260828_workspace/external-results/m1y-test2b-20260828/production/representation-C/m1y-seed0-m20-10k/checkpoint_000010000_parameters.npz,Y,HELD-OUT TRUTH SUPPORT,81,160,POST-HOC CHECKPOINT EVALUATION,effective_R,cosine,0.9973993044238816
t2b-c-m1y,Test 2B,C,M1-Y,M1-Y,10000,c8da7ea375ced0f692210f97097e069f9d5757b6bead22b7a4a10d9a265d8a65,169eadab27a39916e37a875c27708873595f133cb4ea39e9f23eab14e86d49ee,/Users/arjunsharma/Documents/SandiaProjects/4-LDRDAMDIS/DIMSWE-feature-study-20260828/m1y_test2b_20260828_workspace/external-results/m1y-test2b-20260828/production/representation-C/m1y-seed0-m20-10k/checkpoint_000010000_parameters.npz,Y,HELD-OUT TRUTH SUPPORT,81,160,POST-HOC CHECKPOINT EVALUATION,effective_R,maximum_absolute_error,1.2603497231813408e-11
t2b-c-m1y,Test 2B,C,M1-Y,M1-Y,10000,c8da7ea375ced0f692210f97097e069f9d5757b6bead22b7a4a10d9a265d8a65,169eadab27a39916e37a875c27708873595f133cb4ea39e9f23eab14e86d49ee,/Users/arjunsharma/Documents/SandiaProjects/4-LDRDAMDIS/DIMSWE-feature-study-20260828/m1y_test2b_20260828_workspace/external-results/m1y-test2b-20260828/production/representation-C/m1y-seed0-m20-10k/checkpoint_000010000_parameters.npz,Y,HELD-OUT TRUTH SUPPORT,81,160,POST-HOC CHECKPOINT EVALUATION,effective_R,normalized_RMS_error,0.02506752698916668
t2b-c-m1y,Test 2B,C,M1-Y,M1-Y,10000,c8da7ea375ced0f692210f97097e069f9d5757b6bead22b7a4a10d9a265d8a65,169eadab27a39916e37a875c27708873595f133cb4ea39e9f23eab14e86d49ee,/Users/arjunsharma/Documents/SandiaProjects/4-LDRDAMDIS/DIMSWE-feature-study-20260828/m1y_test2b_20260828_workspace/external-results/m1y-test2b-20260828/production/representation-C/m1y-seed0-m20-10k/checkpoint_000010000_parameters.npz,Y,HELD-OUT TRUTH SUPPORT,81,160,POST-HOC CHECKPOINT EVALUATION,effective_R,physical_RMS_error,4.989157625110651e-13
t2b-c-m1y,Test 2B,C,M1-Y,M1-Y,10000,c8da7ea375ced0f692210f97097e069f9d5757b6bead22b7a4a10d9a265d8a65,169eadab27a39916e37a875c27708873595f133cb4ea39e9f23eab14e86d49ee,/Users/arjunsharma/Documents/SandiaProjects/4-LDRDAMDIS/DIMSWE-feature-study-20260828/m1y_test2b_20260828_workspace/external-results/m1y-test2b-20260828/production/representation-C/m1y-seed0-m20-10k/checkpoint_000010000_parameters.npz,Y,HELD-OUT TRUTH SUPPORT,81,160,POST-HOC CHECKPOINT EVALUATION,effective_R,prediction_RMS,5.79708540172292e-12
t2b-c-m1y,Test 2B,C,M1-Y,M1-Y,10000,c8da7ea375ced0f692210f97097e069f9d5757b6bead22b7a4a10d9a265d8a65,169eadab27a39916e37a875c27708873595f133cb4ea39e9f23eab14e86d49ee,/Users/arjunsharma/Documents/SandiaProjects/4-LDRDAMDIS/DIMSWE-feature-study-20260828/m1y_test2b_20260828_workspace/external-results/m1y-test2b-20260828/production/representation-C/m1y-seed0-m20-10k/checkpoint_000010000_parameters.npz,Y,HELD-OUT TRUTH SUPPORT,81,160,POST-HOC CHECKPOINT EVALUATION,effective_R,relative_RMS_error,0.08240177929340264
t2b-c-m1y,Test 2B,C,M1-Y,M1-Y,10000,c8da7ea375ced0f692210f97097e069f9d5757b6bead22b7a4a10d9a265d8a65,169eadab27a39916e37a875c27708873595f133cb4ea39e9f23eab14e86d49ee,/Users/arjunsharma/Documents/SandiaProjects/4-LDRDAMDIS/DIMSWE-feature-study-20260828/m1y_test2b_20260828_workspace/external-results/m1y-test2b-20260828/production/representation-C/m1y-seed0-m20-10k/checkpoint_000010000_parameters.npz,Y,HELD-OUT TRUTH SUPPORT,81,160,POST-HOC CHECKPOINT EVALUATION,effective_R,sample_count,5242880
t2b-c-m1y,Test 2B,C,M1-Y,M1-Y,10000,c8da7ea375ced0f692210f97097e069f9d5757b6bead22b7a4a10d9a265d8a65,169eadab27a39916e37a875c27708873595f133cb4ea39e9f23eab14e86d49ee,/Users/arjunsharma/Documents/SandiaProjects/4-LDRDAMDIS/DIMSWE-feature-study-20260828/m1y_test2b_20260828_workspace/external-results/m1y-test2b-20260828/production/representation-C/m1y-seed0-m20-10k/checkpoint_000010000_parameters.npz,Y,HELD-OUT TRUTH SUPPORT,81,160,POST-HOC CHECKPOINT EVALUATION,effective_R,signed_mass_weighted_bias,-4.7212980360202215e-14
t2b-c-m1y,Test 2B,C,M1-Y,M1-Y,10000,c8da7ea375ced0f692210f97097e069f9d5757b6bead22b7a4a10d9a265d8a65,169eadab27a39916e37a875c27708873595f133cb4ea39e9f23eab14e86d49ee,/Users/arjunsharma/Documents/SandiaProjects/4-LDRDAMDIS/DIMSWE-feature-study-20260828/m1y_test2b_20260828_workspace/external-results/m1y-test2b-20260828/production/representation-C/m1y-seed0-m20-10k/checkpoint_000010000_parameters.npz,Y,HELD-OUT TRUTH SUPPORT,81,160,POST-HOC CHECKPOINT EVALUATION,effective_R,target_RMS,6.054672202339324e-12
t2b-c-m1y,Test 2B,C,M1-Y,M1-Y,10000,c8da7ea375ced0f692210f97097e069f9d5757b6bead22b7a4a10d9a265d8a65,169eadab27a39916e37a875c27708873595f133cb4ea39e9f23eab14e86d49ee,/Users/arjunsharma/Documents/SandiaProjects/4-LDRDAMDIS/DIMSWE-feature-study-20260828/m1y_test2b_20260828_workspace/external-results/m1y-test2b-20260828/production/representation-C/m1y-seed0-m20-10k/checkpoint_000010000_parameters.npz,Y,HELD-OUT TRUTH SUPPORT,81,160,POST-HOC CHECKPOINT EVALUATION,effective_R_activation,activity_numerical_tolerance,1.2119968976504772e-20
t2b-c-m1y,Test 2B,C,M1-Y,M1-Y,10000,c8da7ea375ced0f692210f97097e069f9d5757b6bead22b7a4a10d9a265d8a65,169eadab27a39916e37a875c27708873595f133cb4ea39e9f23eab14e86d49ee,/Users/arjunsharma/Documents/SandiaProjects/4-LDRDAMDIS/DIMSWE-feature-study-20260828/m1y_test2b_20260828_workspace/external-results/m1y-test2b-20260828/production/representation-C/m1y-seed0-m20-10k/checkpoint_000010000_parameters.npz,Y,HELD-OUT TRUTH SUPPORT,81,160,POST-HOC CHECKPOINT EVALUATION,effective_R_activation,false_negative_count,0
t2b-c-m1y,Test 2B,C,M1-Y,M1-Y,10000,c8da7ea375ced0f692210f97097e069f9d5757b6bead22b7a4a10d9a265d8a65,169eadab27a39916e37a875c27708873595f133cb4ea39e9f23eab14e86d49ee,/Users/arjunsharma/Documents/SandiaProjects/4-LDRDAMDIS/DIMSWE-feature-study-20260828/m1y_test2b_20260828_workspace/external-results/m1y-test2b-20260828/production/representation-C/m1y-seed0-m20-10k/checkpoint_000010000_parameters.npz,Y,HELD-OUT TRUTH SUPPORT,81,160,POST-HOC CHECKPOINT EVALUATION,effective_R_activation,false_negative_rate_given_truth_active,0.0
t2b-c-m1y,Test 2B,C,M1-Y,M1-Y,10000,c8da7ea375ced0f692210f97097e069f9d5757b6bead22b7a4a10d9a265d8a65,169eadab27a39916e37a875c27708873595f133cb4ea39e9f23eab14e86d49ee,/Users/arjunsharma/Documents/SandiaProjects/4-LDRDAMDIS/DIMSWE-feature-study-20260828/m1y_test2b_20260828_workspace/external-results/m1y-test2b-20260828/production/representation-C/m1y-seed0-m20-10k/checkpoint_000010000_parameters.npz,Y,HELD-OUT TRUTH SUPPORT,81,160,POST-HOC CHECKPOINT EVALUATION,effective_R_activation,false_positive_count,3954056
t2b-c-m1y,Test 2B,C,M1-Y,M1-Y,10000,c8da7ea375ced0f692210f97097e069f9d5757b6bead22b7a4a10d9a265d8a65,169eadab27a39916e37a875c27708873595f133cb4ea39e9f23eab14e86d49ee,/Users/arjunsharma/Documents/SandiaProjects/4-LDRDAMDIS/DIMSWE-feature-study-20260828/m1y_test2b_20260828_workspace/external-results/m1y-test2b-20260828/production/representation-C/m1y-seed0-m20-10k/checkpoint_000010000_parameters.npz,Y,HELD-OUT TRUTH SUPPORT,81,160,POST-HOC CHECKPOINT EVALUATION,effective_R_activation,false_positive_rate_given_truth_inactive,0.814082899395273
t2b-c-m1y,Test 2B,C,M1-Y,M1-Y,10000,c8da7ea375ced0f692210f97097e069f9d5757b6bead22b7a4a10d9a265d8a65,169eadab27a39916e37a875c27708873595f133cb4ea39e9f23eab14e86d49ee,/Users/arjunsharma/Documents/SandiaProjects/4-LDRDAMDIS/DIMSWE-feature-study-20260828/m1y_test2b_20260828_workspace/external-results/m1y-test2b-20260828/production/representation-C/m1y-seed0-m20-10k/checkpoint_000010000_parameters.npz,Y,HELD-OUT TRUTH SUPPORT,81,160,POST-HOC CHECKPOINT EVALUATION,effective_R_activation,first_meaningful_positive_predicted_step,81
t2b-c-m1y,Test 2B,C,M1-Y,M1-Y,10000,c8da7ea375ced0f692210f97097e069f9d5757b6bead22b7a4a10d9a265d8a65,169eadab27a39916e37a875c27708873595f133cb4ea39e9f23eab14e86d49ee,/Users/arjunsharma/Documents/SandiaProjects/4-LDRDAMDIS/DIMSWE-feature-study-20260828/m1y_test2b_20260828_workspace/external-results/m1y-test2b-20260828/production/representation-C/m1y-seed0-m20-10k/checkpoint_000010000_parameters.npz,Y,HELD-OUT TRUTH SUPPORT,81,160,POST-HOC CHECKPOINT EVALUATION,effective_R_activation,first_meaningful_positive_truth_step,81
t2b-c-m1y,Test 2B,C,M1-Y,M1-Y,10000,c8da7ea375ced0f692210f97097e069f9d5757b6bead22b7a4a10d9a265d8a65,169eadab27a39916e37a875c27708873595f133cb4ea39e9f23eab14e86d49ee,/Users/arjunsharma/Documents/SandiaProjects/4-LDRDAMDIS/DIMSWE-feature-study-20260828/m1y_test2b_20260828_workspace/external-results/m1y-test2b-20260828/production/representation-C/m1y-seed0-m20-10k/checkpoint_000010000_parameters.npz,Y,HELD-OUT TRUTH SUPPORT,81,160,POST-HOC CHECKPOINT EVALUATION,effective_R_activation,maximum_predicted_effective_R,3.9362166985598815e-11
t2b-c-m1y,Test 2B,C,M1-Y,M1-Y,10000,c8da7ea375ced0f692210f97097e069f9d5757b6bead22b7a4a10d9a265d8a65,169eadab27a39916e37a875c27708873595f133cb4ea39e9f23eab14e86d49ee,/Users/arjunsharma/Documents/SandiaProjects/4-LDRDAMDIS/DIMSWE-feature-study-20260828/m1y_test2b_20260828_workspace/external-results/m1y-test2b-20260828/production/representation-C/m1y-seed0-m20-10k/checkpoint_000010000_parameters.npz,Y,HELD-OUT TRUTH SUPPORT,81,160,POST-HOC CHECKPOINT EVALUATION,effective_R_activation,minimum_predicted_effective_R,-8.100846934794673e-13
t2b-c-m1y,Test 2B,C,M1-Y,M1-Y,10000,c8da7ea375ced0f692210f97097e069f9d5757b6bead22b7a4a10d9a265d8a65,169eadab27a39916e37a875c27708873595f133cb4ea39e9f23eab14e86d49ee,/Users/arjunsharma/Documents/SandiaProjects/4-LDRDAMDIS/DIMSWE-feature-study-20260828/m1y_test2b_20260828_workspace/external-results/m1y-test2b-20260828/production/representation-C/m1y-seed0-m20-10k/checkpoint_000010000_parameters.npz,Y,HELD-OUT TRUTH SUPPORT,81,160,POST-HOC CHECKPOINT EVALUATION,effective_R_activation,predicted_meaningful_negative_fraction,0.17223548889160156
t2b-c-m1y,Test 2B,C,M1-Y,M1-Y,10000,c8da7ea375ced0f692210f97097e069f9d5757b6bead22b7a4a10d9a265d8a65,169eadab27a39916e37a875c27708873595f133cb4ea39e9f23eab14e86d49ee,/Users/arjunsharma/Documents/SandiaProjects/4-LDRDAMDIS/DIMSWE-feature-study-20260828/m1y_test2b_20260828_workspace/external-results/m1y-test2b-20260828/production/representation-C/m1y-seed0-m20-10k/checkpoint_000010000_parameters.npz,Y,HELD-OUT TRUTH SUPPORT,81,160,POST-HOC CHECKPOINT EVALUATION,effective_R_activation,predicted_meaningful_positive_fraction,0.8277641296386719
t2b-c-m1y,Test 2B,C,M1-Y,M1-Y,10000,c8da7ea375ced0f692210f97097e069f9d5757b6bead22b7a4a10d9a265d8a65,169eadab27a39916e37a875c27708873595f133cb4ea39e9f23eab14e86d49ee,/Users/arjunsharma/Documents/SandiaProjects/4-LDRDAMDIS/DIMSWE-feature-study-20260828/m1y_test2b_20260828_workspace/external-results/m1y-test2b-20260828/production/representation-C/m1y-seed0-m20-10k/checkpoint_000010000_parameters.npz,Y,HELD-OUT TRUTH SUPPORT,81,160,POST-HOC CHECKPOINT EVALUATION,effective_R_activation,sample_count,5242880
t2b-c-m1y,Test 2B,C,M1-Y,M1-Y,10000,c8da7ea375ced0f692210f97097e069f9d5757b6bead22b7a4a10d9a265d8a65,169eadab27a39916e37a875c27708873595f133cb4ea39e9f23eab14e86d49ee,/Users/arjunsharma/Documents/SandiaProjects/4-LDRDAMDIS/DIMSWE-feature-study-20260828/m1y_test2b_20260828_workspace/external-results/m1y-test2b-20260828/production/representation-C/m1y-seed0-m20-10k/checkpoint_000010000_parameters.npz,Y,HELD-OUT TRUTH SUPPORT,81,160,POST-HOC CHECKPOINT EVALUATION,effective_R_activation,truth_active_sample_count,385812
t2b-c-m1y,Test 2B,C,M1-Y,M1-Y,10000,c8da7ea375ced0f692210f97097e069f9d5757b6bead22b7a4a10d9a265d8a65,169eadab27a39916e37a875c27708873595f133cb4ea39e9f23eab14e86d49ee,/Users/arjunsharma/Documents/SandiaProjects/4-LDRDAMDIS/DIMSWE-feature-study-20260828/m1y_test2b_20260828_workspace/external-results/m1y-test2b-20260828/production/representation-C/m1y-seed0-m20-10k/checkpoint_000010000_parameters.npz,Y,HELD-OUT TRUTH SUPPORT,81,160,POST-HOC CHECKPOINT EVALUATION,effective_R_activation,truth_active_sample_fraction,0.07358779907226562
t2b-c-m1y,Test 2B,C,M1-Y,M1-Y,10000,c8da7ea375ced0f692210f97097e069f9d5757b6bead22b7a4a10d9a265d8a65,169eadab27a39916e37a875c27708873595f133cb4ea39e9f23eab14e86d49ee,/Users/arjunsharma/Documents/SandiaProjects/4-LDRDAMDIS/DIMSWE-feature-study-20260828/m1y_test2b_20260828_workspace/external-results/m1y-test2b-20260828/production/representation-C/m1y-seed0-m20-10k/checkpoint_000010000_parameters.npz,Y,HELD-OUT TRUTH SUPPORT,81,160,POST-HOC CHECKPOINT EVALUATION,operator,denominator,193535635602756.66
t2b-c-m1y,Test 2B,C,M1-Y,M1-Y,10000,c8da7ea375ced0f692210f97097e069f9d5757b6bead22b7a4a10d9a265d8a65,169eadab27a39916e37a875c27708873595f133cb4ea39e9f23eab14e86d49ee,/Users/arjunsharma/Documents/SandiaProjects/4-LDRDAMDIS/DIMSWE-feature-study-20260828/m1y_test2b_20260828_workspace/external-results/m1y-test2b-20260828/production/representation-C/m1y-seed0-m20-10k/checkpoint_000010000_parameters.npz,Y,HELD-OUT TRUTH SUPPORT,81,160,POST-HOC CHECKPOINT EVALUATION,operator,normalized_objective,0.07194794727130588
t2b-c-m1y,Test 2B,C,M1-Y,M1-Y,10000,c8da7ea375ced0f692210f97097e069f9d5757b6bead22b7a4a10d9a265d8a65,169eadab27a39916e37a875c27708873595f133cb4ea39e9f23eab14e86d49ee,/Users/arjunsharma/Documents/SandiaProjects/4-LDRDAMDIS/DIMSWE-feature-study-20260828/m1y_test2b_20260828_workspace/external-results/m1y-test2b-20260828/production/representation-C/m1y-seed0-m20-10k/checkpoint_000010000_parameters.npz,Y,HELD-OUT TRUTH SUPPORT,81,160,POST-HOC CHECKPOINT EVALUATION,operator,numerator,13924491705465.805
t2b-c-m1y,Test 2B,C,M1-Y,M1-Y,10000,c8da7ea375ced0f692210f97097e069f9d5757b6bead22b7a4a10d9a265d8a65,169eadab27a39916e37a875c27708873595f133cb4ea39e9f23eab14e86d49ee,/Users/arjunsharma/Documents/SandiaProjects/4-LDRDAMDIS/DIMSWE-feature-study-20260828/m1y_test2b_20260828_workspace/external-results/m1y-test2b-20260828/production/representation-C/m1y-seed0-m20-10k/checkpoint_000010000_parameters.npz,Y,HELD-OUT TRUTH SUPPORT,81,160,POST-HOC CHECKPOINT EVALUATION,source_components.Qc,correlation,0.43397035531371475
t2b-c-m1y,Test 2B,C,M1-Y,M1-Y,10000,c8da7ea375ced0f692210f97097e069f9d5757b6bead22b7a4a10d9a265d8a65,169eadab27a39916e37a875c27708873595f133cb4ea39e9f23eab14e86d49ee,/Users/arjunsharma/Documents/SandiaProjects/4-LDRDAMDIS/DIMSWE-feature-study-20260828/m1y_test2b_20260828_workspace/external-results/m1y-test2b-20260828/production/representation-C/m1y-seed0-m20-10k/checkpoint_000010000_parameters.npz,Y,HELD-OUT TRUTH SUPPORT,81,160,POST-HOC CHECKPOINT EVALUATION,source_components.Qc,cosine,0.43515415038608407
t2b-c-m1y,Test 2B,C,M1-Y,M1-Y,10000,c8da7ea375ced0f692210f97097e069f9d5757b6bead22b7a4a10d9a265d8a65,169eadab27a39916e37a875c27708873595f133cb4ea39e9f23eab14e86d49ee,/Users/arjunsharma/Documents/SandiaProjects/4-LDRDAMDIS/DIMSWE-feature-study-20260828/m1y_test2b_20260828_workspace/external-results/m1y-test2b-20260828/production/representation-C/m1y-seed0-m20-10k/checkpoint_000010000_parameters.npz,Y,HELD-OUT TRUTH SUPPORT,81,160,POST-HOC CHECKPOINT EVALUATION,source_components.Qc,maximum_absolute_error,7.724168491289008e-05
t2b-c-m1y,Test 2B,C,M1-Y,M1-Y,10000,c8da7ea375ced0f692210f97097e069f9d5757b6bead22b7a4a10d9a265d8a65,169eadab27a39916e37a875c27708873595f133cb4ea39e9f23eab14e86d49ee,/Users/arjunsharma/Documents/SandiaProjects/4-LDRDAMDIS/DIMSWE-feature-study-20260828/m1y_test2b_20260828_workspace/external-results/m1y-test2b-20260828/production/representation-C/m1y-seed0-m20-10k/checkpoint_000010000_parameters.npz,Y,HELD-OUT TRUTH SUPPORT,81,160,POST-HOC CHECKPOINT EVALUATION,source_components.Qc,normalized_RMS_error,0.04539795289692898
t2b-c-m1y,Test 2B,C,M1-Y,M1-Y,10000,c8da7ea375ced0f692210f97097e069f9d5757b6bead22b7a4a10d9a265d8a65,169eadab27a39916e37a875c27708873595f133cb4ea39e9f23eab14e86d49ee,/Users/arjunsharma/Documents/SandiaProjects/4-LDRDAMDIS/DIMSWE-feature-study-20260828/m1y_test2b_20260828_workspace/external-results/m1y-test2b-20260828/production/representation-C/m1y-seed0-m20-10k/checkpoint_000010000_parameters.npz,Y,HELD-OUT TRUTH SUPPORT,81,160,POST-HOC CHECKPOINT EVALUATION,source_components.Qc,physical_RMS_error,3.088583433351689e-06
t2b-c-m1y,Test 2B,C,M1-Y,M1-Y,10000,c8da7ea375ced0f692210f97097e069f9d5757b6bead22b7a4a10d9a265d8a65,169eadab27a39916e37a875c27708873595f133cb4ea39e9f23eab14e86d49ee,/Users/arjunsharma/Documents/SandiaProjects/4-LDRDAMDIS/DIMSWE-feature-study-20260828/m1y_test2b_20260828_workspace/external-results/m1y-test2b-20260828/production/representation-C/m1y-seed0-m20-10k/checkpoint_000010000_parameters.npz,Y,HELD-OUT TRUTH SUPPORT,81,160,POST-HOC CHECKPOINT EVALUATION,source_components.Qc,prediction_RMS,3.3662827525723977e-06
t2b-c-m1y,Test 2B,C,M1-Y,M1-Y,10000,c8da7ea375ced0f692210f97097e069f9d5757b6bead22b7a4a10d9a265d8a65,169eadab27a39916e37a875c27708873595f133cb4ea39e9f23eab14e86d49ee,/Users/arjunsharma/Documents/SandiaProjects/4-LDRDAMDIS/DIMSWE-feature-study-20260828/m1y_test2b_20260828_workspace/external-results/m1y-test2b-20260828/production/representation-C/m1y-seed0-m20-10k/checkpoint_000010000_parameters.npz,Y,HELD-OUT TRUTH SUPPORT,81,160,POST-HOC CHECKPOINT EVALUATION,source_components.Qc,relative_RMS_error,1.4998767382811753
t2b-c-m1y,Test 2B,C,M1-Y,M1-Y,10000,c8da7ea375ced0f692210f97097e069f9d5757b6bead22b7a4a10d9a265d8a65,169eadab27a39916e37a875c27708873595f133cb4ea39e9f23eab14e86d49ee,/Users/arjunsharma/Documents/SandiaProjects/4-LDRDAMDIS/DIMSWE-feature-study-20260828/m1y_test2b_20260828_workspace/external-results/m1y-test2b-20260828/production/representation-C/m1y-seed0-m20-10k/checkpoint_000010000_parameters.npz,Y,HELD-OUT TRUTH SUPPORT,81,160,POST-HOC CHECKPOINT EVALUATION,source_components.Qc,sample_count,5242880
t2b-c-m1y,Test 2B,C,M1-Y,M1-Y,10000,c8da7ea375ced0f692210f97097e069f9d5757b6bead22b7a4a10d9a265d8a65,169eadab27a39916e37a875c27708873595f133cb4ea39e9f23eab14e86d49ee,/Users/arjunsharma/Documents/SandiaProjects/4-LDRDAMDIS/DIMSWE-feature-study-20260828/m1y_test2b_20260828_workspace/external-results/m1y-test2b-20260828/production/representation-C/m1y-seed0-m20-10k/checkpoint_000010000_parameters.npz,Y,HELD-OUT TRUTH SUPPORT,81,160,POST-HOC CHECKPOINT EVALUATION,source_components.Qc,signed_mass_weighted_bias,3.9246030372762846e-07
t2b-c-m1y,Test 2B,C,M1-Y,M1-Y,10000,c8da7ea375ced0f692210f97097e069f9d5757b6bead22b7a4a10d9a265d8a65,169eadab27a39916e37a875c27708873595f133cb4ea39e9f23eab14e86d49ee,/Users/arjunsharma/Documents/SandiaProjects/4-LDRDAMDIS/DIMSWE-feature-study-20260828/m1y_test2b_20260828_workspace/external-results/m1y-test2b-20260828/production/representation-C/m1y-seed0-m20-10k/checkpoint_000010000_parameters.npz,Y,HELD-OUT TRUTH SUPPORT,81,160,POST-HOC CHECKPOINT EVALUATION,source_components.Qc,target_RMS,2.0592248379631086e-06
t2b-c-m1y,Test 2B,C,M1-Y,M1-Y,10000,c8da7ea375ced0f692210f97097e069f9d5757b6bead22b7a4a10d9a265d8a65,169eadab27a39916e37a875c27708873595f133cb4ea39e9f23eab14e86d49ee,/Users/arjunsharma/Documents/SandiaProjects/4-LDRDAMDIS/DIMSWE-feature-study-20260828/m1y_test2b_20260828_workspace/external-results/m1y-test2b-20260828/production/representation-C/m1y-seed0-m20-10k/checkpoint_000010000_parameters.npz,Y,HELD-OUT TRUTH SUPPORT,81,160,POST-HOC CHECKPOINT EVALUATION,source_components.Qr,correlation,0.9972734142210706
t2b-c-m1y,Test 2B,C,M1-Y,M1-Y,10000,c8da7ea375ced0f692210f97097e069f9d5757b6bead22b7a4a10d9a265d8a65,169eadab27a39916e37a875c27708873595f133cb4ea39e9f23eab14e86d49ee,/Users/arjunsharma/Documents/SandiaProjects/4-LDRDAMDIS/DIMSWE-feature-study-20260828/m1y_test2b_20260828_workspace/external-results/m1y-test2b-20260828/production/representation-C/m1y-seed0-m20-10k/checkpoint_000010000_parameters.npz,Y,HELD-OUT TRUTH SUPPORT,81,160,POST-HOC CHECKPOINT EVALUATION,source_components.Qr,cosine,0.9974186525268166
t2b-c-m1y,Test 2B,C,M1-Y,M1-Y,10000,c8da7ea375ced0f692210f97097e069f9d5757b6bead22b7a4a10d9a265d8a65,169eadab27a39916e37a875c27708873595f133cb4ea39e9f23eab14e86d49ee,/Users/arjunsharma/Documents/SandiaProjects/4-LDRDAMDIS/DIMSWE-feature-study-20260828/m1y_test2b_20260828_workspace/external-results/m1y-test2b-20260828/production/representation-C/m1y-seed0-m20-10k/checkpoint_000010000_parameters.npz,Y,HELD-OUT TRUTH SUPPORT,81,160,POST-HOC CHECKPOINT EVALUATION,source_components.Qr,maximum_absolute_error,9.600939586044684e-09
t2b-c-m1y,Test 2B,C,M1-Y,M1-Y,10000,c8da7ea375ced0f692210f97097e069f9d5757b6bead22b7a4a10d9a265d8a65,169eadab27a39916e37a875c27708873595f133cb4ea39e9f23eab14e86d49ee,/Users/arjunsharma/Documents/SandiaProjects/4-LDRDAMDIS/DIMSWE-feature-study-20260828/m1y_test2b_20260828_workspace/external-results/m1y-test2b-20260828/production/representation-C/m1y-seed0-m20-10k/checkpoint_000010000_parameters.npz,Y,HELD-OUT TRUTH SUPPORT,81,160,POST-HOC CHECKPOINT EVALUATION,source_components.Qr,normalized_RMS_error,0.025203639511632313
t2b-c-m1y,Test 2B,C,M1-Y,M1-Y,10000,c8da7ea375ced0f692210f97097e069f9d5757b6bead22b7a4a10d9a265d8a65,169eadab27a39916e37a875c27708873595f133cb4ea39e9f23eab14e86d49ee,/Users/arjunsharma/Documents/SandiaProjects/4-LDRDAMDIS/DIMSWE-feature-study-20260828/m1y_test2b_20260828_workspace/external-results/m1y-test2b-20260828/production/representation-C/m1y-seed0-m20-10k/checkpoint_000010000_parameters.npz,Y,HELD-OUT TRUTH SUPPORT,81,160,POST-HOC CHECKPOINT EVALUATION,source_components.Qr,physical_RMS_error,3.7998262565105755e-10
t2b-c-m1y,Test 2B,C,M1-Y,M1-Y,10000,c8da7ea375ced0f692210f97097e069f9d5757b6bead22b7a4a10d9a265d8a65,169eadab27a39916e37a875c27708873595f133cb4ea39e9f23eab14e86d49ee,/Users/arjunsharma/Documents/SandiaProjects/4-LDRDAMDIS/DIMSWE-feature-study-20260828/m1y_test2b_20260828_workspace/external-results/m1y-test2b-20260828/production/representation-C/m1y-seed0-m20-10k/checkpoint_000010000_parameters.npz,Y,HELD-OUT TRUTH SUPPORT,81,160,POST-HOC CHECKPOINT EVALUATION,source_components.Qr,prediction_RMS,4.4259829822738964e-09
t2b-c-m1y,Test 2B,C,M1-Y,M1-Y,10000,c8da7ea375ced0f692210f97097e069f9d5757b6bead22b7a4a10d9a265d8a65,169eadab27a39916e37a875c27708873595f133cb4ea39e9f23eab14e86d49ee,/Users/arjunsharma/Documents/SandiaProjects/4-LDRDAMDIS/DIMSWE-feature-study-20260828/m1y_test2b_20260828_workspace/external-results/m1y-test2b-20260828/production/representation-C/m1y-seed0-m20-10k/checkpoint_000010000_parameters.npz,Y,HELD-OUT TRUTH SUPPORT,81,160,POST-HOC CHECKPOINT EVALUATION,source_components.Qr,relative_RMS_error,0.08219669906350457
t2b-c-m1y,Test 2B,C,M1-Y,M1-Y,10000,c8da7ea375ced0f692210f97097e069f9d5757b6bead22b7a4a10d9a265d8a65,169eadab27a39916e37a875c27708873595f133cb4ea39e9f23eab14e86d49ee,/Users/arjunsharma/Documents/SandiaProjects/4-LDRDAMDIS/DIMSWE-feature-study-20260828/m1y_test2b_20260828_workspace/external-results/m1y-test2b-20260828/production/representation-C/m1y-seed0-m20-10k/checkpoint_000010000_parameters.npz,Y,HELD-OUT TRUTH SUPPORT,81,160,POST-HOC CHECKPOINT EVALUATION,source_components.Qr,sample_count,5242880
t2b-c-m1y,Test 2B,C,M1-Y,M1-Y,10000,c8da7ea375ced0f692210f97097e069f9d5757b6bead22b7a4a10d9a265d8a65,169eadab27a39916e37a875c27708873595f133cb4ea39e9f23eab14e86d49ee,/Users/arjunsharma/Documents/SandiaProjects/4-LDRDAMDIS/DIMSWE-feature-study-20260828/m1y_test2b_20260828_workspace/external-results/m1y-test2b-20260828/production/representation-C/m1y-seed0-m20-10k/checkpoint_000010000_parameters.npz,Y,HELD-OUT TRUTH SUPPORT,81,160,POST-HOC CHECKPOINT EVALUATION,source_components.Qr,signed_mass_weighted_bias,-3.698785875674489e-11
t2b-c-m1y,Test 2B,C,M1-Y,M1-Y,10000,c8da7ea375ced0f692210f97097e069f9d5757b6bead22b7a4a10d9a265d8a65,169eadab27a39916e37a875c27708873595f133cb4ea39e9f23eab14e86d49ee,/Users/arjunsharma/Documents/SandiaProjects/4-LDRDAMDIS/DIMSWE-feature-study-20260828/m1y_test2b_20260828_workspace/external-results/m1y-test2b-20260828/production/representation-C/m1y-seed0-m20-10k/checkpoint_000010000_parameters.npz,Y,HELD-OUT TRUTH SUPPORT,81,160,POST-HOC CHECKPOINT EVALUATION,source_components.Qr,target_RMS,4.622845320801578e-09
t2b-c-m1y,Test 2B,C,M1-Y,M1-Y,10000,c8da7ea375ced0f692210f97097e069f9d5757b6bead22b7a4a10d9a265d8a65,169eadab27a39916e37a875c27708873595f133cb4ea39e9f23eab14e86d49ee,/Users/arjunsharma/Documents/SandiaProjects/4-LDRDAMDIS/DIMSWE-feature-study-20260828/m1y_test2b_20260828_workspace/external-results/m1y-test2b-20260828/production/representation-C/m1y-seed0-m20-10k/checkpoint_000010000_parameters.npz,Y,HELD-OUT TRUTH SUPPORT,81,160,POST-HOC CHECKPOINT EVALUATION,source_components.Qv,correlation,0.43189439550002234
t2b-c-m1y,Test 2B,C,M1-Y,M1-Y,10000,c8da7ea375ced0f692210f97097e069f9d5757b6bead22b7a4a10d9a265d8a65,169eadab27a39916e37a875c27708873595f133cb4ea39e9f23eab14e86d49ee,/Users/arjunsharma/Documents/SandiaProjects/4-LDRDAMDIS/DIMSWE-feature-study-20260828/m1y_test2b_20260828_workspace/external-results/m1y-test2b-20260828/production/representation-C/m1y-seed0-m20-10k/checkpoint_000010000_parameters.npz,Y,HELD-OUT TRUTH SUPPORT,81,160,POST-HOC CHECKPOINT EVALUATION,source_components.Qv,cosine,0.432561741842066
t2b-c-m1y,Test 2B,C,M1-Y,M1-Y,10000,c8da7ea375ced0f692210f97097e069f9d5757b6bead22b7a4a10d9a265d8a65,169eadab27a39916e37a875c27708873595f133cb4ea39e9f23eab14e86d49ee,/Users/arjunsharma/Documents/SandiaProjects/4-LDRDAMDIS/DIMSWE-feature-study-20260828/m1y_test2b_20260828_workspace/external-results/m1y-test2b-20260828/production/representation-C/m1y-seed0-m20-10k/checkpoint_000010000_parameters.npz,Y,HELD-OUT TRUTH SUPPORT,81,160,POST-HOC CHECKPOINT EVALUATION,source_components.Qv,maximum_absolute_error,7.905584954527292e-05
t2b-c-m1y,Test 2B,C,M1-Y,M1-Y,10000,c8da7ea375ced0f692210f97097e069f9d5757b6bead22b7a4a10d9a265d8a65,169eadab27a39916e37a875c27708873595f133cb4ea39e9f23eab14e86d49ee,/Users/arjunsharma/Documents/SandiaProjects/4-LDRDAMDIS/DIMSWE-feature-study-20260828/m1y_test2b_20260828_workspace/external-results/m1y-test2b-20260828/production/representation-C/m1y-seed0-m20-10k/checkpoint_000010000_parameters.npz,Y,HELD-OUT TRUTH SUPPORT,81,160,POST-HOC CHECKPOINT EVALUATION,source_components.Qv,normalized_RMS_error,0.045847595236092865
t2b-c-m1y,Test 2B,C,M1-Y,M1-Y,10000,c8da7ea375ced0f692210f97097e069f9d5757b6bead22b7a4a10d9a265d8a65,169eadab27a39916e37a875c27708873595f133cb4ea39e9f23eab14e86d49ee,/Users/arjunsharma/Documents/SandiaProjects/4-LDRDAMDIS/DIMSWE-feature-study-20260828/m1y_test2b_20260828_workspace/external-results/m1y-test2b-20260828/production/representation-C/m1y-seed0-m20-10k/checkpoint_000010000_parameters.npz,Y,HELD-OUT TRUTH SUPPORT,81,160,POST-HOC CHECKPOINT EVALUATION,source_components.Qv,physical_RMS_error,3.1191741947845112e-06
t2b-c-m1y,Test 2B,C,M1-Y,M1-Y,10000,c8da7ea375ced0f692210f97097e069f9d5757b6bead22b7a4a10d9a265d8a65,169eadab27a39916e37a875c27708873595f133cb4ea39e9f23eab14e86d49ee,/Users/arjunsharma/Documents/SandiaProjects/4-LDRDAMDIS/DIMSWE-feature-study-20260828/m1y_test2b_20260828_workspace/external-results/m1y-test2b-20260828/production/representation-C/m1y-seed0-m20-10k/checkpoint_000010000_parameters.npz,Y,HELD-OUT TRUTH SUPPORT,81,160,POST-HOC CHECKPOINT EVALUATION,source_components.Qv,prediction_RMS,3.3971941342840224e-06
t2b-c-m1y,Test 2B,C,M1-Y,M1-Y,10000,c8da7ea375ced0f692210f97097e069f9d5757b6bead22b7a4a10d9a265d8a65,169eadab27a39916e37a875c27708873595f133cb4ea39e9f23eab14e86d49ee,/Users/arjunsharma/Documents/SandiaProjects/4-LDRDAMDIS/DIMSWE-feature-study-20260828/m1y_test2b_20260828_workspace/external-results/m1y-test2b-20260828/production/representation-C/m1y-seed0-m20-10k/checkpoint_000010000_parameters.npz,Y,HELD-OUT TRUTH SUPPORT,81,160,POST-HOC CHECKPOINT EVALUATION,source_components.Qv,relative_RMS_error,1.5147578233685508
t2b-c-m1y,Test 2B,C,M1-Y,M1-Y,10000,c8da7ea375ced0f692210f97097e069f9d5757b6bead22b7a4a10d9a265d8a65,169eadab27a39916e37a875c27708873595f133cb4ea39e9f23eab14e86d49ee,/Users/arjunsharma/Documents/SandiaProjects/4-LDRDAMDIS/DIMSWE-feature-study-20260828/m1y_test2b_20260828_workspace/external-results/m1y-test2b-20260828/production/representation-C/m1y-seed0-m20-10k/checkpoint_000010000_parameters.npz,Y,HELD-OUT TRUTH SUPPORT,81,160,POST-HOC CHECKPOINT EVALUATION,source_components.Qv,sample_count,5242880
t2b-c-m1y,Test 2B,C,M1-Y,M1-Y,10000,c8da7ea375ced0f692210f97097e069f9d5757b6bead22b7a4a10d9a265d8a65,169eadab27a39916e37a875c27708873595f133cb4ea39e9f23eab14e86d49ee,/Users/arjunsharma/Documents/SandiaProjects/4-LDRDAMDIS/DIMSWE-feature-study-20260828/m1y_test2b_20260828_workspace/external-results/m1y-test2b-20260828/production/representation-C/m1y-seed0-m20-10k/checkpoint_000010000_parameters.npz,Y,HELD-OUT TRUTH SUPPORT,81,160,POST-HOC CHECKPOINT EVALUATION,source_components.Qv,signed_mass_weighted_bias,-4.781740002104003e-07
t2b-c-m1y,Test 2B,C,M1-Y,M1-Y,10000,c8da7ea375ced0f692210f97097e069f9d5757b6bead22b7a4a10d9a265d8a65,169eadab27a39916e37a875c27708873595f133cb4ea39e9f23eab14e86d49ee,/Users/arjunsharma/Documents/SandiaProjects/4-LDRDAMDIS/DIMSWE-feature-study-20260828/m1y_test2b_20260828_workspace/external-results/m1y-test2b-20260828/production/representation-C/m1y-seed0-m20-10k/checkpoint_000010000_parameters.npz,Y,HELD-OUT TRUTH SUPPORT,81,160,POST-HOC CHECKPOINT EVALUATION,source_components.Qv,target_RMS,2.0591900214438404e-06
t2b-c-m1y,Test 2B,C,M1-Y,M1-Y,10000,c8da7ea375ced0f692210f97097e069f9d5757b6bead22b7a4a10d9a265d8a65,169eadab27a39916e37a875c27708873595f133cb4ea39e9f23eab14e86d49ee,/Users/arjunsharma/Documents/SandiaProjects/4-LDRDAMDIS/DIMSWE-feature-study-20260828/m1y_test2b_20260828_workspace/external-results/m1y-test2b-20260828/production/representation-C/m1y-seed0-m20-10k/checkpoint_000010000_parameters.npz,Y,HELD-OUT TRUTH SUPPORT,81,160,POST-HOC CHECKPOINT EVALUATION,source_components.S,correlation,0.41997674620893377
t2b-c-m1y,Test 2B,C,M1-Y,M1-Y,10000,c8da7ea375ced0f692210f97097e069f9d5757b6bead22b7a4a10d9a265d8a65,169eadab27a39916e37a875c27708873595f133cb4ea39e9f23eab14e86d49ee,/Users/arjunsharma/Documents/SandiaProjects/4-LDRDAMDIS/DIMSWE-feature-study-20260828/m1y_test2b_20260828_workspace/external-results/m1y-test2b-20260828/production/representation-C/m1y-seed0-m20-10k/checkpoint_000010000_parameters.npz,Y,HELD-OUT TRUTH SUPPORT,81,160,POST-HOC CHECKPOINT EVALUATION,source_components.S,cosine,0.4210148057076657
t2b-c-m1y,Test 2B,C,M1-Y,M1-Y,10000,c8da7ea375ced0f692210f97097e069f9d5757b6bead22b7a4a10d9a265d8a65,169eadab27a39916e37a875c27708873595f133cb4ea39e9f23eab14e86d49ee,/Users/arjunsharma/Documents/SandiaProjects/4-LDRDAMDIS/DIMSWE-feature-study-20260828/m1y_test2b_20260828_workspace/external-results/m1y-test2b-20260828/production/representation-C/m1y-seed0-m20-10k/checkpoint_000010000_parameters.npz,Y,HELD-OUT TRUTH SUPPORT,81,160,POST-HOC CHECKPOINT EVALUATION,source_components.S,maximum_absolute_error,0.007800721135438239
t2b-c-m1y,Test 2B,C,M1-Y,M1-Y,10000,c8da7ea375ced0f692210f97097e069f9d5757b6bead22b7a4a10d9a265d8a65,169eadab27a39916e37a875c27708873595f133cb4ea39e9f23eab14e86d49ee,/Users/arjunsharma/Documents/SandiaProjects/4-LDRDAMDIS/DIMSWE-feature-study-20260828/m1y_test2b_20260828_workspace/external-results/m1y-test2b-20260828/production/representation-C/m1y-seed0-m20-10k/checkpoint_000010000_parameters.npz,Y,HELD-OUT TRUTH SUPPORT,81,160,POST-HOC CHECKPOINT EVALUATION,source_components.S,normalized_RMS_error,0.046519310957237985
t2b-c-m1y,Test 2B,C,M1-Y,M1-Y,10000,c8da7ea375ced0f692210f97097e069f9d5757b6bead22b7a4a10d9a265d8a65,169eadab27a39916e37a875c27708873595f133cb4ea39e9f23eab14e86d49ee,/Users/arjunsharma/Documents/SandiaProjects/4-LDRDAMDIS/DIMSWE-feature-study-20260828/m1y_test2b_20260828_workspace/external-results/m1y-test2b-20260828/production/representation-C/m1y-seed0-m20-10k/checkpoint_000010000_parameters.npz,Y,HELD-OUT TRUTH SUPPORT,81,160,POST-HOC CHECKPOINT EVALUATION,source_components.S,physical_RMS_error,0.0003103525487176379
t2b-c-m1y,Test 2B,C,M1-Y,M1-Y,10000,c8da7ea375ced0f692210f97097e069f9d5757b6bead22b7a4a10d9a265d8a65,169eadab27a39916e37a875c27708873595f133cb4ea39e9f23eab14e86d49ee,/Users/arjunsharma/Documents/SandiaProjects/4-LDRDAMDIS/DIMSWE-feature-study-20260828/m1y_test2b_20260828_workspace/external-results/m1y-test2b-20260828/production/representation-C/m1y-seed0-m20-10k/checkpoint_000010000_parameters.npz,Y,HELD-OUT TRUTH SUPPORT,81,160,POST-HOC CHECKPOINT EVALUATION,source_components.S,prediction_RMS,0.0003355567844151961
t2b-c-m1y,Test 2B,C,M1-Y,M1-Y,10000,c8da7ea375ced0f692210f97097e069f9d5757b6bead22b7a4a10d9a265d8a65,169eadab27a39916e37a875c27708873595f133cb4ea39e9f23eab14e86d49ee,/Users/arjunsharma/Documents/SandiaProjects/4-LDRDAMDIS/DIMSWE-feature-study-20260828/m1y_test2b_20260828_workspace/external-results/m1y-test2b-20260828/production/representation-C/m1y-seed0-m20-10k/checkpoint_000010000_parameters.npz,Y,HELD-OUT TRUTH SUPPORT,81,160,POST-HOC CHECKPOINT EVALUATION,source_components.S,relative_RMS_error,1.5369506262504609
t2b-c-m1y,Test 2B,C,M1-Y,M1-Y,10000,c8da7ea375ced0f692210f97097e069f9d5757b6bead22b7a4a10d9a265d8a65,169eadab27a39916e37a875c27708873595f133cb4ea39e9f23eab14e86d49ee,/Users/arjunsharma/Documents/SandiaProjects/4-LDRDAMDIS/DIMSWE-feature-study-20260828/m1y_test2b_20260828_workspace/external-results/m1y-test2b-20260828/production/representation-C/m1y-seed0-m20-10k/checkpoint_000010000_parameters.npz,Y,HELD-OUT TRUTH SUPPORT,81,160,POST-HOC CHECKPOINT EVALUATION,source_components.S,sample_count,5242880
t2b-c-m1y,Test 2B,C,M1-Y,M1-Y,10000,c8da7ea375ced0f692210f97097e069f9d5757b6bead22b7a4a10d9a265d8a65,169eadab27a39916e37a875c27708873595f133cb4ea39e9f23eab14e86d49ee,/Users/arjunsharma/Documents/SandiaProjects/4-LDRDAMDIS/DIMSWE-feature-study-20260828/m1y_test2b_20260828_workspace/external-results/m1y-test2b-20260828/production/representation-C/m1y-seed0-m20-10k/checkpoint_000010000_parameters.npz,Y,HELD-OUT TRUTH SUPPORT,81,160,POST-HOC CHECKPOINT EVALUATION,source_components.S,signed_mass_weighted_bias,-4.48647277192443e-05
t2b-c-m1y,Test 2B,C,M1-Y,M1-Y,10000,c8da7ea375ced0f692210f97097e069f9d5757b6bead22b7a4a10d9a265d8a65,169eadab27a39916e37a875c27708873595f133cb4ea39e9f23eab14e86d49ee,/Users/arjunsharma/Documents/SandiaProjects/4-LDRDAMDIS/DIMSWE-feature-study-20260828/m1y_test2b_20260828_workspace/external-results/m1y-test2b-20260828/production/representation-C/m1y-seed0-m20-10k/checkpoint_000010000_parameters.npz,Y,HELD-OUT TRUTH SUPPORT,81,160,POST-HOC CHECKPOINT EVALUATION,source_components.S,target_RMS,0.00020192746820681733
t2b-c-m1y,Test 2B,C,M1-Y,M1-Y,10000,c8da7ea375ced0f692210f97097e069f9d5757b6bead22b7a4a10d9a265d8a65,169eadab27a39916e37a875c27708873595f133cb4ea39e9f23eab14e86d49ee,/Users/arjunsharma/Documents/SandiaProjects/4-LDRDAMDIS/DIMSWE-feature-study-20260828/m1y_test2b_20260828_workspace/external-results/m1y-test2b-20260828/production/representation-C/m1y-seed0-m20-10k/checkpoint_000010000_parameters.npz,Y,HELD-OUT TRUTH SUPPORT,81,160,POST-HOC CHECKPOINT EVALUATION,source_structure,S_minus_beta2_Qv_defect_RMS,1.2249904574847965e-05
t2b-c-m1y,Test 2B,C,M1-Y,M1-Y,10000,c8da7ea375ced0f692210f97097e069f9d5757b6bead22b7a4a10d9a265d8a65,169eadab27a39916e37a875c27708873595f133cb4ea39e9f23eab14e86d49ee,/Users/arjunsharma/Documents/SandiaProjects/4-LDRDAMDIS/DIMSWE-feature-study-20260828/m1y_test2b_20260828_workspace/external-results/m1y-test2b-20260828/production/representation-C/m1y-seed0-m20-10k/checkpoint_000010000_parameters.npz,Y,HELD-OUT TRUTH SUPPORT,81,160,POST-HOC CHECKPOINT EVALUATION,source_structure,negative_Qr_source_fraction,0.1722431182861328
t2b-c-m1y,Test 2B,C,M1-Y,M1-Y,10000,c8da7ea375ced0f692210f97097e069f9d5757b6bead22b7a4a10d9a265d8a65,169eadab27a39916e37a875c27708873595f133cb4ea39e9f23eab14e86d49ee,/Users/arjunsharma/Documents/SandiaProjects/4-LDRDAMDIS/DIMSWE-feature-study-20260828/m1y_test2b_20260828_workspace/external-results/m1y-test2b-20260828/production/representation-C/m1y-seed0-m20-10k/checkpoint_000010000_parameters.npz,Y,HELD-OUT TRUTH SUPPORT,81,160,POST-HOC CHECKPOINT EVALUATION,source_structure,normalized_off_manifold_RMS,0.0025373412858147116
t2b-c-m1y,Test 2B,C,M1-Y,M1-Y,10000,c8da7ea375ced0f692210f97097e069f9d5757b6bead22b7a4a10d9a265d8a65,169eadab27a39916e37a875c27708873595f133cb4ea39e9f23eab14e86d49ee,/Users/arjunsharma/Documents/SandiaProjects/4-LDRDAMDIS/DIMSWE-feature-study-20260828/m1y_test2b_20260828_workspace/external-results/m1y-test2b-20260828/production/representation-C/m1y-seed0-m20-10k/checkpoint_000010000_parameters.npz,Y,HELD-OUT TRUTH SUPPORT,81,160,POST-HOC CHECKPOINT EVALUATION,source_structure,positive_Qr_source_fraction,0.8277568817138672
t2b-c-m1y,Test 2B,C,M1-Y,M1-Y,10000,c8da7ea375ced0f692210f97097e069f9d5757b6bead22b7a4a10d9a265d8a65,169eadab27a39916e37a875c27708873595f133cb4ea39e9f23eab14e86d49ee,/Users/arjunsharma/Documents/SandiaProjects/4-LDRDAMDIS/DIMSWE-feature-study-20260828/m1y_test2b_20260828_workspace/external-results/m1y-test2b-20260828/production/representation-C/m1y-seed0-m20-10k/checkpoint_000010000_parameters.npz,Y,HELD-OUT TRUTH SUPPORT,81,160,POST-HOC CHECKPOINT EVALUATION,source_structure,water_source_defect_RMS,2.127779756630032e-07
t2b-c-m1y,Test 2B,C,M1-Y,M1-Y,10000,c8da7ea375ced0f692210f97097e069f9d5757b6bead22b7a4a10d9a265d8a65,169eadab27a39916e37a875c27708873595f133cb4ea39e9f23eab14e86d49ee,/Users/arjunsharma/Documents/SandiaProjects/4-LDRDAMDIS/DIMSWE-feature-study-20260828/m1y_test2b_20260828_workspace/external-results/m1y-test2b-20260828/production/representation-C/m1y-seed0-m20-10k/checkpoint_000010000_parameters.npz,Y,HELD-OUT TRUTH SUPPORT,81,160,POST-HOC CHECKPOINT EVALUATION,source_vector,normalized_source_vector_cosine,0.9635665920575122
t2b-c-m1y,Test 2B,C,M1-Y,M1-Y,10000,c8da7ea375ced0f692210f97097e069f9d5757b6bead22b7a4a10d9a265d8a65,169eadab27a39916e37a875c27708873595f133cb4ea39e9f23eab14e86d49ee,/Users/arjunsharma/Documents/SandiaProjects/4-LDRDAMDIS/DIMSWE-feature-study-20260828/m1y_test2b_20260828_workspace/external-results/m1y-test2b-20260828/production/representation-C/m1y-seed0-m20-10k/checkpoint_000010000_parameters.npz,Y,HELD-OUT TRUTH SUPPORT,81,160,POST-HOC CHECKPOINT EVALUATION,source_vector,normalized_vector_RMS_error,0.08344007342238442
t2b-c-m1y,Test 2B,C,M1-Y,M1-Y,10000,c8da7ea375ced0f692210f97097e069f9d5757b6bead22b7a4a10d9a265d8a65,169eadab27a39916e37a875c27708873595f133cb4ea39e9f23eab14e86d49ee,/Users/arjunsharma/Documents/SandiaProjects/4-LDRDAMDIS/DIMSWE-feature-study-20260828/m1y_test2b_20260828_workspace/external-results/m1y-test2b-20260828/production/representation-C/m1y-seed0-m20-10k/checkpoint_000010000_parameters.npz,Y,HELD-OUT TRUTH SUPPORT,81,160,POST-HOC CHECKPOINT EVALUATION,source_vector,normalized_vector_relative_RMS_error,0.2682311452298295
t2b-c-h1,Test 2B,C,H1,H1,5000,c44aa9e8811aacb423570a3bcb2f819462d882931b929a7bee442bb8b9a1d1c3,be3fac690063191ee78df7a8515b580d17842a34083835c73232ab1bb3995c6b,/Users/arjunsharma/Documents/SandiaProjects/4-LDRDAMDIS/DIMSWE-study-d0eb615/external-results/test2b-rain-active-learning/production/representation-C/h1-from-m1-m20-5k/checkpoint_000005000_parameters.npz,Y,TRAINING TRUTH SUPPORT,0,80,POST-HOC CHECKPOINT EVALUATION,effective_A,correlation,0.999790104490127
t2b-c-h1,Test 2B,C,H1,H1,5000,c44aa9e8811aacb423570a3bcb2f819462d882931b929a7bee442bb8b9a1d1c3,be3fac690063191ee78df7a8515b580d17842a34083835c73232ab1bb3995c6b,/Users/arjunsharma/Documents/SandiaProjects/4-LDRDAMDIS/DIMSWE-study-d0eb615/external-results/test2b-rain-active-learning/production/representation-C/h1-from-m1-m20-5k/checkpoint_000005000_parameters.npz,Y,TRAINING TRUTH SUPPORT,0,80,POST-HOC CHECKPOINT EVALUATION,effective_A,cosine,0.9997659907764069
t2b-c-h1,Test 2B,C,H1,H1,5000,c44aa9e8811aacb423570a3bcb2f819462d882931b929a7bee442bb8b9a1d1c3,be3fac690063191ee78df7a8515b580d17842a34083835c73232ab1bb3995c6b,/Users/arjunsharma/Documents/SandiaProjects/4-LDRDAMDIS/DIMSWE-study-d0eb615/external-results/test2b-rain-active-learning/production/representation-C/h1-from-m1-m20-5k/checkpoint_000005000_parameters.npz,Y,TRAINING TRUTH SUPPORT,0,80,POST-HOC CHECKPOINT EVALUATION,effective_A,maximum_absolute_error,3.6137253242758074e-08
t2b-c-h1,Test 2B,C,H1,H1,5000,c44aa9e8811aacb423570a3bcb2f819462d882931b929a7bee442bb8b9a1d1c3,be3fac690063191ee78df7a8515b580d17842a34083835c73232ab1bb3995c6b,/Users/arjunsharma/Documents/SandiaProjects/4-LDRDAMDIS/DIMSWE-study-d0eb615/external-results/test2b-rain-active-learning/production/representation-C/h1-from-m1-m20-5k/checkpoint_000005000_parameters.npz,Y,TRAINING TRUTH SUPPORT,0,80,POST-HOC CHECKPOINT EVALUATION,effective_A,normalized_RMS_error,0.022120400900850937
t2b-c-h1,Test 2B,C,H1,H1,5000,c44aa9e8811aacb423570a3bcb2f819462d882931b929a7bee442bb8b9a1d1c3,be3fac690063191ee78df7a8515b580d17842a34083835c73232ab1bb3995c6b,/Users/arjunsharma/Documents/SandiaProjects/4-LDRDAMDIS/DIMSWE-study-d0eb615/external-results/test2b-rain-active-learning/production/representation-C/h1-from-m1-m20-5k/checkpoint_000005000_parameters.npz,Y,TRAINING TRUTH SUPPORT,0,80,POST-HOC CHECKPOINT EVALUATION,effective_A,physical_RMS_error,2.0023959052557166e-09
t2b-c-h1,Test 2B,C,H1,H1,5000,c44aa9e8811aacb423570a3bcb2f819462d882931b929a7bee442bb8b9a1d1c3,be3fac690063191ee78df7a8515b580d17842a34083835c73232ab1bb3995c6b,/Users/arjunsharma/Documents/SandiaProjects/4-LDRDAMDIS/DIMSWE-study-d0eb615/external-results/test2b-rain-active-learning/production/representation-C/h1-from-m1-m20-5k/checkpoint_000005000_parameters.npz,Y,TRAINING TRUTH SUPPORT,0,80,POST-HOC CHECKPOINT EVALUATION,effective_A,prediction_RMS,9.011300459816991e-08
t2b-c-h1,Test 2B,C,H1,H1,5000,c44aa9e8811aacb423570a3bcb2f819462d882931b929a7bee442bb8b9a1d1c3,be3fac690063191ee78df7a8515b580d17842a34083835c73232ab1bb3995c6b,/Users/arjunsharma/Documents/SandiaProjects/4-LDRDAMDIS/DIMSWE-study-d0eb615/external-results/test2b-rain-active-learning/production/representation-C/h1-from-m1-m20-5k/checkpoint_000005000_parameters.npz,Y,TRAINING TRUTH SUPPORT,0,80,POST-HOC CHECKPOINT EVALUATION,effective_A,relative_RMS_error,0.022113779014394836
t2b-c-h1,Test 2B,C,H1,H1,5000,c44aa9e8811aacb423570a3bcb2f819462d882931b929a7bee442bb8b9a1d1c3,be3fac690063191ee78df7a8515b580d17842a34083835c73232ab1bb3995c6b,/Users/arjunsharma/Documents/SandiaProjects/4-LDRDAMDIS/DIMSWE-study-d0eb615/external-results/test2b-rain-active-learning/production/representation-C/h1-from-m1-m20-5k/checkpoint_000005000_parameters.npz,Y,TRAINING TRUTH SUPPORT,0,80,POST-HOC CHECKPOINT EVALUATION,effective_A,sample_count,5308416
t2b-c-h1,Test 2B,C,H1,H1,5000,c44aa9e8811aacb423570a3bcb2f819462d882931b929a7bee442bb8b9a1d1c3,be3fac690063191ee78df7a8515b580d17842a34083835c73232ab1bb3995c6b,/Users/arjunsharma/Documents/SandiaProjects/4-LDRDAMDIS/DIMSWE-study-d0eb615/external-results/test2b-rain-active-learning/production/representation-C/h1-from-m1-m20-5k/checkpoint_000005000_parameters.npz,Y,TRAINING TRUTH SUPPORT,0,80,POST-HOC CHECKPOINT EVALUATION,effective_A,signed_mass_weighted_bias,7.012988565001537e-10
t2b-c-h1,Test 2B,C,H1,H1,5000,c44aa9e8811aacb423570a3bcb2f819462d882931b929a7bee442bb8b9a1d1c3,be3fac690063191ee78df7a8515b580d17842a34083835c73232ab1bb3995c6b,/Users/arjunsharma/Documents/SandiaProjects/4-LDRDAMDIS/DIMSWE-study-d0eb615/external-results/test2b-rain-active-learning/production/representation-C/h1-from-m1-m20-5k/checkpoint_000005000_parameters.npz,Y,TRAINING TRUTH SUPPORT,0,80,POST-HOC CHECKPOINT EVALUATION,effective_A,target_RMS,9.05496932004371e-08
t2b-c-h1,Test 2B,C,H1,H1,5000,c44aa9e8811aacb423570a3bcb2f819462d882931b929a7bee442bb8b9a1d1c3,be3fac690063191ee78df7a8515b580d17842a34083835c73232ab1bb3995c6b,/Users/arjunsharma/Documents/SandiaProjects/4-LDRDAMDIS/DIMSWE-study-d0eb615/external-results/test2b-rain-active-learning/production/representation-C/h1-from-m1-m20-5k/checkpoint_000005000_parameters.npz,Y,TRAINING TRUTH SUPPORT,0,80,POST-HOC CHECKPOINT EVALUATION,effective_R,correlation,0.805679422921614
t2b-c-h1,Test 2B,C,H1,H1,5000,c44aa9e8811aacb423570a3bcb2f819462d882931b929a7bee442bb8b9a1d1c3,be3fac690063191ee78df7a8515b580d17842a34083835c73232ab1bb3995c6b,/Users/arjunsharma/Documents/SandiaProjects/4-LDRDAMDIS/DIMSWE-study-d0eb615/external-results/test2b-rain-active-learning/production/representation-C/h1-from-m1-m20-5k/checkpoint_000005000_parameters.npz,Y,TRAINING TRUTH SUPPORT,0,80,POST-HOC CHECKPOINT EVALUATION,effective_R,cosine,0.2941476970998073
t2b-c-h1,Test 2B,C,H1,H1,5000,c44aa9e8811aacb423570a3bcb2f819462d882931b929a7bee442bb8b9a1d1c3,be3fac690063191ee78df7a8515b580d17842a34083835c73232ab1bb3995c6b,/Users/arjunsharma/Documents/SandiaProjects/4-LDRDAMDIS/DIMSWE-study-d0eb615/external-results/test2b-rain-active-learning/production/representation-C/h1-from-m1-m20-5k/checkpoint_000005000_parameters.npz,Y,TRAINING TRUTH SUPPORT,0,80,POST-HOC CHECKPOINT EVALUATION,effective_R,maximum_absolute_error,2.0992624985242885e-11
t2b-c-h1,Test 2B,C,H1,H1,5000,c44aa9e8811aacb423570a3bcb2f819462d882931b929a7bee442bb8b9a1d1c3,be3fac690063191ee78df7a8515b580d17842a34083835c73232ab1bb3995c6b,/Users/arjunsharma/Documents/SandiaProjects/4-LDRDAMDIS/DIMSWE-study-d0eb615/external-results/test2b-rain-active-learning/production/representation-C/h1-from-m1-m20-5k/checkpoint_000005000_parameters.npz,Y,TRAINING TRUTH SUPPORT,0,80,POST-HOC CHECKPOINT EVALUATION,effective_R,normalized_RMS_error,0.14514430866384365
t2b-c-h1,Test 2B,C,H1,H1,5000,c44aa9e8811aacb423570a3bcb2f819462d882931b929a7bee442bb8b9a1d1c3,be3fac690063191ee78df7a8515b580d17842a34083835c73232ab1bb3995c6b,/Users/arjunsharma/Documents/SandiaProjects/4-LDRDAMDIS/DIMSWE-study-d0eb615/external-results/test2b-rain-active-learning/production/representation-C/h1-from-m1-m20-5k/checkpoint_000005000_parameters.npz,Y,TRAINING TRUTH SUPPORT,0,80,POST-HOC CHECKPOINT EVALUATION,effective_R,physical_RMS_error,2.8887884896846072e-12
t2b-c-h1,Test 2B,C,H1,H1,5000,c44aa9e8811aacb423570a3bcb2f819462d882931b929a7bee442bb8b9a1d1c3,be3fac690063191ee78df7a8515b580d17842a34083835c73232ab1bb3995c6b,/Users/arjunsharma/Documents/SandiaProjects/4-LDRDAMDIS/DIMSWE-study-d0eb615/external-results/test2b-rain-active-learning/production/representation-C/h1-from-m1-m20-5k/checkpoint_000005000_parameters.npz,Y,TRAINING TRUTH SUPPORT,0,80,POST-HOC CHECKPOINT EVALUATION,effective_R,prediction_RMS,2.8821880816160126e-12
t2b-c-h1,Test 2B,C,H1,H1,5000,c44aa9e8811aacb423570a3bcb2f819462d882931b929a7bee442bb8b9a1d1c3,be3fac690063191ee78df7a8515b580d17842a34083835c73232ab1bb3995c6b,/Users/arjunsharma/Documents/SandiaProjects/4-LDRDAMDIS/DIMSWE-study-d0eb615/external-results/test2b-rain-active-learning/production/representation-C/h1-from-m1-m20-5k/checkpoint_000005000_parameters.npz,Y,TRAINING TRUTH SUPPORT,0,80,POST-HOC CHECKPOINT EVALUATION,effective_R,relative_RMS_error,1.6817254247001394
t2b-c-h1,Test 2B,C,H1,H1,5000,c44aa9e8811aacb423570a3bcb2f819462d882931b929a7bee442bb8b9a1d1c3,be3fac690063191ee78df7a8515b580d17842a34083835c73232ab1bb3995c6b,/Users/arjunsharma/Documents/SandiaProjects/4-LDRDAMDIS/DIMSWE-study-d0eb615/external-results/test2b-rain-active-learning/production/representation-C/h1-from-m1-m20-5k/checkpoint_000005000_parameters.npz,Y,TRAINING TRUTH SUPPORT,0,80,POST-HOC CHECKPOINT EVALUATION,effective_R,sample_count,5308416
t2b-c-h1,Test 2B,C,H1,H1,5000,c44aa9e8811aacb423570a3bcb2f819462d882931b929a7bee442bb8b9a1d1c3,be3fac690063191ee78df7a8515b580d17842a34083835c73232ab1bb3995c6b,/Users/arjunsharma/Documents/SandiaProjects/4-LDRDAMDIS/DIMSWE-study-d0eb615/external-results/test2b-rain-active-learning/production/representation-C/h1-from-m1-m20-5k/checkpoint_000005000_parameters.npz,Y,TRAINING TRUTH SUPPORT,0,80,POST-HOC CHECKPOINT EVALUATION,effective_R,signed_mass_weighted_bias,-2.703158243784828e-12
t2b-c-h1,Test 2B,C,H1,H1,5000,c44aa9e8811aacb423570a3bcb2f819462d882931b929a7bee442bb8b9a1d1c3,be3fac690063191ee78df7a8515b580d17842a34083835c73232ab1bb3995c6b,/Users/arjunsharma/Documents/SandiaProjects/4-LDRDAMDIS/DIMSWE-study-d0eb615/external-results/test2b-rain-active-learning/production/representation-C/h1-from-m1-m20-5k/checkpoint_000005000_parameters.npz,Y,TRAINING TRUTH SUPPORT,0,80,POST-HOC CHECKPOINT EVALUATION,effective_R,target_RMS,1.7177527599071018e-12
t2b-c-h1,Test 2B,C,H1,H1,5000,c44aa9e8811aacb423570a3bcb2f819462d882931b929a7bee442bb8b9a1d1c3,be3fac690063191ee78df7a8515b580d17842a34083835c73232ab1bb3995c6b,/Users/arjunsharma/Documents/SandiaProjects/4-LDRDAMDIS/DIMSWE-study-d0eb615/external-results/test2b-rain-active-learning/production/representation-C/h1-from-m1-m20-5k/checkpoint_000005000_parameters.npz,Y,TRAINING TRUTH SUPPORT,0,80,POST-HOC CHECKPOINT EVALUATION,effective_R_activation,activity_numerical_tolerance,1.2119968976504772e-20
t2b-c-h1,Test 2B,C,H1,H1,5000,c44aa9e8811aacb423570a3bcb2f819462d882931b929a7bee442bb8b9a1d1c3,be3fac690063191ee78df7a8515b580d17842a34083835c73232ab1bb3995c6b,/Users/arjunsharma/Documents/SandiaProjects/4-LDRDAMDIS/DIMSWE-study-d0eb615/external-results/test2b-rain-active-learning/production/representation-C/h1-from-m1-m20-5k/checkpoint_000005000_parameters.npz,Y,TRAINING TRUTH SUPPORT,0,80,POST-HOC CHECKPOINT EVALUATION,effective_R_activation,false_negative_count,0
t2b-c-h1,Test 2B,C,H1,H1,5000,c44aa9e8811aacb423570a3bcb2f819462d882931b929a7bee442bb8b9a1d1c3,be3fac690063191ee78df7a8515b580d17842a34083835c73232ab1bb3995c6b,/Users/arjunsharma/Documents/SandiaProjects/4-LDRDAMDIS/DIMSWE-study-d0eb615/external-results/test2b-rain-active-learning/production/representation-C/h1-from-m1-m20-5k/checkpoint_000005000_parameters.npz,Y,TRAINING TRUTH SUPPORT,0,80,POST-HOC CHECKPOINT EVALUATION,effective_R_activation,false_negative_rate_given_truth_active,0.0
t2b-c-h1,Test 2B,C,H1,H1,5000,c44aa9e8811aacb423570a3bcb2f819462d882931b929a7bee442bb8b9a1d1c3,be3fac690063191ee78df7a8515b580d17842a34083835c73232ab1bb3995c6b,/Users/arjunsharma/Documents/SandiaProjects/4-LDRDAMDIS/DIMSWE-study-d0eb615/external-results/test2b-rain-active-learning/production/representation-C/h1-from-m1-m20-5k/checkpoint_000005000_parameters.npz,Y,TRAINING TRUTH SUPPORT,0,80,POST-HOC CHECKPOINT EVALUATION,effective_R_activation,false_positive_count,48662
t2b-c-h1,Test 2B,C,H1,H1,5000,c44aa9e8811aacb423570a3bcb2f819462d882931b929a7bee442bb8b9a1d1c3,be3fac690063191ee78df7a8515b580d17842a34083835c73232ab1bb3995c6b,/Users/arjunsharma/Documents/SandiaProjects/4-LDRDAMDIS/DIMSWE-study-d0eb615/external-results/test2b-rain-active-learning/production/representation-C/h1-from-m1-m20-5k/checkpoint_000005000_parameters.npz,Y,TRAINING TRUTH SUPPORT,0,80,POST-HOC CHECKPOINT EVALUATION,effective_R_activation,false_positive_rate_given_truth_inactive,0.00923791299329491
t2b-c-h1,Test 2B,C,H1,H1,5000,c44aa9e8811aacb423570a3bcb2f819462d882931b929a7bee442bb8b9a1d1c3,be3fac690063191ee78df7a8515b580d17842a34083835c73232ab1bb3995c6b,/Users/arjunsharma/Documents/SandiaProjects/4-LDRDAMDIS/DIMSWE-study-d0eb615/external-results/test2b-rain-active-learning/production/representation-C/h1-from-m1-m20-5k/checkpoint_000005000_parameters.npz,Y,TRAINING TRUTH SUPPORT,0,80,POST-HOC CHECKPOINT EVALUATION,effective_R_activation,first_meaningful_positive_predicted_step,0
t2b-c-h1,Test 2B,C,H1,H1,5000,c44aa9e8811aacb423570a3bcb2f819462d882931b929a7bee442bb8b9a1d1c3,be3fac690063191ee78df7a8515b580d17842a34083835c73232ab1bb3995c6b,/Users/arjunsharma/Documents/SandiaProjects/4-LDRDAMDIS/DIMSWE-study-d0eb615/external-results/test2b-rain-active-learning/production/representation-C/h1-from-m1-m20-5k/checkpoint_000005000_parameters.npz,Y,TRAINING TRUTH SUPPORT,0,80,POST-HOC CHECKPOINT EVALUATION,effective_R_activation,first_meaningful_positive_truth_step,51
t2b-c-h1,Test 2B,C,H1,H1,5000,c44aa9e8811aacb423570a3bcb2f819462d882931b929a7bee442bb8b9a1d1c3,be3fac690063191ee78df7a8515b580d17842a34083835c73232ab1bb3995c6b,/Users/arjunsharma/Documents/SandiaProjects/4-LDRDAMDIS/DIMSWE-study-d0eb615/external-results/test2b-rain-active-learning/production/representation-C/h1-from-m1-m20-5k/checkpoint_000005000_parameters.npz,Y,TRAINING TRUTH SUPPORT,0,80,POST-HOC CHECKPOINT EVALUATION,effective_R_activation,maximum_predicted_effective_R,3.124293530491765e-11
t2b-c-h1,Test 2B,C,H1,H1,5000,c44aa9e8811aacb423570a3bcb2f819462d882931b929a7bee442bb8b9a1d1c3,be3fac690063191ee78df7a8515b580d17842a34083835c73232ab1bb3995c6b,/Users/arjunsharma/Documents/SandiaProjects/4-LDRDAMDIS/DIMSWE-study-d0eb615/external-results/test2b-rain-active-learning/production/representation-C/h1-from-m1-m20-5k/checkpoint_000005000_parameters.npz,Y,TRAINING TRUTH SUPPORT,0,80,POST-HOC CHECKPOINT EVALUATION,effective_R_activation,minimum_predicted_effective_R,-4.6929781596026684e-12
t2b-c-h1,Test 2B,C,H1,H1,5000,c44aa9e8811aacb423570a3bcb2f819462d882931b929a7bee442bb8b9a1d1c3,be3fac690063191ee78df7a8515b580d17842a34083835c73232ab1bb3995c6b,/Users/arjunsharma/Documents/SandiaProjects/4-LDRDAMDIS/DIMSWE-study-d0eb615/external-results/test2b-rain-active-learning/production/representation-C/h1-from-m1-m20-5k/checkpoint_000005000_parameters.npz,Y,TRAINING TRUTH SUPPORT,0,80,POST-HOC CHECKPOINT EVALUATION,effective_R_activation,predicted_meaningful_negative_fraction,0.9831516595534336
t2b-c-h1,Test 2B,C,H1,H1,5000,c44aa9e8811aacb423570a3bcb2f819462d882931b929a7bee442bb8b9a1d1c3,be3fac690063191ee78df7a8515b580d17842a34083835c73232ab1bb3995c6b,/Users/arjunsharma/Documents/SandiaProjects/4-LDRDAMDIS/DIMSWE-study-d0eb615/external-results/test2b-rain-active-learning/production/representation-C/h1-from-m1-m20-5k/checkpoint_000005000_parameters.npz,Y,TRAINING TRUTH SUPPORT,0,80,POST-HOC CHECKPOINT EVALUATION,effective_R_activation,predicted_meaningful_positive_fraction,0.016848340446566357
t2b-c-h1,Test 2B,C,H1,H1,5000,c44aa9e8811aacb423570a3bcb2f819462d882931b929a7bee442bb8b9a1d1c3,be3fac690063191ee78df7a8515b580d17842a34083835c73232ab1bb3995c6b,/Users/arjunsharma/Documents/SandiaProjects/4-LDRDAMDIS/DIMSWE-study-d0eb615/external-results/test2b-rain-active-learning/production/representation-C/h1-from-m1-m20-5k/checkpoint_000005000_parameters.npz,Y,TRAINING TRUTH SUPPORT,0,80,POST-HOC CHECKPOINT EVALUATION,effective_R_activation,sample_count,5308416
t2b-c-h1,Test 2B,C,H1,H1,5000,c44aa9e8811aacb423570a3bcb2f819462d882931b929a7bee442bb8b9a1d1c3,be3fac690063191ee78df7a8515b580d17842a34083835c73232ab1bb3995c6b,/Users/arjunsharma/Documents/SandiaProjects/4-LDRDAMDIS/DIMSWE-study-d0eb615/external-results/test2b-rain-active-learning/production/representation-C/h1-from-m1-m20-5k/checkpoint_000005000_parameters.npz,Y,TRAINING TRUTH SUPPORT,0,80,POST-HOC CHECKPOINT EVALUATION,effective_R_activation,truth_active_sample_count,40776
t2b-c-h1,Test 2B,C,H1,H1,5000,c44aa9e8811aacb423570a3bcb2f819462d882931b929a7bee442bb8b9a1d1c3,be3fac690063191ee78df7a8515b580d17842a34083835c73232ab1bb3995c6b,/Users/arjunsharma/Documents/SandiaProjects/4-LDRDAMDIS/DIMSWE-study-d0eb615/external-results/test2b-rain-active-learning/production/representation-C/h1-from-m1-m20-5k/checkpoint_000005000_parameters.npz,Y,TRAINING TRUTH SUPPORT,0,80,POST-HOC CHECKPOINT EVALUATION,effective_R_activation,truth_active_sample_fraction,0.007681387442129629
t2b-c-h1,Test 2B,C,H1,H1,5000,c44aa9e8811aacb423570a3bcb2f819462d882931b929a7bee442bb8b9a1d1c3,be3fac690063191ee78df7a8515b580d17842a34083835c73232ab1bb3995c6b,/Users/arjunsharma/Documents/SandiaProjects/4-LDRDAMDIS/DIMSWE-study-d0eb615/external-results/test2b-rain-active-learning/production/representation-C/h1-from-m1-m20-5k/checkpoint_000005000_parameters.npz,Y,TRAINING TRUTH SUPPORT,0,80,POST-HOC CHECKPOINT EVALUATION,operator,denominator,6093310863157334.0
t2b-c-h1,Test 2B,C,H1,H1,5000,c44aa9e8811aacb423570a3bcb2f819462d882931b929a7bee442bb8b9a1d1c3,be3fac690063191ee78df7a8515b580d17842a34083835c73232ab1bb3995c6b,/Users/arjunsharma/Documents/SandiaProjects/4-LDRDAMDIS/DIMSWE-study-d0eb615/external-results/test2b-rain-active-learning/production/representation-C/h1-from-m1-m20-5k/checkpoint_000005000_parameters.npz,Y,TRAINING TRUTH SUPPORT,0,80,POST-HOC CHECKPOINT EVALUATION,operator,normalized_objective,0.007517630510980923
t2b-c-h1,Test 2B,C,H1,H1,5000,c44aa9e8811aacb423570a3bcb2f819462d882931b929a7bee442bb8b9a1d1c3,be3fac690063191ee78df7a8515b580d17842a34083835c73232ab1bb3995c6b,/Users/arjunsharma/Documents/SandiaProjects/4-LDRDAMDIS/DIMSWE-study-d0eb615/external-results/test2b-rain-active-learning/production/representation-C/h1-from-m1-m20-5k/checkpoint_000005000_parameters.npz,Y,TRAINING TRUTH SUPPORT,0,80,POST-HOC CHECKPOINT EVALUATION,operator,numerator,45807259657763.08
t2b-c-h1,Test 2B,C,H1,H1,5000,c44aa9e8811aacb423570a3bcb2f819462d882931b929a7bee442bb8b9a1d1c3,be3fac690063191ee78df7a8515b580d17842a34083835c73232ab1bb3995c6b,/Users/arjunsharma/Documents/SandiaProjects/4-LDRDAMDIS/DIMSWE-study-d0eb615/external-results/test2b-rain-active-learning/production/representation-C/h1-from-m1-m20-5k/checkpoint_000005000_parameters.npz,Y,TRAINING TRUTH SUPPORT,0,80,POST-HOC CHECKPOINT EVALUATION,source_components.Qc,correlation,0.9996825230012052
t2b-c-h1,Test 2B,C,H1,H1,5000,c44aa9e8811aacb423570a3bcb2f819462d882931b929a7bee442bb8b9a1d1c3,be3fac690063191ee78df7a8515b580d17842a34083835c73232ab1bb3995c6b,/Users/arjunsharma/Documents/SandiaProjects/4-LDRDAMDIS/DIMSWE-study-d0eb615/external-results/test2b-rain-active-learning/production/representation-C/h1-from-m1-m20-5k/checkpoint_000005000_parameters.npz,Y,TRAINING TRUTH SUPPORT,0,80,POST-HOC CHECKPOINT EVALUATION,source_components.Qc,cosine,0.999577171084808
t2b-c-h1,Test 2B,C,H1,H1,5000,c44aa9e8811aacb423570a3bcb2f819462d882931b929a7bee442bb8b9a1d1c3,be3fac690063191ee78df7a8515b580d17842a34083835c73232ab1bb3995c6b,/Users/arjunsharma/Documents/SandiaProjects/4-LDRDAMDIS/DIMSWE-study-d0eb615/external-results/test2b-rain-active-learning/production/representation-C/h1-from-m1-m20-5k/checkpoint_000005000_parameters.npz,Y,TRAINING TRUTH SUPPORT,0,80,POST-HOC CHECKPOINT EVALUATION,source_components.Qc,maximum_absolute_error,3.033184980960374e-05
t2b-c-h1,Test 2B,C,H1,H1,5000,c44aa9e8811aacb423570a3bcb2f819462d882931b929a7bee442bb8b9a1d1c3,be3fac690063191ee78df7a8515b580d17842a34083835c73232ab1bb3995c6b,/Users/arjunsharma/Documents/SandiaProjects/4-LDRDAMDIS/DIMSWE-study-d0eb615/external-results/test2b-rain-active-learning/production/representation-C/h1-from-m1-m20-5k/checkpoint_000005000_parameters.npz,Y,TRAINING TRUTH SUPPORT,0,80,POST-HOC CHECKPOINT EVALUATION,source_components.Qc,normalized_RMS_error,0.03001736303697848
t2b-c-h1,Test 2B,C,H1,H1,5000,c44aa9e8811aacb423570a3bcb2f819462d882931b929a7bee442bb8b9a1d1c3,be3fac690063191ee78df7a8515b580d17842a34083835c73232ab1bb3995c6b,/Users/arjunsharma/Documents/SandiaProjects/4-LDRDAMDIS/DIMSWE-study-d0eb615/external-results/test2b-rain-active-learning/production/representation-C/h1-from-m1-m20-5k/checkpoint_000005000_parameters.npz,Y,TRAINING TRUTH SUPPORT,0,80,POST-HOC CHECKPOINT EVALUATION,source_components.Qc,physical_RMS_error,2.0421874616109986e-06
t2b-c-h1,Test 2B,C,H1,H1,5000,c44aa9e8811aacb423570a3bcb2f819462d882931b929a7bee442bb8b9a1d1c3,be3fac690063191ee78df7a8515b580d17842a34083835c73232ab1bb3995c6b,/Users/arjunsharma/Documents/SandiaProjects/4-LDRDAMDIS/DIMSWE-study-d0eb615/external-results/test2b-rain-active-learning/production/representation-C/h1-from-m1-m20-5k/checkpoint_000005000_parameters.npz,Y,TRAINING TRUTH SUPPORT,0,80,POST-HOC CHECKPOINT EVALUATION,source_components.Qc,prediction_RMS,6.751774280157104e-05
t2b-c-h1,Test 2B,C,H1,H1,5000,c44aa9e8811aacb423570a3bcb2f819462d882931b929a7bee442bb8b9a1d1c3,be3fac690063191ee78df7a8515b580d17842a34083835c73232ab1bb3995c6b,/Users/arjunsharma/Documents/SandiaProjects/4-LDRDAMDIS/DIMSWE-study-d0eb615/external-results/test2b-rain-active-learning/production/representation-C/h1-from-m1-m20-5k/checkpoint_000005000_parameters.npz,Y,TRAINING TRUTH SUPPORT,0,80,POST-HOC CHECKPOINT EVALUATION,source_components.Qc,relative_RMS_error,0.030009400565502692
t2b-c-h1,Test 2B,C,H1,H1,5000,c44aa9e8811aacb423570a3bcb2f819462d882931b929a7bee442bb8b9a1d1c3,be3fac690063191ee78df7a8515b580d17842a34083835c73232ab1bb3995c6b,/Users/arjunsharma/Documents/SandiaProjects/4-LDRDAMDIS/DIMSWE-study-d0eb615/external-results/test2b-rain-active-learning/production/representation-C/h1-from-m1-m20-5k/checkpoint_000005000_parameters.npz,Y,TRAINING TRUTH SUPPORT,0,80,POST-HOC CHECKPOINT EVALUATION,source_components.Qc,sample_count,5308416
t2b-c-h1,Test 2B,C,H1,H1,5000,c44aa9e8811aacb423570a3bcb2f819462d882931b929a7bee442bb8b9a1d1c3,be3fac690063191ee78df7a8515b580d17842a34083835c73232ab1bb3995c6b,/Users/arjunsharma/Documents/SandiaProjects/4-LDRDAMDIS/DIMSWE-study-d0eb615/external-results/test2b-rain-active-learning/production/representation-C/h1-from-m1-m20-5k/checkpoint_000005000_parameters.npz,Y,TRAINING TRUTH SUPPORT,0,80,POST-HOC CHECKPOINT EVALUATION,source_components.Qc,signed_mass_weighted_bias,-1.0500265275318815e-06
t2b-c-h1,Test 2B,C,H1,H1,5000,c44aa9e8811aacb423570a3bcb2f819462d882931b929a7bee442bb8b9a1d1c3,be3fac690063191ee78df7a8515b580d17842a34083835c73232ab1bb3995c6b,/Users/arjunsharma/Documents/SandiaProjects/4-LDRDAMDIS/DIMSWE-study-d0eb615/external-results/test2b-rain-active-learning/production/representation-C/h1-from-m1-m20-5k/checkpoint_000005000_parameters.npz,Y,TRAINING TRUTH SUPPORT,0,80,POST-HOC CHECKPOINT EVALUATION,source_components.Qc,target_RMS,6.805159127232269e-05
t2b-c-h1,Test 2B,C,H1,H1,5000,c44aa9e8811aacb423570a3bcb2f819462d882931b929a7bee442bb8b9a1d1c3,be3fac690063191ee78df7a8515b580d17842a34083835c73232ab1bb3995c6b,/Users/arjunsharma/Documents/SandiaProjects/4-LDRDAMDIS/DIMSWE-study-d0eb615/external-results/test2b-rain-active-learning/production/representation-C/h1-from-m1-m20-5k/checkpoint_000005000_parameters.npz,Y,TRAINING TRUTH SUPPORT,0,80,POST-HOC CHECKPOINT EVALUATION,source_components.Qr,correlation,0.8105044390218515
t2b-c-h1,Test 2B,C,H1,H1,5000,c44aa9e8811aacb423570a3bcb2f819462d882931b929a7bee442bb8b9a1d1c3,be3fac690063191ee78df7a8515b580d17842a34083835c73232ab1bb3995c6b,/Users/arjunsharma/Documents/SandiaProjects/4-LDRDAMDIS/DIMSWE-study-d0eb615/external-results/test2b-rain-active-learning/production/representation-C/h1-from-m1-m20-5k/checkpoint_000005000_parameters.npz,Y,TRAINING TRUTH SUPPORT,0,80,POST-HOC CHECKPOINT EVALUATION,source_components.Qr,cosine,0.2969064474699995
t2b-c-h1,Test 2B,C,H1,H1,5000,c44aa9e8811aacb423570a3bcb2f819462d882931b929a7bee442bb8b9a1d1c3,be3fac690063191ee78df7a8515b580d17842a34083835c73232ab1bb3995c6b,/Users/arjunsharma/Documents/SandiaProjects/4-LDRDAMDIS/DIMSWE-study-d0eb615/external-results/test2b-rain-active-learning/production/representation-C/h1-from-m1-m20-5k/checkpoint_000005000_parameters.npz,Y,TRAINING TRUTH SUPPORT,0,80,POST-HOC CHECKPOINT EVALUATION,source_components.Qr,maximum_absolute_error,1.5980505818124206e-08
t2b-c-h1,Test 2B,C,H1,H1,5000,c44aa9e8811aacb423570a3bcb2f819462d882931b929a7bee442bb8b9a1d1c3,be3fac690063191ee78df7a8515b580d17842a34083835c73232ab1bb3995c6b,/Users/arjunsharma/Documents/SandiaProjects/4-LDRDAMDIS/DIMSWE-study-d0eb615/external-results/test2b-rain-active-learning/production/representation-C/h1-from-m1-m20-5k/checkpoint_000005000_parameters.npz,Y,TRAINING TRUTH SUPPORT,0,80,POST-HOC CHECKPOINT EVALUATION,source_components.Qr,normalized_RMS_error,0.1436776861388603
t2b-c-h1,Test 2B,C,H1,H1,5000,c44aa9e8811aacb423570a3bcb2f819462d882931b929a7bee442bb8b9a1d1c3,be3fac690063191ee78df7a8515b580d17842a34083835c73232ab1bb3995c6b,/Users/arjunsharma/Documents/SandiaProjects/4-LDRDAMDIS/DIMSWE-study-d0eb615/external-results/test2b-rain-active-learning/production/representation-C/h1-from-m1-m20-5k/checkpoint_000005000_parameters.npz,Y,TRAINING TRUTH SUPPORT,0,80,POST-HOC CHECKPOINT EVALUATION,source_components.Qr,physical_RMS_error,2.1661563759993984e-09
t2b-c-h1,Test 2B,C,H1,H1,5000,c44aa9e8811aacb423570a3bcb2f819462d882931b929a7bee442bb8b9a1d1c3,be3fac690063191ee78df7a8515b580d17842a34083835c73232ab1bb3995c6b,/Users/arjunsharma/Documents/SandiaProjects/4-LDRDAMDIS/DIMSWE-study-d0eb615/external-results/test2b-rain-active-learning/production/representation-C/h1-from-m1-m20-5k/checkpoint_000005000_parameters.npz,Y,TRAINING TRUTH SUPPORT,0,80,POST-HOC CHECKPOINT EVALUATION,source_components.Qr,prediction_RMS,2.1606558648340613e-09
t2b-c-h1,Test 2B,C,H1,H1,5000,c44aa9e8811aacb423570a3bcb2f819462d882931b929a7bee442bb8b9a1d1c3,be3fac690063191ee78df7a8515b580d17842a34083835c73232ab1bb3995c6b,/Users/arjunsharma/Documents/SandiaProjects/4-LDRDAMDIS/DIMSWE-study-d0eb615/external-results/test2b-rain-active-learning/production/representation-C/h1-from-m1-m20-5k/checkpoint_000005000_parameters.npz,Y,TRAINING TRUTH SUPPORT,0,80,POST-HOC CHECKPOINT EVALUATION,source_components.Qr,relative_RMS_error,1.6645912723116527
t2b-c-h1,Test 2B,C,H1,H1,5000,c44aa9e8811aacb423570a3bcb2f819462d882931b929a7bee442bb8b9a1d1c3,be3fac690063191ee78df7a8515b580d17842a34083835c73232ab1bb3995c6b,/Users/arjunsharma/Documents/SandiaProjects/4-LDRDAMDIS/DIMSWE-study-d0eb615/external-results/test2b-rain-active-learning/production/representation-C/h1-from-m1-m20-5k/checkpoint_000005000_parameters.npz,Y,TRAINING TRUTH SUPPORT,0,80,POST-HOC CHECKPOINT EVALUATION,source_components.Qr,sample_count,5308416
t2b-c-h1,Test 2B,C,H1,H1,5000,c44aa9e8811aacb423570a3bcb2f819462d882931b929a7bee442bb8b9a1d1c3,be3fac690063191ee78df7a8515b580d17842a34083835c73232ab1bb3995c6b,/Users/arjunsharma/Documents/SandiaProjects/4-LDRDAMDIS/DIMSWE-study-d0eb615/external-results/test2b-rain-active-learning/production/representation-C/h1-from-m1-m20-5k/checkpoint_000005000_parameters.npz,Y,TRAINING TRUTH SUPPORT,0,80,POST-HOC CHECKPOINT EVALUATION,source_components.Qr,signed_mass_weighted_bias,-2.026657089651593e-09
t2b-c-h1,Test 2B,C,H1,H1,5000,c44aa9e8811aacb423570a3bcb2f819462d882931b929a7bee442bb8b9a1d1c3,be3fac690063191ee78df7a8515b580d17842a34083835c73232ab1bb3995c6b,/Users/arjunsharma/Documents/SandiaProjects/4-LDRDAMDIS/DIMSWE-study-d0eb615/external-results/test2b-rain-active-learning/production/representation-C/h1-from-m1-m20-5k/checkpoint_000005000_parameters.npz,Y,TRAINING TRUTH SUPPORT,0,80,POST-HOC CHECKPOINT EVALUATION,source_components.Qr,target_RMS,1.3013142697733911e-09
t2b-c-h1,Test 2B,C,H1,H1,5000,c44aa9e8811aacb423570a3bcb2f819462d882931b929a7bee442bb8b9a1d1c3,be3fac690063191ee78df7a8515b580d17842a34083835c73232ab1bb3995c6b,/Users/arjunsharma/Documents/SandiaProjects/4-LDRDAMDIS/DIMSWE-study-d0eb615/external-results/test2b-rain-active-learning/production/representation-C/h1-from-m1-m20-5k/checkpoint_000005000_parameters.npz,Y,TRAINING TRUTH SUPPORT,0,80,POST-HOC CHECKPOINT EVALUATION,source_components.Qv,correlation,0.9995222347673506
t2b-c-h1,Test 2B,C,H1,H1,5000,c44aa9e8811aacb423570a3bcb2f819462d882931b929a7bee442bb8b9a1d1c3,be3fac690063191ee78df7a8515b580d17842a34083835c73232ab1bb3995c6b,/Users/arjunsharma/Documents/SandiaProjects/4-LDRDAMDIS/DIMSWE-study-d0eb615/external-results/test2b-rain-active-learning/production/representation-C/h1-from-m1-m20-5k/checkpoint_000005000_parameters.npz,Y,TRAINING TRUTH SUPPORT,0,80,POST-HOC CHECKPOINT EVALUATION,source_components.Qv,cosine,0.9994984905924141
t2b-c-h1,Test 2B,C,H1,H1,5000,c44aa9e8811aacb423570a3bcb2f819462d882931b929a7bee442bb8b9a1d1c3,be3fac690063191ee78df7a8515b580d17842a34083835c73232ab1bb3995c6b,/Users/arjunsharma/Documents/SandiaProjects/4-LDRDAMDIS/DIMSWE-study-d0eb615/external-results/test2b-rain-active-learning/production/representation-C/h1-from-m1-m20-5k/checkpoint_000005000_parameters.npz,Y,TRAINING TRUTH SUPPORT,0,80,POST-HOC CHECKPOINT EVALUATION,source_components.Qv,maximum_absolute_error,3.2399489809938986e-05
t2b-c-h1,Test 2B,C,H1,H1,5000,c44aa9e8811aacb423570a3bcb2f819462d882931b929a7bee442bb8b9a1d1c3,be3fac690063191ee78df7a8515b580d17842a34083835c73232ab1bb3995c6b,/Users/arjunsharma/Documents/SandiaProjects/4-LDRDAMDIS/DIMSWE-study-d0eb615/external-results/test2b-rain-active-learning/production/representation-C/h1-from-m1-m20-5k/checkpoint_000005000_parameters.npz,Y,TRAINING TRUTH SUPPORT,0,80,POST-HOC CHECKPOINT EVALUATION,source_components.Qv,normalized_RMS_error,0.03219960672179349
t2b-c-h1,Test 2B,C,H1,H1,5000,c44aa9e8811aacb423570a3bcb2f819462d882931b929a7bee442bb8b9a1d1c3,be3fac690063191ee78df7a8515b580d17842a34083835c73232ab1bb3995c6b,/Users/arjunsharma/Documents/SandiaProjects/4-LDRDAMDIS/DIMSWE-study-d0eb615/external-results/test2b-rain-active-learning/production/representation-C/h1-from-m1-m20-5k/checkpoint_000005000_parameters.npz,Y,TRAINING TRUTH SUPPORT,0,80,POST-HOC CHECKPOINT EVALUATION,source_components.Qv,physical_RMS_error,2.1906532251393023e-06
t2b-c-h1,Test 2B,C,H1,H1,5000,c44aa9e8811aacb423570a3bcb2f819462d882931b929a7bee442bb8b9a1d1c3,be3fac690063191ee78df7a8515b580d17842a34083835c73232ab1bb3995c6b,/Users/arjunsharma/Documents/SandiaProjects/4-LDRDAMDIS/DIMSWE-study-d0eb615/external-results/test2b-rain-active-learning/production/representation-C/h1-from-m1-m20-5k/checkpoint_000005000_parameters.npz,Y,TRAINING TRUTH SUPPORT,0,80,POST-HOC CHECKPOINT EVALUATION,source_components.Qv,prediction_RMS,6.762360253207424e-05
t2b-c-h1,Test 2B,C,H1,H1,5000,c44aa9e8811aacb423570a3bcb2f819462d882931b929a7bee442bb8b9a1d1c3,be3fac690063191ee78df7a8515b580d17842a34083835c73232ab1bb3995c6b,/Users/arjunsharma/Documents/SandiaProjects/4-LDRDAMDIS/DIMSWE-study-d0eb615/external-results/test2b-rain-active-learning/production/representation-C/h1-from-m1-m20-5k/checkpoint_000005000_parameters.npz,Y,TRAINING TRUTH SUPPORT,0,80,POST-HOC CHECKPOINT EVALUATION,source_components.Qv,relative_RMS_error,0.03219106480252776
t2b-c-h1,Test 2B,C,H1,H1,5000,c44aa9e8811aacb423570a3bcb2f819462d882931b929a7bee442bb8b9a1d1c3,be3fac690063191ee78df7a8515b580d17842a34083835c73232ab1bb3995c6b,/Users/arjunsharma/Documents/SandiaProjects/4-LDRDAMDIS/DIMSWE-study-d0eb615/external-results/test2b-rain-active-learning/production/representation-C/h1-from-m1-m20-5k/checkpoint_000005000_parameters.npz,Y,TRAINING TRUTH SUPPORT,0,80,POST-HOC CHECKPOINT EVALUATION,source_components.Qv,sample_count,5308416
t2b-c-h1,Test 2B,C,H1,H1,5000,c44aa9e8811aacb423570a3bcb2f819462d882931b929a7bee442bb8b9a1d1c3,be3fac690063191ee78df7a8515b580d17842a34083835c73232ab1bb3995c6b,/Users/arjunsharma/Documents/SandiaProjects/4-LDRDAMDIS/DIMSWE-study-d0eb615/external-results/test2b-rain-active-learning/production/representation-C/h1-from-m1-m20-5k/checkpoint_000005000_parameters.npz,Y,TRAINING TRUTH SUPPORT,0,80,POST-HOC CHECKPOINT EVALUATION,source_components.Qv,signed_mass_weighted_bias,5.621075246360299e-07
t2b-c-h1,Test 2B,C,H1,H1,5000,c44aa9e8811aacb423570a3bcb2f819462d882931b929a7bee442bb8b9a1d1c3,be3fac690063191ee78df7a8515b580d17842a34083835c73232ab1bb3995c6b,/Users/arjunsharma/Documents/SandiaProjects/4-LDRDAMDIS/DIMSWE-study-d0eb615/external-results/test2b-rain-active-learning/production/representation-C/h1-from-m1-m20-5k/checkpoint_000005000_parameters.npz,Y,TRAINING TRUTH SUPPORT,0,80,POST-HOC CHECKPOINT EVALUATION,source_components.Qv,target_RMS,6.805159253282248e-05
t2b-c-h1,Test 2B,C,H1,H1,5000,c44aa9e8811aacb423570a3bcb2f819462d882931b929a7bee442bb8b9a1d1c3,be3fac690063191ee78df7a8515b580d17842a34083835c73232ab1bb3995c6b,/Users/arjunsharma/Documents/SandiaProjects/4-LDRDAMDIS/DIMSWE-study-d0eb615/external-results/test2b-rain-active-learning/production/representation-C/h1-from-m1-m20-5k/checkpoint_000005000_parameters.npz,Y,TRAINING TRUTH SUPPORT,0,80,POST-HOC CHECKPOINT EVALUATION,source_components.S,correlation,0.999979894930419
t2b-c-h1,Test 2B,C,H1,H1,5000,c44aa9e8811aacb423570a3bcb2f819462d882931b929a7bee442bb8b9a1d1c3,be3fac690063191ee78df7a8515b580d17842a34083835c73232ab1bb3995c6b,/Users/arjunsharma/Documents/SandiaProjects/4-LDRDAMDIS/DIMSWE-study-d0eb615/external-results/test2b-rain-active-learning/production/representation-C/h1-from-m1-m20-5k/checkpoint_000005000_parameters.npz,Y,TRAINING TRUTH SUPPORT,0,80,POST-HOC CHECKPOINT EVALUATION,source_components.S,cosine,0.9999801439494406
t2b-c-h1,Test 2B,C,H1,H1,5000,c44aa9e8811aacb423570a3bcb2f819462d882931b929a7bee442bb8b9a1d1c3,be3fac690063191ee78df7a8515b580d17842a34083835c73232ab1bb3995c6b,/Users/arjunsharma/Documents/SandiaProjects/4-LDRDAMDIS/DIMSWE-study-d0eb615/external-results/test2b-rain-active-learning/production/representation-C/h1-from-m1-m20-5k/checkpoint_000005000_parameters.npz,Y,TRAINING TRUTH SUPPORT,0,80,POST-HOC CHECKPOINT EVALUATION,source_components.S,maximum_absolute_error,0.0026818880462947145
t2b-c-h1,Test 2B,C,H1,H1,5000,c44aa9e8811aacb423570a3bcb2f819462d882931b929a7bee442bb8b9a1d1c3,be3fac690063191ee78df7a8515b580d17842a34083835c73232ab1bb3995c6b,/Users/arjunsharma/Documents/SandiaProjects/4-LDRDAMDIS/DIMSWE-study-d0eb615/external-results/test2b-rain-active-learning/production/representation-C/h1-from-m1-m20-5k/checkpoint_000005000_parameters.npz,Y,TRAINING TRUTH SUPPORT,0,80,POST-HOC CHECKPOINT EVALUATION,source_components.S,normalized_RMS_error,0.006303547877806372
t2b-c-h1,Test 2B,C,H1,H1,5000,c44aa9e8811aacb423570a3bcb2f819462d882931b929a7bee442bb8b9a1d1c3,be3fac690063191ee78df7a8515b580d17842a34083835c73232ab1bb3995c6b,/Users/arjunsharma/Documents/SandiaProjects/4-LDRDAMDIS/DIMSWE-study-d0eb615/external-results/test2b-rain-active-learning/production/representation-C/h1-from-m1-m20-5k/checkpoint_000005000_parameters.npz,Y,TRAINING TRUTH SUPPORT,0,80,POST-HOC CHECKPOINT EVALUATION,source_components.S,physical_RMS_error,4.205397951055591e-05
t2b-c-h1,Test 2B,C,H1,H1,5000,c44aa9e8811aacb423570a3bcb2f819462d882931b929a7bee442bb8b9a1d1c3,be3fac690063191ee78df7a8515b580d17842a34083835c73232ab1bb3995c6b,/Users/arjunsharma/Documents/SandiaProjects/4-LDRDAMDIS/DIMSWE-study-d0eb615/external-results/test2b-rain-active-learning/production/representation-C/h1-from-m1-m20-5k/checkpoint_000005000_parameters.npz,Y,TRAINING TRUTH SUPPORT,0,80,POST-HOC CHECKPOINT EVALUATION,source_components.S,prediction_RMS,0.006672822365404495
t2b-c-h1,Test 2B,C,H1,H1,5000,c44aa9e8811aacb423570a3bcb2f819462d882931b929a7bee442bb8b9a1d1c3,be3fac690063191ee78df7a8515b580d17842a34083835c73232ab1bb3995c6b,/Users/arjunsharma/Documents/SandiaProjects/4-LDRDAMDIS/DIMSWE-study-d0eb615/external-results/test2b-rain-active-learning/production/representation-C/h1-from-m1-m20-5k/checkpoint_000005000_parameters.npz,Y,TRAINING TRUTH SUPPORT,0,80,POST-HOC CHECKPOINT EVALUATION,source_components.S,relative_RMS_error,0.006301875671138599
t2b-c-h1,Test 2B,C,H1,H1,5000,c44aa9e8811aacb423570a3bcb2f819462d882931b929a7bee442bb8b9a1d1c3,be3fac690063191ee78df7a8515b580d17842a34083835c73232ab1bb3995c6b,/Users/arjunsharma/Documents/SandiaProjects/4-LDRDAMDIS/DIMSWE-study-d0eb615/external-results/test2b-rain-active-learning/production/representation-C/h1-from-m1-m20-5k/checkpoint_000005000_parameters.npz,Y,TRAINING TRUTH SUPPORT,0,80,POST-HOC CHECKPOINT EVALUATION,source_components.S,sample_count,5308416
t2b-c-h1,Test 2B,C,H1,H1,5000,c44aa9e8811aacb423570a3bcb2f819462d882931b929a7bee442bb8b9a1d1c3,be3fac690063191ee78df7a8515b580d17842a34083835c73232ab1bb3995c6b,/Users/arjunsharma/Documents/SandiaProjects/4-LDRDAMDIS/DIMSWE-study-d0eb615/external-results/test2b-rain-active-learning/production/representation-C/h1-from-m1-m20-5k/checkpoint_000005000_parameters.npz,Y,TRAINING TRUTH SUPPORT,0,80,POST-HOC CHECKPOINT EVALUATION,source_components.S,signed_mass_weighted_bias,-1.0973241000638987e-07
t2b-c-h1,Test 2B,C,H1,H1,5000,c44aa9e8811aacb423570a3bcb2f819462d882931b929a7bee442bb8b9a1d1c3,be3fac690063191ee78df7a8515b580d17842a34083835c73232ab1bb3995c6b,/Users/arjunsharma/Documents/SandiaProjects/4-LDRDAMDIS/DIMSWE-study-d0eb615/external-results/test2b-rain-active-learning/production/representation-C/h1-from-m1-m20-5k/checkpoint_000005000_parameters.npz,Y,TRAINING TRUTH SUPPORT,0,80,POST-HOC CHECKPOINT EVALUATION,source_components.S,target_RMS,0.006673248046316622
t2b-c-h1,Test 2B,C,H1,H1,5000,c44aa9e8811aacb423570a3bcb2f819462d882931b929a7bee442bb8b9a1d1c3,be3fac690063191ee78df7a8515b580d17842a34083835c73232ab1bb3995c6b,/Users/arjunsharma/Documents/SandiaProjects/4-LDRDAMDIS/DIMSWE-study-d0eb615/external-results/test2b-rain-active-learning/production/representation-C/h1-from-m1-m20-5k/checkpoint_000005000_parameters.npz,Y,TRAINING TRUTH SUPPORT,0,80,POST-HOC CHECKPOINT EVALUATION,source_structure,S_minus_beta2_Qv_defect_RMS,0.00021068877523365188
t2b-c-h1,Test 2B,C,H1,H1,5000,c44aa9e8811aacb423570a3bcb2f819462d882931b929a7bee442bb8b9a1d1c3,be3fac690063191ee78df7a8515b580d17842a34083835c73232ab1bb3995c6b,/Users/arjunsharma/Documents/SandiaProjects/4-LDRDAMDIS/DIMSWE-study-d0eb615/external-results/test2b-rain-active-learning/production/representation-C/h1-from-m1-m20-5k/checkpoint_000005000_parameters.npz,Y,TRAINING TRUTH SUPPORT,0,80,POST-HOC CHECKPOINT EVALUATION,source_structure,negative_Qr_source_fraction,0.9831520363136574
t2b-c-h1,Test 2B,C,H1,H1,5000,c44aa9e8811aacb423570a3bcb2f819462d882931b929a7bee442bb8b9a1d1c3,be3fac690063191ee78df7a8515b580d17842a34083835c73232ab1bb3995c6b,/Users/arjunsharma/Documents/SandiaProjects/4-LDRDAMDIS/DIMSWE-study-d0eb615/external-results/test2b-rain-active-learning/production/representation-C/h1-from-m1-m20-5k/checkpoint_000005000_parameters.npz,Y,TRAINING TRUTH SUPPORT,0,80,POST-HOC CHECKPOINT EVALUATION,source_structure,normalized_off_manifold_RMS,0.026256086594356576
t2b-c-h1,Test 2B,C,H1,H1,5000,c44aa9e8811aacb423570a3bcb2f819462d882931b929a7bee442bb8b9a1d1c3,be3fac690063191ee78df7a8515b580d17842a34083835c73232ab1bb3995c6b,/Users/arjunsharma/Documents/SandiaProjects/4-LDRDAMDIS/DIMSWE-study-d0eb615/external-results/test2b-rain-active-learning/production/representation-C/h1-from-m1-m20-5k/checkpoint_000005000_parameters.npz,Y,TRAINING TRUTH SUPPORT,0,80,POST-HOC CHECKPOINT EVALUATION,source_structure,positive_Qr_source_fraction,0.01684796368634259
t2b-c-h1,Test 2B,C,H1,H1,5000,c44aa9e8811aacb423570a3bcb2f819462d882931b929a7bee442bb8b9a1d1c3,be3fac690063191ee78df7a8515b580d17842a34083835c73232ab1bb3995c6b,/Users/arjunsharma/Documents/SandiaProjects/4-LDRDAMDIS/DIMSWE-study-d0eb615/external-results/test2b-rain-active-learning/production/representation-C/h1-from-m1-m20-5k/checkpoint_000005000_parameters.npz,Y,TRAINING TRUTH SUPPORT,0,80,POST-HOC CHECKPOINT EVALUATION,source_structure,water_source_defect_RMS,9.828498757932787e-07
t2b-c-h1,Test 2B,C,H1,H1,5000,c44aa9e8811aacb423570a3bcb2f819462d882931b929a7bee442bb8b9a1d1c3,be3fac690063191ee78df7a8515b580d17842a34083835c73232ab1bb3995c6b,/Users/arjunsharma/Documents/SandiaProjects/4-LDRDAMDIS/DIMSWE-study-d0eb615/external-results/test2b-rain-active-learning/production/representation-C/h1-from-m1-m20-5k/checkpoint_000005000_parameters.npz,Y,TRAINING TRUTH SUPPORT,0,80,POST-HOC CHECKPOINT EVALUATION,source_vector,normalized_source_vector_cosine,0.9962348564059681
t2b-c-h1,Test 2B,C,H1,H1,5000,c44aa9e8811aacb423570a3bcb2f819462d882931b929a7bee442bb8b9a1d1c3,be3fac690063191ee78df7a8515b580d17842a34083835c73232ab1bb3995c6b,/Users/arjunsharma/Documents/SandiaProjects/4-LDRDAMDIS/DIMSWE-study-d0eb615/external-results/test2b-rain-active-learning/production/representation-C/h1-from-m1-m20-5k/checkpoint_000005000_parameters.npz,Y,TRAINING TRUTH SUPPORT,0,80,POST-HOC CHECKPOINT EVALUATION,source_vector,normalized_vector_RMS_error,0.150402356919021
t2b-c-h1,Test 2B,C,H1,H1,5000,c44aa9e8811aacb423570a3bcb2f819462d882931b929a7bee442bb8b9a1d1c3,be3fac690063191ee78df7a8515b580d17842a34083835c73232ab1bb3995c6b,/Users/arjunsharma/Documents/SandiaProjects/4-LDRDAMDIS/DIMSWE-study-d0eb615/external-results/test2b-rain-active-learning/production/representation-C/h1-from-m1-m20-5k/checkpoint_000005000_parameters.npz,Y,TRAINING TRUTH SUPPORT,0,80,POST-HOC CHECKPOINT EVALUATION,source_vector,normalized_vector_relative_RMS_error,0.08670427043105157
t2b-c-h1,Test 2B,C,H1,H1,5000,c44aa9e8811aacb423570a3bcb2f819462d882931b929a7bee442bb8b9a1d1c3,be3fac690063191ee78df7a8515b580d17842a34083835c73232ab1bb3995c6b,/Users/arjunsharma/Documents/SandiaProjects/4-LDRDAMDIS/DIMSWE-study-d0eb615/external-results/test2b-rain-active-learning/production/representation-C/h1-from-m1-m20-5k/checkpoint_000005000_parameters.npz,Y,HELD-OUT TRUTH SUPPORT,81,160,POST-HOC CHECKPOINT EVALUATION,effective_A,correlation,0.22526908520626532
t2b-c-h1,Test 2B,C,H1,H1,5000,c44aa9e8811aacb423570a3bcb2f819462d882931b929a7bee442bb8b9a1d1c3,be3fac690063191ee78df7a8515b580d17842a34083835c73232ab1bb3995c6b,/Users/arjunsharma/Documents/SandiaProjects/4-LDRDAMDIS/DIMSWE-study-d0eb615/external-results/test2b-rain-active-learning/production/representation-C/h1-from-m1-m20-5k/checkpoint_000005000_parameters.npz,Y,HELD-OUT TRUTH SUPPORT,81,160,POST-HOC CHECKPOINT EVALUATION,effective_A,cosine,0.22739142640372054
t2b-c-h1,Test 2B,C,H1,H1,5000,c44aa9e8811aacb423570a3bcb2f819462d882931b929a7bee442bb8b9a1d1c3,be3fac690063191ee78df7a8515b580d17842a34083835c73232ab1bb3995c6b,/Users/arjunsharma/Documents/SandiaProjects/4-LDRDAMDIS/DIMSWE-study-d0eb615/external-results/test2b-rain-active-learning/production/representation-C/h1-from-m1-m20-5k/checkpoint_000005000_parameters.npz,Y,HELD-OUT TRUTH SUPPORT,81,160,POST-HOC CHECKPOINT EVALUATION,effective_A,maximum_absolute_error,1.2250478448582002e-07
t2b-c-h1,Test 2B,C,H1,H1,5000,c44aa9e8811aacb423570a3bcb2f819462d882931b929a7bee442bb8b9a1d1c3,be3fac690063191ee78df7a8515b580d17842a34083835c73232ab1bb3995c6b,/Users/arjunsharma/Documents/SandiaProjects/4-LDRDAMDIS/DIMSWE-study-d0eb615/external-results/test2b-rain-active-learning/production/representation-C/h1-from-m1-m20-5k/checkpoint_000005000_parameters.npz,Y,HELD-OUT TRUTH SUPPORT,81,160,POST-HOC CHECKPOINT EVALUATION,effective_A,normalized_RMS_error,0.07339214295621192
t2b-c-h1,Test 2B,C,H1,H1,5000,c44aa9e8811aacb423570a3bcb2f819462d882931b929a7bee442bb8b9a1d1c3,be3fac690063191ee78df7a8515b580d17842a34083835c73232ab1bb3995c6b,/Users/arjunsharma/Documents/SandiaProjects/4-LDRDAMDIS/DIMSWE-study-d0eb615/external-results/test2b-rain-active-learning/production/representation-C/h1-from-m1-m20-5k/checkpoint_000005000_parameters.npz,Y,HELD-OUT TRUTH SUPPORT,81,160,POST-HOC CHECKPOINT EVALUATION,effective_A,physical_RMS_error,6.643646613466558e-09
t2b-c-h1,Test 2B,C,H1,H1,5000,c44aa9e8811aacb423570a3bcb2f819462d882931b929a7bee442bb8b9a1d1c3,be3fac690063191ee78df7a8515b580d17842a34083835c73232ab1bb3995c6b,/Users/arjunsharma/Documents/SandiaProjects/4-LDRDAMDIS/DIMSWE-study-d0eb615/external-results/test2b-rain-active-learning/production/representation-C/h1-from-m1-m20-5k/checkpoint_000005000_parameters.npz,Y,HELD-OUT TRUTH SUPPORT,81,160,POST-HOC CHECKPOINT EVALUATION,effective_A,prediction_RMS,6.692961477765566e-09
t2b-c-h1,Test 2B,C,H1,H1,5000,c44aa9e8811aacb423570a3bcb2f819462d882931b929a7bee442bb8b9a1d1c3,be3fac690063191ee78df7a8515b580d17842a34083835c73232ab1bb3995c6b,/Users/arjunsharma/Documents/SandiaProjects/4-LDRDAMDIS/DIMSWE-study-d0eb615/external-results/test2b-rain-active-learning/production/representation-C/h1-from-m1-m20-5k/checkpoint_000005000_parameters.npz,Y,HELD-OUT TRUTH SUPPORT,81,160,POST-HOC CHECKPOINT EVALUATION,effective_A,relative_RMS_error,2.364480125456287
t2b-c-h1,Test 2B,C,H1,H1,5000,c44aa9e8811aacb423570a3bcb2f819462d882931b929a7bee442bb8b9a1d1c3,be3fac690063191ee78df7a8515b580d17842a34083835c73232ab1bb3995c6b,/Users/arjunsharma/Documents/SandiaProjects/4-LDRDAMDIS/DIMSWE-study-d0eb615/external-results/test2b-rain-active-learning/production/representation-C/h1-from-m1-m20-5k/checkpoint_000005000_parameters.npz,Y,HELD-OUT TRUTH SUPPORT,81,160,POST-HOC CHECKPOINT EVALUATION,effective_A,sample_count,5242880
t2b-c-h1,Test 2B,C,H1,H1,5000,c44aa9e8811aacb423570a3bcb2f819462d882931b929a7bee442bb8b9a1d1c3,be3fac690063191ee78df7a8515b580d17842a34083835c73232ab1bb3995c6b,/Users/arjunsharma/Documents/SandiaProjects/4-LDRDAMDIS/DIMSWE-study-d0eb615/external-results/test2b-rain-active-learning/production/representation-C/h1-from-m1-m20-5k/checkpoint_000005000_parameters.npz,Y,HELD-OUT TRUTH SUPPORT,81,160,POST-HOC CHECKPOINT EVALUATION,effective_A,signed_mass_weighted_bias,-3.975310481701359e-10
t2b-c-h1,Test 2B,C,H1,H1,5000,c44aa9e8811aacb423570a3bcb2f819462d882931b929a7bee442bb8b9a1d1c3,be3fac690063191ee78df7a8515b580d17842a34083835c73232ab1bb3995c6b,/Users/arjunsharma/Documents/SandiaProjects/4-LDRDAMDIS/DIMSWE-study-d0eb615/external-results/test2b-rain-active-learning/production/representation-C/h1-from-m1-m20-5k/checkpoint_000005000_parameters.npz,Y,HELD-OUT TRUTH SUPPORT,81,160,POST-HOC CHECKPOINT EVALUATION,effective_A,target_RMS,2.8097705461510257e-09
t2b-c-h1,Test 2B,C,H1,H1,5000,c44aa9e8811aacb423570a3bcb2f819462d882931b929a7bee442bb8b9a1d1c3,be3fac690063191ee78df7a8515b580d17842a34083835c73232ab1bb3995c6b,/Users/arjunsharma/Documents/SandiaProjects/4-LDRDAMDIS/DIMSWE-study-d0eb615/external-results/test2b-rain-active-learning/production/representation-C/h1-from-m1-m20-5k/checkpoint_000005000_parameters.npz,Y,HELD-OUT TRUTH SUPPORT,81,160,POST-HOC CHECKPOINT EVALUATION,effective_R,correlation,0.8753003703313493
t2b-c-h1,Test 2B,C,H1,H1,5000,c44aa9e8811aacb423570a3bcb2f819462d882931b929a7bee442bb8b9a1d1c3,be3fac690063191ee78df7a8515b580d17842a34083835c73232ab1bb3995c6b,/Users/arjunsharma/Documents/SandiaProjects/4-LDRDAMDIS/DIMSWE-study-d0eb615/external-results/test2b-rain-active-learning/production/representation-C/h1-from-m1-m20-5k/checkpoint_000005000_parameters.npz,Y,HELD-OUT TRUTH SUPPORT,81,160,POST-HOC CHECKPOINT EVALUATION,effective_R,cosine,0.5832743677928127
t2b-c-h1,Test 2B,C,H1,H1,5000,c44aa9e8811aacb423570a3bcb2f819462d882931b929a7bee442bb8b9a1d1c3,be3fac690063191ee78df7a8515b580d17842a34083835c73232ab1bb3995c6b,/Users/arjunsharma/Documents/SandiaProjects/4-LDRDAMDIS/DIMSWE-study-d0eb615/external-results/test2b-rain-active-learning/production/representation-C/h1-from-m1-m20-5k/checkpoint_000005000_parameters.npz,Y,HELD-OUT TRUTH SUPPORT,81,160,POST-HOC CHECKPOINT EVALUATION,effective_R,maximum_absolute_error,2.7750231447904917e-11
t2b-c-h1,Test 2B,C,H1,H1,5000,c44aa9e8811aacb423570a3bcb2f819462d882931b929a7bee442bb8b9a1d1c3,be3fac690063191ee78df7a8515b580d17842a34083835c73232ab1bb3995c6b,/Users/arjunsharma/Documents/SandiaProjects/4-LDRDAMDIS/DIMSWE-study-d0eb615/external-results/test2b-rain-active-learning/production/representation-C/h1-from-m1-m20-5k/checkpoint_000005000_parameters.npz,Y,HELD-OUT TRUTH SUPPORT,81,160,POST-HOC CHECKPOINT EVALUATION,effective_R,normalized_RMS_error,0.24737181543341347
t2b-c-h1,Test 2B,C,H1,H1,5000,c44aa9e8811aacb423570a3bcb2f819462d882931b929a7bee442bb8b9a1d1c3,be3fac690063191ee78df7a8515b580d17842a34083835c73232ab1bb3995c6b,/Users/arjunsharma/Documents/SandiaProjects/4-LDRDAMDIS/DIMSWE-study-d0eb615/external-results/test2b-rain-active-learning/production/representation-C/h1-from-m1-m20-5k/checkpoint_000005000_parameters.npz,Y,HELD-OUT TRUTH SUPPORT,81,160,POST-HOC CHECKPOINT EVALUATION,effective_R,physical_RMS_error,4.923409396309608e-12
t2b-c-h1,Test 2B,C,H1,H1,5000,c44aa9e8811aacb423570a3bcb2f819462d882931b929a7bee442bb8b9a1d1c3,be3fac690063191ee78df7a8515b580d17842a34083835c73232ab1bb3995c6b,/Users/arjunsharma/Documents/SandiaProjects/4-LDRDAMDIS/DIMSWE-study-d0eb615/external-results/test2b-rain-active-learning/production/representation-C/h1-from-m1-m20-5k/checkpoint_000005000_parameters.npz,Y,HELD-OUT TRUTH SUPPORT,81,160,POST-HOC CHECKPOINT EVALUATION,effective_R,prediction_RMS,3.3020906075712367e-12
t2b-c-h1,Test 2B,C,H1,H1,5000,c44aa9e8811aacb423570a3bcb2f819462d882931b929a7bee442bb8b9a1d1c3,be3fac690063191ee78df7a8515b580d17842a34083835c73232ab1bb3995c6b,/Users/arjunsharma/Documents/SandiaProjects/4-LDRDAMDIS/DIMSWE-study-d0eb615/external-results/test2b-rain-active-learning/production/representation-C/h1-from-m1-m20-5k/checkpoint_000005000_parameters.npz,Y,HELD-OUT TRUTH SUPPORT,81,160,POST-HOC CHECKPOINT EVALUATION,effective_R,relative_RMS_error,0.8131587031924481
t2b-c-h1,Test 2B,C,H1,H1,5000,c44aa9e8811aacb423570a3bcb2f819462d882931b929a7bee442bb8b9a1d1c3,be3fac690063191ee78df7a8515b580d17842a34083835c73232ab1bb3995c6b,/Users/arjunsharma/Documents/SandiaProjects/4-LDRDAMDIS/DIMSWE-study-d0eb615/external-results/test2b-rain-active-learning/production/representation-C/h1-from-m1-m20-5k/checkpoint_000005000_parameters.npz,Y,HELD-OUT TRUTH SUPPORT,81,160,POST-HOC CHECKPOINT EVALUATION,effective_R,sample_count,5242880
t2b-c-h1,Test 2B,C,H1,H1,5000,c44aa9e8811aacb423570a3bcb2f819462d882931b929a7bee442bb8b9a1d1c3,be3fac690063191ee78df7a8515b580d17842a34083835c73232ab1bb3995c6b,/Users/arjunsharma/Documents/SandiaProjects/4-LDRDAMDIS/DIMSWE-study-d0eb615/external-results/test2b-rain-active-learning/production/representation-C/h1-from-m1-m20-5k/checkpoint_000005000_parameters.npz,Y,HELD-OUT TRUTH SUPPORT,81,160,POST-HOC CHECKPOINT EVALUATION,effective_R,signed_mass_weighted_bias,-3.2198596795320206e-12
t2b-c-h1,Test 2B,C,H1,H1,5000,c44aa9e8811aacb423570a3bcb2f819462d882931b929a7bee442bb8b9a1d1c3,be3fac690063191ee78df7a8515b580d17842a34083835c73232ab1bb3995c6b,/Users/arjunsharma/Documents/SandiaProjects/4-LDRDAMDIS/DIMSWE-study-d0eb615/external-results/test2b-rain-active-learning/production/representation-C/h1-from-m1-m20-5k/checkpoint_000005000_parameters.npz,Y,HELD-OUT TRUTH SUPPORT,81,160,POST-HOC CHECKPOINT EVALUATION,effective_R,target_RMS,6.054672202339324e-12
t2b-c-h1,Test 2B,C,H1,H1,5000,c44aa9e8811aacb423570a3bcb2f819462d882931b929a7bee442bb8b9a1d1c3,be3fac690063191ee78df7a8515b580d17842a34083835c73232ab1bb3995c6b,/Users/arjunsharma/Documents/SandiaProjects/4-LDRDAMDIS/DIMSWE-study-d0eb615/external-results/test2b-rain-active-learning/production/representation-C/h1-from-m1-m20-5k/checkpoint_000005000_parameters.npz,Y,HELD-OUT TRUTH SUPPORT,81,160,POST-HOC CHECKPOINT EVALUATION,effective_R_activation,activity_numerical_tolerance,1.2119968976504772e-20
t2b-c-h1,Test 2B,C,H1,H1,5000,c44aa9e8811aacb423570a3bcb2f819462d882931b929a7bee442bb8b9a1d1c3,be3fac690063191ee78df7a8515b580d17842a34083835c73232ab1bb3995c6b,/Users/arjunsharma/Documents/SandiaProjects/4-LDRDAMDIS/DIMSWE-study-d0eb615/external-results/test2b-rain-active-learning/production/representation-C/h1-from-m1-m20-5k/checkpoint_000005000_parameters.npz,Y,HELD-OUT TRUTH SUPPORT,81,160,POST-HOC CHECKPOINT EVALUATION,effective_R_activation,false_negative_count,0
t2b-c-h1,Test 2B,C,H1,H1,5000,c44aa9e8811aacb423570a3bcb2f819462d882931b929a7bee442bb8b9a1d1c3,be3fac690063191ee78df7a8515b580d17842a34083835c73232ab1bb3995c6b,/Users/arjunsharma/Documents/SandiaProjects/4-LDRDAMDIS/DIMSWE-study-d0eb615/external-results/test2b-rain-active-learning/production/representation-C/h1-from-m1-m20-5k/checkpoint_000005000_parameters.npz,Y,HELD-OUT TRUTH SUPPORT,81,160,POST-HOC CHECKPOINT EVALUATION,effective_R_activation,false_negative_rate_given_truth_active,0.0
t2b-c-h1,Test 2B,C,H1,H1,5000,c44aa9e8811aacb423570a3bcb2f819462d882931b929a7bee442bb8b9a1d1c3,be3fac690063191ee78df7a8515b580d17842a34083835c73232ab1bb3995c6b,/Users/arjunsharma/Documents/SandiaProjects/4-LDRDAMDIS/DIMSWE-study-d0eb615/external-results/test2b-rain-active-learning/production/representation-C/h1-from-m1-m20-5k/checkpoint_000005000_parameters.npz,Y,HELD-OUT TRUTH SUPPORT,81,160,POST-HOC CHECKPOINT EVALUATION,effective_R_activation,false_positive_count,156714
t2b-c-h1,Test 2B,C,H1,H1,5000,c44aa9e8811aacb423570a3bcb2f819462d882931b929a7bee442bb8b9a1d1c3,be3fac690063191ee78df7a8515b580d17842a34083835c73232ab1bb3995c6b,/Users/arjunsharma/Documents/SandiaProjects/4-LDRDAMDIS/DIMSWE-study-d0eb615/external-results/test2b-rain-active-learning/production/representation-C/h1-from-m1-m20-5k/checkpoint_000005000_parameters.npz,Y,HELD-OUT TRUTH SUPPORT,81,160,POST-HOC CHECKPOINT EVALUATION,effective_R_activation,false_positive_rate_given_truth_inactive,0.03226514432163602
t2b-c-h1,Test 2B,C,H1,H1,5000,c44aa9e8811aacb423570a3bcb2f819462d882931b929a7bee442bb8b9a1d1c3,be3fac690063191ee78df7a8515b580d17842a34083835c73232ab1bb3995c6b,/Users/arjunsharma/Documents/SandiaProjects/4-LDRDAMDIS/DIMSWE-study-d0eb615/external-results/test2b-rain-active-learning/production/representation-C/h1-from-m1-m20-5k/checkpoint_000005000_parameters.npz,Y,HELD-OUT TRUTH SUPPORT,81,160,POST-HOC CHECKPOINT EVALUATION,effective_R_activation,first_meaningful_positive_predicted_step,81
t2b-c-h1,Test 2B,C,H1,H1,5000,c44aa9e8811aacb423570a3bcb2f819462d882931b929a7bee442bb8b9a1d1c3,be3fac690063191ee78df7a8515b580d17842a34083835c73232ab1bb3995c6b,/Users/arjunsharma/Documents/SandiaProjects/4-LDRDAMDIS/DIMSWE-study-d0eb615/external-results/test2b-rain-active-learning/production/representation-C/h1-from-m1-m20-5k/checkpoint_000005000_parameters.npz,Y,HELD-OUT TRUTH SUPPORT,81,160,POST-HOC CHECKPOINT EVALUATION,effective_R_activation,first_meaningful_positive_truth_step,81
t2b-c-h1,Test 2B,C,H1,H1,5000,c44aa9e8811aacb423570a3bcb2f819462d882931b929a7bee442bb8b9a1d1c3,be3fac690063191ee78df7a8515b580d17842a34083835c73232ab1bb3995c6b,/Users/arjunsharma/Documents/SandiaProjects/4-LDRDAMDIS/DIMSWE-study-d0eb615/external-results/test2b-rain-active-learning/production/representation-C/h1-from-m1-m20-5k/checkpoint_000005000_parameters.npz,Y,HELD-OUT TRUTH SUPPORT,81,160,POST-HOC CHECKPOINT EVALUATION,effective_R_activation,maximum_predicted_effective_R,3.137316585043358e-11
t2b-c-h1,Test 2B,C,H1,H1,5000,c44aa9e8811aacb423570a3bcb2f819462d882931b929a7bee442bb8b9a1d1c3,be3fac690063191ee78df7a8515b580d17842a34083835c73232ab1bb3995c6b,/Users/arjunsharma/Documents/SandiaProjects/4-LDRDAMDIS/DIMSWE-study-d0eb615/external-results/test2b-rain-active-learning/production/representation-C/h1-from-m1-m20-5k/checkpoint_000005000_parameters.npz,Y,HELD-OUT TRUTH SUPPORT,81,160,POST-HOC CHECKPOINT EVALUATION,effective_R_activation,minimum_predicted_effective_R,-5.6660282261336805e-12
t2b-c-h1,Test 2B,C,H1,H1,5000,c44aa9e8811aacb423570a3bcb2f819462d882931b929a7bee442bb8b9a1d1c3,be3fac690063191ee78df7a8515b580d17842a34083835c73232ab1bb3995c6b,/Users/arjunsharma/Documents/SandiaProjects/4-LDRDAMDIS/DIMSWE-study-d0eb615/external-results/test2b-rain-active-learning/production/representation-C/h1-from-m1-m20-5k/checkpoint_000005000_parameters.npz,Y,HELD-OUT TRUTH SUPPORT,81,160,POST-HOC CHECKPOINT EVALUATION,effective_R_activation,predicted_meaningful_negative_fraction,0.8965213775634766
t2b-c-h1,Test 2B,C,H1,H1,5000,c44aa9e8811aacb423570a3bcb2f819462d882931b929a7bee442bb8b9a1d1c3,be3fac690063191ee78df7a8515b580d17842a34083835c73232ab1bb3995c6b,/Users/arjunsharma/Documents/SandiaProjects/4-LDRDAMDIS/DIMSWE-study-d0eb615/external-results/test2b-rain-active-learning/production/representation-C/h1-from-m1-m20-5k/checkpoint_000005000_parameters.npz,Y,HELD-OUT TRUTH SUPPORT,81,160,POST-HOC CHECKPOINT EVALUATION,effective_R_activation,predicted_meaningful_positive_fraction,0.10347862243652343
t2b-c-h1,Test 2B,C,H1,H1,5000,c44aa9e8811aacb423570a3bcb2f819462d882931b929a7bee442bb8b9a1d1c3,be3fac690063191ee78df7a8515b580d17842a34083835c73232ab1bb3995c6b,/Users/arjunsharma/Documents/SandiaProjects/4-LDRDAMDIS/DIMSWE-study-d0eb615/external-results/test2b-rain-active-learning/production/representation-C/h1-from-m1-m20-5k/checkpoint_000005000_parameters.npz,Y,HELD-OUT TRUTH SUPPORT,81,160,POST-HOC CHECKPOINT EVALUATION,effective_R_activation,sample_count,5242880
t2b-c-h1,Test 2B,C,H1,H1,5000,c44aa9e8811aacb423570a3bcb2f819462d882931b929a7bee442bb8b9a1d1c3,be3fac690063191ee78df7a8515b580d17842a34083835c73232ab1bb3995c6b,/Users/arjunsharma/Documents/SandiaProjects/4-LDRDAMDIS/DIMSWE-study-d0eb615/external-results/test2b-rain-active-learning/production/representation-C/h1-from-m1-m20-5k/checkpoint_000005000_parameters.npz,Y,HELD-OUT TRUTH SUPPORT,81,160,POST-HOC CHECKPOINT EVALUATION,effective_R_activation,truth_active_sample_count,385812
t2b-c-h1,Test 2B,C,H1,H1,5000,c44aa9e8811aacb423570a3bcb2f819462d882931b929a7bee442bb8b9a1d1c3,be3fac690063191ee78df7a8515b580d17842a34083835c73232ab1bb3995c6b,/Users/arjunsharma/Documents/SandiaProjects/4-LDRDAMDIS/DIMSWE-study-d0eb615/external-results/test2b-rain-active-learning/production/representation-C/h1-from-m1-m20-5k/checkpoint_000005000_parameters.npz,Y,HELD-OUT TRUTH SUPPORT,81,160,POST-HOC CHECKPOINT EVALUATION,effective_R_activation,truth_active_sample_fraction,0.07358779907226562
t2b-c-h1,Test 2B,C,H1,H1,5000,c44aa9e8811aacb423570a3bcb2f819462d882931b929a7bee442bb8b9a1d1c3,be3fac690063191ee78df7a8515b580d17842a34083835c73232ab1bb3995c6b,/Users/arjunsharma/Documents/SandiaProjects/4-LDRDAMDIS/DIMSWE-study-d0eb615/external-results/test2b-rain-active-learning/production/representation-C/h1-from-m1-m20-5k/checkpoint_000005000_parameters.npz,Y,HELD-OUT TRUTH SUPPORT,81,160,POST-HOC CHECKPOINT EVALUATION,operator,denominator,193535635602756.66
t2b-c-h1,Test 2B,C,H1,H1,5000,c44aa9e8811aacb423570a3bcb2f819462d882931b929a7bee442bb8b9a1d1c3,be3fac690063191ee78df7a8515b580d17842a34083835c73232ab1bb3995c6b,/Users/arjunsharma/Documents/SandiaProjects/4-LDRDAMDIS/DIMSWE-study-d0eb615/external-results/test2b-rain-active-learning/production/representation-C/h1-from-m1-m20-5k/checkpoint_000005000_parameters.npz,Y,HELD-OUT TRUTH SUPPORT,81,160,POST-HOC CHECKPOINT EVALUATION,operator,normalized_objective,0.7969104296400599
t2b-c-h1,Test 2B,C,H1,H1,5000,c44aa9e8811aacb423570a3bcb2f819462d882931b929a7bee442bb8b9a1d1c3,be3fac690063191ee78df7a8515b580d17842a34083835c73232ab1bb3995c6b,/Users/arjunsharma/Documents/SandiaProjects/4-LDRDAMDIS/DIMSWE-study-d0eb615/external-results/test2b-rain-active-learning/production/representation-C/h1-from-m1-m20-5k/checkpoint_000005000_parameters.npz,Y,HELD-OUT TRUTH SUPPORT,81,160,POST-HOC CHECKPOINT EVALUATION,operator,numerator,154230566518854.88
t2b-c-h1,Test 2B,C,H1,H1,5000,c44aa9e8811aacb423570a3bcb2f819462d882931b929a7bee442bb8b9a1d1c3,be3fac690063191ee78df7a8515b580d17842a34083835c73232ab1bb3995c6b,/Users/arjunsharma/Documents/SandiaProjects/4-LDRDAMDIS/DIMSWE-study-d0eb615/external-results/test2b-rain-active-learning/production/representation-C/h1-from-m1-m20-5k/checkpoint_000005000_parameters.npz,Y,HELD-OUT TRUTH SUPPORT,81,160,POST-HOC CHECKPOINT EVALUATION,source_components.Qc,correlation,0.16730066959933576
t2b-c-h1,Test 2B,C,H1,H1,5000,c44aa9e8811aacb423570a3bcb2f819462d882931b929a7bee442bb8b9a1d1c3,be3fac690063191ee78df7a8515b580d17842a34083835c73232ab1bb3995c6b,/Users/arjunsharma/Documents/SandiaProjects/4-LDRDAMDIS/DIMSWE-study-d0eb615/external-results/test2b-rain-active-learning/production/representation-C/h1-from-m1-m20-5k/checkpoint_000005000_parameters.npz,Y,HELD-OUT TRUTH SUPPORT,81,160,POST-HOC CHECKPOINT EVALUATION,source_components.Qc,cosine,0.16613643353664587
t2b-c-h1,Test 2B,C,H1,H1,5000,c44aa9e8811aacb423570a3bcb2f819462d882931b929a7bee442bb8b9a1d1c3,be3fac690063191ee78df7a8515b580d17842a34083835c73232ab1bb3995c6b,/Users/arjunsharma/Documents/SandiaProjects/4-LDRDAMDIS/DIMSWE-study-d0eb615/external-results/test2b-rain-active-learning/production/representation-C/h1-from-m1-m20-5k/checkpoint_000005000_parameters.npz,Y,HELD-OUT TRUTH SUPPORT,81,160,POST-HOC CHECKPOINT EVALUATION,source_components.Qc,maximum_absolute_error,9.134973047562688e-05
t2b-c-h1,Test 2B,C,H1,H1,5000,c44aa9e8811aacb423570a3bcb2f819462d882931b929a7bee442bb8b9a1d1c3,be3fac690063191ee78df7a8515b580d17842a34083835c73232ab1bb3995c6b,/Users/arjunsharma/Documents/SandiaProjects/4-LDRDAMDIS/DIMSWE-study-d0eb615/external-results/test2b-rain-active-learning/production/representation-C/h1-from-m1-m20-5k/checkpoint_000005000_parameters.npz,Y,HELD-OUT TRUTH SUPPORT,81,160,POST-HOC CHECKPOINT EVALUATION,source_components.Qc,normalized_RMS_error,0.07912695616512284
t2b-c-h1,Test 2B,C,H1,H1,5000,c44aa9e8811aacb423570a3bcb2f819462d882931b929a7bee442bb8b9a1d1c3,be3fac690063191ee78df7a8515b580d17842a34083835c73232ab1bb3995c6b,/Users/arjunsharma/Documents/SandiaProjects/4-LDRDAMDIS/DIMSWE-study-d0eb615/external-results/test2b-rain-active-learning/production/representation-C/h1-from-m1-m20-5k/checkpoint_000005000_parameters.npz,Y,HELD-OUT TRUTH SUPPORT,81,160,POST-HOC CHECKPOINT EVALUATION,source_components.Qc,physical_RMS_error,5.383286918201016e-06
t2b-c-h1,Test 2B,C,H1,H1,5000,c44aa9e8811aacb423570a3bcb2f819462d882931b929a7bee442bb8b9a1d1c3,be3fac690063191ee78df7a8515b580d17842a34083835c73232ab1bb3995c6b,/Users/arjunsharma/Documents/SandiaProjects/4-LDRDAMDIS/DIMSWE-study-d0eb615/external-results/test2b-rain-active-learning/production/representation-C/h1-from-m1-m20-5k/checkpoint_000005000_parameters.npz,Y,HELD-OUT TRUTH SUPPORT,81,160,POST-HOC CHECKPOINT EVALUATION,source_components.Qc,prediction_RMS,5.327732785066165e-06
t2b-c-h1,Test 2B,C,H1,H1,5000,c44aa9e8811aacb423570a3bcb2f819462d882931b929a7bee442bb8b9a1d1c3,be3fac690063191ee78df7a8515b580d17842a34083835c73232ab1bb3995c6b,/Users/arjunsharma/Documents/SandiaProjects/4-LDRDAMDIS/DIMSWE-study-d0eb615/external-results/test2b-rain-active-learning/production/representation-C/h1-from-m1-m20-5k/checkpoint_000005000_parameters.npz,Y,HELD-OUT TRUTH SUPPORT,81,160,POST-HOC CHECKPOINT EVALUATION,source_components.Qc,relative_RMS_error,2.614229791209161
t2b-c-h1,Test 2B,C,H1,H1,5000,c44aa9e8811aacb423570a3bcb2f819462d882931b929a7bee442bb8b9a1d1c3,be3fac690063191ee78df7a8515b580d17842a34083835c73232ab1bb3995c6b,/Users/arjunsharma/Documents/SandiaProjects/4-LDRDAMDIS/DIMSWE-study-d0eb615/external-results/test2b-rain-active-learning/production/representation-C/h1-from-m1-m20-5k/checkpoint_000005000_parameters.npz,Y,HELD-OUT TRUTH SUPPORT,81,160,POST-HOC CHECKPOINT EVALUATION,source_components.Qc,sample_count,5242880
t2b-c-h1,Test 2B,C,H1,H1,5000,c44aa9e8811aacb423570a3bcb2f819462d882931b929a7bee442bb8b9a1d1c3,be3fac690063191ee78df7a8515b580d17842a34083835c73232ab1bb3995c6b,/Users/arjunsharma/Documents/SandiaProjects/4-LDRDAMDIS/DIMSWE-study-d0eb615/external-results/test2b-rain-active-learning/production/representation-C/h1-from-m1-m20-5k/checkpoint_000005000_parameters.npz,Y,HELD-OUT TRUTH SUPPORT,81,160,POST-HOC CHECKPOINT EVALUATION,source_components.Qc,signed_mass_weighted_bias,-2.097417073927717e-07
t2b-c-h1,Test 2B,C,H1,H1,5000,c44aa9e8811aacb423570a3bcb2f819462d882931b929a7bee442bb8b9a1d1c3,be3fac690063191ee78df7a8515b580d17842a34083835c73232ab1bb3995c6b,/Users/arjunsharma/Documents/SandiaProjects/4-LDRDAMDIS/DIMSWE-study-d0eb615/external-results/test2b-rain-active-learning/production/representation-C/h1-from-m1-m20-5k/checkpoint_000005000_parameters.npz,Y,HELD-OUT TRUTH SUPPORT,81,160,POST-HOC CHECKPOINT EVALUATION,source_components.Qc,target_RMS,2.0592248379631086e-06
t2b-c-h1,Test 2B,C,H1,H1,5000,c44aa9e8811aacb423570a3bcb2f819462d882931b929a7bee442bb8b9a1d1c3,be3fac690063191ee78df7a8515b580d17842a34083835c73232ab1bb3995c6b,/Users/arjunsharma/Documents/SandiaProjects/4-LDRDAMDIS/DIMSWE-study-d0eb615/external-results/test2b-rain-active-learning/production/representation-C/h1-from-m1-m20-5k/checkpoint_000005000_parameters.npz,Y,HELD-OUT TRUTH SUPPORT,81,160,POST-HOC CHECKPOINT EVALUATION,source_components.Qr,correlation,0.8788989924783562
t2b-c-h1,Test 2B,C,H1,H1,5000,c44aa9e8811aacb423570a3bcb2f819462d882931b929a7bee442bb8b9a1d1c3,be3fac690063191ee78df7a8515b580d17842a34083835c73232ab1bb3995c6b,/Users/arjunsharma/Documents/SandiaProjects/4-LDRDAMDIS/DIMSWE-study-d0eb615/external-results/test2b-rain-active-learning/production/representation-C/h1-from-m1-m20-5k/checkpoint_000005000_parameters.npz,Y,HELD-OUT TRUTH SUPPORT,81,160,POST-HOC CHECKPOINT EVALUATION,source_components.Qr,cosine,0.5919699725262009
t2b-c-h1,Test 2B,C,H1,H1,5000,c44aa9e8811aacb423570a3bcb2f819462d882931b929a7bee442bb8b9a1d1c3,be3fac690063191ee78df7a8515b580d17842a34083835c73232ab1bb3995c6b,/Users/arjunsharma/Documents/SandiaProjects/4-LDRDAMDIS/DIMSWE-study-d0eb615/external-results/test2b-rain-active-learning/production/representation-C/h1-from-m1-m20-5k/checkpoint_000005000_parameters.npz,Y,HELD-OUT TRUTH SUPPORT,81,160,POST-HOC CHECKPOINT EVALUATION,source_components.Qr,maximum_absolute_error,2.1277617373846327e-08
t2b-c-h1,Test 2B,C,H1,H1,5000,c44aa9e8811aacb423570a3bcb2f819462d882931b929a7bee442bb8b9a1d1c3,be3fac690063191ee78df7a8515b580d17842a34083835c73232ab1bb3995c6b,/Users/arjunsharma/Documents/SandiaProjects/4-LDRDAMDIS/DIMSWE-study-d0eb615/external-results/test2b-rain-active-learning/production/representation-C/h1-from-m1-m20-5k/checkpoint_000005000_parameters.npz,Y,HELD-OUT TRUTH SUPPORT,81,160,POST-HOC CHECKPOINT EVALUATION,source_components.Qr,normalized_RMS_error,0.24770173674645513
t2b-c-h1,Test 2B,C,H1,H1,5000,c44aa9e8811aacb423570a3bcb2f819462d882931b929a7bee442bb8b9a1d1c3,be3fac690063191ee78df7a8515b580d17842a34083835c73232ab1bb3995c6b,/Users/arjunsharma/Documents/SandiaProjects/4-LDRDAMDIS/DIMSWE-study-d0eb615/external-results/test2b-rain-active-learning/production/representation-C/h1-from-m1-m20-5k/checkpoint_000005000_parameters.npz,Y,HELD-OUT TRUTH SUPPORT,81,160,POST-HOC CHECKPOINT EVALUATION,source_components.Qr,physical_RMS_error,3.734474787413321e-09
t2b-c-h1,Test 2B,C,H1,H1,5000,c44aa9e8811aacb423570a3bcb2f819462d882931b929a7bee442bb8b9a1d1c3,be3fac690063191ee78df7a8515b580d17842a34083835c73232ab1bb3995c6b,/Users/arjunsharma/Documents/SandiaProjects/4-LDRDAMDIS/DIMSWE-study-d0eb615/external-results/test2b-rain-active-learning/production/representation-C/h1-from-m1-m20-5k/checkpoint_000005000_parameters.npz,Y,HELD-OUT TRUTH SUPPORT,81,160,POST-HOC CHECKPOINT EVALUATION,source_components.Qr,prediction_RMS,2.482609398310388e-09
t2b-c-h1,Test 2B,C,H1,H1,5000,c44aa9e8811aacb423570a3bcb2f819462d882931b929a7bee442bb8b9a1d1c3,be3fac690063191ee78df7a8515b580d17842a34083835c73232ab1bb3995c6b,/Users/arjunsharma/Documents/SandiaProjects/4-LDRDAMDIS/DIMSWE-study-d0eb615/external-results/test2b-rain-active-learning/production/representation-C/h1-from-m1-m20-5k/checkpoint_000005000_parameters.npz,Y,HELD-OUT TRUTH SUPPORT,81,160,POST-HOC CHECKPOINT EVALUATION,source_components.Qr,relative_RMS_error,0.8078303573362438
t2b-c-h1,Test 2B,C,H1,H1,5000,c44aa9e8811aacb423570a3bcb2f819462d882931b929a7bee442bb8b9a1d1c3,be3fac690063191ee78df7a8515b580d17842a34083835c73232ab1bb3995c6b,/Users/arjunsharma/Documents/SandiaProjects/4-LDRDAMDIS/DIMSWE-study-d0eb615/external-results/test2b-rain-active-learning/production/representation-C/h1-from-m1-m20-5k/checkpoint_000005000_parameters.npz,Y,HELD-OUT TRUTH SUPPORT,81,160,POST-HOC CHECKPOINT EVALUATION,source_components.Qr,sample_count,5242880
t2b-c-h1,Test 2B,C,H1,H1,5000,c44aa9e8811aacb423570a3bcb2f819462d882931b929a7bee442bb8b9a1d1c3,be3fac690063191ee78df7a8515b580d17842a34083835c73232ab1bb3995c6b,/Users/arjunsharma/Documents/SandiaProjects/4-LDRDAMDIS/DIMSWE-study-d0eb615/external-results/test2b-rain-active-learning/production/representation-C/h1-from-m1-m20-5k/checkpoint_000005000_parameters.npz,Y,HELD-OUT TRUTH SUPPORT,81,160,POST-HOC CHECKPOINT EVALUATION,source_components.Qr,signed_mass_weighted_bias,-2.419001228204247e-09
t2b-c-h1,Test 2B,C,H1,H1,5000,c44aa9e8811aacb423570a3bcb2f819462d882931b929a7bee442bb8b9a1d1c3,be3fac690063191ee78df7a8515b580d17842a34083835c73232ab1bb3995c6b,/Users/arjunsharma/Documents/SandiaProjects/4-LDRDAMDIS/DIMSWE-study-d0eb615/external-results/test2b-rain-active-learning/production/representation-C/h1-from-m1-m20-5k/checkpoint_000005000_parameters.npz,Y,HELD-OUT TRUTH SUPPORT,81,160,POST-HOC CHECKPOINT EVALUATION,source_components.Qr,target_RMS,4.622845320801578e-09
t2b-c-h1,Test 2B,C,H1,H1,5000,c44aa9e8811aacb423570a3bcb2f819462d882931b929a7bee442bb8b9a1d1c3,be3fac690063191ee78df7a8515b580d17842a34083835c73232ab1bb3995c6b,/Users/arjunsharma/Documents/SandiaProjects/4-LDRDAMDIS/DIMSWE-study-d0eb615/external-results/test2b-rain-active-learning/production/representation-C/h1-from-m1-m20-5k/checkpoint_000005000_parameters.npz,Y,HELD-OUT TRUTH SUPPORT,81,160,POST-HOC CHECKPOINT EVALUATION,source_components.Qv,correlation,0.2167995199195494
t2b-c-h1,Test 2B,C,H1,H1,5000,c44aa9e8811aacb423570a3bcb2f819462d882931b929a7bee442bb8b9a1d1c3,be3fac690063191ee78df7a8515b580d17842a34083835c73232ab1bb3995c6b,/Users/arjunsharma/Documents/SandiaProjects/4-LDRDAMDIS/DIMSWE-study-d0eb615/external-results/test2b-rain-active-learning/production/representation-C/h1-from-m1-m20-5k/checkpoint_000005000_parameters.npz,Y,HELD-OUT TRUTH SUPPORT,81,160,POST-HOC CHECKPOINT EVALUATION,source_components.Qv,cosine,0.22058273997874678
t2b-c-h1,Test 2B,C,H1,H1,5000,c44aa9e8811aacb423570a3bcb2f819462d882931b929a7bee442bb8b9a1d1c3,be3fac690063191ee78df7a8515b580d17842a34083835c73232ab1bb3995c6b,/Users/arjunsharma/Documents/SandiaProjects/4-LDRDAMDIS/DIMSWE-study-d0eb615/external-results/test2b-rain-active-learning/production/representation-C/h1-from-m1-m20-5k/checkpoint_000005000_parameters.npz,Y,HELD-OUT TRUTH SUPPORT,81,160,POST-HOC CHECKPOINT EVALUATION,source_components.Qv,maximum_absolute_error,8.447955650196791e-05
t2b-c-h1,Test 2B,C,H1,H1,5000,c44aa9e8811aacb423570a3bcb2f819462d882931b929a7bee442bb8b9a1d1c3,be3fac690063191ee78df7a8515b580d17842a34083835c73232ab1bb3995c6b,/Users/arjunsharma/Documents/SandiaProjects/4-LDRDAMDIS/DIMSWE-study-d0eb615/external-results/test2b-rain-active-learning/production/representation-C/h1-from-m1-m20-5k/checkpoint_000005000_parameters.npz,Y,HELD-OUT TRUTH SUPPORT,81,160,POST-HOC CHECKPOINT EVALUATION,source_components.Qv,normalized_RMS_error,0.07563293339322698
t2b-c-h1,Test 2B,C,H1,H1,5000,c44aa9e8811aacb423570a3bcb2f819462d882931b929a7bee442bb8b9a1d1c3,be3fac690063191ee78df7a8515b580d17842a34083835c73232ab1bb3995c6b,/Users/arjunsharma/Documents/SandiaProjects/4-LDRDAMDIS/DIMSWE-study-d0eb615/external-results/test2b-rain-active-learning/production/representation-C/h1-from-m1-m20-5k/checkpoint_000005000_parameters.npz,Y,HELD-OUT TRUTH SUPPORT,81,160,POST-HOC CHECKPOINT EVALUATION,source_components.Qv,physical_RMS_error,5.1455761834655785e-06
t2b-c-h1,Test 2B,C,H1,H1,5000,c44aa9e8811aacb423570a3bcb2f819462d882931b929a7bee442bb8b9a1d1c3,be3fac690063191ee78df7a8515b580d17842a34083835c73232ab1bb3995c6b,/Users/arjunsharma/Documents/SandiaProjects/4-LDRDAMDIS/DIMSWE-study-d0eb615/external-results/test2b-rain-active-learning/production/representation-C/h1-from-m1-m20-5k/checkpoint_000005000_parameters.npz,Y,HELD-OUT TRUTH SUPPORT,81,160,POST-HOC CHECKPOINT EVALUATION,source_components.Qv,prediction_RMS,5.191626988593239e-06
t2b-c-h1,Test 2B,C,H1,H1,5000,c44aa9e8811aacb423570a3bcb2f819462d882931b929a7bee442bb8b9a1d1c3,be3fac690063191ee78df7a8515b580d17842a34083835c73232ab1bb3995c6b,/Users/arjunsharma/Documents/SandiaProjects/4-LDRDAMDIS/DIMSWE-study-d0eb615/external-results/test2b-rain-active-learning/production/representation-C/h1-from-m1-m20-5k/checkpoint_000005000_parameters.npz,Y,HELD-OUT TRUTH SUPPORT,81,160,POST-HOC CHECKPOINT EVALUATION,source_components.Qv,relative_RMS_error,2.4988350418761547
t2b-c-h1,Test 2B,C,H1,H1,5000,c44aa9e8811aacb423570a3bcb2f819462d882931b929a7bee442bb8b9a1d1c3,be3fac690063191ee78df7a8515b580d17842a34083835c73232ab1bb3995c6b,/Users/arjunsharma/Documents/SandiaProjects/4-LDRDAMDIS/DIMSWE-study-d0eb615/external-results/test2b-rain-active-learning/production/representation-C/h1-from-m1-m20-5k/checkpoint_000005000_parameters.npz,Y,HELD-OUT TRUTH SUPPORT,81,160,POST-HOC CHECKPOINT EVALUATION,source_components.Qv,sample_count,5242880
t2b-c-h1,Test 2B,C,H1,H1,5000,c44aa9e8811aacb423570a3bcb2f819462d882931b929a7bee442bb8b9a1d1c3,be3fac690063191ee78df7a8515b580d17842a34083835c73232ab1bb3995c6b,/Users/arjunsharma/Documents/SandiaProjects/4-LDRDAMDIS/DIMSWE-study-d0eb615/external-results/test2b-rain-active-learning/production/representation-C/h1-from-m1-m20-5k/checkpoint_000005000_parameters.npz,Y,HELD-OUT TRUTH SUPPORT,81,160,POST-HOC CHECKPOINT EVALUATION,source_components.Qv,signed_mass_weighted_bias,-7.194019363905446e-07
t2b-c-h1,Test 2B,C,H1,H1,5000,c44aa9e8811aacb423570a3bcb2f819462d882931b929a7bee442bb8b9a1d1c3,be3fac690063191ee78df7a8515b580d17842a34083835c73232ab1bb3995c6b,/Users/arjunsharma/Documents/SandiaProjects/4-LDRDAMDIS/DIMSWE-study-d0eb615/external-results/test2b-rain-active-learning/production/representation-C/h1-from-m1-m20-5k/checkpoint_000005000_parameters.npz,Y,HELD-OUT TRUTH SUPPORT,81,160,POST-HOC CHECKPOINT EVALUATION,source_components.Qv,target_RMS,2.0591900214438404e-06
t2b-c-h1,Test 2B,C,H1,H1,5000,c44aa9e8811aacb423570a3bcb2f819462d882931b929a7bee442bb8b9a1d1c3,be3fac690063191ee78df7a8515b580d17842a34083835c73232ab1bb3995c6b,/Users/arjunsharma/Documents/SandiaProjects/4-LDRDAMDIS/DIMSWE-study-d0eb615/external-results/test2b-rain-active-learning/production/representation-C/h1-from-m1-m20-5k/checkpoint_000005000_parameters.npz,Y,HELD-OUT TRUTH SUPPORT,81,160,POST-HOC CHECKPOINT EVALUATION,source_components.S,correlation,0.31593390399951005
t2b-c-h1,Test 2B,C,H1,H1,5000,c44aa9e8811aacb423570a3bcb2f819462d882931b929a7bee442bb8b9a1d1c3,be3fac690063191ee78df7a8515b580d17842a34083835c73232ab1bb3995c6b,/Users/arjunsharma/Documents/SandiaProjects/4-LDRDAMDIS/DIMSWE-study-d0eb615/external-results/test2b-rain-active-learning/production/representation-C/h1-from-m1-m20-5k/checkpoint_000005000_parameters.npz,Y,HELD-OUT TRUTH SUPPORT,81,160,POST-HOC CHECKPOINT EVALUATION,source_components.S,cosine,0.31805982483863593
t2b-c-h1,Test 2B,C,H1,H1,5000,c44aa9e8811aacb423570a3bcb2f819462d882931b929a7bee442bb8b9a1d1c3,be3fac690063191ee78df7a8515b580d17842a34083835c73232ab1bb3995c6b,/Users/arjunsharma/Documents/SandiaProjects/4-LDRDAMDIS/DIMSWE-study-d0eb615/external-results/test2b-rain-active-learning/production/representation-C/h1-from-m1-m20-5k/checkpoint_000005000_parameters.npz,Y,HELD-OUT TRUTH SUPPORT,81,160,POST-HOC CHECKPOINT EVALUATION,source_components.S,maximum_absolute_error,0.00825758530074436
t2b-c-h1,Test 2B,C,H1,H1,5000,c44aa9e8811aacb423570a3bcb2f819462d882931b929a7bee442bb8b9a1d1c3,be3fac690063191ee78df7a8515b580d17842a34083835c73232ab1bb3995c6b,/Users/arjunsharma/Documents/SandiaProjects/4-LDRDAMDIS/DIMSWE-study-d0eb615/external-results/test2b-rain-active-learning/production/representation-C/h1-from-m1-m20-5k/checkpoint_000005000_parameters.npz,Y,HELD-OUT TRUTH SUPPORT,81,160,POST-HOC CHECKPOINT EVALUATION,source_components.S,normalized_RMS_error,0.0614631358343824
t2b-c-h1,Test 2B,C,H1,H1,5000,c44aa9e8811aacb423570a3bcb2f819462d882931b929a7bee442bb8b9a1d1c3,be3fac690063191ee78df7a8515b580d17842a34083835c73232ab1bb3995c6b,/Users/arjunsharma/Documents/SandiaProjects/4-LDRDAMDIS/DIMSWE-study-d0eb615/external-results/test2b-rain-active-learning/production/representation-C/h1-from-m1-m20-5k/checkpoint_000005000_parameters.npz,Y,HELD-OUT TRUTH SUPPORT,81,160,POST-HOC CHECKPOINT EVALUATION,source_components.S,physical_RMS_error,0.0004100499441170468
t2b-c-h1,Test 2B,C,H1,H1,5000,c44aa9e8811aacb423570a3bcb2f819462d882931b929a7bee442bb8b9a1d1c3,be3fac690063191ee78df7a8515b580d17842a34083835c73232ab1bb3995c6b,/Users/arjunsharma/Documents/SandiaProjects/4-LDRDAMDIS/DIMSWE-study-d0eb615/external-results/test2b-rain-active-learning/production/representation-C/h1-from-m1-m20-5k/checkpoint_000005000_parameters.npz,Y,HELD-OUT TRUTH SUPPORT,81,160,POST-HOC CHECKPOINT EVALUATION,source_components.S,prediction_RMS,0.00042684204017824656
t2b-c-h1,Test 2B,C,H1,H1,5000,c44aa9e8811aacb423570a3bcb2f819462d882931b929a7bee442bb8b9a1d1c3,be3fac690063191ee78df7a8515b580d17842a34083835c73232ab1bb3995c6b,/Users/arjunsharma/Documents/SandiaProjects/4-LDRDAMDIS/DIMSWE-study-d0eb615/external-results/test2b-rain-active-learning/production/representation-C/h1-from-m1-m20-5k/checkpoint_000005000_parameters.npz,Y,HELD-OUT TRUTH SUPPORT,81,160,POST-HOC CHECKPOINT EVALUATION,source_components.S,relative_RMS_error,2.030679370956442
t2b-c-h1,Test 2B,C,H1,H1,5000,c44aa9e8811aacb423570a3bcb2f819462d882931b929a7bee442bb8b9a1d1c3,be3fac690063191ee78df7a8515b580d17842a34083835c73232ab1bb3995c6b,/Users/arjunsharma/Documents/SandiaProjects/4-LDRDAMDIS/DIMSWE-study-d0eb615/external-results/test2b-rain-active-learning/production/representation-C/h1-from-m1-m20-5k/checkpoint_000005000_parameters.npz,Y,HELD-OUT TRUTH SUPPORT,81,160,POST-HOC CHECKPOINT EVALUATION,source_components.S,sample_count,5242880
t2b-c-h1,Test 2B,C,H1,H1,5000,c44aa9e8811aacb423570a3bcb2f819462d882931b929a7bee442bb8b9a1d1c3,be3fac690063191ee78df7a8515b580d17842a34083835c73232ab1bb3995c6b,/Users/arjunsharma/Documents/SandiaProjects/4-LDRDAMDIS/DIMSWE-study-d0eb615/external-results/test2b-rain-active-learning/production/representation-C/h1-from-m1-m20-5k/checkpoint_000005000_parameters.npz,Y,HELD-OUT TRUTH SUPPORT,81,160,POST-HOC CHECKPOINT EVALUATION,source_components.S,signed_mass_weighted_bias,-2.6072239948779454e-05
t2b-c-h1,Test 2B,C,H1,H1,5000,c44aa9e8811aacb423570a3bcb2f819462d882931b929a7bee442bb8b9a1d1c3,be3fac690063191ee78df7a8515b580d17842a34083835c73232ab1bb3995c6b,/Users/arjunsharma/Documents/SandiaProjects/4-LDRDAMDIS/DIMSWE-study-d0eb615/external-results/test2b-rain-active-learning/production/representation-C/h1-from-m1-m20-5k/checkpoint_000005000_parameters.npz,Y,HELD-OUT TRUTH SUPPORT,81,160,POST-HOC CHECKPOINT EVALUATION,source_components.S,target_RMS,0.00020192746820681733
t2b-c-h1,Test 2B,C,H1,H1,5000,c44aa9e8811aacb423570a3bcb2f819462d882931b929a7bee442bb8b9a1d1c3,be3fac690063191ee78df7a8515b580d17842a34083835c73232ab1bb3995c6b,/Users/arjunsharma/Documents/SandiaProjects/4-LDRDAMDIS/DIMSWE-study-d0eb615/external-results/test2b-rain-active-learning/production/representation-C/h1-from-m1-m20-5k/checkpoint_000005000_parameters.npz,Y,HELD-OUT TRUTH SUPPORT,81,160,POST-HOC CHECKPOINT EVALUATION,source_structure,S_minus_beta2_Qv_defect_RMS,0.0002667383510845701
t2b-c-h1,Test 2B,C,H1,H1,5000,c44aa9e8811aacb423570a3bcb2f819462d882931b929a7bee442bb8b9a1d1c3,be3fac690063191ee78df7a8515b580d17842a34083835c73232ab1bb3995c6b,/Users/arjunsharma/Documents/SandiaProjects/4-LDRDAMDIS/DIMSWE-study-d0eb615/external-results/test2b-rain-active-learning/production/representation-C/h1-from-m1-m20-5k/checkpoint_000005000_parameters.npz,Y,HELD-OUT TRUTH SUPPORT,81,160,POST-HOC CHECKPOINT EVALUATION,source_structure,negative_Qr_source_fraction,0.8965213775634766
t2b-c-h1,Test 2B,C,H1,H1,5000,c44aa9e8811aacb423570a3bcb2f819462d882931b929a7bee442bb8b9a1d1c3,be3fac690063191ee78df7a8515b580d17842a34083835c73232ab1bb3995c6b,/Users/arjunsharma/Documents/SandiaProjects/4-LDRDAMDIS/DIMSWE-study-d0eb615/external-results/test2b-rain-active-learning/production/representation-C/h1-from-m1-m20-5k/checkpoint_000005000_parameters.npz,Y,HELD-OUT TRUTH SUPPORT,81,160,POST-HOC CHECKPOINT EVALUATION,source_structure,normalized_off_manifold_RMS,0.034774611517590225
t2b-c-h1,Test 2B,C,H1,H1,5000,c44aa9e8811aacb423570a3bcb2f819462d882931b929a7bee442bb8b9a1d1c3,be3fac690063191ee78df7a8515b580d17842a34083835c73232ab1bb3995c6b,/Users/arjunsharma/Documents/SandiaProjects/4-LDRDAMDIS/DIMSWE-study-d0eb615/external-results/test2b-rain-active-learning/production/representation-C/h1-from-m1-m20-5k/checkpoint_000005000_parameters.npz,Y,HELD-OUT TRUTH SUPPORT,81,160,POST-HOC CHECKPOINT EVALUATION,source_structure,positive_Qr_source_fraction,0.10347862243652343
t2b-c-h1,Test 2B,C,H1,H1,5000,c44aa9e8811aacb423570a3bcb2f819462d882931b929a7bee442bb8b9a1d1c3,be3fac690063191ee78df7a8515b580d17842a34083835c73232ab1bb3995c6b,/Users/arjunsharma/Documents/SandiaProjects/4-LDRDAMDIS/DIMSWE-study-d0eb615/external-results/test2b-rain-active-learning/production/representation-C/h1-from-m1-m20-5k/checkpoint_000005000_parameters.npz,Y,HELD-OUT TRUTH SUPPORT,81,160,POST-HOC CHECKPOINT EVALUATION,source_structure,water_source_defect_RMS,1.6936791743077243e-06
t2b-c-h1,Test 2B,C,H1,H1,5000,c44aa9e8811aacb423570a3bcb2f819462d882931b929a7bee442bb8b9a1d1c3,be3fac690063191ee78df7a8515b580d17842a34083835c73232ab1bb3995c6b,/Users/arjunsharma/Documents/SandiaProjects/4-LDRDAMDIS/DIMSWE-study-d0eb615/external-results/test2b-rain-active-learning/production/representation-C/h1-from-m1-m20-5k/checkpoint_000005000_parameters.npz,Y,HELD-OUT TRUTH SUPPORT,81,160,POST-HOC CHECKPOINT EVALUATION,source_vector,normalized_source_vector_cosine,0.48598033868824775
t2b-c-h1,Test 2B,C,H1,H1,5000,c44aa9e8811aacb423570a3bcb2f819462d882931b929a7bee442bb8b9a1d1c3,be3fac690063191ee78df7a8515b580d17842a34083835c73232ab1bb3995c6b,/Users/arjunsharma/Documents/SandiaProjects/4-LDRDAMDIS/DIMSWE-study-d0eb615/external-results/test2b-rain-active-learning/production/representation-C/h1-from-m1-m20-5k/checkpoint_000005000_parameters.npz,Y,HELD-OUT TRUTH SUPPORT,81,160,POST-HOC CHECKPOINT EVALUATION,source_vector,normalized_vector_RMS_error,0.2776963868317833
t2b-c-h1,Test 2B,C,H1,H1,5000,c44aa9e8811aacb423570a3bcb2f819462d882931b929a7bee442bb8b9a1d1c3,be3fac690063191ee78df7a8515b580d17842a34083835c73232ab1bb3995c6b,/Users/arjunsharma/Documents/SandiaProjects/4-LDRDAMDIS/DIMSWE-study-d0eb615/external-results/test2b-rain-active-learning/production/representation-C/h1-from-m1-m20-5k/checkpoint_000005000_parameters.npz,Y,HELD-OUT TRUTH SUPPORT,81,160,POST-HOC CHECKPOINT EVALUATION,source_vector,normalized_vector_relative_RMS_error,0.8926983979150293
t2b-c-h2,Test 2B,C,H2,H2,20,3ae5e9d6729977310e7e9d740490c223539aa514cf0e24e379adab25d7ca6d70,cce0fff0c49ad9577a5cfe6b1e8176eb45af8e1d1dbac6e98029d75e3dce1657,/Users/arjunsharma/Documents/SandiaProjects/4-LDRDAMDIS/DIMSWE-study-d0eb615/external-results/test2b-rain-active-learning/production/representation-C/h2-from-h1-m20-20/checkpoint_000000020_parameters.npz,Y,TRAINING TRUTH SUPPORT,0,80,POST-HOC CHECKPOINT EVALUATION,effective_A,correlation,0.9996781097060102
t2b-c-h2,Test 2B,C,H2,H2,20,3ae5e9d6729977310e7e9d740490c223539aa514cf0e24e379adab25d7ca6d70,cce0fff0c49ad9577a5cfe6b1e8176eb45af8e1d1dbac6e98029d75e3dce1657,/Users/arjunsharma/Documents/SandiaProjects/4-LDRDAMDIS/DIMSWE-study-d0eb615/external-results/test2b-rain-active-learning/production/representation-C/h2-from-h1-m20-20/checkpoint_000000020_parameters.npz,Y,TRAINING TRUTH SUPPORT,0,80,POST-HOC CHECKPOINT EVALUATION,effective_A,cosine,0.9996817253007847
t2b-c-h2,Test 2B,C,H2,H2,20,3ae5e9d6729977310e7e9d740490c223539aa514cf0e24e379adab25d7ca6d70,cce0fff0c49ad9577a5cfe6b1e8176eb45af8e1d1dbac6e98029d75e3dce1657,/Users/arjunsharma/Documents/SandiaProjects/4-LDRDAMDIS/DIMSWE-study-d0eb615/external-results/test2b-rain-active-learning/production/representation-C/h2-from-h1-m20-20/checkpoint_000000020_parameters.npz,Y,TRAINING TRUTH SUPPORT,0,80,POST-HOC CHECKPOINT EVALUATION,effective_A,maximum_absolute_error,3.706182067507947e-08
t2b-c-h2,Test 2B,C,H2,H2,20,3ae5e9d6729977310e7e9d740490c223539aa514cf0e24e379adab25d7ca6d70,cce0fff0c49ad9577a5cfe6b1e8176eb45af8e1d1dbac6e98029d75e3dce1657,/Users/arjunsharma/Documents/SandiaProjects/4-LDRDAMDIS/DIMSWE-study-d0eb615/external-results/test2b-rain-active-learning/production/representation-C/h2-from-h1-m20-20/checkpoint_000000020_parameters.npz,Y,TRAINING TRUTH SUPPORT,0,80,POST-HOC CHECKPOINT EVALUATION,effective_A,normalized_RMS_error,0.025534057147302072
t2b-c-h2,Test 2B,C,H2,H2,20,3ae5e9d6729977310e7e9d740490c223539aa514cf0e24e379adab25d7ca6d70,cce0fff0c49ad9577a5cfe6b1e8176eb45af8e1d1dbac6e98029d75e3dce1657,/Users/arjunsharma/Documents/SandiaProjects/4-LDRDAMDIS/DIMSWE-study-d0eb615/external-results/test2b-rain-active-learning/production/representation-C/h2-from-h1-m20-20/checkpoint_000000020_parameters.npz,Y,TRAINING TRUTH SUPPORT,0,80,POST-HOC CHECKPOINT EVALUATION,effective_A,physical_RMS_error,2.31140889830601e-09
t2b-c-h2,Test 2B,C,H2,H2,20,3ae5e9d6729977310e7e9d740490c223539aa514cf0e24e379adab25d7ca6d70,cce0fff0c49ad9577a5cfe6b1e8176eb45af8e1d1dbac6e98029d75e3dce1657,/Users/arjunsharma/Documents/SandiaProjects/4-LDRDAMDIS/DIMSWE-study-d0eb615/external-results/test2b-rain-active-learning/production/representation-C/h2-from-h1-m20-20/checkpoint_000000020_parameters.npz,Y,TRAINING TRUTH SUPPORT,0,80,POST-HOC CHECKPOINT EVALUATION,effective_A,prediction_RMS,9.01684306740596e-08
t2b-c-h2,Test 2B,C,H2,H2,20,3ae5e9d6729977310e7e9d740490c223539aa514cf0e24e379adab25d7ca6d70,cce0fff0c49ad9577a5cfe6b1e8176eb45af8e1d1dbac6e98029d75e3dce1657,/Users/arjunsharma/Documents/SandiaProjects/4-LDRDAMDIS/DIMSWE-study-d0eb615/external-results/test2b-rain-active-learning/production/representation-C/h2-from-h1-m20-20/checkpoint_000000020_parameters.npz,Y,TRAINING TRUTH SUPPORT,0,80,POST-HOC CHECKPOINT EVALUATION,effective_A,relative_RMS_error,0.025526413360557387
t2b-c-h2,Test 2B,C,H2,H2,20,3ae5e9d6729977310e7e9d740490c223539aa514cf0e24e379adab25d7ca6d70,cce0fff0c49ad9577a5cfe6b1e8176eb45af8e1d1dbac6e98029d75e3dce1657,/Users/arjunsharma/Documents/SandiaProjects/4-LDRDAMDIS/DIMSWE-study-d0eb615/external-results/test2b-rain-active-learning/production/representation-C/h2-from-h1-m20-20/checkpoint_000000020_parameters.npz,Y,TRAINING TRUTH SUPPORT,0,80,POST-HOC CHECKPOINT EVALUATION,effective_A,sample_count,5308416
t2b-c-h2,Test 2B,C,H2,H2,20,3ae5e9d6729977310e7e9d740490c223539aa514cf0e24e379adab25d7ca6d70,cce0fff0c49ad9577a5cfe6b1e8176eb45af8e1d1dbac6e98029d75e3dce1657,/Users/arjunsharma/Documents/SandiaProjects/4-LDRDAMDIS/DIMSWE-study-d0eb615/external-results/test2b-rain-active-learning/production/representation-C/h2-from-h1-m20-20/checkpoint_000000020_parameters.npz,Y,TRAINING TRUTH SUPPORT,0,80,POST-HOC CHECKPOINT EVALUATION,effective_A,signed_mass_weighted_bias,1.1541288229670055e-10
t2b-c-h2,Test 2B,C,H2,H2,20,3ae5e9d6729977310e7e9d740490c223539aa514cf0e24e379adab25d7ca6d70,cce0fff0c49ad9577a5cfe6b1e8176eb45af8e1d1dbac6e98029d75e3dce1657,/Users/arjunsharma/Documents/SandiaProjects/4-LDRDAMDIS/DIMSWE-study-d0eb615/external-results/test2b-rain-active-learning/production/representation-C/h2-from-h1-m20-20/checkpoint_000000020_parameters.npz,Y,TRAINING TRUTH SUPPORT,0,80,POST-HOC CHECKPOINT EVALUATION,effective_A,target_RMS,9.05496932004371e-08
t2b-c-h2,Test 2B,C,H2,H2,20,3ae5e9d6729977310e7e9d740490c223539aa514cf0e24e379adab25d7ca6d70,cce0fff0c49ad9577a5cfe6b1e8176eb45af8e1d1dbac6e98029d75e3dce1657,/Users/arjunsharma/Documents/SandiaProjects/4-LDRDAMDIS/DIMSWE-study-d0eb615/external-results/test2b-rain-active-learning/production/representation-C/h2-from-h1-m20-20/checkpoint_000000020_parameters.npz,Y,TRAINING TRUTH SUPPORT,0,80,POST-HOC CHECKPOINT EVALUATION,effective_R,correlation,0.8048286035837962
t2b-c-h2,Test 2B,C,H2,H2,20,3ae5e9d6729977310e7e9d740490c223539aa514cf0e24e379adab25d7ca6d70,cce0fff0c49ad9577a5cfe6b1e8176eb45af8e1d1dbac6e98029d75e3dce1657,/Users/arjunsharma/Documents/SandiaProjects/4-LDRDAMDIS/DIMSWE-study-d0eb615/external-results/test2b-rain-active-learning/production/representation-C/h2-from-h1-m20-20/checkpoint_000000020_parameters.npz,Y,TRAINING TRUTH SUPPORT,0,80,POST-HOC CHECKPOINT EVALUATION,effective_R,cosine,0.2952837331540407
t2b-c-h2,Test 2B,C,H2,H2,20,3ae5e9d6729977310e7e9d740490c223539aa514cf0e24e379adab25d7ca6d70,cce0fff0c49ad9577a5cfe6b1e8176eb45af8e1d1dbac6e98029d75e3dce1657,/Users/arjunsharma/Documents/SandiaProjects/4-LDRDAMDIS/DIMSWE-study-d0eb615/external-results/test2b-rain-active-learning/production/representation-C/h2-from-h1-m20-20/checkpoint_000000020_parameters.npz,Y,TRAINING TRUTH SUPPORT,0,80,POST-HOC CHECKPOINT EVALUATION,effective_R,maximum_absolute_error,2.0922373544921016e-11
t2b-c-h2,Test 2B,C,H2,H2,20,3ae5e9d6729977310e7e9d740490c223539aa514cf0e24e379adab25d7ca6d70,cce0fff0c49ad9577a5cfe6b1e8176eb45af8e1d1dbac6e98029d75e3dce1657,/Users/arjunsharma/Documents/SandiaProjects/4-LDRDAMDIS/DIMSWE-study-d0eb615/external-results/test2b-rain-active-learning/production/representation-C/h2-from-h1-m20-20/checkpoint_000000020_parameters.npz,Y,TRAINING TRUTH SUPPORT,0,80,POST-HOC CHECKPOINT EVALUATION,effective_R,normalized_RMS_error,0.14506858306957554
t2b-c-h2,Test 2B,C,H2,H2,20,3ae5e9d6729977310e7e9d740490c223539aa514cf0e24e379adab25d7ca6d70,cce0fff0c49ad9577a5cfe6b1e8176eb45af8e1d1dbac6e98029d75e3dce1657,/Users/arjunsharma/Documents/SandiaProjects/4-LDRDAMDIS/DIMSWE-study-d0eb615/external-results/test2b-rain-active-learning/production/representation-C/h2-from-h1-m20-20/checkpoint_000000020_parameters.npz,Y,TRAINING TRUTH SUPPORT,0,80,POST-HOC CHECKPOINT EVALUATION,effective_R,physical_RMS_error,2.8872813329306843e-12
t2b-c-h2,Test 2B,C,H2,H2,20,3ae5e9d6729977310e7e9d740490c223539aa514cf0e24e379adab25d7ca6d70,cce0fff0c49ad9577a5cfe6b1e8176eb45af8e1d1dbac6e98029d75e3dce1657,/Users/arjunsharma/Documents/SandiaProjects/4-LDRDAMDIS/DIMSWE-study-d0eb615/external-results/test2b-rain-active-learning/production/representation-C/h2-from-h1-m20-20/checkpoint_000000020_parameters.npz,Y,TRAINING TRUTH SUPPORT,0,80,POST-HOC CHECKPOINT EVALUATION,effective_R,prediction_RMS,2.8827234670599636e-12
t2b-c-h2,Test 2B,C,H2,H2,20,3ae5e9d6729977310e7e9d740490c223539aa514cf0e24e379adab25d7ca6d70,cce0fff0c49ad9577a5cfe6b1e8176eb45af8e1d1dbac6e98029d75e3dce1657,/Users/arjunsharma/Documents/SandiaProjects/4-LDRDAMDIS/DIMSWE-study-d0eb615/external-results/test2b-rain-active-learning/production/representation-C/h2-from-h1-m20-20/checkpoint_000000020_parameters.npz,Y,TRAINING TRUTH SUPPORT,0,80,POST-HOC CHECKPOINT EVALUATION,effective_R,relative_RMS_error,1.6808480244193187
t2b-c-h2,Test 2B,C,H2,H2,20,3ae5e9d6729977310e7e9d740490c223539aa514cf0e24e379adab25d7ca6d70,cce0fff0c49ad9577a5cfe6b1e8176eb45af8e1d1dbac6e98029d75e3dce1657,/Users/arjunsharma/Documents/SandiaProjects/4-LDRDAMDIS/DIMSWE-study-d0eb615/external-results/test2b-rain-active-learning/production/representation-C/h2-from-h1-m20-20/checkpoint_000000020_parameters.npz,Y,TRAINING TRUTH SUPPORT,0,80,POST-HOC CHECKPOINT EVALUATION,effective_R,sample_count,5308416
t2b-c-h2,Test 2B,C,H2,H2,20,3ae5e9d6729977310e7e9d740490c223539aa514cf0e24e379adab25d7ca6d70,cce0fff0c49ad9577a5cfe6b1e8176eb45af8e1d1dbac6e98029d75e3dce1657,/Users/arjunsharma/Documents/SandiaProjects/4-LDRDAMDIS/DIMSWE-study-d0eb615/external-results/test2b-rain-active-learning/production/representation-C/h2-from-h1-m20-20/checkpoint_000000020_parameters.npz,Y,TRAINING TRUTH SUPPORT,0,80,POST-HOC CHECKPOINT EVALUATION,effective_R,signed_mass_weighted_bias,-2.701026151634675e-12
t2b-c-h2,Test 2B,C,H2,H2,20,3ae5e9d6729977310e7e9d740490c223539aa514cf0e24e379adab25d7ca6d70,cce0fff0c49ad9577a5cfe6b1e8176eb45af8e1d1dbac6e98029d75e3dce1657,/Users/arjunsharma/Documents/SandiaProjects/4-LDRDAMDIS/DIMSWE-study-d0eb615/external-results/test2b-rain-active-learning/production/representation-C/h2-from-h1-m20-20/checkpoint_000000020_parameters.npz,Y,TRAINING TRUTH SUPPORT,0,80,POST-HOC CHECKPOINT EVALUATION,effective_R,target_RMS,1.7177527599071018e-12
t2b-c-h2,Test 2B,C,H2,H2,20,3ae5e9d6729977310e7e9d740490c223539aa514cf0e24e379adab25d7ca6d70,cce0fff0c49ad9577a5cfe6b1e8176eb45af8e1d1dbac6e98029d75e3dce1657,/Users/arjunsharma/Documents/SandiaProjects/4-LDRDAMDIS/DIMSWE-study-d0eb615/external-results/test2b-rain-active-learning/production/representation-C/h2-from-h1-m20-20/checkpoint_000000020_parameters.npz,Y,TRAINING TRUTH SUPPORT,0,80,POST-HOC CHECKPOINT EVALUATION,effective_R_activation,activity_numerical_tolerance,1.2119968976504772e-20
t2b-c-h2,Test 2B,C,H2,H2,20,3ae5e9d6729977310e7e9d740490c223539aa514cf0e24e379adab25d7ca6d70,cce0fff0c49ad9577a5cfe6b1e8176eb45af8e1d1dbac6e98029d75e3dce1657,/Users/arjunsharma/Documents/SandiaProjects/4-LDRDAMDIS/DIMSWE-study-d0eb615/external-results/test2b-rain-active-learning/production/representation-C/h2-from-h1-m20-20/checkpoint_000000020_parameters.npz,Y,TRAINING TRUTH SUPPORT,0,80,POST-HOC CHECKPOINT EVALUATION,effective_R_activation,false_negative_count,0
t2b-c-h2,Test 2B,C,H2,H2,20,3ae5e9d6729977310e7e9d740490c223539aa514cf0e24e379adab25d7ca6d70,cce0fff0c49ad9577a5cfe6b1e8176eb45af8e1d1dbac6e98029d75e3dce1657,/Users/arjunsharma/Documents/SandiaProjects/4-LDRDAMDIS/DIMSWE-study-d0eb615/external-results/test2b-rain-active-learning/production/representation-C/h2-from-h1-m20-20/checkpoint_000000020_parameters.npz,Y,TRAINING TRUTH SUPPORT,0,80,POST-HOC CHECKPOINT EVALUATION,effective_R_activation,false_negative_rate_given_truth_active,0.0
t2b-c-h2,Test 2B,C,H2,H2,20,3ae5e9d6729977310e7e9d740490c223539aa514cf0e24e379adab25d7ca6d70,cce0fff0c49ad9577a5cfe6b1e8176eb45af8e1d1dbac6e98029d75e3dce1657,/Users/arjunsharma/Documents/SandiaProjects/4-LDRDAMDIS/DIMSWE-study-d0eb615/external-results/test2b-rain-active-learning/production/representation-C/h2-from-h1-m20-20/checkpoint_000000020_parameters.npz,Y,TRAINING TRUTH SUPPORT,0,80,POST-HOC CHECKPOINT EVALUATION,effective_R_activation,false_positive_count,49530
t2b-c-h2,Test 2B,C,H2,H2,20,3ae5e9d6729977310e7e9d740490c223539aa514cf0e24e379adab25d7ca6d70,cce0fff0c49ad9577a5cfe6b1e8176eb45af8e1d1dbac6e98029d75e3dce1657,/Users/arjunsharma/Documents/SandiaProjects/4-LDRDAMDIS/DIMSWE-study-d0eb615/external-results/test2b-rain-active-learning/production/representation-C/h2-from-h1-m20-20/checkpoint_000000020_parameters.npz,Y,TRAINING TRUTH SUPPORT,0,80,POST-HOC CHECKPOINT EVALUATION,effective_R_activation,false_positive_rate_given_truth_inactive,0.009402692666924848
t2b-c-h2,Test 2B,C,H2,H2,20,3ae5e9d6729977310e7e9d740490c223539aa514cf0e24e379adab25d7ca6d70,cce0fff0c49ad9577a5cfe6b1e8176eb45af8e1d1dbac6e98029d75e3dce1657,/Users/arjunsharma/Documents/SandiaProjects/4-LDRDAMDIS/DIMSWE-study-d0eb615/external-results/test2b-rain-active-learning/production/representation-C/h2-from-h1-m20-20/checkpoint_000000020_parameters.npz,Y,TRAINING TRUTH SUPPORT,0,80,POST-HOC CHECKPOINT EVALUATION,effective_R_activation,first_meaningful_positive_predicted_step,0
t2b-c-h2,Test 2B,C,H2,H2,20,3ae5e9d6729977310e7e9d740490c223539aa514cf0e24e379adab25d7ca6d70,cce0fff0c49ad9577a5cfe6b1e8176eb45af8e1d1dbac6e98029d75e3dce1657,/Users/arjunsharma/Documents/SandiaProjects/4-LDRDAMDIS/DIMSWE-study-d0eb615/external-results/test2b-rain-active-learning/production/representation-C/h2-from-h1-m20-20/checkpoint_000000020_parameters.npz,Y,TRAINING TRUTH SUPPORT,0,80,POST-HOC CHECKPOINT EVALUATION,effective_R_activation,first_meaningful_positive_truth_step,51
t2b-c-h2,Test 2B,C,H2,H2,20,3ae5e9d6729977310e7e9d740490c223539aa514cf0e24e379adab25d7ca6d70,cce0fff0c49ad9577a5cfe6b1e8176eb45af8e1d1dbac6e98029d75e3dce1657,/Users/arjunsharma/Documents/SandiaProjects/4-LDRDAMDIS/DIMSWE-study-d0eb615/external-results/test2b-rain-active-learning/production/representation-C/h2-from-h1-m20-20/checkpoint_000000020_parameters.npz,Y,TRAINING TRUTH SUPPORT,0,80,POST-HOC CHECKPOINT EVALUATION,effective_R_activation,maximum_predicted_effective_R,3.1319673948789255e-11
t2b-c-h2,Test 2B,C,H2,H2,20,3ae5e9d6729977310e7e9d740490c223539aa514cf0e24e379adab25d7ca6d70,cce0fff0c49ad9577a5cfe6b1e8176eb45af8e1d1dbac6e98029d75e3dce1657,/Users/arjunsharma/Documents/SandiaProjects/4-LDRDAMDIS/DIMSWE-study-d0eb615/external-results/test2b-rain-active-learning/production/representation-C/h2-from-h1-m20-20/checkpoint_000000020_parameters.npz,Y,TRAINING TRUTH SUPPORT,0,80,POST-HOC CHECKPOINT EVALUATION,effective_R_activation,minimum_predicted_effective_R,-4.721656425709928e-12
t2b-c-h2,Test 2B,C,H2,H2,20,3ae5e9d6729977310e7e9d740490c223539aa514cf0e24e379adab25d7ca6d70,cce0fff0c49ad9577a5cfe6b1e8176eb45af8e1d1dbac6e98029d75e3dce1657,/Users/arjunsharma/Documents/SandiaProjects/4-LDRDAMDIS/DIMSWE-study-d0eb615/external-results/test2b-rain-active-learning/production/representation-C/h2-from-h1-m20-20/checkpoint_000000020_parameters.npz,Y,TRAINING TRUTH SUPPORT,0,80,POST-HOC CHECKPOINT EVALUATION,effective_R_activation,predicted_meaningful_negative_fraction,0.9829881456163194
t2b-c-h2,Test 2B,C,H2,H2,20,3ae5e9d6729977310e7e9d740490c223539aa514cf0e24e379adab25d7ca6d70,cce0fff0c49ad9577a5cfe6b1e8176eb45af8e1d1dbac6e98029d75e3dce1657,/Users/arjunsharma/Documents/SandiaProjects/4-LDRDAMDIS/DIMSWE-study-d0eb615/external-results/test2b-rain-active-learning/production/representation-C/h2-from-h1-m20-20/checkpoint_000000020_parameters.npz,Y,TRAINING TRUTH SUPPORT,0,80,POST-HOC CHECKPOINT EVALUATION,effective_R_activation,predicted_meaningful_positive_fraction,0.017011854383680556
t2b-c-h2,Test 2B,C,H2,H2,20,3ae5e9d6729977310e7e9d740490c223539aa514cf0e24e379adab25d7ca6d70,cce0fff0c49ad9577a5cfe6b1e8176eb45af8e1d1dbac6e98029d75e3dce1657,/Users/arjunsharma/Documents/SandiaProjects/4-LDRDAMDIS/DIMSWE-study-d0eb615/external-results/test2b-rain-active-learning/production/representation-C/h2-from-h1-m20-20/checkpoint_000000020_parameters.npz,Y,TRAINING TRUTH SUPPORT,0,80,POST-HOC CHECKPOINT EVALUATION,effective_R_activation,sample_count,5308416
t2b-c-h2,Test 2B,C,H2,H2,20,3ae5e9d6729977310e7e9d740490c223539aa514cf0e24e379adab25d7ca6d70,cce0fff0c49ad9577a5cfe6b1e8176eb45af8e1d1dbac6e98029d75e3dce1657,/Users/arjunsharma/Documents/SandiaProjects/4-LDRDAMDIS/DIMSWE-study-d0eb615/external-results/test2b-rain-active-learning/production/representation-C/h2-from-h1-m20-20/checkpoint_000000020_parameters.npz,Y,TRAINING TRUTH SUPPORT,0,80,POST-HOC CHECKPOINT EVALUATION,effective_R_activation,truth_active_sample_count,40776
t2b-c-h2,Test 2B,C,H2,H2,20,3ae5e9d6729977310e7e9d740490c223539aa514cf0e24e379adab25d7ca6d70,cce0fff0c49ad9577a5cfe6b1e8176eb45af8e1d1dbac6e98029d75e3dce1657,/Users/arjunsharma/Documents/SandiaProjects/4-LDRDAMDIS/DIMSWE-study-d0eb615/external-results/test2b-rain-active-learning/production/representation-C/h2-from-h1-m20-20/checkpoint_000000020_parameters.npz,Y,TRAINING TRUTH SUPPORT,0,80,POST-HOC CHECKPOINT EVALUATION,effective_R_activation,truth_active_sample_fraction,0.007681387442129629
t2b-c-h2,Test 2B,C,H2,H2,20,3ae5e9d6729977310e7e9d740490c223539aa514cf0e24e379adab25d7ca6d70,cce0fff0c49ad9577a5cfe6b1e8176eb45af8e1d1dbac6e98029d75e3dce1657,/Users/arjunsharma/Documents/SandiaProjects/4-LDRDAMDIS/DIMSWE-study-d0eb615/external-results/test2b-rain-active-learning/production/representation-C/h2-from-h1-m20-20/checkpoint_000000020_parameters.npz,Y,TRAINING TRUTH SUPPORT,0,80,POST-HOC CHECKPOINT EVALUATION,operator,denominator,6093310863157334.0
t2b-c-h2,Test 2B,C,H2,H2,20,3ae5e9d6729977310e7e9d740490c223539aa514cf0e24e379adab25d7ca6d70,cce0fff0c49ad9577a5cfe6b1e8176eb45af8e1d1dbac6e98029d75e3dce1657,/Users/arjunsharma/Documents/SandiaProjects/4-LDRDAMDIS/DIMSWE-study-d0eb615/external-results/test2b-rain-active-learning/production/representation-C/h2-from-h1-m20-20/checkpoint_000000020_parameters.npz,Y,TRAINING TRUTH SUPPORT,0,80,POST-HOC CHECKPOINT EVALUATION,operator,normalized_objective,0.0076452551957285715
t2b-c-h2,Test 2B,C,H2,H2,20,3ae5e9d6729977310e7e9d740490c223539aa514cf0e24e379adab25d7ca6d70,cce0fff0c49ad9577a5cfe6b1e8176eb45af8e1d1dbac6e98029d75e3dce1657,/Users/arjunsharma/Documents/SandiaProjects/4-LDRDAMDIS/DIMSWE-study-d0eb615/external-results/test2b-rain-active-learning/production/representation-C/h2-from-h1-m20-20/checkpoint_000000020_parameters.npz,Y,TRAINING TRUTH SUPPORT,0,80,POST-HOC CHECKPOINT EVALUATION,operator,numerator,46584916535742.95
t2b-c-h2,Test 2B,C,H2,H2,20,3ae5e9d6729977310e7e9d740490c223539aa514cf0e24e379adab25d7ca6d70,cce0fff0c49ad9577a5cfe6b1e8176eb45af8e1d1dbac6e98029d75e3dce1657,/Users/arjunsharma/Documents/SandiaProjects/4-LDRDAMDIS/DIMSWE-study-d0eb615/external-results/test2b-rain-active-learning/production/representation-C/h2-from-h1-m20-20/checkpoint_000000020_parameters.npz,Y,TRAINING TRUTH SUPPORT,0,80,POST-HOC CHECKPOINT EVALUATION,source_components.Qc,correlation,0.9995638692372653
t2b-c-h2,Test 2B,C,H2,H2,20,3ae5e9d6729977310e7e9d740490c223539aa514cf0e24e379adab25d7ca6d70,cce0fff0c49ad9577a5cfe6b1e8176eb45af8e1d1dbac6e98029d75e3dce1657,/Users/arjunsharma/Documents/SandiaProjects/4-LDRDAMDIS/DIMSWE-study-d0eb615/external-results/test2b-rain-active-learning/production/representation-C/h2-from-h1-m20-20/checkpoint_000000020_parameters.npz,Y,TRAINING TRUTH SUPPORT,0,80,POST-HOC CHECKPOINT EVALUATION,source_components.Qc,cosine,0.9995124057450914
t2b-c-h2,Test 2B,C,H2,H2,20,3ae5e9d6729977310e7e9d740490c223539aa514cf0e24e379adab25d7ca6d70,cce0fff0c49ad9577a5cfe6b1e8176eb45af8e1d1dbac6e98029d75e3dce1657,/Users/arjunsharma/Documents/SandiaProjects/4-LDRDAMDIS/DIMSWE-study-d0eb615/external-results/test2b-rain-active-learning/production/representation-C/h2-from-h1-m20-20/checkpoint_000000020_parameters.npz,Y,TRAINING TRUTH SUPPORT,0,80,POST-HOC CHECKPOINT EVALUATION,source_components.Qc,maximum_absolute_error,3.118187055528587e-05
t2b-c-h2,Test 2B,C,H2,H2,20,3ae5e9d6729977310e7e9d740490c223539aa514cf0e24e379adab25d7ca6d70,cce0fff0c49ad9577a5cfe6b1e8176eb45af8e1d1dbac6e98029d75e3dce1657,/Users/arjunsharma/Documents/SandiaProjects/4-LDRDAMDIS/DIMSWE-study-d0eb615/external-results/test2b-rain-active-learning/production/representation-C/h2-from-h1-m20-20/checkpoint_000000020_parameters.npz,Y,TRAINING TRUTH SUPPORT,0,80,POST-HOC CHECKPOINT EVALUATION,source_components.Qc,normalized_RMS_error,0.03203066845063541
t2b-c-h2,Test 2B,C,H2,H2,20,3ae5e9d6729977310e7e9d740490c223539aa514cf0e24e379adab25d7ca6d70,cce0fff0c49ad9577a5cfe6b1e8176eb45af8e1d1dbac6e98029d75e3dce1657,/Users/arjunsharma/Documents/SandiaProjects/4-LDRDAMDIS/DIMSWE-study-d0eb615/external-results/test2b-rain-active-learning/production/representation-C/h2-from-h1-m20-20/checkpoint_000000020_parameters.npz,Y,TRAINING TRUTH SUPPORT,0,80,POST-HOC CHECKPOINT EVALUATION,source_components.Qc,physical_RMS_error,2.179159755516319e-06
t2b-c-h2,Test 2B,C,H2,H2,20,3ae5e9d6729977310e7e9d740490c223539aa514cf0e24e379adab25d7ca6d70,cce0fff0c49ad9577a5cfe6b1e8176eb45af8e1d1dbac6e98029d75e3dce1657,/Users/arjunsharma/Documents/SandiaProjects/4-LDRDAMDIS/DIMSWE-study-d0eb615/external-results/test2b-rain-active-learning/production/representation-C/h2-from-h1-m20-20/checkpoint_000000020_parameters.npz,Y,TRAINING TRUTH SUPPORT,0,80,POST-HOC CHECKPOINT EVALUATION,source_components.Qc,prediction_RMS,6.75349620205202e-05
t2b-c-h2,Test 2B,C,H2,H2,20,3ae5e9d6729977310e7e9d740490c223539aa514cf0e24e379adab25d7ca6d70,cce0fff0c49ad9577a5cfe6b1e8176eb45af8e1d1dbac6e98029d75e3dce1657,/Users/arjunsharma/Documents/SandiaProjects/4-LDRDAMDIS/DIMSWE-study-d0eb615/external-results/test2b-rain-active-learning/production/representation-C/h2-from-h1-m20-20/checkpoint_000000020_parameters.npz,Y,TRAINING TRUTH SUPPORT,0,80,POST-HOC CHECKPOINT EVALUATION,source_components.Qc,relative_RMS_error,0.032022171925355204
t2b-c-h2,Test 2B,C,H2,H2,20,3ae5e9d6729977310e7e9d740490c223539aa514cf0e24e379adab25d7ca6d70,cce0fff0c49ad9577a5cfe6b1e8176eb45af8e1d1dbac6e98029d75e3dce1657,/Users/arjunsharma/Documents/SandiaProjects/4-LDRDAMDIS/DIMSWE-study-d0eb615/external-results/test2b-rain-active-learning/production/representation-C/h2-from-h1-m20-20/checkpoint_000000020_parameters.npz,Y,TRAINING TRUTH SUPPORT,0,80,POST-HOC CHECKPOINT EVALUATION,source_components.Qc,sample_count,5308416
t2b-c-h2,Test 2B,C,H2,H2,20,3ae5e9d6729977310e7e9d740490c223539aa514cf0e24e379adab25d7ca6d70,cce0fff0c49ad9577a5cfe6b1e8176eb45af8e1d1dbac6e98029d75e3dce1657,/Users/arjunsharma/Documents/SandiaProjects/4-LDRDAMDIS/DIMSWE-study-d0eb615/external-results/test2b-rain-active-learning/production/representation-C/h2-from-h1-m20-20/checkpoint_000000020_parameters.npz,Y,TRAINING TRUTH SUPPORT,0,80,POST-HOC CHECKPOINT EVALUATION,source_components.Qc,signed_mass_weighted_bias,-7.70633524966702e-07
t2b-c-h2,Test 2B,C,H2,H2,20,3ae5e9d6729977310e7e9d740490c223539aa514cf0e24e379adab25d7ca6d70,cce0fff0c49ad9577a5cfe6b1e8176eb45af8e1d1dbac6e98029d75e3dce1657,/Users/arjunsharma/Documents/SandiaProjects/4-LDRDAMDIS/DIMSWE-study-d0eb615/external-results/test2b-rain-active-learning/production/representation-C/h2-from-h1-m20-20/checkpoint_000000020_parameters.npz,Y,TRAINING TRUTH SUPPORT,0,80,POST-HOC CHECKPOINT EVALUATION,source_components.Qc,target_RMS,6.805159127232269e-05
t2b-c-h2,Test 2B,C,H2,H2,20,3ae5e9d6729977310e7e9d740490c223539aa514cf0e24e379adab25d7ca6d70,cce0fff0c49ad9577a5cfe6b1e8176eb45af8e1d1dbac6e98029d75e3dce1657,/Users/arjunsharma/Documents/SandiaProjects/4-LDRDAMDIS/DIMSWE-study-d0eb615/external-results/test2b-rain-active-learning/production/representation-C/h2-from-h1-m20-20/checkpoint_000000020_parameters.npz,Y,TRAINING TRUTH SUPPORT,0,80,POST-HOC CHECKPOINT EVALUATION,source_components.Qr,correlation,0.8097438048026946
t2b-c-h2,Test 2B,C,H2,H2,20,3ae5e9d6729977310e7e9d740490c223539aa514cf0e24e379adab25d7ca6d70,cce0fff0c49ad9577a5cfe6b1e8176eb45af8e1d1dbac6e98029d75e3dce1657,/Users/arjunsharma/Documents/SandiaProjects/4-LDRDAMDIS/DIMSWE-study-d0eb615/external-results/test2b-rain-active-learning/production/representation-C/h2-from-h1-m20-20/checkpoint_000000020_parameters.npz,Y,TRAINING TRUTH SUPPORT,0,80,POST-HOC CHECKPOINT EVALUATION,source_components.Qr,cosine,0.29806768682165435
t2b-c-h2,Test 2B,C,H2,H2,20,3ae5e9d6729977310e7e9d740490c223539aa514cf0e24e379adab25d7ca6d70,cce0fff0c49ad9577a5cfe6b1e8176eb45af8e1d1dbac6e98029d75e3dce1657,/Users/arjunsharma/Documents/SandiaProjects/4-LDRDAMDIS/DIMSWE-study-d0eb615/external-results/test2b-rain-active-learning/production/representation-C/h2-from-h1-m20-20/checkpoint_000000020_parameters.npz,Y,TRAINING TRUTH SUPPORT,0,80,POST-HOC CHECKPOINT EVALUATION,source_components.Qr,maximum_absolute_error,1.5927026280167208e-08
t2b-c-h2,Test 2B,C,H2,H2,20,3ae5e9d6729977310e7e9d740490c223539aa514cf0e24e379adab25d7ca6d70,cce0fff0c49ad9577a5cfe6b1e8176eb45af8e1d1dbac6e98029d75e3dce1657,/Users/arjunsharma/Documents/SandiaProjects/4-LDRDAMDIS/DIMSWE-study-d0eb615/external-results/test2b-rain-active-learning/production/representation-C/h2-from-h1-m20-20/checkpoint_000000020_parameters.npz,Y,TRAINING TRUTH SUPPORT,0,80,POST-HOC CHECKPOINT EVALUATION,source_components.Qr,normalized_RMS_error,0.14359428136245003
t2b-c-h2,Test 2B,C,H2,H2,20,3ae5e9d6729977310e7e9d740490c223539aa514cf0e24e379adab25d7ca6d70,cce0fff0c49ad9577a5cfe6b1e8176eb45af8e1d1dbac6e98029d75e3dce1657,/Users/arjunsharma/Documents/SandiaProjects/4-LDRDAMDIS/DIMSWE-study-d0eb615/external-results/test2b-rain-active-learning/production/representation-C/h2-from-h1-m20-20/checkpoint_000000020_parameters.npz,Y,TRAINING TRUTH SUPPORT,0,80,POST-HOC CHECKPOINT EVALUATION,source_components.Qr,physical_RMS_error,2.1648989240382403e-09
t2b-c-h2,Test 2B,C,H2,H2,20,3ae5e9d6729977310e7e9d740490c223539aa514cf0e24e379adab25d7ca6d70,cce0fff0c49ad9577a5cfe6b1e8176eb45af8e1d1dbac6e98029d75e3dce1657,/Users/arjunsharma/Documents/SandiaProjects/4-LDRDAMDIS/DIMSWE-study-d0eb615/external-results/test2b-rain-active-learning/production/representation-C/h2-from-h1-m20-20/checkpoint_000000020_parameters.npz,Y,TRAINING TRUTH SUPPORT,0,80,POST-HOC CHECKPOINT EVALUATION,source_components.Qr,prediction_RMS,2.160961574068886e-09
t2b-c-h2,Test 2B,C,H2,H2,20,3ae5e9d6729977310e7e9d740490c223539aa514cf0e24e379adab25d7ca6d70,cce0fff0c49ad9577a5cfe6b1e8176eb45af8e1d1dbac6e98029d75e3dce1657,/Users/arjunsharma/Documents/SandiaProjects/4-LDRDAMDIS/DIMSWE-study-d0eb615/external-results/test2b-rain-active-learning/production/representation-C/h2-from-h1-m20-20/checkpoint_000000020_parameters.npz,Y,TRAINING TRUTH SUPPORT,0,80,POST-HOC CHECKPOINT EVALUATION,source_components.Qr,relative_RMS_error,1.6636249784729038
t2b-c-h2,Test 2B,C,H2,H2,20,3ae5e9d6729977310e7e9d740490c223539aa514cf0e24e379adab25d7ca6d70,cce0fff0c49ad9577a5cfe6b1e8176eb45af8e1d1dbac6e98029d75e3dce1657,/Users/arjunsharma/Documents/SandiaProjects/4-LDRDAMDIS/DIMSWE-study-d0eb615/external-results/test2b-rain-active-learning/production/representation-C/h2-from-h1-m20-20/checkpoint_000000020_parameters.npz,Y,TRAINING TRUTH SUPPORT,0,80,POST-HOC CHECKPOINT EVALUATION,source_components.Qr,sample_count,5308416
t2b-c-h2,Test 2B,C,H2,H2,20,3ae5e9d6729977310e7e9d740490c223539aa514cf0e24e379adab25d7ca6d70,cce0fff0c49ad9577a5cfe6b1e8176eb45af8e1d1dbac6e98029d75e3dce1657,/Users/arjunsharma/Documents/SandiaProjects/4-LDRDAMDIS/DIMSWE-study-d0eb615/external-results/test2b-rain-active-learning/production/representation-C/h2-from-h1-m20-20/checkpoint_000000020_parameters.npz,Y,TRAINING TRUTH SUPPORT,0,80,POST-HOC CHECKPOINT EVALUATION,source_components.Qr,signed_mass_weighted_bias,-2.024999774250008e-09
t2b-c-h2,Test 2B,C,H2,H2,20,3ae5e9d6729977310e7e9d740490c223539aa514cf0e24e379adab25d7ca6d70,cce0fff0c49ad9577a5cfe6b1e8176eb45af8e1d1dbac6e98029d75e3dce1657,/Users/arjunsharma/Documents/SandiaProjects/4-LDRDAMDIS/DIMSWE-study-d0eb615/external-results/test2b-rain-active-learning/production/representation-C/h2-from-h1-m20-20/checkpoint_000000020_parameters.npz,Y,TRAINING TRUTH SUPPORT,0,80,POST-HOC CHECKPOINT EVALUATION,source_components.Qr,target_RMS,1.3013142697733911e-09
t2b-c-h2,Test 2B,C,H2,H2,20,3ae5e9d6729977310e7e9d740490c223539aa514cf0e24e379adab25d7ca6d70,cce0fff0c49ad9577a5cfe6b1e8176eb45af8e1d1dbac6e98029d75e3dce1657,/Users/arjunsharma/Documents/SandiaProjects/4-LDRDAMDIS/DIMSWE-study-d0eb615/external-results/test2b-rain-active-learning/production/representation-C/h2-from-h1-m20-20/checkpoint_000000020_parameters.npz,Y,TRAINING TRUTH SUPPORT,0,80,POST-HOC CHECKPOINT EVALUATION,source_components.Qv,correlation,0.9993828001578561
t2b-c-h2,Test 2B,C,H2,H2,20,3ae5e9d6729977310e7e9d740490c223539aa514cf0e24e379adab25d7ca6d70,cce0fff0c49ad9577a5cfe6b1e8176eb45af8e1d1dbac6e98029d75e3dce1657,/Users/arjunsharma/Documents/SandiaProjects/4-LDRDAMDIS/DIMSWE-study-d0eb615/external-results/test2b-rain-active-learning/production/representation-C/h2-from-h1-m20-20/checkpoint_000000020_parameters.npz,Y,TRAINING TRUTH SUPPORT,0,80,POST-HOC CHECKPOINT EVALUATION,source_components.Qv,cosine,0.9993683790913079
t2b-c-h2,Test 2B,C,H2,H2,20,3ae5e9d6729977310e7e9d740490c223539aa514cf0e24e379adab25d7ca6d70,cce0fff0c49ad9577a5cfe6b1e8176eb45af8e1d1dbac6e98029d75e3dce1657,/Users/arjunsharma/Documents/SandiaProjects/4-LDRDAMDIS/DIMSWE-study-d0eb615/external-results/test2b-rain-active-learning/production/representation-C/h2-from-h1-m20-20/checkpoint_000000020_parameters.npz,Y,TRAINING TRUTH SUPPORT,0,80,POST-HOC CHECKPOINT EVALUATION,source_components.Qv,maximum_absolute_error,3.2159162698104475e-05
t2b-c-h2,Test 2B,C,H2,H2,20,3ae5e9d6729977310e7e9d740490c223539aa514cf0e24e379adab25d7ca6d70,cce0fff0c49ad9577a5cfe6b1e8176eb45af8e1d1dbac6e98029d75e3dce1657,/Users/arjunsharma/Documents/SandiaProjects/4-LDRDAMDIS/DIMSWE-study-d0eb615/external-results/test2b-rain-active-learning/production/representation-C/h2-from-h1-m20-20/checkpoint_000000020_parameters.npz,Y,TRAINING TRUTH SUPPORT,0,80,POST-HOC CHECKPOINT EVALUATION,source_components.Qv,normalized_RMS_error,0.03572357052892574
t2b-c-h2,Test 2B,C,H2,H2,20,3ae5e9d6729977310e7e9d740490c223539aa514cf0e24e379adab25d7ca6d70,cce0fff0c49ad9577a5cfe6b1e8176eb45af8e1d1dbac6e98029d75e3dce1657,/Users/arjunsharma/Documents/SandiaProjects/4-LDRDAMDIS/DIMSWE-study-d0eb615/external-results/test2b-rain-active-learning/production/representation-C/h2-from-h1-m20-20/checkpoint_000000020_parameters.npz,Y,TRAINING TRUTH SUPPORT,0,80,POST-HOC CHECKPOINT EVALUATION,source_components.Qv,physical_RMS_error,2.4304009570314283e-06
t2b-c-h2,Test 2B,C,H2,H2,20,3ae5e9d6729977310e7e9d740490c223539aa514cf0e24e379adab25d7ca6d70,cce0fff0c49ad9577a5cfe6b1e8176eb45af8e1d1dbac6e98029d75e3dce1657,/Users/arjunsharma/Documents/SandiaProjects/4-LDRDAMDIS/DIMSWE-study-d0eb615/external-results/test2b-rain-active-learning/production/representation-C/h2-from-h1-m20-20/checkpoint_000000020_parameters.npz,Y,TRAINING TRUTH SUPPORT,0,80,POST-HOC CHECKPOINT EVALUATION,source_components.Qv,prediction_RMS,6.77665370804462e-05
t2b-c-h2,Test 2B,C,H2,H2,20,3ae5e9d6729977310e7e9d740490c223539aa514cf0e24e379adab25d7ca6d70,cce0fff0c49ad9577a5cfe6b1e8176eb45af8e1d1dbac6e98029d75e3dce1657,/Users/arjunsharma/Documents/SandiaProjects/4-LDRDAMDIS/DIMSWE-study-d0eb615/external-results/test2b-rain-active-learning/production/representation-C/h2-from-h1-m20-20/checkpoint_000000020_parameters.npz,Y,TRAINING TRUTH SUPPORT,0,80,POST-HOC CHECKPOINT EVALUATION,source_components.Qv,relative_RMS_error,0.035714093771710094
t2b-c-h2,Test 2B,C,H2,H2,20,3ae5e9d6729977310e7e9d740490c223539aa514cf0e24e379adab25d7ca6d70,cce0fff0c49ad9577a5cfe6b1e8176eb45af8e1d1dbac6e98029d75e3dce1657,/Users/arjunsharma/Documents/SandiaProjects/4-LDRDAMDIS/DIMSWE-study-d0eb615/external-results/test2b-rain-active-learning/production/representation-C/h2-from-h1-m20-20/checkpoint_000000020_parameters.npz,Y,TRAINING TRUTH SUPPORT,0,80,POST-HOC CHECKPOINT EVALUATION,source_components.Qv,sample_count,5308416
t2b-c-h2,Test 2B,C,H2,H2,20,3ae5e9d6729977310e7e9d740490c223539aa514cf0e24e379adab25d7ca6d70,cce0fff0c49ad9577a5cfe6b1e8176eb45af8e1d1dbac6e98029d75e3dce1657,/Users/arjunsharma/Documents/SandiaProjects/4-LDRDAMDIS/DIMSWE-study-d0eb615/external-results/test2b-rain-active-learning/production/representation-C/h2-from-h1-m20-20/checkpoint_000000020_parameters.npz,Y,TRAINING TRUTH SUPPORT,0,80,POST-HOC CHECKPOINT EVALUATION,source_components.Qv,signed_mass_weighted_bias,-4.203046699582701e-07
t2b-c-h2,Test 2B,C,H2,H2,20,3ae5e9d6729977310e7e9d740490c223539aa514cf0e24e379adab25d7ca6d70,cce0fff0c49ad9577a5cfe6b1e8176eb45af8e1d1dbac6e98029d75e3dce1657,/Users/arjunsharma/Documents/SandiaProjects/4-LDRDAMDIS/DIMSWE-study-d0eb615/external-results/test2b-rain-active-learning/production/representation-C/h2-from-h1-m20-20/checkpoint_000000020_parameters.npz,Y,TRAINING TRUTH SUPPORT,0,80,POST-HOC CHECKPOINT EVALUATION,source_components.Qv,target_RMS,6.805159253282248e-05
t2b-c-h2,Test 2B,C,H2,H2,20,3ae5e9d6729977310e7e9d740490c223539aa514cf0e24e379adab25d7ca6d70,cce0fff0c49ad9577a5cfe6b1e8176eb45af8e1d1dbac6e98029d75e3dce1657,/Users/arjunsharma/Documents/SandiaProjects/4-LDRDAMDIS/DIMSWE-study-d0eb615/external-results/test2b-rain-active-learning/production/representation-C/h2-from-h1-m20-20/checkpoint_000000020_parameters.npz,Y,TRAINING TRUTH SUPPORT,0,80,POST-HOC CHECKPOINT EVALUATION,source_components.S,correlation,0.9999582582869688
t2b-c-h2,Test 2B,C,H2,H2,20,3ae5e9d6729977310e7e9d740490c223539aa514cf0e24e379adab25d7ca6d70,cce0fff0c49ad9577a5cfe6b1e8176eb45af8e1d1dbac6e98029d75e3dce1657,/Users/arjunsharma/Documents/SandiaProjects/4-LDRDAMDIS/DIMSWE-study-d0eb615/external-results/test2b-rain-active-learning/production/representation-C/h2-from-h1-m20-20/checkpoint_000000020_parameters.npz,Y,TRAINING TRUTH SUPPORT,0,80,POST-HOC CHECKPOINT EVALUATION,source_components.S,cosine,0.9999584515949135
t2b-c-h2,Test 2B,C,H2,H2,20,3ae5e9d6729977310e7e9d740490c223539aa514cf0e24e379adab25d7ca6d70,cce0fff0c49ad9577a5cfe6b1e8176eb45af8e1d1dbac6e98029d75e3dce1657,/Users/arjunsharma/Documents/SandiaProjects/4-LDRDAMDIS/DIMSWE-study-d0eb615/external-results/test2b-rain-active-learning/production/representation-C/h2-from-h1-m20-20/checkpoint_000000020_parameters.npz,Y,TRAINING TRUTH SUPPORT,0,80,POST-HOC CHECKPOINT EVALUATION,source_components.S,maximum_absolute_error,0.0026689267923159783
t2b-c-h2,Test 2B,C,H2,H2,20,3ae5e9d6729977310e7e9d740490c223539aa514cf0e24e379adab25d7ca6d70,cce0fff0c49ad9577a5cfe6b1e8176eb45af8e1d1dbac6e98029d75e3dce1657,/Users/arjunsharma/Documents/SandiaProjects/4-LDRDAMDIS/DIMSWE-study-d0eb615/external-results/test2b-rain-active-learning/production/representation-C/h2-from-h1-m20-20/checkpoint_000000020_parameters.npz,Y,TRAINING TRUTH SUPPORT,0,80,POST-HOC CHECKPOINT EVALUATION,source_components.S,normalized_RMS_error,0.009134670325729503
t2b-c-h2,Test 2B,C,H2,H2,20,3ae5e9d6729977310e7e9d740490c223539aa514cf0e24e379adab25d7ca6d70,cce0fff0c49ad9577a5cfe6b1e8176eb45af8e1d1dbac6e98029d75e3dce1657,/Users/arjunsharma/Documents/SandiaProjects/4-LDRDAMDIS/DIMSWE-study-d0eb615/external-results/test2b-rain-active-learning/production/representation-C/h2-from-h1-m20-20/checkpoint_000000020_parameters.npz,Y,TRAINING TRUTH SUPPORT,0,80,POST-HOC CHECKPOINT EVALUATION,source_components.S,physical_RMS_error,6.0941749973285695e-05
t2b-c-h2,Test 2B,C,H2,H2,20,3ae5e9d6729977310e7e9d740490c223539aa514cf0e24e379adab25d7ca6d70,cce0fff0c49ad9577a5cfe6b1e8176eb45af8e1d1dbac6e98029d75e3dce1657,/Users/arjunsharma/Documents/SandiaProjects/4-LDRDAMDIS/DIMSWE-study-d0eb615/external-results/test2b-rain-active-learning/production/representation-C/h2-from-h1-m20-20/checkpoint_000000020_parameters.npz,Y,TRAINING TRUTH SUPPORT,0,80,POST-HOC CHECKPOINT EVALUATION,source_components.S,prediction_RMS,0.006669298357440344
t2b-c-h2,Test 2B,C,H2,H2,20,3ae5e9d6729977310e7e9d740490c223539aa514cf0e24e379adab25d7ca6d70,cce0fff0c49ad9577a5cfe6b1e8176eb45af8e1d1dbac6e98029d75e3dce1657,/Users/arjunsharma/Documents/SandiaProjects/4-LDRDAMDIS/DIMSWE-study-d0eb615/external-results/test2b-rain-active-learning/production/representation-C/h2-from-h1-m20-20/checkpoint_000000020_parameters.npz,Y,TRAINING TRUTH SUPPORT,0,80,POST-HOC CHECKPOINT EVALUATION,source_components.S,relative_RMS_error,0.009132247078231
t2b-c-h2,Test 2B,C,H2,H2,20,3ae5e9d6729977310e7e9d740490c223539aa514cf0e24e379adab25d7ca6d70,cce0fff0c49ad9577a5cfe6b1e8176eb45af8e1d1dbac6e98029d75e3dce1657,/Users/arjunsharma/Documents/SandiaProjects/4-LDRDAMDIS/DIMSWE-study-d0eb615/external-results/test2b-rain-active-learning/production/representation-C/h2-from-h1-m20-20/checkpoint_000000020_parameters.npz,Y,TRAINING TRUTH SUPPORT,0,80,POST-HOC CHECKPOINT EVALUATION,source_components.S,sample_count,5308416
t2b-c-h2,Test 2B,C,H2,H2,20,3ae5e9d6729977310e7e9d740490c223539aa514cf0e24e379adab25d7ca6d70,cce0fff0c49ad9577a5cfe6b1e8176eb45af8e1d1dbac6e98029d75e3dce1657,/Users/arjunsharma/Documents/SandiaProjects/4-LDRDAMDIS/DIMSWE-study-d0eb615/external-results/test2b-rain-active-learning/production/representation-C/h2-from-h1-m20-20/checkpoint_000000020_parameters.npz,Y,TRAINING TRUTH SUPPORT,0,80,POST-HOC CHECKPOINT EVALUATION,source_components.S,signed_mass_weighted_bias,-4.927524613994382e-06
t2b-c-h2,Test 2B,C,H2,H2,20,3ae5e9d6729977310e7e9d740490c223539aa514cf0e24e379adab25d7ca6d70,cce0fff0c49ad9577a5cfe6b1e8176eb45af8e1d1dbac6e98029d75e3dce1657,/Users/arjunsharma/Documents/SandiaProjects/4-LDRDAMDIS/DIMSWE-study-d0eb615/external-results/test2b-rain-active-learning/production/representation-C/h2-from-h1-m20-20/checkpoint_000000020_parameters.npz,Y,TRAINING TRUTH SUPPORT,0,80,POST-HOC CHECKPOINT EVALUATION,source_components.S,target_RMS,0.006673248046316622
t2b-c-h2,Test 2B,C,H2,H2,20,3ae5e9d6729977310e7e9d740490c223539aa514cf0e24e379adab25d7ca6d70,cce0fff0c49ad9577a5cfe6b1e8176eb45af8e1d1dbac6e98029d75e3dce1657,/Users/arjunsharma/Documents/SandiaProjects/4-LDRDAMDIS/DIMSWE-study-d0eb615/external-results/test2b-rain-active-learning/production/representation-C/h2-from-h1-m20-20/checkpoint_000000020_parameters.npz,Y,TRAINING TRUTH SUPPORT,0,80,POST-HOC CHECKPOINT EVALUATION,source_structure,S_minus_beta2_Qv_defect_RMS,0.0002005415643880882
t2b-c-h2,Test 2B,C,H2,H2,20,3ae5e9d6729977310e7e9d740490c223539aa514cf0e24e379adab25d7ca6d70,cce0fff0c49ad9577a5cfe6b1e8176eb45af8e1d1dbac6e98029d75e3dce1657,/Users/arjunsharma/Documents/SandiaProjects/4-LDRDAMDIS/DIMSWE-study-d0eb615/external-results/test2b-rain-active-learning/production/representation-C/h2-from-h1-m20-20/checkpoint_000000020_parameters.npz,Y,TRAINING TRUTH SUPPORT,0,80,POST-HOC CHECKPOINT EVALUATION,source_structure,negative_Qr_source_fraction,0.9829881456163194
t2b-c-h2,Test 2B,C,H2,H2,20,3ae5e9d6729977310e7e9d740490c223539aa514cf0e24e379adab25d7ca6d70,cce0fff0c49ad9577a5cfe6b1e8176eb45af8e1d1dbac6e98029d75e3dce1657,/Users/arjunsharma/Documents/SandiaProjects/4-LDRDAMDIS/DIMSWE-study-d0eb615/external-results/test2b-rain-active-learning/production/representation-C/h2-from-h1-m20-20/checkpoint_000000020_parameters.npz,Y,TRAINING TRUTH SUPPORT,0,80,POST-HOC CHECKPOINT EVALUATION,source_structure,normalized_off_manifold_RMS,0.026349222281236945
t2b-c-h2,Test 2B,C,H2,H2,20,3ae5e9d6729977310e7e9d740490c223539aa514cf0e24e379adab25d7ca6d70,cce0fff0c49ad9577a5cfe6b1e8176eb45af8e1d1dbac6e98029d75e3dce1657,/Users/arjunsharma/Documents/SandiaProjects/4-LDRDAMDIS/DIMSWE-study-d0eb615/external-results/test2b-rain-active-learning/production/representation-C/h2-from-h1-m20-20/checkpoint_000000020_parameters.npz,Y,TRAINING TRUTH SUPPORT,0,80,POST-HOC CHECKPOINT EVALUATION,source_structure,positive_Qr_source_fraction,0.017011854383680556
t2b-c-h2,Test 2B,C,H2,H2,20,3ae5e9d6729977310e7e9d740490c223539aa514cf0e24e379adab25d7ca6d70,cce0fff0c49ad9577a5cfe6b1e8176eb45af8e1d1dbac6e98029d75e3dce1657,/Users/arjunsharma/Documents/SandiaProjects/4-LDRDAMDIS/DIMSWE-study-d0eb615/external-results/test2b-rain-active-learning/production/representation-C/h2-from-h1-m20-20/checkpoint_000000020_parameters.npz,Y,TRAINING TRUTH SUPPORT,0,80,POST-HOC CHECKPOINT EVALUATION,source_structure,water_source_defect_RMS,1.474335063775455e-06
t2b-c-h2,Test 2B,C,H2,H2,20,3ae5e9d6729977310e7e9d740490c223539aa514cf0e24e379adab25d7ca6d70,cce0fff0c49ad9577a5cfe6b1e8176eb45af8e1d1dbac6e98029d75e3dce1657,/Users/arjunsharma/Documents/SandiaProjects/4-LDRDAMDIS/DIMSWE-study-d0eb615/external-results/test2b-rain-active-learning/production/representation-C/h2-from-h1-m20-20/checkpoint_000000020_parameters.npz,Y,TRAINING TRUTH SUPPORT,0,80,POST-HOC CHECKPOINT EVALUATION,source_vector,normalized_source_vector_cosine,0.9961718514492761
t2b-c-h2,Test 2B,C,H2,H2,20,3ae5e9d6729977310e7e9d740490c223539aa514cf0e24e379adab25d7ca6d70,cce0fff0c49ad9577a5cfe6b1e8176eb45af8e1d1dbac6e98029d75e3dce1657,/Users/arjunsharma/Documents/SandiaProjects/4-LDRDAMDIS/DIMSWE-study-d0eb615/external-results/test2b-rain-active-learning/production/representation-C/h2-from-h1-m20-20/checkpoint_000000020_parameters.npz,Y,TRAINING TRUTH SUPPORT,0,80,POST-HOC CHECKPOINT EVALUATION,source_vector,normalized_vector_RMS_error,0.1516736531329284
t2b-c-h2,Test 2B,C,H2,H2,20,3ae5e9d6729977310e7e9d740490c223539aa514cf0e24e379adab25d7ca6d70,cce0fff0c49ad9577a5cfe6b1e8176eb45af8e1d1dbac6e98029d75e3dce1657,/Users/arjunsharma/Documents/SandiaProjects/4-LDRDAMDIS/DIMSWE-study-d0eb615/external-results/test2b-rain-active-learning/production/representation-C/h2-from-h1-m20-20/checkpoint_000000020_parameters.npz,Y,TRAINING TRUTH SUPPORT,0,80,POST-HOC CHECKPOINT EVALUATION,source_vector,normalized_vector_relative_RMS_error,0.08743714997487378
t2b-c-h2,Test 2B,C,H2,H2,20,3ae5e9d6729977310e7e9d740490c223539aa514cf0e24e379adab25d7ca6d70,cce0fff0c49ad9577a5cfe6b1e8176eb45af8e1d1dbac6e98029d75e3dce1657,/Users/arjunsharma/Documents/SandiaProjects/4-LDRDAMDIS/DIMSWE-study-d0eb615/external-results/test2b-rain-active-learning/production/representation-C/h2-from-h1-m20-20/checkpoint_000000020_parameters.npz,Y,HELD-OUT TRUTH SUPPORT,81,160,POST-HOC CHECKPOINT EVALUATION,effective_A,correlation,0.22864354761486153
t2b-c-h2,Test 2B,C,H2,H2,20,3ae5e9d6729977310e7e9d740490c223539aa514cf0e24e379adab25d7ca6d70,cce0fff0c49ad9577a5cfe6b1e8176eb45af8e1d1dbac6e98029d75e3dce1657,/Users/arjunsharma/Documents/SandiaProjects/4-LDRDAMDIS/DIMSWE-study-d0eb615/external-results/test2b-rain-active-learning/production/representation-C/h2-from-h1-m20-20/checkpoint_000000020_parameters.npz,Y,HELD-OUT TRUTH SUPPORT,81,160,POST-HOC CHECKPOINT EVALUATION,effective_A,cosine,0.23172589506114022
t2b-c-h2,Test 2B,C,H2,H2,20,3ae5e9d6729977310e7e9d740490c223539aa514cf0e24e379adab25d7ca6d70,cce0fff0c49ad9577a5cfe6b1e8176eb45af8e1d1dbac6e98029d75e3dce1657,/Users/arjunsharma/Documents/SandiaProjects/4-LDRDAMDIS/DIMSWE-study-d0eb615/external-results/test2b-rain-active-learning/production/representation-C/h2-from-h1-m20-20/checkpoint_000000020_parameters.npz,Y,HELD-OUT TRUTH SUPPORT,81,160,POST-HOC CHECKPOINT EVALUATION,effective_A,maximum_absolute_error,1.2087219602817641e-07
t2b-c-h2,Test 2B,C,H2,H2,20,3ae5e9d6729977310e7e9d740490c223539aa514cf0e24e379adab25d7ca6d70,cce0fff0c49ad9577a5cfe6b1e8176eb45af8e1d1dbac6e98029d75e3dce1657,/Users/arjunsharma/Documents/SandiaProjects/4-LDRDAMDIS/DIMSWE-study-d0eb615/external-results/test2b-rain-active-learning/production/representation-C/h2-from-h1-m20-20/checkpoint_000000020_parameters.npz,Y,HELD-OUT TRUTH SUPPORT,81,160,POST-HOC CHECKPOINT EVALUATION,effective_A,normalized_RMS_error,0.07396908548078199
t2b-c-h2,Test 2B,C,H2,H2,20,3ae5e9d6729977310e7e9d740490c223539aa514cf0e24e379adab25d7ca6d70,cce0fff0c49ad9577a5cfe6b1e8176eb45af8e1d1dbac6e98029d75e3dce1657,/Users/arjunsharma/Documents/SandiaProjects/4-LDRDAMDIS/DIMSWE-study-d0eb615/external-results/test2b-rain-active-learning/production/representation-C/h2-from-h1-m20-20/checkpoint_000000020_parameters.npz,Y,HELD-OUT TRUTH SUPPORT,81,160,POST-HOC CHECKPOINT EVALUATION,effective_A,physical_RMS_error,6.695872943086224e-09
t2b-c-h2,Test 2B,C,H2,H2,20,3ae5e9d6729977310e7e9d740490c223539aa514cf0e24e379adab25d7ca6d70,cce0fff0c49ad9577a5cfe6b1e8176eb45af8e1d1dbac6e98029d75e3dce1657,/Users/arjunsharma/Documents/SandiaProjects/4-LDRDAMDIS/DIMSWE-study-d0eb615/external-results/test2b-rain-active-learning/production/representation-C/h2-from-h1-m20-20/checkpoint_000000020_parameters.npz,Y,HELD-OUT TRUTH SUPPORT,81,160,POST-HOC CHECKPOINT EVALUATION,effective_A,prediction_RMS,6.7636926654281425e-09
t2b-c-h2,Test 2B,C,H2,H2,20,3ae5e9d6729977310e7e9d740490c223539aa514cf0e24e379adab25d7ca6d70,cce0fff0c49ad9577a5cfe6b1e8176eb45af8e1d1dbac6e98029d75e3dce1657,/Users/arjunsharma/Documents/SandiaProjects/4-LDRDAMDIS/DIMSWE-study-d0eb615/external-results/test2b-rain-active-learning/production/representation-C/h2-from-h1-m20-20/checkpoint_000000020_parameters.npz,Y,HELD-OUT TRUTH SUPPORT,81,160,POST-HOC CHECKPOINT EVALUATION,effective_A,relative_RMS_error,2.3830675256592
t2b-c-h2,Test 2B,C,H2,H2,20,3ae5e9d6729977310e7e9d740490c223539aa514cf0e24e379adab25d7ca6d70,cce0fff0c49ad9577a5cfe6b1e8176eb45af8e1d1dbac6e98029d75e3dce1657,/Users/arjunsharma/Documents/SandiaProjects/4-LDRDAMDIS/DIMSWE-study-d0eb615/external-results/test2b-rain-active-learning/production/representation-C/h2-from-h1-m20-20/checkpoint_000000020_parameters.npz,Y,HELD-OUT TRUTH SUPPORT,81,160,POST-HOC CHECKPOINT EVALUATION,effective_A,sample_count,5242880
t2b-c-h2,Test 2B,C,H2,H2,20,3ae5e9d6729977310e7e9d740490c223539aa514cf0e24e379adab25d7ca6d70,cce0fff0c49ad9577a5cfe6b1e8176eb45af8e1d1dbac6e98029d75e3dce1657,/Users/arjunsharma/Documents/SandiaProjects/4-LDRDAMDIS/DIMSWE-study-d0eb615/external-results/test2b-rain-active-learning/production/representation-C/h2-from-h1-m20-20/checkpoint_000000020_parameters.npz,Y,HELD-OUT TRUTH SUPPORT,81,160,POST-HOC CHECKPOINT EVALUATION,effective_A,signed_mass_weighted_bias,-1.1087034912144616e-09
t2b-c-h2,Test 2B,C,H2,H2,20,3ae5e9d6729977310e7e9d740490c223539aa514cf0e24e379adab25d7ca6d70,cce0fff0c49ad9577a5cfe6b1e8176eb45af8e1d1dbac6e98029d75e3dce1657,/Users/arjunsharma/Documents/SandiaProjects/4-LDRDAMDIS/DIMSWE-study-d0eb615/external-results/test2b-rain-active-learning/production/representation-C/h2-from-h1-m20-20/checkpoint_000000020_parameters.npz,Y,HELD-OUT TRUTH SUPPORT,81,160,POST-HOC CHECKPOINT EVALUATION,effective_A,target_RMS,2.8097705461510257e-09
t2b-c-h2,Test 2B,C,H2,H2,20,3ae5e9d6729977310e7e9d740490c223539aa514cf0e24e379adab25d7ca6d70,cce0fff0c49ad9577a5cfe6b1e8176eb45af8e1d1dbac6e98029d75e3dce1657,/Users/arjunsharma/Documents/SandiaProjects/4-LDRDAMDIS/DIMSWE-study-d0eb615/external-results/test2b-rain-active-learning/production/representation-C/h2-from-h1-m20-20/checkpoint_000000020_parameters.npz,Y,HELD-OUT TRUTH SUPPORT,81,160,POST-HOC CHECKPOINT EVALUATION,effective_R,correlation,0.8752154479103889
t2b-c-h2,Test 2B,C,H2,H2,20,3ae5e9d6729977310e7e9d740490c223539aa514cf0e24e379adab25d7ca6d70,cce0fff0c49ad9577a5cfe6b1e8176eb45af8e1d1dbac6e98029d75e3dce1657,/Users/arjunsharma/Documents/SandiaProjects/4-LDRDAMDIS/DIMSWE-study-d0eb615/external-results/test2b-rain-active-learning/production/representation-C/h2-from-h1-m20-20/checkpoint_000000020_parameters.npz,Y,HELD-OUT TRUTH SUPPORT,81,160,POST-HOC CHECKPOINT EVALUATION,effective_R,cosine,0.5858756198017677
t2b-c-h2,Test 2B,C,H2,H2,20,3ae5e9d6729977310e7e9d740490c223539aa514cf0e24e379adab25d7ca6d70,cce0fff0c49ad9577a5cfe6b1e8176eb45af8e1d1dbac6e98029d75e3dce1657,/Users/arjunsharma/Documents/SandiaProjects/4-LDRDAMDIS/DIMSWE-study-d0eb615/external-results/test2b-rain-active-learning/production/representation-C/h2-from-h1-m20-20/checkpoint_000000020_parameters.npz,Y,HELD-OUT TRUTH SUPPORT,81,160,POST-HOC CHECKPOINT EVALUATION,effective_R,maximum_absolute_error,2.7695691244279947e-11
t2b-c-h2,Test 2B,C,H2,H2,20,3ae5e9d6729977310e7e9d740490c223539aa514cf0e24e379adab25d7ca6d70,cce0fff0c49ad9577a5cfe6b1e8176eb45af8e1d1dbac6e98029d75e3dce1657,/Users/arjunsharma/Documents/SandiaProjects/4-LDRDAMDIS/DIMSWE-study-d0eb615/external-results/test2b-rain-active-learning/production/representation-C/h2-from-h1-m20-20/checkpoint_000000020_parameters.npz,Y,HELD-OUT TRUTH SUPPORT,81,160,POST-HOC CHECKPOINT EVALUATION,effective_R,normalized_RMS_error,0.24682114114780612
t2b-c-h2,Test 2B,C,H2,H2,20,3ae5e9d6729977310e7e9d740490c223539aa514cf0e24e379adab25d7ca6d70,cce0fff0c49ad9577a5cfe6b1e8176eb45af8e1d1dbac6e98029d75e3dce1657,/Users/arjunsharma/Documents/SandiaProjects/4-LDRDAMDIS/DIMSWE-study-d0eb615/external-results/test2b-rain-active-learning/production/representation-C/h2-from-h1-m20-20/checkpoint_000000020_parameters.npz,Y,HELD-OUT TRUTH SUPPORT,81,160,POST-HOC CHECKPOINT EVALUATION,effective_R,physical_RMS_error,4.912449396896114e-12
t2b-c-h2,Test 2B,C,H2,H2,20,3ae5e9d6729977310e7e9d740490c223539aa514cf0e24e379adab25d7ca6d70,cce0fff0c49ad9577a5cfe6b1e8176eb45af8e1d1dbac6e98029d75e3dce1657,/Users/arjunsharma/Documents/SandiaProjects/4-LDRDAMDIS/DIMSWE-study-d0eb615/external-results/test2b-rain-active-learning/production/representation-C/h2-from-h1-m20-20/checkpoint_000000020_parameters.npz,Y,HELD-OUT TRUTH SUPPORT,81,160,POST-HOC CHECKPOINT EVALUATION,effective_R,prediction_RMS,3.309938544132069e-12
t2b-c-h2,Test 2B,C,H2,H2,20,3ae5e9d6729977310e7e9d740490c223539aa514cf0e24e379adab25d7ca6d70,cce0fff0c49ad9577a5cfe6b1e8176eb45af8e1d1dbac6e98029d75e3dce1657,/Users/arjunsharma/Documents/SandiaProjects/4-LDRDAMDIS/DIMSWE-study-d0eb615/external-results/test2b-rain-active-learning/production/representation-C/h2-from-h1-m20-20/checkpoint_000000020_parameters.npz,Y,HELD-OUT TRUTH SUPPORT,81,160,POST-HOC CHECKPOINT EVALUATION,effective_R,relative_RMS_error,0.8113485309738332
t2b-c-h2,Test 2B,C,H2,H2,20,3ae5e9d6729977310e7e9d740490c223539aa514cf0e24e379adab25d7ca6d70,cce0fff0c49ad9577a5cfe6b1e8176eb45af8e1d1dbac6e98029d75e3dce1657,/Users/arjunsharma/Documents/SandiaProjects/4-LDRDAMDIS/DIMSWE-study-d0eb615/external-results/test2b-rain-active-learning/production/representation-C/h2-from-h1-m20-20/checkpoint_000000020_parameters.npz,Y,HELD-OUT TRUTH SUPPORT,81,160,POST-HOC CHECKPOINT EVALUATION,effective_R,sample_count,5242880
t2b-c-h2,Test 2B,C,H2,H2,20,3ae5e9d6729977310e7e9d740490c223539aa514cf0e24e379adab25d7ca6d70,cce0fff0c49ad9577a5cfe6b1e8176eb45af8e1d1dbac6e98029d75e3dce1657,/Users/arjunsharma/Documents/SandiaProjects/4-LDRDAMDIS/DIMSWE-study-d0eb615/external-results/test2b-rain-active-learning/production/representation-C/h2-from-h1-m20-20/checkpoint_000000020_parameters.npz,Y,HELD-OUT TRUTH SUPPORT,81,160,POST-HOC CHECKPOINT EVALUATION,effective_R,signed_mass_weighted_bias,-3.21300648507707e-12
t2b-c-h2,Test 2B,C,H2,H2,20,3ae5e9d6729977310e7e9d740490c223539aa514cf0e24e379adab25d7ca6d70,cce0fff0c49ad9577a5cfe6b1e8176eb45af8e1d1dbac6e98029d75e3dce1657,/Users/arjunsharma/Documents/SandiaProjects/4-LDRDAMDIS/DIMSWE-study-d0eb615/external-results/test2b-rain-active-learning/production/representation-C/h2-from-h1-m20-20/checkpoint_000000020_parameters.npz,Y,HELD-OUT TRUTH SUPPORT,81,160,POST-HOC CHECKPOINT EVALUATION,effective_R,target_RMS,6.054672202339324e-12
t2b-c-h2,Test 2B,C,H2,H2,20,3ae5e9d6729977310e7e9d740490c223539aa514cf0e24e379adab25d7ca6d70,cce0fff0c49ad9577a5cfe6b1e8176eb45af8e1d1dbac6e98029d75e3dce1657,/Users/arjunsharma/Documents/SandiaProjects/4-LDRDAMDIS/DIMSWE-study-d0eb615/external-results/test2b-rain-active-learning/production/representation-C/h2-from-h1-m20-20/checkpoint_000000020_parameters.npz,Y,HELD-OUT TRUTH SUPPORT,81,160,POST-HOC CHECKPOINT EVALUATION,effective_R_activation,activity_numerical_tolerance,1.2119968976504772e-20
t2b-c-h2,Test 2B,C,H2,H2,20,3ae5e9d6729977310e7e9d740490c223539aa514cf0e24e379adab25d7ca6d70,cce0fff0c49ad9577a5cfe6b1e8176eb45af8e1d1dbac6e98029d75e3dce1657,/Users/arjunsharma/Documents/SandiaProjects/4-LDRDAMDIS/DIMSWE-study-d0eb615/external-results/test2b-rain-active-learning/production/representation-C/h2-from-h1-m20-20/checkpoint_000000020_parameters.npz,Y,HELD-OUT TRUTH SUPPORT,81,160,POST-HOC CHECKPOINT EVALUATION,effective_R_activation,false_negative_count,0
t2b-c-h2,Test 2B,C,H2,H2,20,3ae5e9d6729977310e7e9d740490c223539aa514cf0e24e379adab25d7ca6d70,cce0fff0c49ad9577a5cfe6b1e8176eb45af8e1d1dbac6e98029d75e3dce1657,/Users/arjunsharma/Documents/SandiaProjects/4-LDRDAMDIS/DIMSWE-study-d0eb615/external-results/test2b-rain-active-learning/production/representation-C/h2-from-h1-m20-20/checkpoint_000000020_parameters.npz,Y,HELD-OUT TRUTH SUPPORT,81,160,POST-HOC CHECKPOINT EVALUATION,effective_R_activation,false_negative_rate_given_truth_active,0.0
t2b-c-h2,Test 2B,C,H2,H2,20,3ae5e9d6729977310e7e9d740490c223539aa514cf0e24e379adab25d7ca6d70,cce0fff0c49ad9577a5cfe6b1e8176eb45af8e1d1dbac6e98029d75e3dce1657,/Users/arjunsharma/Documents/SandiaProjects/4-LDRDAMDIS/DIMSWE-study-d0eb615/external-results/test2b-rain-active-learning/production/representation-C/h2-from-h1-m20-20/checkpoint_000000020_parameters.npz,Y,HELD-OUT TRUTH SUPPORT,81,160,POST-HOC CHECKPOINT EVALUATION,effective_R_activation,false_positive_count,158384
t2b-c-h2,Test 2B,C,H2,H2,20,3ae5e9d6729977310e7e9d740490c223539aa514cf0e24e379adab25d7ca6d70,cce0fff0c49ad9577a5cfe6b1e8176eb45af8e1d1dbac6e98029d75e3dce1657,/Users/arjunsharma/Documents/SandiaProjects/4-LDRDAMDIS/DIMSWE-study-d0eb615/external-results/test2b-rain-active-learning/production/representation-C/h2-from-h1-m20-20/checkpoint_000000020_parameters.npz,Y,HELD-OUT TRUTH SUPPORT,81,160,POST-HOC CHECKPOINT EVALUATION,effective_R_activation,false_positive_rate_given_truth_inactive,0.032608973150056786
t2b-c-h2,Test 2B,C,H2,H2,20,3ae5e9d6729977310e7e9d740490c223539aa514cf0e24e379adab25d7ca6d70,cce0fff0c49ad9577a5cfe6b1e8176eb45af8e1d1dbac6e98029d75e3dce1657,/Users/arjunsharma/Documents/SandiaProjects/4-LDRDAMDIS/DIMSWE-study-d0eb615/external-results/test2b-rain-active-learning/production/representation-C/h2-from-h1-m20-20/checkpoint_000000020_parameters.npz,Y,HELD-OUT TRUTH SUPPORT,81,160,POST-HOC CHECKPOINT EVALUATION,effective_R_activation,first_meaningful_positive_predicted_step,81
t2b-c-h2,Test 2B,C,H2,H2,20,3ae5e9d6729977310e7e9d740490c223539aa514cf0e24e379adab25d7ca6d70,cce0fff0c49ad9577a5cfe6b1e8176eb45af8e1d1dbac6e98029d75e3dce1657,/Users/arjunsharma/Documents/SandiaProjects/4-LDRDAMDIS/DIMSWE-study-d0eb615/external-results/test2b-rain-active-learning/production/representation-C/h2-from-h1-m20-20/checkpoint_000000020_parameters.npz,Y,HELD-OUT TRUTH SUPPORT,81,160,POST-HOC CHECKPOINT EVALUATION,effective_R_activation,first_meaningful_positive_truth_step,81
t2b-c-h2,Test 2B,C,H2,H2,20,3ae5e9d6729977310e7e9d740490c223539aa514cf0e24e379adab25d7ca6d70,cce0fff0c49ad9577a5cfe6b1e8176eb45af8e1d1dbac6e98029d75e3dce1657,/Users/arjunsharma/Documents/SandiaProjects/4-LDRDAMDIS/DIMSWE-study-d0eb615/external-results/test2b-rain-active-learning/production/representation-C/h2-from-h1-m20-20/checkpoint_000000020_parameters.npz,Y,HELD-OUT TRUTH SUPPORT,81,160,POST-HOC CHECKPOINT EVALUATION,effective_R_activation,maximum_predicted_effective_R,3.1449856118440185e-11
t2b-c-h2,Test 2B,C,H2,H2,20,3ae5e9d6729977310e7e9d740490c223539aa514cf0e24e379adab25d7ca6d70,cce0fff0c49ad9577a5cfe6b1e8176eb45af8e1d1dbac6e98029d75e3dce1657,/Users/arjunsharma/Documents/SandiaProjects/4-LDRDAMDIS/DIMSWE-study-d0eb615/external-results/test2b-rain-active-learning/production/representation-C/h2-from-h1-m20-20/checkpoint_000000020_parameters.npz,Y,HELD-OUT TRUTH SUPPORT,81,160,POST-HOC CHECKPOINT EVALUATION,effective_R_activation,minimum_predicted_effective_R,-5.6867759545481785e-12
t2b-c-h2,Test 2B,C,H2,H2,20,3ae5e9d6729977310e7e9d740490c223539aa514cf0e24e379adab25d7ca6d70,cce0fff0c49ad9577a5cfe6b1e8176eb45af8e1d1dbac6e98029d75e3dce1657,/Users/arjunsharma/Documents/SandiaProjects/4-LDRDAMDIS/DIMSWE-study-d0eb615/external-results/test2b-rain-active-learning/production/representation-C/h2-from-h1-m20-20/checkpoint_000000020_parameters.npz,Y,HELD-OUT TRUTH SUPPORT,81,160,POST-HOC CHECKPOINT EVALUATION,effective_R_activation,predicted_meaningful_negative_fraction,0.8962028503417969
t2b-c-h2,Test 2B,C,H2,H2,20,3ae5e9d6729977310e7e9d740490c223539aa514cf0e24e379adab25d7ca6d70,cce0fff0c49ad9577a5cfe6b1e8176eb45af8e1d1dbac6e98029d75e3dce1657,/Users/arjunsharma/Documents/SandiaProjects/4-LDRDAMDIS/DIMSWE-study-d0eb615/external-results/test2b-rain-active-learning/production/representation-C/h2-from-h1-m20-20/checkpoint_000000020_parameters.npz,Y,HELD-OUT TRUTH SUPPORT,81,160,POST-HOC CHECKPOINT EVALUATION,effective_R_activation,predicted_meaningful_positive_fraction,0.10379714965820312
t2b-c-h2,Test 2B,C,H2,H2,20,3ae5e9d6729977310e7e9d740490c223539aa514cf0e24e379adab25d7ca6d70,cce0fff0c49ad9577a5cfe6b1e8176eb45af8e1d1dbac6e98029d75e3dce1657,/Users/arjunsharma/Documents/SandiaProjects/4-LDRDAMDIS/DIMSWE-study-d0eb615/external-results/test2b-rain-active-learning/production/representation-C/h2-from-h1-m20-20/checkpoint_000000020_parameters.npz,Y,HELD-OUT TRUTH SUPPORT,81,160,POST-HOC CHECKPOINT EVALUATION,effective_R_activation,sample_count,5242880
t2b-c-h2,Test 2B,C,H2,H2,20,3ae5e9d6729977310e7e9d740490c223539aa514cf0e24e379adab25d7ca6d70,cce0fff0c49ad9577a5cfe6b1e8176eb45af8e1d1dbac6e98029d75e3dce1657,/Users/arjunsharma/Documents/SandiaProjects/4-LDRDAMDIS/DIMSWE-study-d0eb615/external-results/test2b-rain-active-learning/production/representation-C/h2-from-h1-m20-20/checkpoint_000000020_parameters.npz,Y,HELD-OUT TRUTH SUPPORT,81,160,POST-HOC CHECKPOINT EVALUATION,effective_R_activation,truth_active_sample_count,385812
t2b-c-h2,Test 2B,C,H2,H2,20,3ae5e9d6729977310e7e9d740490c223539aa514cf0e24e379adab25d7ca6d70,cce0fff0c49ad9577a5cfe6b1e8176eb45af8e1d1dbac6e98029d75e3dce1657,/Users/arjunsharma/Documents/SandiaProjects/4-LDRDAMDIS/DIMSWE-study-d0eb615/external-results/test2b-rain-active-learning/production/representation-C/h2-from-h1-m20-20/checkpoint_000000020_parameters.npz,Y,HELD-OUT TRUTH SUPPORT,81,160,POST-HOC CHECKPOINT EVALUATION,effective_R_activation,truth_active_sample_fraction,0.07358779907226562
t2b-c-h2,Test 2B,C,H2,H2,20,3ae5e9d6729977310e7e9d740490c223539aa514cf0e24e379adab25d7ca6d70,cce0fff0c49ad9577a5cfe6b1e8176eb45af8e1d1dbac6e98029d75e3dce1657,/Users/arjunsharma/Documents/SandiaProjects/4-LDRDAMDIS/DIMSWE-study-d0eb615/external-results/test2b-rain-active-learning/production/representation-C/h2-from-h1-m20-20/checkpoint_000000020_parameters.npz,Y,HELD-OUT TRUTH SUPPORT,81,160,POST-HOC CHECKPOINT EVALUATION,operator,denominator,193535635602756.66
t2b-c-h2,Test 2B,C,H2,H2,20,3ae5e9d6729977310e7e9d740490c223539aa514cf0e24e379adab25d7ca6d70,cce0fff0c49ad9577a5cfe6b1e8176eb45af8e1d1dbac6e98029d75e3dce1657,/Users/arjunsharma/Documents/SandiaProjects/4-LDRDAMDIS/DIMSWE-study-d0eb615/external-results/test2b-rain-active-learning/production/representation-C/h2-from-h1-m20-20/checkpoint_000000020_parameters.npz,Y,HELD-OUT TRUTH SUPPORT,81,160,POST-HOC CHECKPOINT EVALUATION,operator,normalized_objective,0.7979648426092637
t2b-c-h2,Test 2B,C,H2,H2,20,3ae5e9d6729977310e7e9d740490c223539aa514cf0e24e379adab25d7ca6d70,cce0fff0c49ad9577a5cfe6b1e8176eb45af8e1d1dbac6e98029d75e3dce1657,/Users/arjunsharma/Documents/SandiaProjects/4-LDRDAMDIS/DIMSWE-study-d0eb615/external-results/test2b-rain-active-learning/production/representation-C/h2-from-h1-m20-20/checkpoint_000000020_parameters.npz,Y,HELD-OUT TRUTH SUPPORT,81,160,POST-HOC CHECKPOINT EVALUATION,operator,numerator,154434633003037.53
t2b-c-h2,Test 2B,C,H2,H2,20,3ae5e9d6729977310e7e9d740490c223539aa514cf0e24e379adab25d7ca6d70,cce0fff0c49ad9577a5cfe6b1e8176eb45af8e1d1dbac6e98029d75e3dce1657,/Users/arjunsharma/Documents/SandiaProjects/4-LDRDAMDIS/DIMSWE-study-d0eb615/external-results/test2b-rain-active-learning/production/representation-C/h2-from-h1-m20-20/checkpoint_000000020_parameters.npz,Y,HELD-OUT TRUTH SUPPORT,81,160,POST-HOC CHECKPOINT EVALUATION,source_components.Qc,correlation,0.16912221313481524
t2b-c-h2,Test 2B,C,H2,H2,20,3ae5e9d6729977310e7e9d740490c223539aa514cf0e24e379adab25d7ca6d70,cce0fff0c49ad9577a5cfe6b1e8176eb45af8e1d1dbac6e98029d75e3dce1657,/Users/arjunsharma/Documents/SandiaProjects/4-LDRDAMDIS/DIMSWE-study-d0eb615/external-results/test2b-rain-active-learning/production/representation-C/h2-from-h1-m20-20/checkpoint_000000020_parameters.npz,Y,HELD-OUT TRUTH SUPPORT,81,160,POST-HOC CHECKPOINT EVALUATION,source_components.Qc,cosine,0.17068638341906583
t2b-c-h2,Test 2B,C,H2,H2,20,3ae5e9d6729977310e7e9d740490c223539aa514cf0e24e379adab25d7ca6d70,cce0fff0c49ad9577a5cfe6b1e8176eb45af8e1d1dbac6e98029d75e3dce1657,/Users/arjunsharma/Documents/SandiaProjects/4-LDRDAMDIS/DIMSWE-study-d0eb615/external-results/test2b-rain-active-learning/production/representation-C/h2-from-h1-m20-20/checkpoint_000000020_parameters.npz,Y,HELD-OUT TRUTH SUPPORT,81,160,POST-HOC CHECKPOINT EVALUATION,source_components.Qc,maximum_absolute_error,9.069775343726882e-05
t2b-c-h2,Test 2B,C,H2,H2,20,3ae5e9d6729977310e7e9d740490c223539aa514cf0e24e379adab25d7ca6d70,cce0fff0c49ad9577a5cfe6b1e8176eb45af8e1d1dbac6e98029d75e3dce1657,/Users/arjunsharma/Documents/SandiaProjects/4-LDRDAMDIS/DIMSWE-study-d0eb615/external-results/test2b-rain-active-learning/production/representation-C/h2-from-h1-m20-20/checkpoint_000000020_parameters.npz,Y,HELD-OUT TRUTH SUPPORT,81,160,POST-HOC CHECKPOINT EVALUATION,source_components.Qc,normalized_RMS_error,0.07910420149783767
t2b-c-h2,Test 2B,C,H2,H2,20,3ae5e9d6729977310e7e9d740490c223539aa514cf0e24e379adab25d7ca6d70,cce0fff0c49ad9577a5cfe6b1e8176eb45af8e1d1dbac6e98029d75e3dce1657,/Users/arjunsharma/Documents/SandiaProjects/4-LDRDAMDIS/DIMSWE-study-d0eb615/external-results/test2b-rain-active-learning/production/representation-C/h2-from-h1-m20-20/checkpoint_000000020_parameters.npz,Y,HELD-OUT TRUTH SUPPORT,81,160,POST-HOC CHECKPOINT EVALUATION,source_components.Qc,physical_RMS_error,5.381738837639587e-06
t2b-c-h2,Test 2B,C,H2,H2,20,3ae5e9d6729977310e7e9d740490c223539aa514cf0e24e379adab25d7ca6d70,cce0fff0c49ad9577a5cfe6b1e8176eb45af8e1d1dbac6e98029d75e3dce1657,/Users/arjunsharma/Documents/SandiaProjects/4-LDRDAMDIS/DIMSWE-study-d0eb615/external-results/test2b-rain-active-learning/production/representation-C/h2-from-h1-m20-20/checkpoint_000000020_parameters.npz,Y,HELD-OUT TRUTH SUPPORT,81,160,POST-HOC CHECKPOINT EVALUATION,source_components.Qc,prediction_RMS,5.3360824594315765e-06
t2b-c-h2,Test 2B,C,H2,H2,20,3ae5e9d6729977310e7e9d740490c223539aa514cf0e24e379adab25d7ca6d70,cce0fff0c49ad9577a5cfe6b1e8176eb45af8e1d1dbac6e98029d75e3dce1657,/Users/arjunsharma/Documents/SandiaProjects/4-LDRDAMDIS/DIMSWE-study-d0eb615/external-results/test2b-rain-active-learning/production/representation-C/h2-from-h1-m20-20/checkpoint_000000020_parameters.npz,Y,HELD-OUT TRUTH SUPPORT,81,160,POST-HOC CHECKPOINT EVALUATION,source_components.Qc,relative_RMS_error,2.6134780129026405
t2b-c-h2,Test 2B,C,H2,H2,20,3ae5e9d6729977310e7e9d740490c223539aa514cf0e24e379adab25d7ca6d70,cce0fff0c49ad9577a5cfe6b1e8176eb45af8e1d1dbac6e98029d75e3dce1657,/Users/arjunsharma/Documents/SandiaProjects/4-LDRDAMDIS/DIMSWE-study-d0eb615/external-results/test2b-rain-active-learning/production/representation-C/h2-from-h1-m20-20/checkpoint_000000020_parameters.npz,Y,HELD-OUT TRUTH SUPPORT,81,160,POST-HOC CHECKPOINT EVALUATION,source_components.Qc,sample_count,5242880
t2b-c-h2,Test 2B,C,H2,H2,20,3ae5e9d6729977310e7e9d740490c223539aa514cf0e24e379adab25d7ca6d70,cce0fff0c49ad9577a5cfe6b1e8176eb45af8e1d1dbac6e98029d75e3dce1657,/Users/arjunsharma/Documents/SandiaProjects/4-LDRDAMDIS/DIMSWE-study-d0eb615/external-results/test2b-rain-active-learning/production/representation-C/h2-from-h1-m20-20/checkpoint_000000020_parameters.npz,Y,HELD-OUT TRUTH SUPPORT,81,160,POST-HOC CHECKPOINT EVALUATION,source_components.Qc,signed_mass_weighted_bias,1.526498129896234e-07
t2b-c-h2,Test 2B,C,H2,H2,20,3ae5e9d6729977310e7e9d740490c223539aa514cf0e24e379adab25d7ca6d70,cce0fff0c49ad9577a5cfe6b1e8176eb45af8e1d1dbac6e98029d75e3dce1657,/Users/arjunsharma/Documents/SandiaProjects/4-LDRDAMDIS/DIMSWE-study-d0eb615/external-results/test2b-rain-active-learning/production/representation-C/h2-from-h1-m20-20/checkpoint_000000020_parameters.npz,Y,HELD-OUT TRUTH SUPPORT,81,160,POST-HOC CHECKPOINT EVALUATION,source_components.Qc,target_RMS,2.0592248379631086e-06
t2b-c-h2,Test 2B,C,H2,H2,20,3ae5e9d6729977310e7e9d740490c223539aa514cf0e24e379adab25d7ca6d70,cce0fff0c49ad9577a5cfe6b1e8176eb45af8e1d1dbac6e98029d75e3dce1657,/Users/arjunsharma/Documents/SandiaProjects/4-LDRDAMDIS/DIMSWE-study-d0eb615/external-results/test2b-rain-active-learning/production/representation-C/h2-from-h1-m20-20/checkpoint_000000020_parameters.npz,Y,HELD-OUT TRUTH SUPPORT,81,160,POST-HOC CHECKPOINT EVALUATION,source_components.Qr,correlation,0.878821407035999
t2b-c-h2,Test 2B,C,H2,H2,20,3ae5e9d6729977310e7e9d740490c223539aa514cf0e24e379adab25d7ca6d70,cce0fff0c49ad9577a5cfe6b1e8176eb45af8e1d1dbac6e98029d75e3dce1657,/Users/arjunsharma/Documents/SandiaProjects/4-LDRDAMDIS/DIMSWE-study-d0eb615/external-results/test2b-rain-active-learning/production/representation-C/h2-from-h1-m20-20/checkpoint_000000020_parameters.npz,Y,HELD-OUT TRUTH SUPPORT,81,160,POST-HOC CHECKPOINT EVALUATION,source_components.Qr,cosine,0.5945941552082603
t2b-c-h2,Test 2B,C,H2,H2,20,3ae5e9d6729977310e7e9d740490c223539aa514cf0e24e379adab25d7ca6d70,cce0fff0c49ad9577a5cfe6b1e8176eb45af8e1d1dbac6e98029d75e3dce1657,/Users/arjunsharma/Documents/SandiaProjects/4-LDRDAMDIS/DIMSWE-study-d0eb615/external-results/test2b-rain-active-learning/production/representation-C/h2-from-h1-m20-20/checkpoint_000000020_parameters.npz,Y,HELD-OUT TRUTH SUPPORT,81,160,POST-HOC CHECKPOINT EVALUATION,source_components.Qr,maximum_absolute_error,2.1235798522369653e-08
t2b-c-h2,Test 2B,C,H2,H2,20,3ae5e9d6729977310e7e9d740490c223539aa514cf0e24e379adab25d7ca6d70,cce0fff0c49ad9577a5cfe6b1e8176eb45af8e1d1dbac6e98029d75e3dce1657,/Users/arjunsharma/Documents/SandiaProjects/4-LDRDAMDIS/DIMSWE-study-d0eb615/external-results/test2b-rain-active-learning/production/representation-C/h2-from-h1-m20-20/checkpoint_000000020_parameters.npz,Y,HELD-OUT TRUTH SUPPORT,81,160,POST-HOC CHECKPOINT EVALUATION,source_components.Qr,normalized_RMS_error,0.247138250359334
t2b-c-h2,Test 2B,C,H2,H2,20,3ae5e9d6729977310e7e9d740490c223539aa514cf0e24e379adab25d7ca6d70,cce0fff0c49ad9577a5cfe6b1e8176eb45af8e1d1dbac6e98029d75e3dce1657,/Users/arjunsharma/Documents/SandiaProjects/4-LDRDAMDIS/DIMSWE-study-d0eb615/external-results/test2b-rain-active-learning/production/representation-C/h2-from-h1-m20-20/checkpoint_000000020_parameters.npz,Y,HELD-OUT TRUTH SUPPORT,81,160,POST-HOC CHECKPOINT EVALUATION,source_components.Qr,physical_RMS_error,3.725979385913943e-09
t2b-c-h2,Test 2B,C,H2,H2,20,3ae5e9d6729977310e7e9d740490c223539aa514cf0e24e379adab25d7ca6d70,cce0fff0c49ad9577a5cfe6b1e8176eb45af8e1d1dbac6e98029d75e3dce1657,/Users/arjunsharma/Documents/SandiaProjects/4-LDRDAMDIS/DIMSWE-study-d0eb615/external-results/test2b-rain-active-learning/production/representation-C/h2-from-h1-m20-20/checkpoint_000000020_parameters.npz,Y,HELD-OUT TRUTH SUPPORT,81,160,POST-HOC CHECKPOINT EVALUATION,source_components.Qr,prediction_RMS,2.4885868103477497e-09
t2b-c-h2,Test 2B,C,H2,H2,20,3ae5e9d6729977310e7e9d740490c223539aa514cf0e24e379adab25d7ca6d70,cce0fff0c49ad9577a5cfe6b1e8176eb45af8e1d1dbac6e98029d75e3dce1657,/Users/arjunsharma/Documents/SandiaProjects/4-LDRDAMDIS/DIMSWE-study-d0eb615/external-results/test2b-rain-active-learning/production/representation-C/h2-from-h1-m20-20/checkpoint_000000020_parameters.npz,Y,HELD-OUT TRUTH SUPPORT,81,160,POST-HOC CHECKPOINT EVALUATION,source_components.Qr,relative_RMS_error,0.8059926576275489
t2b-c-h2,Test 2B,C,H2,H2,20,3ae5e9d6729977310e7e9d740490c223539aa514cf0e24e379adab25d7ca6d70,cce0fff0c49ad9577a5cfe6b1e8176eb45af8e1d1dbac6e98029d75e3dce1657,/Users/arjunsharma/Documents/SandiaProjects/4-LDRDAMDIS/DIMSWE-study-d0eb615/external-results/test2b-rain-active-learning/production/representation-C/h2-from-h1-m20-20/checkpoint_000000020_parameters.npz,Y,HELD-OUT TRUTH SUPPORT,81,160,POST-HOC CHECKPOINT EVALUATION,source_components.Qr,sample_count,5242880
t2b-c-h2,Test 2B,C,H2,H2,20,3ae5e9d6729977310e7e9d740490c223539aa514cf0e24e379adab25d7ca6d70,cce0fff0c49ad9577a5cfe6b1e8176eb45af8e1d1dbac6e98029d75e3dce1657,/Users/arjunsharma/Documents/SandiaProjects/4-LDRDAMDIS/DIMSWE-study-d0eb615/external-results/test2b-rain-active-learning/production/representation-C/h2-from-h1-m20-20/checkpoint_000000020_parameters.npz,Y,HELD-OUT TRUTH SUPPORT,81,160,POST-HOC CHECKPOINT EVALUATION,source_components.Qr,signed_mass_weighted_bias,-2.41370269622268e-09
t2b-c-h2,Test 2B,C,H2,H2,20,3ae5e9d6729977310e7e9d740490c223539aa514cf0e24e379adab25d7ca6d70,cce0fff0c49ad9577a5cfe6b1e8176eb45af8e1d1dbac6e98029d75e3dce1657,/Users/arjunsharma/Documents/SandiaProjects/4-LDRDAMDIS/DIMSWE-study-d0eb615/external-results/test2b-rain-active-learning/production/representation-C/h2-from-h1-m20-20/checkpoint_000000020_parameters.npz,Y,HELD-OUT TRUTH SUPPORT,81,160,POST-HOC CHECKPOINT EVALUATION,source_components.Qr,target_RMS,4.622845320801578e-09
t2b-c-h2,Test 2B,C,H2,H2,20,3ae5e9d6729977310e7e9d740490c223539aa514cf0e24e379adab25d7ca6d70,cce0fff0c49ad9577a5cfe6b1e8176eb45af8e1d1dbac6e98029d75e3dce1657,/Users/arjunsharma/Documents/SandiaProjects/4-LDRDAMDIS/DIMSWE-study-d0eb615/external-results/test2b-rain-active-learning/production/representation-C/h2-from-h1-m20-20/checkpoint_000000020_parameters.npz,Y,HELD-OUT TRUTH SUPPORT,81,160,POST-HOC CHECKPOINT EVALUATION,source_components.Qv,correlation,0.2130381099425168
t2b-c-h2,Test 2B,C,H2,H2,20,3ae5e9d6729977310e7e9d740490c223539aa514cf0e24e379adab25d7ca6d70,cce0fff0c49ad9577a5cfe6b1e8176eb45af8e1d1dbac6e98029d75e3dce1657,/Users/arjunsharma/Documents/SandiaProjects/4-LDRDAMDIS/DIMSWE-study-d0eb615/external-results/test2b-rain-active-learning/production/representation-C/h2-from-h1-m20-20/checkpoint_000000020_parameters.npz,Y,HELD-OUT TRUTH SUPPORT,81,160,POST-HOC CHECKPOINT EVALUATION,source_components.Qv,cosine,0.2149534855673012
t2b-c-h2,Test 2B,C,H2,H2,20,3ae5e9d6729977310e7e9d740490c223539aa514cf0e24e379adab25d7ca6d70,cce0fff0c49ad9577a5cfe6b1e8176eb45af8e1d1dbac6e98029d75e3dce1657,/Users/arjunsharma/Documents/SandiaProjects/4-LDRDAMDIS/DIMSWE-study-d0eb615/external-results/test2b-rain-active-learning/production/representation-C/h2-from-h1-m20-20/checkpoint_000000020_parameters.npz,Y,HELD-OUT TRUTH SUPPORT,81,160,POST-HOC CHECKPOINT EVALUATION,source_components.Qv,maximum_absolute_error,8.487633882871527e-05
t2b-c-h2,Test 2B,C,H2,H2,20,3ae5e9d6729977310e7e9d740490c223539aa514cf0e24e379adab25d7ca6d70,cce0fff0c49ad9577a5cfe6b1e8176eb45af8e1d1dbac6e98029d75e3dce1657,/Users/arjunsharma/Documents/SandiaProjects/4-LDRDAMDIS/DIMSWE-study-d0eb615/external-results/test2b-rain-active-learning/production/representation-C/h2-from-h1-m20-20/checkpoint_000000020_parameters.npz,Y,HELD-OUT TRUTH SUPPORT,81,160,POST-HOC CHECKPOINT EVALUATION,source_components.Qv,normalized_RMS_error,0.07976156194235592
t2b-c-h2,Test 2B,C,H2,H2,20,3ae5e9d6729977310e7e9d740490c223539aa514cf0e24e379adab25d7ca6d70,cce0fff0c49ad9577a5cfe6b1e8176eb45af8e1d1dbac6e98029d75e3dce1657,/Users/arjunsharma/Documents/SandiaProjects/4-LDRDAMDIS/DIMSWE-study-d0eb615/external-results/test2b-rain-active-learning/production/representation-C/h2-from-h1-m20-20/checkpoint_000000020_parameters.npz,Y,HELD-OUT TRUTH SUPPORT,81,160,POST-HOC CHECKPOINT EVALUATION,source_components.Qv,physical_RMS_error,5.42646139814213e-06
t2b-c-h2,Test 2B,C,H2,H2,20,3ae5e9d6729977310e7e9d740490c223539aa514cf0e24e379adab25d7ca6d70,cce0fff0c49ad9577a5cfe6b1e8176eb45af8e1d1dbac6e98029d75e3dce1657,/Users/arjunsharma/Documents/SandiaProjects/4-LDRDAMDIS/DIMSWE-study-d0eb615/external-results/test2b-rain-active-learning/production/representation-C/h2-from-h1-m20-20/checkpoint_000000020_parameters.npz,Y,HELD-OUT TRUTH SUPPORT,81,160,POST-HOC CHECKPOINT EVALUATION,source_components.Qv,prediction_RMS,5.482683757015132e-06
t2b-c-h2,Test 2B,C,H2,H2,20,3ae5e9d6729977310e7e9d740490c223539aa514cf0e24e379adab25d7ca6d70,cce0fff0c49ad9577a5cfe6b1e8176eb45af8e1d1dbac6e98029d75e3dce1657,/Users/arjunsharma/Documents/SandiaProjects/4-LDRDAMDIS/DIMSWE-study-d0eb615/external-results/test2b-rain-active-learning/production/representation-C/h2-from-h1-m20-20/checkpoint_000000020_parameters.npz,Y,HELD-OUT TRUTH SUPPORT,81,160,POST-HOC CHECKPOINT EVALUATION,source_components.Qv,relative_RMS_error,2.635240721658734
t2b-c-h2,Test 2B,C,H2,H2,20,3ae5e9d6729977310e7e9d740490c223539aa514cf0e24e379adab25d7ca6d70,cce0fff0c49ad9577a5cfe6b1e8176eb45af8e1d1dbac6e98029d75e3dce1657,/Users/arjunsharma/Documents/SandiaProjects/4-LDRDAMDIS/DIMSWE-study-d0eb615/external-results/test2b-rain-active-learning/production/representation-C/h2-from-h1-m20-20/checkpoint_000000020_parameters.npz,Y,HELD-OUT TRUTH SUPPORT,81,160,POST-HOC CHECKPOINT EVALUATION,source_components.Qv,sample_count,5242880
t2b-c-h2,Test 2B,C,H2,H2,20,3ae5e9d6729977310e7e9d740490c223539aa514cf0e24e379adab25d7ca6d70,cce0fff0c49ad9577a5cfe6b1e8176eb45af8e1d1dbac6e98029d75e3dce1657,/Users/arjunsharma/Documents/SandiaProjects/4-LDRDAMDIS/DIMSWE-study-d0eb615/external-results/test2b-rain-active-learning/production/representation-C/h2-from-h1-m20-20/checkpoint_000000020_parameters.npz,Y,HELD-OUT TRUTH SUPPORT,81,160,POST-HOC CHECKPOINT EVALUATION,source_components.Qv,signed_mass_weighted_bias,-1.7227392941469192e-06
t2b-c-h2,Test 2B,C,H2,H2,20,3ae5e9d6729977310e7e9d740490c223539aa514cf0e24e379adab25d7ca6d70,cce0fff0c49ad9577a5cfe6b1e8176eb45af8e1d1dbac6e98029d75e3dce1657,/Users/arjunsharma/Documents/SandiaProjects/4-LDRDAMDIS/DIMSWE-study-d0eb615/external-results/test2b-rain-active-learning/production/representation-C/h2-from-h1-m20-20/checkpoint_000000020_parameters.npz,Y,HELD-OUT TRUTH SUPPORT,81,160,POST-HOC CHECKPOINT EVALUATION,source_components.Qv,target_RMS,2.0591900214438404e-06
t2b-c-h2,Test 2B,C,H2,H2,20,3ae5e9d6729977310e7e9d740490c223539aa514cf0e24e379adab25d7ca6d70,cce0fff0c49ad9577a5cfe6b1e8176eb45af8e1d1dbac6e98029d75e3dce1657,/Users/arjunsharma/Documents/SandiaProjects/4-LDRDAMDIS/DIMSWE-study-d0eb615/external-results/test2b-rain-active-learning/production/representation-C/h2-from-h1-m20-20/checkpoint_000000020_parameters.npz,Y,HELD-OUT TRUTH SUPPORT,81,160,POST-HOC CHECKPOINT EVALUATION,source_components.S,correlation,0.3343859200219692
t2b-c-h2,Test 2B,C,H2,H2,20,3ae5e9d6729977310e7e9d740490c223539aa514cf0e24e379adab25d7ca6d70,cce0fff0c49ad9577a5cfe6b1e8176eb45af8e1d1dbac6e98029d75e3dce1657,/Users/arjunsharma/Documents/SandiaProjects/4-LDRDAMDIS/DIMSWE-study-d0eb615/external-results/test2b-rain-active-learning/production/representation-C/h2-from-h1-m20-20/checkpoint_000000020_parameters.npz,Y,HELD-OUT TRUTH SUPPORT,81,160,POST-HOC CHECKPOINT EVALUATION,source_components.S,cosine,0.3367755498025679
t2b-c-h2,Test 2B,C,H2,H2,20,3ae5e9d6729977310e7e9d740490c223539aa514cf0e24e379adab25d7ca6d70,cce0fff0c49ad9577a5cfe6b1e8176eb45af8e1d1dbac6e98029d75e3dce1657,/Users/arjunsharma/Documents/SandiaProjects/4-LDRDAMDIS/DIMSWE-study-d0eb615/external-results/test2b-rain-active-learning/production/representation-C/h2-from-h1-m20-20/checkpoint_000000020_parameters.npz,Y,HELD-OUT TRUTH SUPPORT,81,160,POST-HOC CHECKPOINT EVALUATION,source_components.S,maximum_absolute_error,0.008074401885187881
t2b-c-h2,Test 2B,C,H2,H2,20,3ae5e9d6729977310e7e9d740490c223539aa514cf0e24e379adab25d7ca6d70,cce0fff0c49ad9577a5cfe6b1e8176eb45af8e1d1dbac6e98029d75e3dce1657,/Users/arjunsharma/Documents/SandiaProjects/4-LDRDAMDIS/DIMSWE-study-d0eb615/external-results/test2b-rain-active-learning/production/representation-C/h2-from-h1-m20-20/checkpoint_000000020_parameters.npz,Y,HELD-OUT TRUTH SUPPORT,81,160,POST-HOC CHECKPOINT EVALUATION,source_components.S,normalized_RMS_error,0.059334814845511334
t2b-c-h2,Test 2B,C,H2,H2,20,3ae5e9d6729977310e7e9d740490c223539aa514cf0e24e379adab25d7ca6d70,cce0fff0c49ad9577a5cfe6b1e8176eb45af8e1d1dbac6e98029d75e3dce1657,/Users/arjunsharma/Documents/SandiaProjects/4-LDRDAMDIS/DIMSWE-study-d0eb615/external-results/test2b-rain-active-learning/production/representation-C/h2-from-h1-m20-20/checkpoint_000000020_parameters.npz,Y,HELD-OUT TRUTH SUPPORT,81,160,POST-HOC CHECKPOINT EVALUATION,source_components.S,physical_RMS_error,0.0003958508979619445
t2b-c-h2,Test 2B,C,H2,H2,20,3ae5e9d6729977310e7e9d740490c223539aa514cf0e24e379adab25d7ca6d70,cce0fff0c49ad9577a5cfe6b1e8176eb45af8e1d1dbac6e98029d75e3dce1657,/Users/arjunsharma/Documents/SandiaProjects/4-LDRDAMDIS/DIMSWE-study-d0eb615/external-results/test2b-rain-active-learning/production/representation-C/h2-from-h1-m20-20/checkpoint_000000020_parameters.npz,Y,HELD-OUT TRUTH SUPPORT,81,160,POST-HOC CHECKPOINT EVALUATION,source_components.S,prediction_RMS,0.00041520418640074767
t2b-c-h2,Test 2B,C,H2,H2,20,3ae5e9d6729977310e7e9d740490c223539aa514cf0e24e379adab25d7ca6d70,cce0fff0c49ad9577a5cfe6b1e8176eb45af8e1d1dbac6e98029d75e3dce1657,/Users/arjunsharma/Documents/SandiaProjects/4-LDRDAMDIS/DIMSWE-study-d0eb615/external-results/test2b-rain-active-learning/production/representation-C/h2-from-h1-m20-20/checkpoint_000000020_parameters.npz,Y,HELD-OUT TRUTH SUPPORT,81,160,POST-HOC CHECKPOINT EVALUATION,source_components.S,relative_RMS_error,1.960361814453632
t2b-c-h2,Test 2B,C,H2,H2,20,3ae5e9d6729977310e7e9d740490c223539aa514cf0e24e379adab25d7ca6d70,cce0fff0c49ad9577a5cfe6b1e8176eb45af8e1d1dbac6e98029d75e3dce1657,/Users/arjunsharma/Documents/SandiaProjects/4-LDRDAMDIS/DIMSWE-study-d0eb615/external-results/test2b-rain-active-learning/production/representation-C/h2-from-h1-m20-20/checkpoint_000000020_parameters.npz,Y,HELD-OUT TRUTH SUPPORT,81,160,POST-HOC CHECKPOINT EVALUATION,source_components.S,sample_count,5242880
t2b-c-h2,Test 2B,C,H2,H2,20,3ae5e9d6729977310e7e9d740490c223539aa514cf0e24e379adab25d7ca6d70,cce0fff0c49ad9577a5cfe6b1e8176eb45af8e1d1dbac6e98029d75e3dce1657,/Users/arjunsharma/Documents/SandiaProjects/4-LDRDAMDIS/DIMSWE-study-d0eb615/external-results/test2b-rain-active-learning/production/representation-C/h2-from-h1-m20-20/checkpoint_000000020_parameters.npz,Y,HELD-OUT TRUTH SUPPORT,81,160,POST-HOC CHECKPOINT EVALUATION,source_components.S,signed_mass_weighted_bias,-4.609759382835874e-05
t2b-c-h2,Test 2B,C,H2,H2,20,3ae5e9d6729977310e7e9d740490c223539aa514cf0e24e379adab25d7ca6d70,cce0fff0c49ad9577a5cfe6b1e8176eb45af8e1d1dbac6e98029d75e3dce1657,/Users/arjunsharma/Documents/SandiaProjects/4-LDRDAMDIS/DIMSWE-study-d0eb615/external-results/test2b-rain-active-learning/production/representation-C/h2-from-h1-m20-20/checkpoint_000000020_parameters.npz,Y,HELD-OUT TRUTH SUPPORT,81,160,POST-HOC CHECKPOINT EVALUATION,source_components.S,target_RMS,0.00020192746820681733
t2b-c-h2,Test 2B,C,H2,H2,20,3ae5e9d6729977310e7e9d740490c223539aa514cf0e24e379adab25d7ca6d70,cce0fff0c49ad9577a5cfe6b1e8176eb45af8e1d1dbac6e98029d75e3dce1657,/Users/arjunsharma/Documents/SandiaProjects/4-LDRDAMDIS/DIMSWE-study-d0eb615/external-results/test2b-rain-active-learning/production/representation-C/h2-from-h1-m20-20/checkpoint_000000020_parameters.npz,Y,HELD-OUT TRUTH SUPPORT,81,160,POST-HOC CHECKPOINT EVALUATION,source_structure,S_minus_beta2_Qv_defect_RMS,0.00029036462793865207
t2b-c-h2,Test 2B,C,H2,H2,20,3ae5e9d6729977310e7e9d740490c223539aa514cf0e24e379adab25d7ca6d70,cce0fff0c49ad9577a5cfe6b1e8176eb45af8e1d1dbac6e98029d75e3dce1657,/Users/arjunsharma/Documents/SandiaProjects/4-LDRDAMDIS/DIMSWE-study-d0eb615/external-results/test2b-rain-active-learning/production/representation-C/h2-from-h1-m20-20/checkpoint_000000020_parameters.npz,Y,HELD-OUT TRUTH SUPPORT,81,160,POST-HOC CHECKPOINT EVALUATION,source_structure,negative_Qr_source_fraction,0.89620361328125
t2b-c-h2,Test 2B,C,H2,H2,20,3ae5e9d6729977310e7e9d740490c223539aa514cf0e24e379adab25d7ca6d70,cce0fff0c49ad9577a5cfe6b1e8176eb45af8e1d1dbac6e98029d75e3dce1657,/Users/arjunsharma/Documents/SandiaProjects/4-LDRDAMDIS/DIMSWE-study-d0eb615/external-results/test2b-rain-active-learning/production/representation-C/h2-from-h1-m20-20/checkpoint_000000020_parameters.npz,Y,HELD-OUT TRUTH SUPPORT,81,160,POST-HOC CHECKPOINT EVALUATION,source_structure,normalized_off_manifold_RMS,0.037350672190151056
t2b-c-h2,Test 2B,C,H2,H2,20,3ae5e9d6729977310e7e9d740490c223539aa514cf0e24e379adab25d7ca6d70,cce0fff0c49ad9577a5cfe6b1e8176eb45af8e1d1dbac6e98029d75e3dce1657,/Users/arjunsharma/Documents/SandiaProjects/4-LDRDAMDIS/DIMSWE-study-d0eb615/external-results/test2b-rain-active-learning/production/representation-C/h2-from-h1-m20-20/checkpoint_000000020_parameters.npz,Y,HELD-OUT TRUTH SUPPORT,81,160,POST-HOC CHECKPOINT EVALUATION,source_structure,positive_Qr_source_fraction,0.10379638671875
t2b-c-h2,Test 2B,C,H2,H2,20,3ae5e9d6729977310e7e9d740490c223539aa514cf0e24e379adab25d7ca6d70,cce0fff0c49ad9577a5cfe6b1e8176eb45af8e1d1dbac6e98029d75e3dce1657,/Users/arjunsharma/Documents/SandiaProjects/4-LDRDAMDIS/DIMSWE-study-d0eb615/external-results/test2b-rain-active-learning/production/representation-C/h2-from-h1-m20-20/checkpoint_000000020_parameters.npz,Y,HELD-OUT TRUTH SUPPORT,81,160,POST-HOC CHECKPOINT EVALUATION,source_structure,water_source_defect_RMS,2.056548508277926e-06
t2b-c-h2,Test 2B,C,H2,H2,20,3ae5e9d6729977310e7e9d740490c223539aa514cf0e24e379adab25d7ca6d70,cce0fff0c49ad9577a5cfe6b1e8176eb45af8e1d1dbac6e98029d75e3dce1657,/Users/arjunsharma/Documents/SandiaProjects/4-LDRDAMDIS/DIMSWE-study-d0eb615/external-results/test2b-rain-active-learning/production/representation-C/h2-from-h1-m20-20/checkpoint_000000020_parameters.npz,Y,HELD-OUT TRUTH SUPPORT,81,160,POST-HOC CHECKPOINT EVALUATION,source_vector,normalized_source_vector_cosine,0.4864656760148369
t2b-c-h2,Test 2B,C,H2,H2,20,3ae5e9d6729977310e7e9d740490c223539aa514cf0e24e379adab25d7ca6d70,cce0fff0c49ad9577a5cfe6b1e8176eb45af8e1d1dbac6e98029d75e3dce1657,/Users/arjunsharma/Documents/SandiaProjects/4-LDRDAMDIS/DIMSWE-study-d0eb615/external-results/test2b-rain-active-learning/production/representation-C/h2-from-h1-m20-20/checkpoint_000000020_parameters.npz,Y,HELD-OUT TRUTH SUPPORT,81,160,POST-HOC CHECKPOINT EVALUATION,source_vector,normalized_vector_RMS_error,0.2778800397680963
t2b-c-h2,Test 2B,C,H2,H2,20,3ae5e9d6729977310e7e9d740490c223539aa514cf0e24e379adab25d7ca6d70,cce0fff0c49ad9577a5cfe6b1e8176eb45af8e1d1dbac6e98029d75e3dce1657,/Users/arjunsharma/Documents/SandiaProjects/4-LDRDAMDIS/DIMSWE-study-d0eb615/external-results/test2b-rain-active-learning/production/representation-C/h2-from-h1-m20-20/checkpoint_000000020_parameters.npz,Y,HELD-OUT TRUTH SUPPORT,81,160,POST-HOC CHECKPOINT EVALUATION,source_vector,normalized_vector_relative_RMS_error,0.8932887789563148
t2b-c-h5,Test 2B,C,H5,H5,20,a9a95ed952ba410ce744c6fe1473c0c842193560d14b432ce4f8543c6ff40f70,ecb28ef27fbb4663970da2e4f72f9adbcf0c67ab966e80e65bb21f17ada63985,/Users/arjunsharma/Documents/SandiaProjects/4-LDRDAMDIS/DIMSWE-study-d0eb615/external-results/test2b-rain-active-learning/production/representation-C/h5-from-h2-m20-20/checkpoint_000000020_parameters.npz,Y,TRAINING TRUTH SUPPORT,0,80,POST-HOC CHECKPOINT EVALUATION,effective_A,correlation,0.999261586666197
t2b-c-h5,Test 2B,C,H5,H5,20,a9a95ed952ba410ce744c6fe1473c0c842193560d14b432ce4f8543c6ff40f70,ecb28ef27fbb4663970da2e4f72f9adbcf0c67ab966e80e65bb21f17ada63985,/Users/arjunsharma/Documents/SandiaProjects/4-LDRDAMDIS/DIMSWE-study-d0eb615/external-results/test2b-rain-active-learning/production/representation-C/h5-from-h2-m20-20/checkpoint_000000020_parameters.npz,Y,TRAINING TRUTH SUPPORT,0,80,POST-HOC CHECKPOINT EVALUATION,effective_A,cosine,0.9992081315086703
t2b-c-h5,Test 2B,C,H5,H5,20,a9a95ed952ba410ce744c6fe1473c0c842193560d14b432ce4f8543c6ff40f70,ecb28ef27fbb4663970da2e4f72f9adbcf0c67ab966e80e65bb21f17ada63985,/Users/arjunsharma/Documents/SandiaProjects/4-LDRDAMDIS/DIMSWE-study-d0eb615/external-results/test2b-rain-active-learning/production/representation-C/h5-from-h2-m20-20/checkpoint_000000020_parameters.npz,Y,TRAINING TRUTH SUPPORT,0,80,POST-HOC CHECKPOINT EVALUATION,effective_A,maximum_absolute_error,3.965727658969769e-08
t2b-c-h5,Test 2B,C,H5,H5,20,a9a95ed952ba410ce744c6fe1473c0c842193560d14b432ce4f8543c6ff40f70,ecb28ef27fbb4663970da2e4f72f9adbcf0c67ab966e80e65bb21f17ada63985,/Users/arjunsharma/Documents/SandiaProjects/4-LDRDAMDIS/DIMSWE-study-d0eb615/external-results/test2b-rain-active-learning/production/representation-C/h5-from-h2-m20-20/checkpoint_000000020_parameters.npz,Y,TRAINING TRUTH SUPPORT,0,80,POST-HOC CHECKPOINT EVALUATION,effective_A,normalized_RMS_error,0.03994693162988239
t2b-c-h5,Test 2B,C,H5,H5,20,a9a95ed952ba410ce744c6fe1473c0c842193560d14b432ce4f8543c6ff40f70,ecb28ef27fbb4663970da2e4f72f9adbcf0c67ab966e80e65bb21f17ada63985,/Users/arjunsharma/Documents/SandiaProjects/4-LDRDAMDIS/DIMSWE-study-d0eb615/external-results/test2b-rain-active-learning/production/representation-C/h5-from-h2-m20-20/checkpoint_000000020_parameters.npz,Y,TRAINING TRUTH SUPPORT,0,80,POST-HOC CHECKPOINT EVALUATION,effective_A,physical_RMS_error,3.6160995762119973e-09
t2b-c-h5,Test 2B,C,H5,H5,20,a9a95ed952ba410ce744c6fe1473c0c842193560d14b432ce4f8543c6ff40f70,ecb28ef27fbb4663970da2e4f72f9adbcf0c67ab966e80e65bb21f17ada63985,/Users/arjunsharma/Documents/SandiaProjects/4-LDRDAMDIS/DIMSWE-study-d0eb615/external-results/test2b-rain-active-learning/production/representation-C/h5-from-h2-m20-20/checkpoint_000000020_parameters.npz,Y,TRAINING TRUTH SUPPORT,0,80,POST-HOC CHECKPOINT EVALUATION,effective_A,prediction_RMS,9.016836591052847e-08
t2b-c-h5,Test 2B,C,H5,H5,20,a9a95ed952ba410ce744c6fe1473c0c842193560d14b432ce4f8543c6ff40f70,ecb28ef27fbb4663970da2e4f72f9adbcf0c67ab966e80e65bb21f17ada63985,/Users/arjunsharma/Documents/SandiaProjects/4-LDRDAMDIS/DIMSWE-study-d0eb615/external-results/test2b-rain-active-learning/production/representation-C/h5-from-h2-m20-20/checkpoint_000000020_parameters.npz,Y,TRAINING TRUTH SUPPORT,0,80,POST-HOC CHECKPOINT EVALUATION,effective_A,relative_RMS_error,0.03993497325504513
t2b-c-h5,Test 2B,C,H5,H5,20,a9a95ed952ba410ce744c6fe1473c0c842193560d14b432ce4f8543c6ff40f70,ecb28ef27fbb4663970da2e4f72f9adbcf0c67ab966e80e65bb21f17ada63985,/Users/arjunsharma/Documents/SandiaProjects/4-LDRDAMDIS/DIMSWE-study-d0eb615/external-results/test2b-rain-active-learning/production/representation-C/h5-from-h2-m20-20/checkpoint_000000020_parameters.npz,Y,TRAINING TRUTH SUPPORT,0,80,POST-HOC CHECKPOINT EVALUATION,effective_A,sample_count,5308416
t2b-c-h5,Test 2B,C,H5,H5,20,a9a95ed952ba410ce744c6fe1473c0c842193560d14b432ce4f8543c6ff40f70,ecb28ef27fbb4663970da2e4f72f9adbcf0c67ab966e80e65bb21f17ada63985,/Users/arjunsharma/Documents/SandiaProjects/4-LDRDAMDIS/DIMSWE-study-d0eb615/external-results/test2b-rain-active-learning/production/representation-C/h5-from-h2-m20-20/checkpoint_000000020_parameters.npz,Y,TRAINING TRUTH SUPPORT,0,80,POST-HOC CHECKPOINT EVALUATION,effective_A,signed_mass_weighted_bias,1.038552019313046e-09
t2b-c-h5,Test 2B,C,H5,H5,20,a9a95ed952ba410ce744c6fe1473c0c842193560d14b432ce4f8543c6ff40f70,ecb28ef27fbb4663970da2e4f72f9adbcf0c67ab966e80e65bb21f17ada63985,/Users/arjunsharma/Documents/SandiaProjects/4-LDRDAMDIS/DIMSWE-study-d0eb615/external-results/test2b-rain-active-learning/production/representation-C/h5-from-h2-m20-20/checkpoint_000000020_parameters.npz,Y,TRAINING TRUTH SUPPORT,0,80,POST-HOC CHECKPOINT EVALUATION,effective_A,target_RMS,9.05496932004371e-08
t2b-c-h5,Test 2B,C,H5,H5,20,a9a95ed952ba410ce744c6fe1473c0c842193560d14b432ce4f8543c6ff40f70,ecb28ef27fbb4663970da2e4f72f9adbcf0c67ab966e80e65bb21f17ada63985,/Users/arjunsharma/Documents/SandiaProjects/4-LDRDAMDIS/DIMSWE-study-d0eb615/external-results/test2b-rain-active-learning/production/representation-C/h5-from-h2-m20-20/checkpoint_000000020_parameters.npz,Y,TRAINING TRUTH SUPPORT,0,80,POST-HOC CHECKPOINT EVALUATION,effective_R,correlation,0.8032828915449916
t2b-c-h5,Test 2B,C,H5,H5,20,a9a95ed952ba410ce744c6fe1473c0c842193560d14b432ce4f8543c6ff40f70,ecb28ef27fbb4663970da2e4f72f9adbcf0c67ab966e80e65bb21f17ada63985,/Users/arjunsharma/Documents/SandiaProjects/4-LDRDAMDIS/DIMSWE-study-d0eb615/external-results/test2b-rain-active-learning/production/representation-C/h5-from-h2-m20-20/checkpoint_000000020_parameters.npz,Y,TRAINING TRUTH SUPPORT,0,80,POST-HOC CHECKPOINT EVALUATION,effective_R,cosine,0.2959750762101312
t2b-c-h5,Test 2B,C,H5,H5,20,a9a95ed952ba410ce744c6fe1473c0c842193560d14b432ce4f8543c6ff40f70,ecb28ef27fbb4663970da2e4f72f9adbcf0c67ab966e80e65bb21f17ada63985,/Users/arjunsharma/Documents/SandiaProjects/4-LDRDAMDIS/DIMSWE-study-d0eb615/external-results/test2b-rain-active-learning/production/representation-C/h5-from-h2-m20-20/checkpoint_000000020_parameters.npz,Y,TRAINING TRUTH SUPPORT,0,80,POST-HOC CHECKPOINT EVALUATION,effective_R,maximum_absolute_error,2.0779926948339196e-11
t2b-c-h5,Test 2B,C,H5,H5,20,a9a95ed952ba410ce744c6fe1473c0c842193560d14b432ce4f8543c6ff40f70,ecb28ef27fbb4663970da2e4f72f9adbcf0c67ab966e80e65bb21f17ada63985,/Users/arjunsharma/Documents/SandiaProjects/4-LDRDAMDIS/DIMSWE-study-d0eb615/external-results/test2b-rain-active-learning/production/representation-C/h5-from-h2-m20-20/checkpoint_000000020_parameters.npz,Y,TRAINING TRUTH SUPPORT,0,80,POST-HOC CHECKPOINT EVALUATION,effective_R,normalized_RMS_error,0.1455568175152928
t2b-c-h5,Test 2B,C,H5,H5,20,a9a95ed952ba410ce744c6fe1473c0c842193560d14b432ce4f8543c6ff40f70,ecb28ef27fbb4663970da2e4f72f9adbcf0c67ab966e80e65bb21f17ada63985,/Users/arjunsharma/Documents/SandiaProjects/4-LDRDAMDIS/DIMSWE-study-d0eb615/external-results/test2b-rain-active-learning/production/representation-C/h5-from-h2-m20-20/checkpoint_000000020_parameters.npz,Y,TRAINING TRUTH SUPPORT,0,80,POST-HOC CHECKPOINT EVALUATION,effective_R,physical_RMS_error,2.896998600249254e-12
t2b-c-h5,Test 2B,C,H5,H5,20,a9a95ed952ba410ce744c6fe1473c0c842193560d14b432ce4f8543c6ff40f70,ecb28ef27fbb4663970da2e4f72f9adbcf0c67ab966e80e65bb21f17ada63985,/Users/arjunsharma/Documents/SandiaProjects/4-LDRDAMDIS/DIMSWE-study-d0eb615/external-results/test2b-rain-active-learning/production/representation-C/h5-from-h2-m20-20/checkpoint_000000020_parameters.npz,Y,TRAINING TRUTH SUPPORT,0,80,POST-HOC CHECKPOINT EVALUATION,effective_R,prediction_RMS,2.8959649587270876e-12
t2b-c-h5,Test 2B,C,H5,H5,20,a9a95ed952ba410ce744c6fe1473c0c842193560d14b432ce4f8543c6ff40f70,ecb28ef27fbb4663970da2e4f72f9adbcf0c67ab966e80e65bb21f17ada63985,/Users/arjunsharma/Documents/SandiaProjects/4-LDRDAMDIS/DIMSWE-study-d0eb615/external-results/test2b-rain-active-learning/production/representation-C/h5-from-h2-m20-20/checkpoint_000000020_parameters.npz,Y,TRAINING TRUTH SUPPORT,0,80,POST-HOC CHECKPOINT EVALUATION,effective_R,relative_RMS_error,1.6865049894642155
t2b-c-h5,Test 2B,C,H5,H5,20,a9a95ed952ba410ce744c6fe1473c0c842193560d14b432ce4f8543c6ff40f70,ecb28ef27fbb4663970da2e4f72f9adbcf0c67ab966e80e65bb21f17ada63985,/Users/arjunsharma/Documents/SandiaProjects/4-LDRDAMDIS/DIMSWE-study-d0eb615/external-results/test2b-rain-active-learning/production/representation-C/h5-from-h2-m20-20/checkpoint_000000020_parameters.npz,Y,TRAINING TRUTH SUPPORT,0,80,POST-HOC CHECKPOINT EVALUATION,effective_R,sample_count,5308416
t2b-c-h5,Test 2B,C,H5,H5,20,a9a95ed952ba410ce744c6fe1473c0c842193560d14b432ce4f8543c6ff40f70,ecb28ef27fbb4663970da2e4f72f9adbcf0c67ab966e80e65bb21f17ada63985,/Users/arjunsharma/Documents/SandiaProjects/4-LDRDAMDIS/DIMSWE-study-d0eb615/external-results/test2b-rain-active-learning/production/representation-C/h5-from-h2-m20-20/checkpoint_000000020_parameters.npz,Y,TRAINING TRUTH SUPPORT,0,80,POST-HOC CHECKPOINT EVALUATION,effective_R,signed_mass_weighted_bias,-2.710446121393114e-12
t2b-c-h5,Test 2B,C,H5,H5,20,a9a95ed952ba410ce744c6fe1473c0c842193560d14b432ce4f8543c6ff40f70,ecb28ef27fbb4663970da2e4f72f9adbcf0c67ab966e80e65bb21f17ada63985,/Users/arjunsharma/Documents/SandiaProjects/4-LDRDAMDIS/DIMSWE-study-d0eb615/external-results/test2b-rain-active-learning/production/representation-C/h5-from-h2-m20-20/checkpoint_000000020_parameters.npz,Y,TRAINING TRUTH SUPPORT,0,80,POST-HOC CHECKPOINT EVALUATION,effective_R,target_RMS,1.7177527599071018e-12
t2b-c-h5,Test 2B,C,H5,H5,20,a9a95ed952ba410ce744c6fe1473c0c842193560d14b432ce4f8543c6ff40f70,ecb28ef27fbb4663970da2e4f72f9adbcf0c67ab966e80e65bb21f17ada63985,/Users/arjunsharma/Documents/SandiaProjects/4-LDRDAMDIS/DIMSWE-study-d0eb615/external-results/test2b-rain-active-learning/production/representation-C/h5-from-h2-m20-20/checkpoint_000000020_parameters.npz,Y,TRAINING TRUTH SUPPORT,0,80,POST-HOC CHECKPOINT EVALUATION,effective_R_activation,activity_numerical_tolerance,1.2119968976504772e-20
t2b-c-h5,Test 2B,C,H5,H5,20,a9a95ed952ba410ce744c6fe1473c0c842193560d14b432ce4f8543c6ff40f70,ecb28ef27fbb4663970da2e4f72f9adbcf0c67ab966e80e65bb21f17ada63985,/Users/arjunsharma/Documents/SandiaProjects/4-LDRDAMDIS/DIMSWE-study-d0eb615/external-results/test2b-rain-active-learning/production/representation-C/h5-from-h2-m20-20/checkpoint_000000020_parameters.npz,Y,TRAINING TRUTH SUPPORT,0,80,POST-HOC CHECKPOINT EVALUATION,effective_R_activation,false_negative_count,0
t2b-c-h5,Test 2B,C,H5,H5,20,a9a95ed952ba410ce744c6fe1473c0c842193560d14b432ce4f8543c6ff40f70,ecb28ef27fbb4663970da2e4f72f9adbcf0c67ab966e80e65bb21f17ada63985,/Users/arjunsharma/Documents/SandiaProjects/4-LDRDAMDIS/DIMSWE-study-d0eb615/external-results/test2b-rain-active-learning/production/representation-C/h5-from-h2-m20-20/checkpoint_000000020_parameters.npz,Y,TRAINING TRUTH SUPPORT,0,80,POST-HOC CHECKPOINT EVALUATION,effective_R_activation,false_negative_rate_given_truth_active,0.0
t2b-c-h5,Test 2B,C,H5,H5,20,a9a95ed952ba410ce744c6fe1473c0c842193560d14b432ce4f8543c6ff40f70,ecb28ef27fbb4663970da2e4f72f9adbcf0c67ab966e80e65bb21f17ada63985,/Users/arjunsharma/Documents/SandiaProjects/4-LDRDAMDIS/DIMSWE-study-d0eb615/external-results/test2b-rain-active-learning/production/representation-C/h5-from-h2-m20-20/checkpoint_000000020_parameters.npz,Y,TRAINING TRUTH SUPPORT,0,80,POST-HOC CHECKPOINT EVALUATION,effective_R_activation,false_positive_count,50568
t2b-c-h5,Test 2B,C,H5,H5,20,a9a95ed952ba410ce744c6fe1473c0c842193560d14b432ce4f8543c6ff40f70,ecb28ef27fbb4663970da2e4f72f9adbcf0c67ab966e80e65bb21f17ada63985,/Users/arjunsharma/Documents/SandiaProjects/4-LDRDAMDIS/DIMSWE-study-d0eb615/external-results/test2b-rain-active-learning/production/representation-C/h5-from-h2-m20-20/checkpoint_000000020_parameters.npz,Y,TRAINING TRUTH SUPPORT,0,80,POST-HOC CHECKPOINT EVALUATION,effective_R_activation,false_positive_rate_given_truth_inactive,0.009599744857279541
t2b-c-h5,Test 2B,C,H5,H5,20,a9a95ed952ba410ce744c6fe1473c0c842193560d14b432ce4f8543c6ff40f70,ecb28ef27fbb4663970da2e4f72f9adbcf0c67ab966e80e65bb21f17ada63985,/Users/arjunsharma/Documents/SandiaProjects/4-LDRDAMDIS/DIMSWE-study-d0eb615/external-results/test2b-rain-active-learning/production/representation-C/h5-from-h2-m20-20/checkpoint_000000020_parameters.npz,Y,TRAINING TRUTH SUPPORT,0,80,POST-HOC CHECKPOINT EVALUATION,effective_R_activation,first_meaningful_positive_predicted_step,0
t2b-c-h5,Test 2B,C,H5,H5,20,a9a95ed952ba410ce744c6fe1473c0c842193560d14b432ce4f8543c6ff40f70,ecb28ef27fbb4663970da2e4f72f9adbcf0c67ab966e80e65bb21f17ada63985,/Users/arjunsharma/Documents/SandiaProjects/4-LDRDAMDIS/DIMSWE-study-d0eb615/external-results/test2b-rain-active-learning/production/representation-C/h5-from-h2-m20-20/checkpoint_000000020_parameters.npz,Y,TRAINING TRUTH SUPPORT,0,80,POST-HOC CHECKPOINT EVALUATION,effective_R_activation,first_meaningful_positive_truth_step,51
t2b-c-h5,Test 2B,C,H5,H5,20,a9a95ed952ba410ce744c6fe1473c0c842193560d14b432ce4f8543c6ff40f70,ecb28ef27fbb4663970da2e4f72f9adbcf0c67ab966e80e65bb21f17ada63985,/Users/arjunsharma/Documents/SandiaProjects/4-LDRDAMDIS/DIMSWE-study-d0eb615/external-results/test2b-rain-active-learning/production/representation-C/h5-from-h2-m20-20/checkpoint_000000020_parameters.npz,Y,TRAINING TRUTH SUPPORT,0,80,POST-HOC CHECKPOINT EVALUATION,effective_R_activation,maximum_predicted_effective_R,3.148858839668034e-11
t2b-c-h5,Test 2B,C,H5,H5,20,a9a95ed952ba410ce744c6fe1473c0c842193560d14b432ce4f8543c6ff40f70,ecb28ef27fbb4663970da2e4f72f9adbcf0c67ab966e80e65bb21f17ada63985,/Users/arjunsharma/Documents/SandiaProjects/4-LDRDAMDIS/DIMSWE-study-d0eb615/external-results/test2b-rain-active-learning/production/representation-C/h5-from-h2-m20-20/checkpoint_000000020_parameters.npz,Y,TRAINING TRUTH SUPPORT,0,80,POST-HOC CHECKPOINT EVALUATION,effective_R_activation,minimum_predicted_effective_R,-4.793866744628455e-12
t2b-c-h5,Test 2B,C,H5,H5,20,a9a95ed952ba410ce744c6fe1473c0c842193560d14b432ce4f8543c6ff40f70,ecb28ef27fbb4663970da2e4f72f9adbcf0c67ab966e80e65bb21f17ada63985,/Users/arjunsharma/Documents/SandiaProjects/4-LDRDAMDIS/DIMSWE-study-d0eb615/external-results/test2b-rain-active-learning/production/representation-C/h5-from-h2-m20-20/checkpoint_000000020_parameters.npz,Y,TRAINING TRUTH SUPPORT,0,80,POST-HOC CHECKPOINT EVALUATION,effective_R_activation,predicted_meaningful_negative_fraction,0.9827926070601852
t2b-c-h5,Test 2B,C,H5,H5,20,a9a95ed952ba410ce744c6fe1473c0c842193560d14b432ce4f8543c6ff40f70,ecb28ef27fbb4663970da2e4f72f9adbcf0c67ab966e80e65bb21f17ada63985,/Users/arjunsharma/Documents/SandiaProjects/4-LDRDAMDIS/DIMSWE-study-d0eb615/external-results/test2b-rain-active-learning/production/representation-C/h5-from-h2-m20-20/checkpoint_000000020_parameters.npz,Y,TRAINING TRUTH SUPPORT,0,80,POST-HOC CHECKPOINT EVALUATION,effective_R_activation,predicted_meaningful_positive_fraction,0.017207392939814815
t2b-c-h5,Test 2B,C,H5,H5,20,a9a95ed952ba410ce744c6fe1473c0c842193560d14b432ce4f8543c6ff40f70,ecb28ef27fbb4663970da2e4f72f9adbcf0c67ab966e80e65bb21f17ada63985,/Users/arjunsharma/Documents/SandiaProjects/4-LDRDAMDIS/DIMSWE-study-d0eb615/external-results/test2b-rain-active-learning/production/representation-C/h5-from-h2-m20-20/checkpoint_000000020_parameters.npz,Y,TRAINING TRUTH SUPPORT,0,80,POST-HOC CHECKPOINT EVALUATION,effective_R_activation,sample_count,5308416
t2b-c-h5,Test 2B,C,H5,H5,20,a9a95ed952ba410ce744c6fe1473c0c842193560d14b432ce4f8543c6ff40f70,ecb28ef27fbb4663970da2e4f72f9adbcf0c67ab966e80e65bb21f17ada63985,/Users/arjunsharma/Documents/SandiaProjects/4-LDRDAMDIS/DIMSWE-study-d0eb615/external-results/test2b-rain-active-learning/production/representation-C/h5-from-h2-m20-20/checkpoint_000000020_parameters.npz,Y,TRAINING TRUTH SUPPORT,0,80,POST-HOC CHECKPOINT EVALUATION,effective_R_activation,truth_active_sample_count,40776
t2b-c-h5,Test 2B,C,H5,H5,20,a9a95ed952ba410ce744c6fe1473c0c842193560d14b432ce4f8543c6ff40f70,ecb28ef27fbb4663970da2e4f72f9adbcf0c67ab966e80e65bb21f17ada63985,/Users/arjunsharma/Documents/SandiaProjects/4-LDRDAMDIS/DIMSWE-study-d0eb615/external-results/test2b-rain-active-learning/production/representation-C/h5-from-h2-m20-20/checkpoint_000000020_parameters.npz,Y,TRAINING TRUTH SUPPORT,0,80,POST-HOC CHECKPOINT EVALUATION,effective_R_activation,truth_active_sample_fraction,0.007681387442129629
t2b-c-h5,Test 2B,C,H5,H5,20,a9a95ed952ba410ce744c6fe1473c0c842193560d14b432ce4f8543c6ff40f70,ecb28ef27fbb4663970da2e4f72f9adbcf0c67ab966e80e65bb21f17ada63985,/Users/arjunsharma/Documents/SandiaProjects/4-LDRDAMDIS/DIMSWE-study-d0eb615/external-results/test2b-rain-active-learning/production/representation-C/h5-from-h2-m20-20/checkpoint_000000020_parameters.npz,Y,TRAINING TRUTH SUPPORT,0,80,POST-HOC CHECKPOINT EVALUATION,operator,denominator,6093310863157334.0
t2b-c-h5,Test 2B,C,H5,H5,20,a9a95ed952ba410ce744c6fe1473c0c842193560d14b432ce4f8543c6ff40f70,ecb28ef27fbb4663970da2e4f72f9adbcf0c67ab966e80e65bb21f17ada63985,/Users/arjunsharma/Documents/SandiaProjects/4-LDRDAMDIS/DIMSWE-study-d0eb615/external-results/test2b-rain-active-learning/production/representation-C/h5-from-h2-m20-20/checkpoint_000000020_parameters.npz,Y,TRAINING TRUTH SUPPORT,0,80,POST-HOC CHECKPOINT EVALUATION,operator,normalized_objective,0.008766945949557724
t2b-c-h5,Test 2B,C,H5,H5,20,a9a95ed952ba410ce744c6fe1473c0c842193560d14b432ce4f8543c6ff40f70,ecb28ef27fbb4663970da2e4f72f9adbcf0c67ab966e80e65bb21f17ada63985,/Users/arjunsharma/Documents/SandiaProjects/4-LDRDAMDIS/DIMSWE-study-d0eb615/external-results/test2b-rain-active-learning/production/representation-C/h5-from-h2-m20-20/checkpoint_000000020_parameters.npz,Y,TRAINING TRUTH SUPPORT,0,80,POST-HOC CHECKPOINT EVALUATION,operator,numerator,53419726991153.266
t2b-c-h5,Test 2B,C,H5,H5,20,a9a95ed952ba410ce744c6fe1473c0c842193560d14b432ce4f8543c6ff40f70,ecb28ef27fbb4663970da2e4f72f9adbcf0c67ab966e80e65bb21f17ada63985,/Users/arjunsharma/Documents/SandiaProjects/4-LDRDAMDIS/DIMSWE-study-d0eb615/external-results/test2b-rain-active-learning/production/representation-C/h5-from-h2-m20-20/checkpoint_000000020_parameters.npz,Y,TRAINING TRUTH SUPPORT,0,80,POST-HOC CHECKPOINT EVALUATION,source_components.Qc,correlation,0.999198972983652
t2b-c-h5,Test 2B,C,H5,H5,20,a9a95ed952ba410ce744c6fe1473c0c842193560d14b432ce4f8543c6ff40f70,ecb28ef27fbb4663970da2e4f72f9adbcf0c67ab966e80e65bb21f17ada63985,/Users/arjunsharma/Documents/SandiaProjects/4-LDRDAMDIS/DIMSWE-study-d0eb615/external-results/test2b-rain-active-learning/production/representation-C/h5-from-h2-m20-20/checkpoint_000000020_parameters.npz,Y,TRAINING TRUTH SUPPORT,0,80,POST-HOC CHECKPOINT EVALUATION,source_components.Qc,cosine,0.9985522763296967
t2b-c-h5,Test 2B,C,H5,H5,20,a9a95ed952ba410ce744c6fe1473c0c842193560d14b432ce4f8543c6ff40f70,ecb28ef27fbb4663970da2e4f72f9adbcf0c67ab966e80e65bb21f17ada63985,/Users/arjunsharma/Documents/SandiaProjects/4-LDRDAMDIS/DIMSWE-study-d0eb615/external-results/test2b-rain-active-learning/production/representation-C/h5-from-h2-m20-20/checkpoint_000000020_parameters.npz,Y,TRAINING TRUTH SUPPORT,0,80,POST-HOC CHECKPOINT EVALUATION,source_components.Qc,maximum_absolute_error,3.269086605595491e-05
t2b-c-h5,Test 2B,C,H5,H5,20,a9a95ed952ba410ce744c6fe1473c0c842193560d14b432ce4f8543c6ff40f70,ecb28ef27fbb4663970da2e4f72f9adbcf0c67ab966e80e65bb21f17ada63985,/Users/arjunsharma/Documents/SandiaProjects/4-LDRDAMDIS/DIMSWE-study-d0eb615/external-results/test2b-rain-active-learning/production/representation-C/h5-from-h2-m20-20/checkpoint_000000020_parameters.npz,Y,TRAINING TRUTH SUPPORT,0,80,POST-HOC CHECKPOINT EVALUATION,source_components.Qc,normalized_RMS_error,0.05423400702285722
t2b-c-h5,Test 2B,C,H5,H5,20,a9a95ed952ba410ce744c6fe1473c0c842193560d14b432ce4f8543c6ff40f70,ecb28ef27fbb4663970da2e4f72f9adbcf0c67ab966e80e65bb21f17ada63985,/Users/arjunsharma/Documents/SandiaProjects/4-LDRDAMDIS/DIMSWE-study-d0eb615/external-results/test2b-rain-active-learning/production/representation-C/h5-from-h2-m20-20/checkpoint_000000020_parameters.npz,Y,TRAINING TRUTH SUPPORT,0,80,POST-HOC CHECKPOINT EVALUATION,source_components.Qc,physical_RMS_error,3.6897314730331636e-06
t2b-c-h5,Test 2B,C,H5,H5,20,a9a95ed952ba410ce744c6fe1473c0c842193560d14b432ce4f8543c6ff40f70,ecb28ef27fbb4663970da2e4f72f9adbcf0c67ab966e80e65bb21f17ada63985,/Users/arjunsharma/Documents/SandiaProjects/4-LDRDAMDIS/DIMSWE-study-d0eb615/external-results/test2b-rain-active-learning/production/representation-C/h5-from-h2-m20-20/checkpoint_000000020_parameters.npz,Y,TRAINING TRUTH SUPPORT,0,80,POST-HOC CHECKPOINT EVALUATION,source_components.Qc,prediction_RMS,6.748944151016311e-05
t2b-c-h5,Test 2B,C,H5,H5,20,a9a95ed952ba410ce744c6fe1473c0c842193560d14b432ce4f8543c6ff40f70,ecb28ef27fbb4663970da2e4f72f9adbcf0c67ab966e80e65bb21f17ada63985,/Users/arjunsharma/Documents/SandiaProjects/4-LDRDAMDIS/DIMSWE-study-d0eb615/external-results/test2b-rain-active-learning/production/representation-C/h5-from-h2-m20-20/checkpoint_000000020_parameters.npz,Y,TRAINING TRUTH SUPPORT,0,80,POST-HOC CHECKPOINT EVALUATION,source_components.Qc,relative_RMS_error,0.054219620791348296
t2b-c-h5,Test 2B,C,H5,H5,20,a9a95ed952ba410ce744c6fe1473c0c842193560d14b432ce4f8543c6ff40f70,ecb28ef27fbb4663970da2e4f72f9adbcf0c67ab966e80e65bb21f17ada63985,/Users/arjunsharma/Documents/SandiaProjects/4-LDRDAMDIS/DIMSWE-study-d0eb615/external-results/test2b-rain-active-learning/production/representation-C/h5-from-h2-m20-20/checkpoint_000000020_parameters.npz,Y,TRAINING TRUTH SUPPORT,0,80,POST-HOC CHECKPOINT EVALUATION,source_components.Qc,sample_count,5308416
t2b-c-h5,Test 2B,C,H5,H5,20,a9a95ed952ba410ce744c6fe1473c0c842193560d14b432ce4f8543c6ff40f70,ecb28ef27fbb4663970da2e4f72f9adbcf0c67ab966e80e65bb21f17ada63985,/Users/arjunsharma/Documents/SandiaProjects/4-LDRDAMDIS/DIMSWE-study-d0eb615/external-results/test2b-rain-active-learning/production/representation-C/h5-from-h2-m20-20/checkpoint_000000020_parameters.npz,Y,TRAINING TRUTH SUPPORT,0,80,POST-HOC CHECKPOINT EVALUATION,source_components.Qc,signed_mass_weighted_bias,-2.492661108013825e-06
t2b-c-h5,Test 2B,C,H5,H5,20,a9a95ed952ba410ce744c6fe1473c0c842193560d14b432ce4f8543c6ff40f70,ecb28ef27fbb4663970da2e4f72f9adbcf0c67ab966e80e65bb21f17ada63985,/Users/arjunsharma/Documents/SandiaProjects/4-LDRDAMDIS/DIMSWE-study-d0eb615/external-results/test2b-rain-active-learning/production/representation-C/h5-from-h2-m20-20/checkpoint_000000020_parameters.npz,Y,TRAINING TRUTH SUPPORT,0,80,POST-HOC CHECKPOINT EVALUATION,source_components.Qc,target_RMS,6.805159127232269e-05
t2b-c-h5,Test 2B,C,H5,H5,20,a9a95ed952ba410ce744c6fe1473c0c842193560d14b432ce4f8543c6ff40f70,ecb28ef27fbb4663970da2e4f72f9adbcf0c67ab966e80e65bb21f17ada63985,/Users/arjunsharma/Documents/SandiaProjects/4-LDRDAMDIS/DIMSWE-study-d0eb615/external-results/test2b-rain-active-learning/production/representation-C/h5-from-h2-m20-20/checkpoint_000000020_parameters.npz,Y,TRAINING TRUTH SUPPORT,0,80,POST-HOC CHECKPOINT EVALUATION,source_components.Qr,correlation,0.8082205644057506
t2b-c-h5,Test 2B,C,H5,H5,20,a9a95ed952ba410ce744c6fe1473c0c842193560d14b432ce4f8543c6ff40f70,ecb28ef27fbb4663970da2e4f72f9adbcf0c67ab966e80e65bb21f17ada63985,/Users/arjunsharma/Documents/SandiaProjects/4-LDRDAMDIS/DIMSWE-study-d0eb615/external-results/test2b-rain-active-learning/production/representation-C/h5-from-h2-m20-20/checkpoint_000000020_parameters.npz,Y,TRAINING TRUTH SUPPORT,0,80,POST-HOC CHECKPOINT EVALUATION,source_components.Qr,cosine,0.29876832321759644
t2b-c-h5,Test 2B,C,H5,H5,20,a9a95ed952ba410ce744c6fe1473c0c842193560d14b432ce4f8543c6ff40f70,ecb28ef27fbb4663970da2e4f72f9adbcf0c67ab966e80e65bb21f17ada63985,/Users/arjunsharma/Documents/SandiaProjects/4-LDRDAMDIS/DIMSWE-study-d0eb615/external-results/test2b-rain-active-learning/production/representation-C/h5-from-h2-m20-20/checkpoint_000000020_parameters.npz,Y,TRAINING TRUTH SUPPORT,0,80,POST-HOC CHECKPOINT EVALUATION,source_components.Qr,maximum_absolute_error,1.5818605978598135e-08
t2b-c-h5,Test 2B,C,H5,H5,20,a9a95ed952ba410ce744c6fe1473c0c842193560d14b432ce4f8543c6ff40f70,ecb28ef27fbb4663970da2e4f72f9adbcf0c67ab966e80e65bb21f17ada63985,/Users/arjunsharma/Documents/SandiaProjects/4-LDRDAMDIS/DIMSWE-study-d0eb615/external-results/test2b-rain-active-learning/production/representation-C/h5-from-h2-m20-20/checkpoint_000000020_parameters.npz,Y,TRAINING TRUTH SUPPORT,0,80,POST-HOC CHECKPOINT EVALUATION,source_components.Qr,normalized_RMS_error,0.14407364072062592
t2b-c-h5,Test 2B,C,H5,H5,20,a9a95ed952ba410ce744c6fe1473c0c842193560d14b432ce4f8543c6ff40f70,ecb28ef27fbb4663970da2e4f72f9adbcf0c67ab966e80e65bb21f17ada63985,/Users/arjunsharma/Documents/SandiaProjects/4-LDRDAMDIS/DIMSWE-study-d0eb615/external-results/test2b-rain-active-learning/production/representation-C/h5-from-h2-m20-20/checkpoint_000000020_parameters.npz,Y,TRAINING TRUTH SUPPORT,0,80,POST-HOC CHECKPOINT EVALUATION,source_components.Qr,physical_RMS_error,2.17212598453742e-09
t2b-c-h5,Test 2B,C,H5,H5,20,a9a95ed952ba410ce744c6fe1473c0c842193560d14b432ce4f8543c6ff40f70,ecb28ef27fbb4663970da2e4f72f9adbcf0c67ab966e80e65bb21f17ada63985,/Users/arjunsharma/Documents/SandiaProjects/4-LDRDAMDIS/DIMSWE-study-d0eb615/external-results/test2b-rain-active-learning/production/representation-C/h5-from-h2-m20-20/checkpoint_000000020_parameters.npz,Y,TRAINING TRUTH SUPPORT,0,80,POST-HOC CHECKPOINT EVALUATION,source_components.Qr,prediction_RMS,2.1708889209810104e-09
t2b-c-h5,Test 2B,C,H5,H5,20,a9a95ed952ba410ce744c6fe1473c0c842193560d14b432ce4f8543c6ff40f70,ecb28ef27fbb4663970da2e4f72f9adbcf0c67ab966e80e65bb21f17ada63985,/Users/arjunsharma/Documents/SandiaProjects/4-LDRDAMDIS/DIMSWE-study-d0eb615/external-results/test2b-rain-active-learning/production/representation-C/h5-from-h2-m20-20/checkpoint_000000020_parameters.npz,Y,TRAINING TRUTH SUPPORT,0,80,POST-HOC CHECKPOINT EVALUATION,source_components.Qr,relative_RMS_error,1.669178641156122
t2b-c-h5,Test 2B,C,H5,H5,20,a9a95ed952ba410ce744c6fe1473c0c842193560d14b432ce4f8543c6ff40f70,ecb28ef27fbb4663970da2e4f72f9adbcf0c67ab966e80e65bb21f17ada63985,/Users/arjunsharma/Documents/SandiaProjects/4-LDRDAMDIS/DIMSWE-study-d0eb615/external-results/test2b-rain-active-learning/production/representation-C/h5-from-h2-m20-20/checkpoint_000000020_parameters.npz,Y,TRAINING TRUTH SUPPORT,0,80,POST-HOC CHECKPOINT EVALUATION,source_components.Qr,sample_count,5308416
t2b-c-h5,Test 2B,C,H5,H5,20,a9a95ed952ba410ce744c6fe1473c0c842193560d14b432ce4f8543c6ff40f70,ecb28ef27fbb4663970da2e4f72f9adbcf0c67ab966e80e65bb21f17ada63985,/Users/arjunsharma/Documents/SandiaProjects/4-LDRDAMDIS/DIMSWE-study-d0eb615/external-results/test2b-rain-active-learning/production/representation-C/h5-from-h2-m20-20/checkpoint_000000020_parameters.npz,Y,TRAINING TRUTH SUPPORT,0,80,POST-HOC CHECKPOINT EVALUATION,source_components.Qr,signed_mass_weighted_bias,-2.0320662423859456e-09
t2b-c-h5,Test 2B,C,H5,H5,20,a9a95ed952ba410ce744c6fe1473c0c842193560d14b432ce4f8543c6ff40f70,ecb28ef27fbb4663970da2e4f72f9adbcf0c67ab966e80e65bb21f17ada63985,/Users/arjunsharma/Documents/SandiaProjects/4-LDRDAMDIS/DIMSWE-study-d0eb615/external-results/test2b-rain-active-learning/production/representation-C/h5-from-h2-m20-20/checkpoint_000000020_parameters.npz,Y,TRAINING TRUTH SUPPORT,0,80,POST-HOC CHECKPOINT EVALUATION,source_components.Qr,target_RMS,1.3013142697733911e-09
t2b-c-h5,Test 2B,C,H5,H5,20,a9a95ed952ba410ce744c6fe1473c0c842193560d14b432ce4f8543c6ff40f70,ecb28ef27fbb4663970da2e4f72f9adbcf0c67ab966e80e65bb21f17ada63985,/Users/arjunsharma/Documents/SandiaProjects/4-LDRDAMDIS/DIMSWE-study-d0eb615/external-results/test2b-rain-active-learning/production/representation-C/h5-from-h2-m20-20/checkpoint_000000020_parameters.npz,Y,TRAINING TRUTH SUPPORT,0,80,POST-HOC CHECKPOINT EVALUATION,source_components.Qv,correlation,0.9989237621180364
t2b-c-h5,Test 2B,C,H5,H5,20,a9a95ed952ba410ce744c6fe1473c0c842193560d14b432ce4f8543c6ff40f70,ecb28ef27fbb4663970da2e4f72f9adbcf0c67ab966e80e65bb21f17ada63985,/Users/arjunsharma/Documents/SandiaProjects/4-LDRDAMDIS/DIMSWE-study-d0eb615/external-results/test2b-rain-active-learning/production/representation-C/h5-from-h2-m20-20/checkpoint_000000020_parameters.npz,Y,TRAINING TRUTH SUPPORT,0,80,POST-HOC CHECKPOINT EVALUATION,source_components.Qv,cosine,0.9989364393124556
t2b-c-h5,Test 2B,C,H5,H5,20,a9a95ed952ba410ce744c6fe1473c0c842193560d14b432ce4f8543c6ff40f70,ecb28ef27fbb4663970da2e4f72f9adbcf0c67ab966e80e65bb21f17ada63985,/Users/arjunsharma/Documents/SandiaProjects/4-LDRDAMDIS/DIMSWE-study-d0eb615/external-results/test2b-rain-active-learning/production/representation-C/h5-from-h2-m20-20/checkpoint_000000020_parameters.npz,Y,TRAINING TRUTH SUPPORT,0,80,POST-HOC CHECKPOINT EVALUATION,source_components.Qv,maximum_absolute_error,3.2008153921495296e-05
t2b-c-h5,Test 2B,C,H5,H5,20,a9a95ed952ba410ce744c6fe1473c0c842193560d14b432ce4f8543c6ff40f70,ecb28ef27fbb4663970da2e4f72f9adbcf0c67ab966e80e65bb21f17ada63985,/Users/arjunsharma/Documents/SandiaProjects/4-LDRDAMDIS/DIMSWE-study-d0eb615/external-results/test2b-rain-active-learning/production/representation-C/h5-from-h2-m20-20/checkpoint_000000020_parameters.npz,Y,TRAINING TRUTH SUPPORT,0,80,POST-HOC CHECKPOINT EVALUATION,source_components.Qv,normalized_RMS_error,0.04614149012067532
t2b-c-h5,Test 2B,C,H5,H5,20,a9a95ed952ba410ce744c6fe1473c0c842193560d14b432ce4f8543c6ff40f70,ecb28ef27fbb4663970da2e4f72f9adbcf0c67ab966e80e65bb21f17ada63985,/Users/arjunsharma/Documents/SandiaProjects/4-LDRDAMDIS/DIMSWE-study-d0eb615/external-results/test2b-rain-active-learning/production/representation-C/h5-from-h2-m20-20/checkpoint_000000020_parameters.npz,Y,TRAINING TRUTH SUPPORT,0,80,POST-HOC CHECKPOINT EVALUATION,source_components.Qv,physical_RMS_error,3.1391689041089185e-06
t2b-c-h5,Test 2B,C,H5,H5,20,a9a95ed952ba410ce744c6fe1473c0c842193560d14b432ce4f8543c6ff40f70,ecb28ef27fbb4663970da2e4f72f9adbcf0c67ab966e80e65bb21f17ada63985,/Users/arjunsharma/Documents/SandiaProjects/4-LDRDAMDIS/DIMSWE-study-d0eb615/external-results/test2b-rain-active-learning/production/representation-C/h5-from-h2-m20-20/checkpoint_000000020_parameters.npz,Y,TRAINING TRUTH SUPPORT,0,80,POST-HOC CHECKPOINT EVALUATION,source_components.Qv,prediction_RMS,6.788498278364711e-05
t2b-c-h5,Test 2B,C,H5,H5,20,a9a95ed952ba410ce744c6fe1473c0c842193560d14b432ce4f8543c6ff40f70,ecb28ef27fbb4663970da2e4f72f9adbcf0c67ab966e80e65bb21f17ada63985,/Users/arjunsharma/Documents/SandiaProjects/4-LDRDAMDIS/DIMSWE-study-d0eb615/external-results/test2b-rain-active-learning/production/representation-C/h5-from-h2-m20-20/checkpoint_000000020_parameters.npz,Y,TRAINING TRUTH SUPPORT,0,80,POST-HOC CHECKPOINT EVALUATION,source_components.Qv,relative_RMS_error,0.0461292496952932
t2b-c-h5,Test 2B,C,H5,H5,20,a9a95ed952ba410ce744c6fe1473c0c842193560d14b432ce4f8543c6ff40f70,ecb28ef27fbb4663970da2e4f72f9adbcf0c67ab966e80e65bb21f17ada63985,/Users/arjunsharma/Documents/SandiaProjects/4-LDRDAMDIS/DIMSWE-study-d0eb615/external-results/test2b-rain-active-learning/production/representation-C/h5-from-h2-m20-20/checkpoint_000000020_parameters.npz,Y,TRAINING TRUTH SUPPORT,0,80,POST-HOC CHECKPOINT EVALUATION,source_components.Qv,sample_count,5308416
t2b-c-h5,Test 2B,C,H5,H5,20,a9a95ed952ba410ce744c6fe1473c0c842193560d14b432ce4f8543c6ff40f70,ecb28ef27fbb4663970da2e4f72f9adbcf0c67ab966e80e65bb21f17ada63985,/Users/arjunsharma/Documents/SandiaProjects/4-LDRDAMDIS/DIMSWE-study-d0eb615/external-results/test2b-rain-active-learning/production/representation-C/h5-from-h2-m20-20/checkpoint_000000020_parameters.npz,Y,TRAINING TRUTH SUPPORT,0,80,POST-HOC CHECKPOINT EVALUATION,source_components.Qv,signed_mass_weighted_bias,-6.775285797727609e-08
t2b-c-h5,Test 2B,C,H5,H5,20,a9a95ed952ba410ce744c6fe1473c0c842193560d14b432ce4f8543c6ff40f70,ecb28ef27fbb4663970da2e4f72f9adbcf0c67ab966e80e65bb21f17ada63985,/Users/arjunsharma/Documents/SandiaProjects/4-LDRDAMDIS/DIMSWE-study-d0eb615/external-results/test2b-rain-active-learning/production/representation-C/h5-from-h2-m20-20/checkpoint_000000020_parameters.npz,Y,TRAINING TRUTH SUPPORT,0,80,POST-HOC CHECKPOINT EVALUATION,source_components.Qv,target_RMS,6.805159253282248e-05
t2b-c-h5,Test 2B,C,H5,H5,20,a9a95ed952ba410ce744c6fe1473c0c842193560d14b432ce4f8543c6ff40f70,ecb28ef27fbb4663970da2e4f72f9adbcf0c67ab966e80e65bb21f17ada63985,/Users/arjunsharma/Documents/SandiaProjects/4-LDRDAMDIS/DIMSWE-study-d0eb615/external-results/test2b-rain-active-learning/production/representation-C/h5-from-h2-m20-20/checkpoint_000000020_parameters.npz,Y,TRAINING TRUTH SUPPORT,0,80,POST-HOC CHECKPOINT EVALUATION,source_components.S,correlation,0.9997211195498986
t2b-c-h5,Test 2B,C,H5,H5,20,a9a95ed952ba410ce744c6fe1473c0c842193560d14b432ce4f8543c6ff40f70,ecb28ef27fbb4663970da2e4f72f9adbcf0c67ab966e80e65bb21f17ada63985,/Users/arjunsharma/Documents/SandiaProjects/4-LDRDAMDIS/DIMSWE-study-d0eb615/external-results/test2b-rain-active-learning/production/representation-C/h5-from-h2-m20-20/checkpoint_000000020_parameters.npz,Y,TRAINING TRUTH SUPPORT,0,80,POST-HOC CHECKPOINT EVALUATION,source_components.S,cosine,0.9997245232543198
t2b-c-h5,Test 2B,C,H5,H5,20,a9a95ed952ba410ce744c6fe1473c0c842193560d14b432ce4f8543c6ff40f70,ecb28ef27fbb4663970da2e4f72f9adbcf0c67ab966e80e65bb21f17ada63985,/Users/arjunsharma/Documents/SandiaProjects/4-LDRDAMDIS/DIMSWE-study-d0eb615/external-results/test2b-rain-active-learning/production/representation-C/h5-from-h2-m20-20/checkpoint_000000020_parameters.npz,Y,TRAINING TRUTH SUPPORT,0,80,POST-HOC CHECKPOINT EVALUATION,source_components.S,maximum_absolute_error,0.0025041907771081486
t2b-c-h5,Test 2B,C,H5,H5,20,a9a95ed952ba410ce744c6fe1473c0c842193560d14b432ce4f8543c6ff40f70,ecb28ef27fbb4663970da2e4f72f9adbcf0c67ab966e80e65bb21f17ada63985,/Users/arjunsharma/Documents/SandiaProjects/4-LDRDAMDIS/DIMSWE-study-d0eb615/external-results/test2b-rain-active-learning/production/representation-C/h5-from-h2-m20-20/checkpoint_000000020_parameters.npz,Y,TRAINING TRUTH SUPPORT,0,80,POST-HOC CHECKPOINT EVALUATION,source_components.S,normalized_RMS_error,0.023506031472559977
t2b-c-h5,Test 2B,C,H5,H5,20,a9a95ed952ba410ce744c6fe1473c0c842193560d14b432ce4f8543c6ff40f70,ecb28ef27fbb4663970da2e4f72f9adbcf0c67ab966e80e65bb21f17ada63985,/Users/arjunsharma/Documents/SandiaProjects/4-LDRDAMDIS/DIMSWE-study-d0eb615/external-results/test2b-rain-active-learning/production/representation-C/h5-from-h2-m20-20/checkpoint_000000020_parameters.npz,Y,TRAINING TRUTH SUPPORT,0,80,POST-HOC CHECKPOINT EVALUATION,source_components.S,physical_RMS_error,0.00015681996632434944
t2b-c-h5,Test 2B,C,H5,H5,20,a9a95ed952ba410ce744c6fe1473c0c842193560d14b432ce4f8543c6ff40f70,ecb28ef27fbb4663970da2e4f72f9adbcf0c67ab966e80e65bb21f17ada63985,/Users/arjunsharma/Documents/SandiaProjects/4-LDRDAMDIS/DIMSWE-study-d0eb615/external-results/test2b-rain-active-learning/production/representation-C/h5-from-h2-m20-20/checkpoint_000000020_parameters.npz,Y,TRAINING TRUTH SUPPORT,0,80,POST-HOC CHECKPOINT EVALUATION,source_components.S,prediction_RMS,0.006663619442357457
t2b-c-h5,Test 2B,C,H5,H5,20,a9a95ed952ba410ce744c6fe1473c0c842193560d14b432ce4f8543c6ff40f70,ecb28ef27fbb4663970da2e4f72f9adbcf0c67ab966e80e65bb21f17ada63985,/Users/arjunsharma/Documents/SandiaProjects/4-LDRDAMDIS/DIMSWE-study-d0eb615/external-results/test2b-rain-active-learning/production/representation-C/h5-from-h2-m20-20/checkpoint_000000020_parameters.npz,Y,TRAINING TRUTH SUPPORT,0,80,POST-HOC CHECKPOINT EVALUATION,source_components.S,relative_RMS_error,0.02349979578698683
t2b-c-h5,Test 2B,C,H5,H5,20,a9a95ed952ba410ce744c6fe1473c0c842193560d14b432ce4f8543c6ff40f70,ecb28ef27fbb4663970da2e4f72f9adbcf0c67ab966e80e65bb21f17ada63985,/Users/arjunsharma/Documents/SandiaProjects/4-LDRDAMDIS/DIMSWE-study-d0eb615/external-results/test2b-rain-active-learning/production/representation-C/h5-from-h2-m20-20/checkpoint_000000020_parameters.npz,Y,TRAINING TRUTH SUPPORT,0,80,POST-HOC CHECKPOINT EVALUATION,source_components.S,sample_count,5308416
t2b-c-h5,Test 2B,C,H5,H5,20,a9a95ed952ba410ce744c6fe1473c0c842193560d14b432ce4f8543c6ff40f70,ecb28ef27fbb4663970da2e4f72f9adbcf0c67ab966e80e65bb21f17ada63985,/Users/arjunsharma/Documents/SandiaProjects/4-LDRDAMDIS/DIMSWE-study-d0eb615/external-results/test2b-rain-active-learning/production/representation-C/h5-from-h2-m20-20/checkpoint_000000020_parameters.npz,Y,TRAINING TRUTH SUPPORT,0,80,POST-HOC CHECKPOINT EVALUATION,source_components.S,signed_mass_weighted_bias,-1.3111683447694833e-06
t2b-c-h5,Test 2B,C,H5,H5,20,a9a95ed952ba410ce744c6fe1473c0c842193560d14b432ce4f8543c6ff40f70,ecb28ef27fbb4663970da2e4f72f9adbcf0c67ab966e80e65bb21f17ada63985,/Users/arjunsharma/Documents/SandiaProjects/4-LDRDAMDIS/DIMSWE-study-d0eb615/external-results/test2b-rain-active-learning/production/representation-C/h5-from-h2-m20-20/checkpoint_000000020_parameters.npz,Y,TRAINING TRUTH SUPPORT,0,80,POST-HOC CHECKPOINT EVALUATION,source_components.S,target_RMS,0.006673248046316622
t2b-c-h5,Test 2B,C,H5,H5,20,a9a95ed952ba410ce744c6fe1473c0c842193560d14b432ce4f8543c6ff40f70,ecb28ef27fbb4663970da2e4f72f9adbcf0c67ab966e80e65bb21f17ada63985,/Users/arjunsharma/Documents/SandiaProjects/4-LDRDAMDIS/DIMSWE-study-d0eb615/external-results/test2b-rain-active-learning/production/representation-C/h5-from-h2-m20-20/checkpoint_000000020_parameters.npz,Y,TRAINING TRUTH SUPPORT,0,80,POST-HOC CHECKPOINT EVALUATION,source_structure,S_minus_beta2_Qv_defect_RMS,0.00017899037842576936
t2b-c-h5,Test 2B,C,H5,H5,20,a9a95ed952ba410ce744c6fe1473c0c842193560d14b432ce4f8543c6ff40f70,ecb28ef27fbb4663970da2e4f72f9adbcf0c67ab966e80e65bb21f17ada63985,/Users/arjunsharma/Documents/SandiaProjects/4-LDRDAMDIS/DIMSWE-study-d0eb615/external-results/test2b-rain-active-learning/production/representation-C/h5-from-h2-m20-20/checkpoint_000000020_parameters.npz,Y,TRAINING TRUTH SUPPORT,0,80,POST-HOC CHECKPOINT EVALUATION,source_structure,negative_Qr_source_fraction,0.9827926070601852
t2b-c-h5,Test 2B,C,H5,H5,20,a9a95ed952ba410ce744c6fe1473c0c842193560d14b432ce4f8543c6ff40f70,ecb28ef27fbb4663970da2e4f72f9adbcf0c67ab966e80e65bb21f17ada63985,/Users/arjunsharma/Documents/SandiaProjects/4-LDRDAMDIS/DIMSWE-study-d0eb615/external-results/test2b-rain-active-learning/production/representation-C/h5-from-h2-m20-20/checkpoint_000000020_parameters.npz,Y,TRAINING TRUTH SUPPORT,0,80,POST-HOC CHECKPOINT EVALUATION,source_structure,normalized_off_manifold_RMS,0.036907942900467915
t2b-c-h5,Test 2B,C,H5,H5,20,a9a95ed952ba410ce744c6fe1473c0c842193560d14b432ce4f8543c6ff40f70,ecb28ef27fbb4663970da2e4f72f9adbcf0c67ab966e80e65bb21f17ada63985,/Users/arjunsharma/Documents/SandiaProjects/4-LDRDAMDIS/DIMSWE-study-d0eb615/external-results/test2b-rain-active-learning/production/representation-C/h5-from-h2-m20-20/checkpoint_000000020_parameters.npz,Y,TRAINING TRUTH SUPPORT,0,80,POST-HOC CHECKPOINT EVALUATION,source_structure,positive_Qr_source_fraction,0.017207392939814815
t2b-c-h5,Test 2B,C,H5,H5,20,a9a95ed952ba410ce744c6fe1473c0c842193560d14b432ce4f8543c6ff40f70,ecb28ef27fbb4663970da2e4f72f9adbcf0c67ab966e80e65bb21f17ada63985,/Users/arjunsharma/Documents/SandiaProjects/4-LDRDAMDIS/DIMSWE-study-d0eb615/external-results/test2b-rain-active-learning/production/representation-C/h5-from-h2-m20-20/checkpoint_000000020_parameters.npz,Y,TRAINING TRUTH SUPPORT,0,80,POST-HOC CHECKPOINT EVALUATION,source_structure,water_source_defect_RMS,2.7415187663021396e-06
t2b-c-h5,Test 2B,C,H5,H5,20,a9a95ed952ba410ce744c6fe1473c0c842193560d14b432ce4f8543c6ff40f70,ecb28ef27fbb4663970da2e4f72f9adbcf0c67ab966e80e65bb21f17ada63985,/Users/arjunsharma/Documents/SandiaProjects/4-LDRDAMDIS/DIMSWE-study-d0eb615/external-results/test2b-rain-active-learning/production/representation-C/h5-from-h2-m20-20/checkpoint_000000020_parameters.npz,Y,TRAINING TRUTH SUPPORT,0,80,POST-HOC CHECKPOINT EVALUATION,source_vector,normalized_source_vector_cosine,0.9956101878969085
t2b-c-h5,Test 2B,C,H5,H5,20,a9a95ed952ba410ce744c6fe1473c0c842193560d14b432ce4f8543c6ff40f70,ecb28ef27fbb4663970da2e4f72f9adbcf0c67ab966e80e65bb21f17ada63985,/Users/arjunsharma/Documents/SandiaProjects/4-LDRDAMDIS/DIMSWE-study-d0eb615/external-results/test2b-rain-active-learning/production/representation-C/h5-from-h2-m20-20/checkpoint_000000020_parameters.npz,Y,TRAINING TRUTH SUPPORT,0,80,POST-HOC CHECKPOINT EVALUATION,source_vector,normalized_vector_RMS_error,0.1624195557634507
t2b-c-h5,Test 2B,C,H5,H5,20,a9a95ed952ba410ce744c6fe1473c0c842193560d14b432ce4f8543c6ff40f70,ecb28ef27fbb4663970da2e4f72f9adbcf0c67ab966e80e65bb21f17ada63985,/Users/arjunsharma/Documents/SandiaProjects/4-LDRDAMDIS/DIMSWE-study-d0eb615/external-results/test2b-rain-active-learning/production/representation-C/h5-from-h2-m20-20/checkpoint_000000020_parameters.npz,Y,TRAINING TRUTH SUPPORT,0,80,POST-HOC CHECKPOINT EVALUATION,source_vector,normalized_vector_relative_RMS_error,0.09363197076617433
t2b-c-h5,Test 2B,C,H5,H5,20,a9a95ed952ba410ce744c6fe1473c0c842193560d14b432ce4f8543c6ff40f70,ecb28ef27fbb4663970da2e4f72f9adbcf0c67ab966e80e65bb21f17ada63985,/Users/arjunsharma/Documents/SandiaProjects/4-LDRDAMDIS/DIMSWE-study-d0eb615/external-results/test2b-rain-active-learning/production/representation-C/h5-from-h2-m20-20/checkpoint_000000020_parameters.npz,Y,HELD-OUT TRUTH SUPPORT,81,160,POST-HOC CHECKPOINT EVALUATION,effective_A,correlation,0.18159397974440133
t2b-c-h5,Test 2B,C,H5,H5,20,a9a95ed952ba410ce744c6fe1473c0c842193560d14b432ce4f8543c6ff40f70,ecb28ef27fbb4663970da2e4f72f9adbcf0c67ab966e80e65bb21f17ada63985,/Users/arjunsharma/Documents/SandiaProjects/4-LDRDAMDIS/DIMSWE-study-d0eb615/external-results/test2b-rain-active-learning/production/representation-C/h5-from-h2-m20-20/checkpoint_000000020_parameters.npz,Y,HELD-OUT TRUTH SUPPORT,81,160,POST-HOC CHECKPOINT EVALUATION,effective_A,cosine,0.18410012659810324
t2b-c-h5,Test 2B,C,H5,H5,20,a9a95ed952ba410ce744c6fe1473c0c842193560d14b432ce4f8543c6ff40f70,ecb28ef27fbb4663970da2e4f72f9adbcf0c67ab966e80e65bb21f17ada63985,/Users/arjunsharma/Documents/SandiaProjects/4-LDRDAMDIS/DIMSWE-study-d0eb615/external-results/test2b-rain-active-learning/production/representation-C/h5-from-h2-m20-20/checkpoint_000000020_parameters.npz,Y,HELD-OUT TRUTH SUPPORT,81,160,POST-HOC CHECKPOINT EVALUATION,effective_A,maximum_absolute_error,1.1797887552566556e-07
t2b-c-h5,Test 2B,C,H5,H5,20,a9a95ed952ba410ce744c6fe1473c0c842193560d14b432ce4f8543c6ff40f70,ecb28ef27fbb4663970da2e4f72f9adbcf0c67ab966e80e65bb21f17ada63985,/Users/arjunsharma/Documents/SandiaProjects/4-LDRDAMDIS/DIMSWE-study-d0eb615/external-results/test2b-rain-active-learning/production/representation-C/h5-from-h2-m20-20/checkpoint_000000020_parameters.npz,Y,HELD-OUT TRUTH SUPPORT,81,160,POST-HOC CHECKPOINT EVALUATION,effective_A,normalized_RMS_error,0.08084582985344355
t2b-c-h5,Test 2B,C,H5,H5,20,a9a95ed952ba410ce744c6fe1473c0c842193560d14b432ce4f8543c6ff40f70,ecb28ef27fbb4663970da2e4f72f9adbcf0c67ab966e80e65bb21f17ada63985,/Users/arjunsharma/Documents/SandiaProjects/4-LDRDAMDIS/DIMSWE-study-d0eb615/external-results/test2b-rain-active-learning/production/representation-C/h5-from-h2-m20-20/checkpoint_000000020_parameters.npz,Y,HELD-OUT TRUTH SUPPORT,81,160,POST-HOC CHECKPOINT EVALUATION,effective_A,physical_RMS_error,7.318373630801069e-09
t2b-c-h5,Test 2B,C,H5,H5,20,a9a95ed952ba410ce744c6fe1473c0c842193560d14b432ce4f8543c6ff40f70,ecb28ef27fbb4663970da2e4f72f9adbcf0c67ab966e80e65bb21f17ada63985,/Users/arjunsharma/Documents/SandiaProjects/4-LDRDAMDIS/DIMSWE-study-d0eb615/external-results/test2b-rain-active-learning/production/representation-C/h5-from-h2-m20-20/checkpoint_000000020_parameters.npz,Y,HELD-OUT TRUTH SUPPORT,81,160,POST-HOC CHECKPOINT EVALUATION,effective_A,prediction_RMS,7.294546981580746e-09
t2b-c-h5,Test 2B,C,H5,H5,20,a9a95ed952ba410ce744c6fe1473c0c842193560d14b432ce4f8543c6ff40f70,ecb28ef27fbb4663970da2e4f72f9adbcf0c67ab966e80e65bb21f17ada63985,/Users/arjunsharma/Documents/SandiaProjects/4-LDRDAMDIS/DIMSWE-study-d0eb615/external-results/test2b-rain-active-learning/production/representation-C/h5-from-h2-m20-20/checkpoint_000000020_parameters.npz,Y,HELD-OUT TRUTH SUPPORT,81,160,POST-HOC CHECKPOINT EVALUATION,effective_A,relative_RMS_error,2.6046161103176804
t2b-c-h5,Test 2B,C,H5,H5,20,a9a95ed952ba410ce744c6fe1473c0c842193560d14b432ce4f8543c6ff40f70,ecb28ef27fbb4663970da2e4f72f9adbcf0c67ab966e80e65bb21f17ada63985,/Users/arjunsharma/Documents/SandiaProjects/4-LDRDAMDIS/DIMSWE-study-d0eb615/external-results/test2b-rain-active-learning/production/representation-C/h5-from-h2-m20-20/checkpoint_000000020_parameters.npz,Y,HELD-OUT TRUTH SUPPORT,81,160,POST-HOC CHECKPOINT EVALUATION,effective_A,sample_count,5242880
t2b-c-h5,Test 2B,C,H5,H5,20,a9a95ed952ba410ce744c6fe1473c0c842193560d14b432ce4f8543c6ff40f70,ecb28ef27fbb4663970da2e4f72f9adbcf0c67ab966e80e65bb21f17ada63985,/Users/arjunsharma/Documents/SandiaProjects/4-LDRDAMDIS/DIMSWE-study-d0eb615/external-results/test2b-rain-active-learning/production/representation-C/h5-from-h2-m20-20/checkpoint_000000020_parameters.npz,Y,HELD-OUT TRUTH SUPPORT,81,160,POST-HOC CHECKPOINT EVALUATION,effective_A,signed_mass_weighted_bias,-5.111398983573755e-10
t2b-c-h5,Test 2B,C,H5,H5,20,a9a95ed952ba410ce744c6fe1473c0c842193560d14b432ce4f8543c6ff40f70,ecb28ef27fbb4663970da2e4f72f9adbcf0c67ab966e80e65bb21f17ada63985,/Users/arjunsharma/Documents/SandiaProjects/4-LDRDAMDIS/DIMSWE-study-d0eb615/external-results/test2b-rain-active-learning/production/representation-C/h5-from-h2-m20-20/checkpoint_000000020_parameters.npz,Y,HELD-OUT TRUTH SUPPORT,81,160,POST-HOC CHECKPOINT EVALUATION,effective_A,target_RMS,2.8097705461510257e-09
t2b-c-h5,Test 2B,C,H5,H5,20,a9a95ed952ba410ce744c6fe1473c0c842193560d14b432ce4f8543c6ff40f70,ecb28ef27fbb4663970da2e4f72f9adbcf0c67ab966e80e65bb21f17ada63985,/Users/arjunsharma/Documents/SandiaProjects/4-LDRDAMDIS/DIMSWE-study-d0eb615/external-results/test2b-rain-active-learning/production/representation-C/h5-from-h2-m20-20/checkpoint_000000020_parameters.npz,Y,HELD-OUT TRUTH SUPPORT,81,160,POST-HOC CHECKPOINT EVALUATION,effective_R,correlation,0.8752417664477421
t2b-c-h5,Test 2B,C,H5,H5,20,a9a95ed952ba410ce744c6fe1473c0c842193560d14b432ce4f8543c6ff40f70,ecb28ef27fbb4663970da2e4f72f9adbcf0c67ab966e80e65bb21f17ada63985,/Users/arjunsharma/Documents/SandiaProjects/4-LDRDAMDIS/DIMSWE-study-d0eb615/external-results/test2b-rain-active-learning/production/representation-C/h5-from-h2-m20-20/checkpoint_000000020_parameters.npz,Y,HELD-OUT TRUTH SUPPORT,81,160,POST-HOC CHECKPOINT EVALUATION,effective_R,cosine,0.5892831930157532
t2b-c-h5,Test 2B,C,H5,H5,20,a9a95ed952ba410ce744c6fe1473c0c842193560d14b432ce4f8543c6ff40f70,ecb28ef27fbb4663970da2e4f72f9adbcf0c67ab966e80e65bb21f17ada63985,/Users/arjunsharma/Documents/SandiaProjects/4-LDRDAMDIS/DIMSWE-study-d0eb615/external-results/test2b-rain-active-learning/production/representation-C/h5-from-h2-m20-20/checkpoint_000000020_parameters.npz,Y,HELD-OUT TRUTH SUPPORT,81,160,POST-HOC CHECKPOINT EVALUATION,effective_R,maximum_absolute_error,2.7600438285405188e-11
t2b-c-h5,Test 2B,C,H5,H5,20,a9a95ed952ba410ce744c6fe1473c0c842193560d14b432ce4f8543c6ff40f70,ecb28ef27fbb4663970da2e4f72f9adbcf0c67ab966e80e65bb21f17ada63985,/Users/arjunsharma/Documents/SandiaProjects/4-LDRDAMDIS/DIMSWE-study-d0eb615/external-results/test2b-rain-active-learning/production/representation-C/h5-from-h2-m20-20/checkpoint_000000020_parameters.npz,Y,HELD-OUT TRUTH SUPPORT,81,160,POST-HOC CHECKPOINT EVALUATION,effective_R,normalized_RMS_error,0.24606076244117556
t2b-c-h5,Test 2B,C,H5,H5,20,a9a95ed952ba410ce744c6fe1473c0c842193560d14b432ce4f8543c6ff40f70,ecb28ef27fbb4663970da2e4f72f9adbcf0c67ab966e80e65bb21f17ada63985,/Users/arjunsharma/Documents/SandiaProjects/4-LDRDAMDIS/DIMSWE-study-d0eb615/external-results/test2b-rain-active-learning/production/representation-C/h5-from-h2-m20-20/checkpoint_000000020_parameters.npz,Y,HELD-OUT TRUTH SUPPORT,81,160,POST-HOC CHECKPOINT EVALUATION,effective_R,physical_RMS_error,4.897315677388014e-12
t2b-c-h5,Test 2B,C,H5,H5,20,a9a95ed952ba410ce744c6fe1473c0c842193560d14b432ce4f8543c6ff40f70,ecb28ef27fbb4663970da2e4f72f9adbcf0c67ab966e80e65bb21f17ada63985,/Users/arjunsharma/Documents/SandiaProjects/4-LDRDAMDIS/DIMSWE-study-d0eb615/external-results/test2b-rain-active-learning/production/representation-C/h5-from-h2-m20-20/checkpoint_000000020_parameters.npz,Y,HELD-OUT TRUTH SUPPORT,81,160,POST-HOC CHECKPOINT EVALUATION,effective_R,prediction_RMS,3.3340918413196505e-12
t2b-c-h5,Test 2B,C,H5,H5,20,a9a95ed952ba410ce744c6fe1473c0c842193560d14b432ce4f8543c6ff40f70,ecb28ef27fbb4663970da2e4f72f9adbcf0c67ab966e80e65bb21f17ada63985,/Users/arjunsharma/Documents/SandiaProjects/4-LDRDAMDIS/DIMSWE-study-d0eb615/external-results/test2b-rain-active-learning/production/representation-C/h5-from-h2-m20-20/checkpoint_000000020_parameters.npz,Y,HELD-OUT TRUTH SUPPORT,81,160,POST-HOC CHECKPOINT EVALUATION,effective_R,relative_RMS_error,0.8088490200172775
t2b-c-h5,Test 2B,C,H5,H5,20,a9a95ed952ba410ce744c6fe1473c0c842193560d14b432ce4f8543c6ff40f70,ecb28ef27fbb4663970da2e4f72f9adbcf0c67ab966e80e65bb21f17ada63985,/Users/arjunsharma/Documents/SandiaProjects/4-LDRDAMDIS/DIMSWE-study-d0eb615/external-results/test2b-rain-active-learning/production/representation-C/h5-from-h2-m20-20/checkpoint_000000020_parameters.npz,Y,HELD-OUT TRUTH SUPPORT,81,160,POST-HOC CHECKPOINT EVALUATION,effective_R,sample_count,5242880
t2b-c-h5,Test 2B,C,H5,H5,20,a9a95ed952ba410ce744c6fe1473c0c842193560d14b432ce4f8543c6ff40f70,ecb28ef27fbb4663970da2e4f72f9adbcf0c67ab966e80e65bb21f17ada63985,/Users/arjunsharma/Documents/SandiaProjects/4-LDRDAMDIS/DIMSWE-study-d0eb615/external-results/test2b-rain-active-learning/production/representation-C/h5-from-h2-m20-20/checkpoint_000000020_parameters.npz,Y,HELD-OUT TRUTH SUPPORT,81,160,POST-HOC CHECKPOINT EVALUATION,effective_R,signed_mass_weighted_bias,-3.211851627973101e-12
t2b-c-h5,Test 2B,C,H5,H5,20,a9a95ed952ba410ce744c6fe1473c0c842193560d14b432ce4f8543c6ff40f70,ecb28ef27fbb4663970da2e4f72f9adbcf0c67ab966e80e65bb21f17ada63985,/Users/arjunsharma/Documents/SandiaProjects/4-LDRDAMDIS/DIMSWE-study-d0eb615/external-results/test2b-rain-active-learning/production/representation-C/h5-from-h2-m20-20/checkpoint_000000020_parameters.npz,Y,HELD-OUT TRUTH SUPPORT,81,160,POST-HOC CHECKPOINT EVALUATION,effective_R,target_RMS,6.054672202339324e-12
t2b-c-h5,Test 2B,C,H5,H5,20,a9a95ed952ba410ce744c6fe1473c0c842193560d14b432ce4f8543c6ff40f70,ecb28ef27fbb4663970da2e4f72f9adbcf0c67ab966e80e65bb21f17ada63985,/Users/arjunsharma/Documents/SandiaProjects/4-LDRDAMDIS/DIMSWE-study-d0eb615/external-results/test2b-rain-active-learning/production/representation-C/h5-from-h2-m20-20/checkpoint_000000020_parameters.npz,Y,HELD-OUT TRUTH SUPPORT,81,160,POST-HOC CHECKPOINT EVALUATION,effective_R_activation,activity_numerical_tolerance,1.2119968976504772e-20
t2b-c-h5,Test 2B,C,H5,H5,20,a9a95ed952ba410ce744c6fe1473c0c842193560d14b432ce4f8543c6ff40f70,ecb28ef27fbb4663970da2e4f72f9adbcf0c67ab966e80e65bb21f17ada63985,/Users/arjunsharma/Documents/SandiaProjects/4-LDRDAMDIS/DIMSWE-study-d0eb615/external-results/test2b-rain-active-learning/production/representation-C/h5-from-h2-m20-20/checkpoint_000000020_parameters.npz,Y,HELD-OUT TRUTH SUPPORT,81,160,POST-HOC CHECKPOINT EVALUATION,effective_R_activation,false_negative_count,0
t2b-c-h5,Test 2B,C,H5,H5,20,a9a95ed952ba410ce744c6fe1473c0c842193560d14b432ce4f8543c6ff40f70,ecb28ef27fbb4663970da2e4f72f9adbcf0c67ab966e80e65bb21f17ada63985,/Users/arjunsharma/Documents/SandiaProjects/4-LDRDAMDIS/DIMSWE-study-d0eb615/external-results/test2b-rain-active-learning/production/representation-C/h5-from-h2-m20-20/checkpoint_000000020_parameters.npz,Y,HELD-OUT TRUTH SUPPORT,81,160,POST-HOC CHECKPOINT EVALUATION,effective_R_activation,false_negative_rate_given_truth_active,0.0
t2b-c-h5,Test 2B,C,H5,H5,20,a9a95ed952ba410ce744c6fe1473c0c842193560d14b432ce4f8543c6ff40f70,ecb28ef27fbb4663970da2e4f72f9adbcf0c67ab966e80e65bb21f17ada63985,/Users/arjunsharma/Documents/SandiaProjects/4-LDRDAMDIS/DIMSWE-study-d0eb615/external-results/test2b-rain-active-learning/production/representation-C/h5-from-h2-m20-20/checkpoint_000000020_parameters.npz,Y,HELD-OUT TRUTH SUPPORT,81,160,POST-HOC CHECKPOINT EVALUATION,effective_R_activation,false_positive_count,161250
t2b-c-h5,Test 2B,C,H5,H5,20,a9a95ed952ba410ce744c6fe1473c0c842193560d14b432ce4f8543c6ff40f70,ecb28ef27fbb4663970da2e4f72f9adbcf0c67ab966e80e65bb21f17ada63985,/Users/arjunsharma/Documents/SandiaProjects/4-LDRDAMDIS/DIMSWE-study-d0eb615/external-results/test2b-rain-active-learning/production/representation-C/h5-from-h2-m20-20/checkpoint_000000020_parameters.npz,Y,HELD-OUT TRUTH SUPPORT,81,160,POST-HOC CHECKPOINT EVALUATION,effective_R_activation,false_positive_rate_given_truth_inactive,0.0331990410675741
t2b-c-h5,Test 2B,C,H5,H5,20,a9a95ed952ba410ce744c6fe1473c0c842193560d14b432ce4f8543c6ff40f70,ecb28ef27fbb4663970da2e4f72f9adbcf0c67ab966e80e65bb21f17ada63985,/Users/arjunsharma/Documents/SandiaProjects/4-LDRDAMDIS/DIMSWE-study-d0eb615/external-results/test2b-rain-active-learning/production/representation-C/h5-from-h2-m20-20/checkpoint_000000020_parameters.npz,Y,HELD-OUT TRUTH SUPPORT,81,160,POST-HOC CHECKPOINT EVALUATION,effective_R_activation,first_meaningful_positive_predicted_step,81
t2b-c-h5,Test 2B,C,H5,H5,20,a9a95ed952ba410ce744c6fe1473c0c842193560d14b432ce4f8543c6ff40f70,ecb28ef27fbb4663970da2e4f72f9adbcf0c67ab966e80e65bb21f17ada63985,/Users/arjunsharma/Documents/SandiaProjects/4-LDRDAMDIS/DIMSWE-study-d0eb615/external-results/test2b-rain-active-learning/production/representation-C/h5-from-h2-m20-20/checkpoint_000000020_parameters.npz,Y,HELD-OUT TRUTH SUPPORT,81,160,POST-HOC CHECKPOINT EVALUATION,effective_R_activation,first_meaningful_positive_truth_step,81
t2b-c-h5,Test 2B,C,H5,H5,20,a9a95ed952ba410ce744c6fe1473c0c842193560d14b432ce4f8543c6ff40f70,ecb28ef27fbb4663970da2e4f72f9adbcf0c67ab966e80e65bb21f17ada63985,/Users/arjunsharma/Documents/SandiaProjects/4-LDRDAMDIS/DIMSWE-study-d0eb615/external-results/test2b-rain-active-learning/production/representation-C/h5-from-h2-m20-20/checkpoint_000000020_parameters.npz,Y,HELD-OUT TRUTH SUPPORT,81,160,POST-HOC CHECKPOINT EVALUATION,effective_R_activation,maximum_predicted_effective_R,3.161867296897939e-11
t2b-c-h5,Test 2B,C,H5,H5,20,a9a95ed952ba410ce744c6fe1473c0c842193560d14b432ce4f8543c6ff40f70,ecb28ef27fbb4663970da2e4f72f9adbcf0c67ab966e80e65bb21f17ada63985,/Users/arjunsharma/Documents/SandiaProjects/4-LDRDAMDIS/DIMSWE-study-d0eb615/external-results/test2b-rain-active-learning/production/representation-C/h5-from-h2-m20-20/checkpoint_000000020_parameters.npz,Y,HELD-OUT TRUTH SUPPORT,81,160,POST-HOC CHECKPOINT EVALUATION,effective_R_activation,minimum_predicted_effective_R,-5.706558388069647e-12
t2b-c-h5,Test 2B,C,H5,H5,20,a9a95ed952ba410ce744c6fe1473c0c842193560d14b432ce4f8543c6ff40f70,ecb28ef27fbb4663970da2e4f72f9adbcf0c67ab966e80e65bb21f17ada63985,/Users/arjunsharma/Documents/SandiaProjects/4-LDRDAMDIS/DIMSWE-study-d0eb615/external-results/test2b-rain-active-learning/production/representation-C/h5-from-h2-m20-20/checkpoint_000000020_parameters.npz,Y,HELD-OUT TRUTH SUPPORT,81,160,POST-HOC CHECKPOINT EVALUATION,effective_R_activation,predicted_meaningful_negative_fraction,0.8956562042236328
t2b-c-h5,Test 2B,C,H5,H5,20,a9a95ed952ba410ce744c6fe1473c0c842193560d14b432ce4f8543c6ff40f70,ecb28ef27fbb4663970da2e4f72f9adbcf0c67ab966e80e65bb21f17ada63985,/Users/arjunsharma/Documents/SandiaProjects/4-LDRDAMDIS/DIMSWE-study-d0eb615/external-results/test2b-rain-active-learning/production/representation-C/h5-from-h2-m20-20/checkpoint_000000020_parameters.npz,Y,HELD-OUT TRUTH SUPPORT,81,160,POST-HOC CHECKPOINT EVALUATION,effective_R_activation,predicted_meaningful_positive_fraction,0.10434379577636718
t2b-c-h5,Test 2B,C,H5,H5,20,a9a95ed952ba410ce744c6fe1473c0c842193560d14b432ce4f8543c6ff40f70,ecb28ef27fbb4663970da2e4f72f9adbcf0c67ab966e80e65bb21f17ada63985,/Users/arjunsharma/Documents/SandiaProjects/4-LDRDAMDIS/DIMSWE-study-d0eb615/external-results/test2b-rain-active-learning/production/representation-C/h5-from-h2-m20-20/checkpoint_000000020_parameters.npz,Y,HELD-OUT TRUTH SUPPORT,81,160,POST-HOC CHECKPOINT EVALUATION,effective_R_activation,sample_count,5242880
t2b-c-h5,Test 2B,C,H5,H5,20,a9a95ed952ba410ce744c6fe1473c0c842193560d14b432ce4f8543c6ff40f70,ecb28ef27fbb4663970da2e4f72f9adbcf0c67ab966e80e65bb21f17ada63985,/Users/arjunsharma/Documents/SandiaProjects/4-LDRDAMDIS/DIMSWE-study-d0eb615/external-results/test2b-rain-active-learning/production/representation-C/h5-from-h2-m20-20/checkpoint_000000020_parameters.npz,Y,HELD-OUT TRUTH SUPPORT,81,160,POST-HOC CHECKPOINT EVALUATION,effective_R_activation,truth_active_sample_count,385812
t2b-c-h5,Test 2B,C,H5,H5,20,a9a95ed952ba410ce744c6fe1473c0c842193560d14b432ce4f8543c6ff40f70,ecb28ef27fbb4663970da2e4f72f9adbcf0c67ab966e80e65bb21f17ada63985,/Users/arjunsharma/Documents/SandiaProjects/4-LDRDAMDIS/DIMSWE-study-d0eb615/external-results/test2b-rain-active-learning/production/representation-C/h5-from-h2-m20-20/checkpoint_000000020_parameters.npz,Y,HELD-OUT TRUTH SUPPORT,81,160,POST-HOC CHECKPOINT EVALUATION,effective_R_activation,truth_active_sample_fraction,0.07358779907226562
t2b-c-h5,Test 2B,C,H5,H5,20,a9a95ed952ba410ce744c6fe1473c0c842193560d14b432ce4f8543c6ff40f70,ecb28ef27fbb4663970da2e4f72f9adbcf0c67ab966e80e65bb21f17ada63985,/Users/arjunsharma/Documents/SandiaProjects/4-LDRDAMDIS/DIMSWE-study-d0eb615/external-results/test2b-rain-active-learning/production/representation-C/h5-from-h2-m20-20/checkpoint_000000020_parameters.npz,Y,HELD-OUT TRUTH SUPPORT,81,160,POST-HOC CHECKPOINT EVALUATION,operator,denominator,193535635602756.66
t2b-c-h5,Test 2B,C,H5,H5,20,a9a95ed952ba410ce744c6fe1473c0c842193560d14b432ce4f8543c6ff40f70,ecb28ef27fbb4663970da2e4f72f9adbcf0c67ab966e80e65bb21f17ada63985,/Users/arjunsharma/Documents/SandiaProjects/4-LDRDAMDIS/DIMSWE-study-d0eb615/external-results/test2b-rain-active-learning/production/representation-C/h5-from-h2-m20-20/checkpoint_000000020_parameters.npz,Y,HELD-OUT TRUTH SUPPORT,81,160,POST-HOC CHECKPOINT EVALUATION,operator,normalized_objective,0.8290546355590671
t2b-c-h5,Test 2B,C,H5,H5,20,a9a95ed952ba410ce744c6fe1473c0c842193560d14b432ce4f8543c6ff40f70,ecb28ef27fbb4663970da2e4f72f9adbcf0c67ab966e80e65bb21f17ada63985,/Users/arjunsharma/Documents/SandiaProjects/4-LDRDAMDIS/DIMSWE-study-d0eb615/external-results/test2b-rain-active-learning/production/representation-C/h5-from-h2-m20-20/checkpoint_000000020_parameters.npz,Y,HELD-OUT TRUTH SUPPORT,81,160,POST-HOC CHECKPOINT EVALUATION,operator,numerator,160451615842335.84
t2b-c-h5,Test 2B,C,H5,H5,20,a9a95ed952ba410ce744c6fe1473c0c842193560d14b432ce4f8543c6ff40f70,ecb28ef27fbb4663970da2e4f72f9adbcf0c67ab966e80e65bb21f17ada63985,/Users/arjunsharma/Documents/SandiaProjects/4-LDRDAMDIS/DIMSWE-study-d0eb615/external-results/test2b-rain-active-learning/production/representation-C/h5-from-h2-m20-20/checkpoint_000000020_parameters.npz,Y,HELD-OUT TRUTH SUPPORT,81,160,POST-HOC CHECKPOINT EVALUATION,source_components.Qc,correlation,0.13076612509603514
t2b-c-h5,Test 2B,C,H5,H5,20,a9a95ed952ba410ce744c6fe1473c0c842193560d14b432ce4f8543c6ff40f70,ecb28ef27fbb4663970da2e4f72f9adbcf0c67ab966e80e65bb21f17ada63985,/Users/arjunsharma/Documents/SandiaProjects/4-LDRDAMDIS/DIMSWE-study-d0eb615/external-results/test2b-rain-active-learning/production/representation-C/h5-from-h2-m20-20/checkpoint_000000020_parameters.npz,Y,HELD-OUT TRUTH SUPPORT,81,160,POST-HOC CHECKPOINT EVALUATION,source_components.Qc,cosine,0.11863737077658221
t2b-c-h5,Test 2B,C,H5,H5,20,a9a95ed952ba410ce744c6fe1473c0c842193560d14b432ce4f8543c6ff40f70,ecb28ef27fbb4663970da2e4f72f9adbcf0c67ab966e80e65bb21f17ada63985,/Users/arjunsharma/Documents/SandiaProjects/4-LDRDAMDIS/DIMSWE-study-d0eb615/external-results/test2b-rain-active-learning/production/representation-C/h5-from-h2-m20-20/checkpoint_000000020_parameters.npz,Y,HELD-OUT TRUTH SUPPORT,81,160,POST-HOC CHECKPOINT EVALUATION,source_components.Qc,maximum_absolute_error,8.949444118017358e-05
t2b-c-h5,Test 2B,C,H5,H5,20,a9a95ed952ba410ce744c6fe1473c0c842193560d14b432ce4f8543c6ff40f70,ecb28ef27fbb4663970da2e4f72f9adbcf0c67ab966e80e65bb21f17ada63985,/Users/arjunsharma/Documents/SandiaProjects/4-LDRDAMDIS/DIMSWE-study-d0eb615/external-results/test2b-rain-active-learning/production/representation-C/h5-from-h2-m20-20/checkpoint_000000020_parameters.npz,Y,HELD-OUT TRUTH SUPPORT,81,160,POST-HOC CHECKPOINT EVALUATION,source_components.Qc,normalized_RMS_error,0.08810995243371834
t2b-c-h5,Test 2B,C,H5,H5,20,a9a95ed952ba410ce744c6fe1473c0c842193560d14b432ce4f8543c6ff40f70,ecb28ef27fbb4663970da2e4f72f9adbcf0c67ab966e80e65bb21f17ada63985,/Users/arjunsharma/Documents/SandiaProjects/4-LDRDAMDIS/DIMSWE-study-d0eb615/external-results/test2b-rain-active-learning/production/representation-C/h5-from-h2-m20-20/checkpoint_000000020_parameters.npz,Y,HELD-OUT TRUTH SUPPORT,81,160,POST-HOC CHECKPOINT EVALUATION,source_components.Qc,physical_RMS_error,5.994431951987791e-06
t2b-c-h5,Test 2B,C,H5,H5,20,a9a95ed952ba410ce744c6fe1473c0c842193560d14b432ce4f8543c6ff40f70,ecb28ef27fbb4663970da2e4f72f9adbcf0c67ab966e80e65bb21f17ada63985,/Users/arjunsharma/Documents/SandiaProjects/4-LDRDAMDIS/DIMSWE-study-d0eb615/external-results/test2b-rain-active-learning/production/representation-C/h5-from-h2-m20-20/checkpoint_000000020_parameters.npz,Y,HELD-OUT TRUTH SUPPORT,81,160,POST-HOC CHECKPOINT EVALUATION,source_components.Qc,prediction_RMS,5.879235845649546e-06
t2b-c-h5,Test 2B,C,H5,H5,20,a9a95ed952ba410ce744c6fe1473c0c842193560d14b432ce4f8543c6ff40f70,ecb28ef27fbb4663970da2e4f72f9adbcf0c67ab966e80e65bb21f17ada63985,/Users/arjunsharma/Documents/SandiaProjects/4-LDRDAMDIS/DIMSWE-study-d0eb615/external-results/test2b-rain-active-learning/production/representation-C/h5-from-h2-m20-20/checkpoint_000000020_parameters.npz,Y,HELD-OUT TRUTH SUPPORT,81,160,POST-HOC CHECKPOINT EVALUATION,source_components.Qc,relative_RMS_error,2.9110138152360334
t2b-c-h5,Test 2B,C,H5,H5,20,a9a95ed952ba410ce744c6fe1473c0c842193560d14b432ce4f8543c6ff40f70,ecb28ef27fbb4663970da2e4f72f9adbcf0c67ab966e80e65bb21f17ada63985,/Users/arjunsharma/Documents/SandiaProjects/4-LDRDAMDIS/DIMSWE-study-d0eb615/external-results/test2b-rain-active-learning/production/representation-C/h5-from-h2-m20-20/checkpoint_000000020_parameters.npz,Y,HELD-OUT TRUTH SUPPORT,81,160,POST-HOC CHECKPOINT EVALUATION,source_components.Qc,sample_count,5242880
t2b-c-h5,Test 2B,C,H5,H5,20,a9a95ed952ba410ce744c6fe1473c0c842193560d14b432ce4f8543c6ff40f70,ecb28ef27fbb4663970da2e4f72f9adbcf0c67ab966e80e65bb21f17ada63985,/Users/arjunsharma/Documents/SandiaProjects/4-LDRDAMDIS/DIMSWE-study-d0eb615/external-results/test2b-rain-active-learning/production/representation-C/h5-from-h2-m20-20/checkpoint_000000020_parameters.npz,Y,HELD-OUT TRUTH SUPPORT,81,160,POST-HOC CHECKPOINT EVALUATION,source_components.Qc,signed_mass_weighted_bias,-1.3442364358591257e-06
t2b-c-h5,Test 2B,C,H5,H5,20,a9a95ed952ba410ce744c6fe1473c0c842193560d14b432ce4f8543c6ff40f70,ecb28ef27fbb4663970da2e4f72f9adbcf0c67ab966e80e65bb21f17ada63985,/Users/arjunsharma/Documents/SandiaProjects/4-LDRDAMDIS/DIMSWE-study-d0eb615/external-results/test2b-rain-active-learning/production/representation-C/h5-from-h2-m20-20/checkpoint_000000020_parameters.npz,Y,HELD-OUT TRUTH SUPPORT,81,160,POST-HOC CHECKPOINT EVALUATION,source_components.Qc,target_RMS,2.0592248379631086e-06
t2b-c-h5,Test 2B,C,H5,H5,20,a9a95ed952ba410ce744c6fe1473c0c842193560d14b432ce4f8543c6ff40f70,ecb28ef27fbb4663970da2e4f72f9adbcf0c67ab966e80e65bb21f17ada63985,/Users/arjunsharma/Documents/SandiaProjects/4-LDRDAMDIS/DIMSWE-study-d0eb615/external-results/test2b-rain-active-learning/production/representation-C/h5-from-h2-m20-20/checkpoint_000000020_parameters.npz,Y,HELD-OUT TRUTH SUPPORT,81,160,POST-HOC CHECKPOINT EVALUATION,source_components.Qr,correlation,0.8787690045014164
t2b-c-h5,Test 2B,C,H5,H5,20,a9a95ed952ba410ce744c6fe1473c0c842193560d14b432ce4f8543c6ff40f70,ecb28ef27fbb4663970da2e4f72f9adbcf0c67ab966e80e65bb21f17ada63985,/Users/arjunsharma/Documents/SandiaProjects/4-LDRDAMDIS/DIMSWE-study-d0eb615/external-results/test2b-rain-active-learning/production/representation-C/h5-from-h2-m20-20/checkpoint_000000020_parameters.npz,Y,HELD-OUT TRUTH SUPPORT,81,160,POST-HOC CHECKPOINT EVALUATION,source_components.Qr,cosine,0.5979660536971256
t2b-c-h5,Test 2B,C,H5,H5,20,a9a95ed952ba410ce744c6fe1473c0c842193560d14b432ce4f8543c6ff40f70,ecb28ef27fbb4663970da2e4f72f9adbcf0c67ab966e80e65bb21f17ada63985,/Users/arjunsharma/Documents/SandiaProjects/4-LDRDAMDIS/DIMSWE-study-d0eb615/external-results/test2b-rain-active-learning/production/representation-C/h5-from-h2-m20-20/checkpoint_000000020_parameters.npz,Y,HELD-OUT TRUTH SUPPORT,81,160,POST-HOC CHECKPOINT EVALUATION,source_components.Qr,maximum_absolute_error,2.1162784159994743e-08
t2b-c-h5,Test 2B,C,H5,H5,20,a9a95ed952ba410ce744c6fe1473c0c842193560d14b432ce4f8543c6ff40f70,ecb28ef27fbb4663970da2e4f72f9adbcf0c67ab966e80e65bb21f17ada63985,/Users/arjunsharma/Documents/SandiaProjects/4-LDRDAMDIS/DIMSWE-study-d0eb615/external-results/test2b-rain-active-learning/production/representation-C/h5-from-h2-m20-20/checkpoint_000000020_parameters.npz,Y,HELD-OUT TRUTH SUPPORT,81,160,POST-HOC CHECKPOINT EVALUATION,source_components.Qr,normalized_RMS_error,0.2463585499878977
t2b-c-h5,Test 2B,C,H5,H5,20,a9a95ed952ba410ce744c6fe1473c0c842193560d14b432ce4f8543c6ff40f70,ecb28ef27fbb4663970da2e4f72f9adbcf0c67ab966e80e65bb21f17ada63985,/Users/arjunsharma/Documents/SandiaProjects/4-LDRDAMDIS/DIMSWE-study-d0eb615/external-results/test2b-rain-active-learning/production/representation-C/h5-from-h2-m20-20/checkpoint_000000020_parameters.npz,Y,HELD-OUT TRUTH SUPPORT,81,160,POST-HOC CHECKPOINT EVALUATION,source_components.Qr,physical_RMS_error,3.7142242346699036e-09
t2b-c-h5,Test 2B,C,H5,H5,20,a9a95ed952ba410ce744c6fe1473c0c842193560d14b432ce4f8543c6ff40f70,ecb28ef27fbb4663970da2e4f72f9adbcf0c67ab966e80e65bb21f17ada63985,/Users/arjunsharma/Documents/SandiaProjects/4-LDRDAMDIS/DIMSWE-study-d0eb615/external-results/test2b-rain-active-learning/production/representation-C/h5-from-h2-m20-20/checkpoint_000000020_parameters.npz,Y,HELD-OUT TRUTH SUPPORT,81,160,POST-HOC CHECKPOINT EVALUATION,source_components.Qr,prediction_RMS,2.5071225764968705e-09
t2b-c-h5,Test 2B,C,H5,H5,20,a9a95ed952ba410ce744c6fe1473c0c842193560d14b432ce4f8543c6ff40f70,ecb28ef27fbb4663970da2e4f72f9adbcf0c67ab966e80e65bb21f17ada63985,/Users/arjunsharma/Documents/SandiaProjects/4-LDRDAMDIS/DIMSWE-study-d0eb615/external-results/test2b-rain-active-learning/production/representation-C/h5-from-h2-m20-20/checkpoint_000000020_parameters.npz,Y,HELD-OUT TRUTH SUPPORT,81,160,POST-HOC CHECKPOINT EVALUATION,source_components.Qr,relative_RMS_error,0.8034498186553808
t2b-c-h5,Test 2B,C,H5,H5,20,a9a95ed952ba410ce744c6fe1473c0c842193560d14b432ce4f8543c6ff40f70,ecb28ef27fbb4663970da2e4f72f9adbcf0c67ab966e80e65bb21f17ada63985,/Users/arjunsharma/Documents/SandiaProjects/4-LDRDAMDIS/DIMSWE-study-d0eb615/external-results/test2b-rain-active-learning/production/representation-C/h5-from-h2-m20-20/checkpoint_000000020_parameters.npz,Y,HELD-OUT TRUTH SUPPORT,81,160,POST-HOC CHECKPOINT EVALUATION,source_components.Qr,sample_count,5242880
t2b-c-h5,Test 2B,C,H5,H5,20,a9a95ed952ba410ce744c6fe1473c0c842193560d14b432ce4f8543c6ff40f70,ecb28ef27fbb4663970da2e4f72f9adbcf0c67ab966e80e65bb21f17ada63985,/Users/arjunsharma/Documents/SandiaProjects/4-LDRDAMDIS/DIMSWE-study-d0eb615/external-results/test2b-rain-active-learning/production/representation-C/h5-from-h2-m20-20/checkpoint_000000020_parameters.npz,Y,HELD-OUT TRUTH SUPPORT,81,160,POST-HOC CHECKPOINT EVALUATION,source_components.Qr,signed_mass_weighted_bias,-2.4126926596895613e-09
t2b-c-h5,Test 2B,C,H5,H5,20,a9a95ed952ba410ce744c6fe1473c0c842193560d14b432ce4f8543c6ff40f70,ecb28ef27fbb4663970da2e4f72f9adbcf0c67ab966e80e65bb21f17ada63985,/Users/arjunsharma/Documents/SandiaProjects/4-LDRDAMDIS/DIMSWE-study-d0eb615/external-results/test2b-rain-active-learning/production/representation-C/h5-from-h2-m20-20/checkpoint_000000020_parameters.npz,Y,HELD-OUT TRUTH SUPPORT,81,160,POST-HOC CHECKPOINT EVALUATION,source_components.Qr,target_RMS,4.622845320801578e-09
t2b-c-h5,Test 2B,C,H5,H5,20,a9a95ed952ba410ce744c6fe1473c0c842193560d14b432ce4f8543c6ff40f70,ecb28ef27fbb4663970da2e4f72f9adbcf0c67ab966e80e65bb21f17ada63985,/Users/arjunsharma/Documents/SandiaProjects/4-LDRDAMDIS/DIMSWE-study-d0eb615/external-results/test2b-rain-active-learning/production/representation-C/h5-from-h2-m20-20/checkpoint_000000020_parameters.npz,Y,HELD-OUT TRUTH SUPPORT,81,160,POST-HOC CHECKPOINT EVALUATION,source_components.Qv,correlation,0.14981381832401763
t2b-c-h5,Test 2B,C,H5,H5,20,a9a95ed952ba410ce744c6fe1473c0c842193560d14b432ce4f8543c6ff40f70,ecb28ef27fbb4663970da2e4f72f9adbcf0c67ab966e80e65bb21f17ada63985,/Users/arjunsharma/Documents/SandiaProjects/4-LDRDAMDIS/DIMSWE-study-d0eb615/external-results/test2b-rain-active-learning/production/representation-C/h5-from-h2-m20-20/checkpoint_000000020_parameters.npz,Y,HELD-OUT TRUTH SUPPORT,81,160,POST-HOC CHECKPOINT EVALUATION,source_components.Qv,cosine,0.15558962521866646
t2b-c-h5,Test 2B,C,H5,H5,20,a9a95ed952ba410ce744c6fe1473c0c842193560d14b432ce4f8543c6ff40f70,ecb28ef27fbb4663970da2e4f72f9adbcf0c67ab966e80e65bb21f17ada63985,/Users/arjunsharma/Documents/SandiaProjects/4-LDRDAMDIS/DIMSWE-study-d0eb615/external-results/test2b-rain-active-learning/production/representation-C/h5-from-h2-m20-20/checkpoint_000000020_parameters.npz,Y,HELD-OUT TRUTH SUPPORT,81,160,POST-HOC CHECKPOINT EVALUATION,source_components.Qv,maximum_absolute_error,8.59833442392891e-05
t2b-c-h5,Test 2B,C,H5,H5,20,a9a95ed952ba410ce744c6fe1473c0c842193560d14b432ce4f8543c6ff40f70,ecb28ef27fbb4663970da2e4f72f9adbcf0c67ab966e80e65bb21f17ada63985,/Users/arjunsharma/Documents/SandiaProjects/4-LDRDAMDIS/DIMSWE-study-d0eb615/external-results/test2b-rain-active-learning/production/representation-C/h5-from-h2-m20-20/checkpoint_000000020_parameters.npz,Y,HELD-OUT TRUTH SUPPORT,81,160,POST-HOC CHECKPOINT EVALUATION,source_components.Qv,normalized_RMS_error,0.08880678441284015
t2b-c-h5,Test 2B,C,H5,H5,20,a9a95ed952ba410ce744c6fe1473c0c842193560d14b432ce4f8543c6ff40f70,ecb28ef27fbb4663970da2e4f72f9adbcf0c67ab966e80e65bb21f17ada63985,/Users/arjunsharma/Documents/SandiaProjects/4-LDRDAMDIS/DIMSWE-study-d0eb615/external-results/test2b-rain-active-learning/production/representation-C/h5-from-h2-m20-20/checkpoint_000000020_parameters.npz,Y,HELD-OUT TRUTH SUPPORT,81,160,POST-HOC CHECKPOINT EVALUATION,source_components.Qv,physical_RMS_error,6.041839900999978e-06
t2b-c-h5,Test 2B,C,H5,H5,20,a9a95ed952ba410ce744c6fe1473c0c842193560d14b432ce4f8543c6ff40f70,ecb28ef27fbb4663970da2e4f72f9adbcf0c67ab966e80e65bb21f17ada63985,/Users/arjunsharma/Documents/SandiaProjects/4-LDRDAMDIS/DIMSWE-study-d0eb615/external-results/test2b-rain-active-learning/production/representation-C/h5-from-h2-m20-20/checkpoint_000000020_parameters.npz,Y,HELD-OUT TRUTH SUPPORT,81,160,POST-HOC CHECKPOINT EVALUATION,source_components.Qv,prediction_RMS,6.009519882038352e-06
t2b-c-h5,Test 2B,C,H5,H5,20,a9a95ed952ba410ce744c6fe1473c0c842193560d14b432ce4f8543c6ff40f70,ecb28ef27fbb4663970da2e4f72f9adbcf0c67ab966e80e65bb21f17ada63985,/Users/arjunsharma/Documents/SandiaProjects/4-LDRDAMDIS/DIMSWE-study-d0eb615/external-results/test2b-rain-active-learning/production/representation-C/h5-from-h2-m20-20/checkpoint_000000020_parameters.npz,Y,HELD-OUT TRUTH SUPPORT,81,160,POST-HOC CHECKPOINT EVALUATION,source_components.Qv,relative_RMS_error,2.934085654107641
t2b-c-h5,Test 2B,C,H5,H5,20,a9a95ed952ba410ce744c6fe1473c0c842193560d14b432ce4f8543c6ff40f70,ecb28ef27fbb4663970da2e4f72f9adbcf0c67ab966e80e65bb21f17ada63985,/Users/arjunsharma/Documents/SandiaProjects/4-LDRDAMDIS/DIMSWE-study-d0eb615/external-results/test2b-rain-active-learning/production/representation-C/h5-from-h2-m20-20/checkpoint_000000020_parameters.npz,Y,HELD-OUT TRUTH SUPPORT,81,160,POST-HOC CHECKPOINT EVALUATION,source_components.Qv,sample_count,5242880
t2b-c-h5,Test 2B,C,H5,H5,20,a9a95ed952ba410ce744c6fe1473c0c842193560d14b432ce4f8543c6ff40f70,ecb28ef27fbb4663970da2e4f72f9adbcf0c67ab966e80e65bb21f17ada63985,/Users/arjunsharma/Documents/SandiaProjects/4-LDRDAMDIS/DIMSWE-study-d0eb615/external-results/test2b-rain-active-learning/production/representation-C/h5-from-h2-m20-20/checkpoint_000000020_parameters.npz,Y,HELD-OUT TRUTH SUPPORT,81,160,POST-HOC CHECKPOINT EVALUATION,source_components.Qv,signed_mass_weighted_bias,-1.4723535341471668e-06
t2b-c-h5,Test 2B,C,H5,H5,20,a9a95ed952ba410ce744c6fe1473c0c842193560d14b432ce4f8543c6ff40f70,ecb28ef27fbb4663970da2e4f72f9adbcf0c67ab966e80e65bb21f17ada63985,/Users/arjunsharma/Documents/SandiaProjects/4-LDRDAMDIS/DIMSWE-study-d0eb615/external-results/test2b-rain-active-learning/production/representation-C/h5-from-h2-m20-20/checkpoint_000000020_parameters.npz,Y,HELD-OUT TRUTH SUPPORT,81,160,POST-HOC CHECKPOINT EVALUATION,source_components.Qv,target_RMS,2.0591900214438404e-06
t2b-c-h5,Test 2B,C,H5,H5,20,a9a95ed952ba410ce744c6fe1473c0c842193560d14b432ce4f8543c6ff40f70,ecb28ef27fbb4663970da2e4f72f9adbcf0c67ab966e80e65bb21f17ada63985,/Users/arjunsharma/Documents/SandiaProjects/4-LDRDAMDIS/DIMSWE-study-d0eb615/external-results/test2b-rain-active-learning/production/representation-C/h5-from-h2-m20-20/checkpoint_000000020_parameters.npz,Y,HELD-OUT TRUTH SUPPORT,81,160,POST-HOC CHECKPOINT EVALUATION,source_components.S,correlation,0.30280682080686333
t2b-c-h5,Test 2B,C,H5,H5,20,a9a95ed952ba410ce744c6fe1473c0c842193560d14b432ce4f8543c6ff40f70,ecb28ef27fbb4663970da2e4f72f9adbcf0c67ab966e80e65bb21f17ada63985,/Users/arjunsharma/Documents/SandiaProjects/4-LDRDAMDIS/DIMSWE-study-d0eb615/external-results/test2b-rain-active-learning/production/representation-C/h5-from-h2-m20-20/checkpoint_000000020_parameters.npz,Y,HELD-OUT TRUTH SUPPORT,81,160,POST-HOC CHECKPOINT EVALUATION,source_components.S,cosine,0.30501370253680654
t2b-c-h5,Test 2B,C,H5,H5,20,a9a95ed952ba410ce744c6fe1473c0c842193560d14b432ce4f8543c6ff40f70,ecb28ef27fbb4663970da2e4f72f9adbcf0c67ab966e80e65bb21f17ada63985,/Users/arjunsharma/Documents/SandiaProjects/4-LDRDAMDIS/DIMSWE-study-d0eb615/external-results/test2b-rain-active-learning/production/representation-C/h5-from-h2-m20-20/checkpoint_000000020_parameters.npz,Y,HELD-OUT TRUTH SUPPORT,81,160,POST-HOC CHECKPOINT EVALUATION,source_components.S,maximum_absolute_error,0.007835127341801001
t2b-c-h5,Test 2B,C,H5,H5,20,a9a95ed952ba410ce744c6fe1473c0c842193560d14b432ce4f8543c6ff40f70,ecb28ef27fbb4663970da2e4f72f9adbcf0c67ab966e80e65bb21f17ada63985,/Users/arjunsharma/Documents/SandiaProjects/4-LDRDAMDIS/DIMSWE-study-d0eb615/external-results/test2b-rain-active-learning/production/representation-C/h5-from-h2-m20-20/checkpoint_000000020_parameters.npz,Y,HELD-OUT TRUTH SUPPORT,81,160,POST-HOC CHECKPOINT EVALUATION,source_components.S,normalized_RMS_error,0.062315841432237
t2b-c-h5,Test 2B,C,H5,H5,20,a9a95ed952ba410ce744c6fe1473c0c842193560d14b432ce4f8543c6ff40f70,ecb28ef27fbb4663970da2e4f72f9adbcf0c67ab966e80e65bb21f17ada63985,/Users/arjunsharma/Documents/SandiaProjects/4-LDRDAMDIS/DIMSWE-study-d0eb615/external-results/test2b-rain-active-learning/production/representation-C/h5-from-h2-m20-20/checkpoint_000000020_parameters.npz,Y,HELD-OUT TRUTH SUPPORT,81,160,POST-HOC CHECKPOINT EVALUATION,source_components.S,physical_RMS_error,0.00041573875055365197
t2b-c-h5,Test 2B,C,H5,H5,20,a9a95ed952ba410ce744c6fe1473c0c842193560d14b432ce4f8543c6ff40f70,ecb28ef27fbb4663970da2e4f72f9adbcf0c67ab966e80e65bb21f17ada63985,/Users/arjunsharma/Documents/SandiaProjects/4-LDRDAMDIS/DIMSWE-study-d0eb615/external-results/test2b-rain-active-learning/production/representation-C/h5-from-h2-m20-20/checkpoint_000000020_parameters.npz,Y,HELD-OUT TRUTH SUPPORT,81,160,POST-HOC CHECKPOINT EVALUATION,source_components.S,prediction_RMS,0.000430179051773093
t2b-c-h5,Test 2B,C,H5,H5,20,a9a95ed952ba410ce744c6fe1473c0c842193560d14b432ce4f8543c6ff40f70,ecb28ef27fbb4663970da2e4f72f9adbcf0c67ab966e80e65bb21f17ada63985,/Users/arjunsharma/Documents/SandiaProjects/4-LDRDAMDIS/DIMSWE-study-d0eb615/external-results/test2b-rain-active-learning/production/representation-C/h5-from-h2-m20-20/checkpoint_000000020_parameters.npz,Y,HELD-OUT TRUTH SUPPORT,81,160,POST-HOC CHECKPOINT EVALUATION,source_components.S,relative_RMS_error,2.058851894918257
t2b-c-h5,Test 2B,C,H5,H5,20,a9a95ed952ba410ce744c6fe1473c0c842193560d14b432ce4f8543c6ff40f70,ecb28ef27fbb4663970da2e4f72f9adbcf0c67ab966e80e65bb21f17ada63985,/Users/arjunsharma/Documents/SandiaProjects/4-LDRDAMDIS/DIMSWE-study-d0eb615/external-results/test2b-rain-active-learning/production/representation-C/h5-from-h2-m20-20/checkpoint_000000020_parameters.npz,Y,HELD-OUT TRUTH SUPPORT,81,160,POST-HOC CHECKPOINT EVALUATION,source_components.S,sample_count,5242880
t2b-c-h5,Test 2B,C,H5,H5,20,a9a95ed952ba410ce744c6fe1473c0c842193560d14b432ce4f8543c6ff40f70,ecb28ef27fbb4663970da2e4f72f9adbcf0c67ab966e80e65bb21f17ada63985,/Users/arjunsharma/Documents/SandiaProjects/4-LDRDAMDIS/DIMSWE-study-d0eb615/external-results/test2b-rain-active-learning/production/representation-C/h5-from-h2-m20-20/checkpoint_000000020_parameters.npz,Y,HELD-OUT TRUTH SUPPORT,81,160,POST-HOC CHECKPOINT EVALUATION,source_components.S,signed_mass_weighted_bias,-7.5450708662604e-05
t2b-c-h5,Test 2B,C,H5,H5,20,a9a95ed952ba410ce744c6fe1473c0c842193560d14b432ce4f8543c6ff40f70,ecb28ef27fbb4663970da2e4f72f9adbcf0c67ab966e80e65bb21f17ada63985,/Users/arjunsharma/Documents/SandiaProjects/4-LDRDAMDIS/DIMSWE-study-d0eb615/external-results/test2b-rain-active-learning/production/representation-C/h5-from-h2-m20-20/checkpoint_000000020_parameters.npz,Y,HELD-OUT TRUTH SUPPORT,81,160,POST-HOC CHECKPOINT EVALUATION,source_components.S,target_RMS,0.00020192746820681733
t2b-c-h5,Test 2B,C,H5,H5,20,a9a95ed952ba410ce744c6fe1473c0c842193560d14b432ce4f8543c6ff40f70,ecb28ef27fbb4663970da2e4f72f9adbcf0c67ab966e80e65bb21f17ada63985,/Users/arjunsharma/Documents/SandiaProjects/4-LDRDAMDIS/DIMSWE-study-d0eb615/external-results/test2b-rain-active-learning/production/representation-C/h5-from-h2-m20-20/checkpoint_000000020_parameters.npz,Y,HELD-OUT TRUTH SUPPORT,81,160,POST-HOC CHECKPOINT EVALUATION,source_structure,S_minus_beta2_Qv_defect_RMS,0.0002692467423394952
t2b-c-h5,Test 2B,C,H5,H5,20,a9a95ed952ba410ce744c6fe1473c0c842193560d14b432ce4f8543c6ff40f70,ecb28ef27fbb4663970da2e4f72f9adbcf0c67ab966e80e65bb21f17ada63985,/Users/arjunsharma/Documents/SandiaProjects/4-LDRDAMDIS/DIMSWE-study-d0eb615/external-results/test2b-rain-active-learning/production/representation-C/h5-from-h2-m20-20/checkpoint_000000020_parameters.npz,Y,HELD-OUT TRUTH SUPPORT,81,160,POST-HOC CHECKPOINT EVALUATION,source_structure,negative_Qr_source_fraction,0.8956581115722656
t2b-c-h5,Test 2B,C,H5,H5,20,a9a95ed952ba410ce744c6fe1473c0c842193560d14b432ce4f8543c6ff40f70,ecb28ef27fbb4663970da2e4f72f9adbcf0c67ab966e80e65bb21f17ada63985,/Users/arjunsharma/Documents/SandiaProjects/4-LDRDAMDIS/DIMSWE-study-d0eb615/external-results/test2b-rain-active-learning/production/representation-C/h5-from-h2-m20-20/checkpoint_000000020_parameters.npz,Y,HELD-OUT TRUTH SUPPORT,81,160,POST-HOC CHECKPOINT EVALUATION,source_structure,normalized_off_manifold_RMS,0.04418975072810527
t2b-c-h5,Test 2B,C,H5,H5,20,a9a95ed952ba410ce744c6fe1473c0c842193560d14b432ce4f8543c6ff40f70,ecb28ef27fbb4663970da2e4f72f9adbcf0c67ab966e80e65bb21f17ada63985,/Users/arjunsharma/Documents/SandiaProjects/4-LDRDAMDIS/DIMSWE-study-d0eb615/external-results/test2b-rain-active-learning/production/representation-C/h5-from-h2-m20-20/checkpoint_000000020_parameters.npz,Y,HELD-OUT TRUTH SUPPORT,81,160,POST-HOC CHECKPOINT EVALUATION,source_structure,positive_Qr_source_fraction,0.10434188842773437
t2b-c-h5,Test 2B,C,H5,H5,20,a9a95ed952ba410ce744c6fe1473c0c842193560d14b432ce4f8543c6ff40f70,ecb28ef27fbb4663970da2e4f72f9adbcf0c67ab966e80e65bb21f17ada63985,/Users/arjunsharma/Documents/SandiaProjects/4-LDRDAMDIS/DIMSWE-study-d0eb615/external-results/test2b-rain-active-learning/production/representation-C/h5-from-h2-m20-20/checkpoint_000000020_parameters.npz,Y,HELD-OUT TRUTH SUPPORT,81,160,POST-HOC CHECKPOINT EVALUATION,source_structure,water_source_defect_RMS,3.072992070410784e-06
t2b-c-h5,Test 2B,C,H5,H5,20,a9a95ed952ba410ce744c6fe1473c0c842193560d14b432ce4f8543c6ff40f70,ecb28ef27fbb4663970da2e4f72f9adbcf0c67ab966e80e65bb21f17ada63985,/Users/arjunsharma/Documents/SandiaProjects/4-LDRDAMDIS/DIMSWE-study-d0eb615/external-results/test2b-rain-active-learning/production/representation-C/h5-from-h2-m20-20/checkpoint_000000020_parameters.npz,Y,HELD-OUT TRUTH SUPPORT,81,160,POST-HOC CHECKPOINT EVALUATION,source_vector,normalized_source_vector_cosine,0.4712996789805074
t2b-c-h5,Test 2B,C,H5,H5,20,a9a95ed952ba410ce744c6fe1473c0c842193560d14b432ce4f8543c6ff40f70,ecb28ef27fbb4663970da2e4f72f9adbcf0c67ab966e80e65bb21f17ada63985,/Users/arjunsharma/Documents/SandiaProjects/4-LDRDAMDIS/DIMSWE-study-d0eb615/external-results/test2b-rain-active-learning/production/representation-C/h5-from-h2-m20-20/checkpoint_000000020_parameters.npz,Y,HELD-OUT TRUTH SUPPORT,81,160,POST-HOC CHECKPOINT EVALUATION,source_vector,normalized_vector_RMS_error,0.28324160697391887
t2b-c-h5,Test 2B,C,H5,H5,20,a9a95ed952ba410ce744c6fe1473c0c842193560d14b432ce4f8543c6ff40f70,ecb28ef27fbb4663970da2e4f72f9adbcf0c67ab966e80e65bb21f17ada63985,/Users/arjunsharma/Documents/SandiaProjects/4-LDRDAMDIS/DIMSWE-study-d0eb615/external-results/test2b-rain-active-learning/production/representation-C/h5-from-h2-m20-20/checkpoint_000000020_parameters.npz,Y,HELD-OUT TRUTH SUPPORT,81,160,POST-HOC CHECKPOINT EVALUATION,source_vector,normalized_vector_relative_RMS_error,0.9105243739511134
