run_id,physical_case,representation,model_label,trained_objective,checkpoint_iteration,checkpoint_parameter_pytree_sha256,checkpoint_npz_sha256,checkpoint_path,evaluation_state,support,state_first,state_last,support_use,quantity,metric,value,metric_provenance,nominal_state_for_model
t2b-a-m1x,Test 2B,A,M1-X,M1-X,10000,471f3ac8a9b84f68bbe14bdc7dee62e3a025ac5cf61503db6644d5a1fa1bb506,e4f8d600fdc9833ab9c0c159a0f7601ec7b162f32c0369d44a82988dbd15908f,/Users/arjunsharma/Documents/SandiaProjects/4-LDRDAMDIS/DIMSWE-study-d0eb615/external-results/test2b-rain-active-learning/production/representation-A/m1-seed0-m20-10k/checkpoint_000010000_parameters.npz,X,TRAINING TRUTH SUPPORT,0,80,POST-HOC CHECKPOINT EVALUATION,operator,normalized_objective,2.9897337575707054e-05,POST-HOC FINAL CHECKPOINT EVALUATION,true
t2b-a-m1x,Test 2B,A,M1-X,M1-X,10000,471f3ac8a9b84f68bbe14bdc7dee62e3a025ac5cf61503db6644d5a1fa1bb506,e4f8d600fdc9833ab9c0c159a0f7601ec7b162f32c0369d44a82988dbd15908f,/Users/arjunsharma/Documents/SandiaProjects/4-LDRDAMDIS/DIMSWE-study-d0eb615/external-results/test2b-rain-active-learning/production/representation-A/m1-seed0-m20-10k/checkpoint_000010000_parameters.npz,X,TRAINING TRUTH SUPPORT,0,80,POST-HOC CHECKPOINT EVALUATION,operator,numerator,60542108590.80676,POST-HOC FINAL CHECKPOINT EVALUATION,true
t2b-a-m1x,Test 2B,A,M1-X,M1-X,10000,471f3ac8a9b84f68bbe14bdc7dee62e3a025ac5cf61503db6644d5a1fa1bb506,e4f8d600fdc9833ab9c0c159a0f7601ec7b162f32c0369d44a82988dbd15908f,/Users/arjunsharma/Documents/SandiaProjects/4-LDRDAMDIS/DIMSWE-study-d0eb615/external-results/test2b-rain-active-learning/production/representation-A/m1-seed0-m20-10k/checkpoint_000010000_parameters.npz,X,TRAINING TRUTH SUPPORT,0,80,POST-HOC CHECKPOINT EVALUATION,operator,denominator,2024999999999999.2,POST-HOC FINAL CHECKPOINT EVALUATION,true
t2b-a-m1x,Test 2B,A,M1-X,M1-X,10000,471f3ac8a9b84f68bbe14bdc7dee62e3a025ac5cf61503db6644d5a1fa1bb506,e4f8d600fdc9833ab9c0c159a0f7601ec7b162f32c0369d44a82988dbd15908f,/Users/arjunsharma/Documents/SandiaProjects/4-LDRDAMDIS/DIMSWE-study-d0eb615/external-results/test2b-rain-active-learning/production/representation-A/m1-seed0-m20-10k/checkpoint_000010000_parameters.npz,X,TRAINING TRUTH SUPPORT,0,80,POST-HOC CHECKPOINT EVALUATION,A,normalized_RMS_error,0.005467845789312922,POST-HOC FINAL CHECKPOINT EVALUATION,true
t2b-a-m1x,Test 2B,A,M1-X,M1-X,10000,471f3ac8a9b84f68bbe14bdc7dee62e3a025ac5cf61503db6644d5a1fa1bb506,e4f8d600fdc9833ab9c0c159a0f7601ec7b162f32c0369d44a82988dbd15908f,/Users/arjunsharma/Documents/SandiaProjects/4-LDRDAMDIS/DIMSWE-study-d0eb615/external-results/test2b-rain-active-learning/production/representation-A/m1-seed0-m20-10k/checkpoint_000010000_parameters.npz,X,TRAINING TRUTH SUPPORT,0,80,POST-HOC CHECKPOINT EVALUATION,A,relative_RMS_error,0.005467845789312925,POST-HOC FINAL CHECKPOINT EVALUATION,true
t2b-a-m1x,Test 2B,A,M1-X,M1-X,10000,471f3ac8a9b84f68bbe14bdc7dee62e3a025ac5cf61503db6644d5a1fa1bb506,e4f8d600fdc9833ab9c0c159a0f7601ec7b162f32c0369d44a82988dbd15908f,/Users/arjunsharma/Documents/SandiaProjects/4-LDRDAMDIS/DIMSWE-study-d0eb615/external-results/test2b-rain-active-learning/production/representation-A/m1-seed0-m20-10k/checkpoint_000010000_parameters.npz,X,TRAINING TRUTH SUPPORT,0,80,POST-HOC CHECKPOINT EVALUATION,A,physical_RMS_error,4.949635437515386e-10,POST-HOC FINAL CHECKPOINT EVALUATION,true
t2b-a-m1x,Test 2B,A,M1-X,M1-X,10000,471f3ac8a9b84f68bbe14bdc7dee62e3a025ac5cf61503db6644d5a1fa1bb506,e4f8d600fdc9833ab9c0c159a0f7601ec7b162f32c0369d44a82988dbd15908f,/Users/arjunsharma/Documents/SandiaProjects/4-LDRDAMDIS/DIMSWE-study-d0eb615/external-results/test2b-rain-active-learning/production/representation-A/m1-seed0-m20-10k/checkpoint_000010000_parameters.npz,X,TRAINING TRUTH SUPPORT,0,80,POST-HOC CHECKPOINT EVALUATION,A,maximum_absolute_error,4.519817955107074e-08,POST-HOC FINAL CHECKPOINT EVALUATION,true
t2b-a-m1x,Test 2B,A,M1-X,M1-X,10000,471f3ac8a9b84f68bbe14bdc7dee62e3a025ac5cf61503db6644d5a1fa1bb506,e4f8d600fdc9833ab9c0c159a0f7601ec7b162f32c0369d44a82988dbd15908f,/Users/arjunsharma/Documents/SandiaProjects/4-LDRDAMDIS/DIMSWE-study-d0eb615/external-results/test2b-rain-active-learning/production/representation-A/m1-seed0-m20-10k/checkpoint_000010000_parameters.npz,X,TRAINING TRUTH SUPPORT,0,80,POST-HOC CHECKPOINT EVALUATION,A,signed_mass_weighted_bias,-8.62994248651796e-13,POST-HOC FINAL CHECKPOINT EVALUATION,true
t2b-a-m1x,Test 2B,A,M1-X,M1-X,10000,471f3ac8a9b84f68bbe14bdc7dee62e3a025ac5cf61503db6644d5a1fa1bb506,e4f8d600fdc9833ab9c0c159a0f7601ec7b162f32c0369d44a82988dbd15908f,/Users/arjunsharma/Documents/SandiaProjects/4-LDRDAMDIS/DIMSWE-study-d0eb615/external-results/test2b-rain-active-learning/production/representation-A/m1-seed0-m20-10k/checkpoint_000010000_parameters.npz,X,TRAINING TRUTH SUPPORT,0,80,POST-HOC CHECKPOINT EVALUATION,A,correlation,0.9999848676682667,POST-HOC FINAL CHECKPOINT EVALUATION,true
t2b-a-m1x,Test 2B,A,M1-X,M1-X,10000,471f3ac8a9b84f68bbe14bdc7dee62e3a025ac5cf61503db6644d5a1fa1bb506,e4f8d600fdc9833ab9c0c159a0f7601ec7b162f32c0369d44a82988dbd15908f,/Users/arjunsharma/Documents/SandiaProjects/4-LDRDAMDIS/DIMSWE-study-d0eb615/external-results/test2b-rain-active-learning/production/representation-A/m1-seed0-m20-10k/checkpoint_000010000_parameters.npz,X,TRAINING TRUTH SUPPORT,0,80,POST-HOC CHECKPOINT EVALUATION,A,cosine,0.9999850512472936,POST-HOC FINAL CHECKPOINT EVALUATION,true
t2b-a-m1x,Test 2B,A,M1-X,M1-X,10000,471f3ac8a9b84f68bbe14bdc7dee62e3a025ac5cf61503db6644d5a1fa1bb506,e4f8d600fdc9833ab9c0c159a0f7601ec7b162f32c0369d44a82988dbd15908f,/Users/arjunsharma/Documents/SandiaProjects/4-LDRDAMDIS/DIMSWE-study-d0eb615/external-results/test2b-rain-active-learning/production/representation-A/m1-seed0-m20-10k/checkpoint_000010000_parameters.npz,X,TRAINING TRUTH SUPPORT,0,80,POST-HOC CHECKPOINT EVALUATION,A,target_RMS,9.052258655848713e-08,POST-HOC FINAL CHECKPOINT EVALUATION,true
t2b-a-m1x,Test 2B,A,M1-X,M1-X,10000,471f3ac8a9b84f68bbe14bdc7dee62e3a025ac5cf61503db6644d5a1fa1bb506,e4f8d600fdc9833ab9c0c159a0f7601ec7b162f32c0369d44a82988dbd15908f,/Users/arjunsharma/Documents/SandiaProjects/4-LDRDAMDIS/DIMSWE-study-d0eb615/external-results/test2b-rain-active-learning/production/representation-A/m1-seed0-m20-10k/checkpoint_000010000_parameters.npz,X,TRAINING TRUTH SUPPORT,0,80,POST-HOC CHECKPOINT EVALUATION,A,prediction_RMS,9.052190850980485e-08,POST-HOC FINAL CHECKPOINT EVALUATION,true
t2b-a-m1x,Test 2B,A,M1-X,M1-X,10000,471f3ac8a9b84f68bbe14bdc7dee62e3a025ac5cf61503db6644d5a1fa1bb506,e4f8d600fdc9833ab9c0c159a0f7601ec7b162f32c0369d44a82988dbd15908f,/Users/arjunsharma/Documents/SandiaProjects/4-LDRDAMDIS/DIMSWE-study-d0eb615/external-results/test2b-rain-active-learning/production/representation-A/m1-seed0-m20-10k/checkpoint_000010000_parameters.npz,X,TRAINING TRUTH SUPPORT,0,80,POST-HOC CHECKPOINT EVALUATION,A,sample_count,5308416,POST-HOC FINAL CHECKPOINT EVALUATION,true
t2b-a-m1y,Test 2B,A,M1-Y,M1-Y,10000,ed838229022ef2ac38a29bb88c8e98f2c173b89e0573088036ad301f76f4e158,a7f98ffe462a89a00d9d2dedd4efb4531cd0feea6e1d64de0b5359bae5e31db4,/Users/arjunsharma/Documents/SandiaProjects/4-LDRDAMDIS/DIMSWE-feature-study-20260828/m1y_test2b_20260828_workspace/external-results/m1y-test2b-20260828/production/representation-A/m1y-seed0-m20-10k/checkpoint_000010000_parameters.npz,X,TRAINING TRUTH SUPPORT,0,80,POST-HOC CHECKPOINT EVALUATION,operator,normalized_objective,9.895340409091442e-05,POST-HOC FINAL CHECKPOINT EVALUATION,false
t2b-a-m1y,Test 2B,A,M1-Y,M1-Y,10000,ed838229022ef2ac38a29bb88c8e98f2c173b89e0573088036ad301f76f4e158,a7f98ffe462a89a00d9d2dedd4efb4531cd0feea6e1d64de0b5359bae5e31db4,/Users/arjunsharma/Documents/SandiaProjects/4-LDRDAMDIS/DIMSWE-feature-study-20260828/m1y_test2b_20260828_workspace/external-results/m1y-test2b-20260828/production/representation-A/m1y-seed0-m20-10k/checkpoint_000010000_parameters.npz,X,TRAINING TRUTH SUPPORT,0,80,POST-HOC CHECKPOINT EVALUATION,operator,numerator,200380643284.10162,POST-HOC FINAL CHECKPOINT EVALUATION,false
t2b-a-m1y,Test 2B,A,M1-Y,M1-Y,10000,ed838229022ef2ac38a29bb88c8e98f2c173b89e0573088036ad301f76f4e158,a7f98ffe462a89a00d9d2dedd4efb4531cd0feea6e1d64de0b5359bae5e31db4,/Users/arjunsharma/Documents/SandiaProjects/4-LDRDAMDIS/DIMSWE-feature-study-20260828/m1y_test2b_20260828_workspace/external-results/m1y-test2b-20260828/production/representation-A/m1y-seed0-m20-10k/checkpoint_000010000_parameters.npz,X,TRAINING TRUTH SUPPORT,0,80,POST-HOC CHECKPOINT EVALUATION,operator,denominator,2024999999999999.2,POST-HOC FINAL CHECKPOINT EVALUATION,false
t2b-a-m1y,Test 2B,A,M1-Y,M1-Y,10000,ed838229022ef2ac38a29bb88c8e98f2c173b89e0573088036ad301f76f4e158,a7f98ffe462a89a00d9d2dedd4efb4531cd0feea6e1d64de0b5359bae5e31db4,/Users/arjunsharma/Documents/SandiaProjects/4-LDRDAMDIS/DIMSWE-feature-study-20260828/m1y_test2b_20260828_workspace/external-results/m1y-test2b-20260828/production/representation-A/m1y-seed0-m20-10k/checkpoint_000010000_parameters.npz,X,TRAINING TRUTH SUPPORT,0,80,POST-HOC CHECKPOINT EVALUATION,A,normalized_RMS_error,0.009947532562948178,POST-HOC FINAL CHECKPOINT EVALUATION,false
t2b-a-m1y,Test 2B,A,M1-Y,M1-Y,10000,ed838229022ef2ac38a29bb88c8e98f2c173b89e0573088036ad301f76f4e158,a7f98ffe462a89a00d9d2dedd4efb4531cd0feea6e1d64de0b5359bae5e31db4,/Users/arjunsharma/Documents/SandiaProjects/4-LDRDAMDIS/DIMSWE-feature-study-20260828/m1y_test2b_20260828_workspace/external-results/m1y-test2b-20260828/production/representation-A/m1y-seed0-m20-10k/checkpoint_000010000_parameters.npz,X,TRAINING TRUTH SUPPORT,0,80,POST-HOC CHECKPOINT EVALUATION,A,relative_RMS_error,0.009947532562948183,POST-HOC FINAL CHECKPOINT EVALUATION,false
t2b-a-m1y,Test 2B,A,M1-Y,M1-Y,10000,ed838229022ef2ac38a29bb88c8e98f2c173b89e0573088036ad301f76f4e158,a7f98ffe462a89a00d9d2dedd4efb4531cd0feea6e1d64de0b5359bae5e31db4,/Users/arjunsharma/Documents/SandiaProjects/4-LDRDAMDIS/DIMSWE-feature-study-20260828/m1y_test2b_20260828_workspace/external-results/m1y-test2b-20260828/production/representation-A/m1y-seed0-m20-10k/checkpoint_000010000_parameters.npz,X,TRAINING TRUTH SUPPORT,0,80,POST-HOC CHECKPOINT EVALUATION,A,physical_RMS_error,9.004763774728462e-10,POST-HOC FINAL CHECKPOINT EVALUATION,false
t2b-a-m1y,Test 2B,A,M1-Y,M1-Y,10000,ed838229022ef2ac38a29bb88c8e98f2c173b89e0573088036ad301f76f4e158,a7f98ffe462a89a00d9d2dedd4efb4531cd0feea6e1d64de0b5359bae5e31db4,/Users/arjunsharma/Documents/SandiaProjects/4-LDRDAMDIS/DIMSWE-feature-study-20260828/m1y_test2b_20260828_workspace/external-results/m1y-test2b-20260828/production/representation-A/m1y-seed0-m20-10k/checkpoint_000010000_parameters.npz,X,TRAINING TRUTH SUPPORT,0,80,POST-HOC CHECKPOINT EVALUATION,A,maximum_absolute_error,2.3487226404828164e-08,POST-HOC FINAL CHECKPOINT EVALUATION,false
t2b-a-m1y,Test 2B,A,M1-Y,M1-Y,10000,ed838229022ef2ac38a29bb88c8e98f2c173b89e0573088036ad301f76f4e158,a7f98ffe462a89a00d9d2dedd4efb4531cd0feea6e1d64de0b5359bae5e31db4,/Users/arjunsharma/Documents/SandiaProjects/4-LDRDAMDIS/DIMSWE-feature-study-20260828/m1y_test2b_20260828_workspace/external-results/m1y-test2b-20260828/production/representation-A/m1y-seed0-m20-10k/checkpoint_000010000_parameters.npz,X,TRAINING TRUTH SUPPORT,0,80,POST-HOC CHECKPOINT EVALUATION,A,signed_mass_weighted_bias,4.5303906907812687e-11,POST-HOC FINAL CHECKPOINT EVALUATION,false
t2b-a-m1y,Test 2B,A,M1-Y,M1-Y,10000,ed838229022ef2ac38a29bb88c8e98f2c173b89e0573088036ad301f76f4e158,a7f98ffe462a89a00d9d2dedd4efb4531cd0feea6e1d64de0b5359bae5e31db4,/Users/arjunsharma/Documents/SandiaProjects/4-LDRDAMDIS/DIMSWE-feature-study-20260828/m1y_test2b_20260828_workspace/external-results/m1y-test2b-20260828/production/representation-A/m1y-seed0-m20-10k/checkpoint_000010000_parameters.npz,X,TRAINING TRUTH SUPPORT,0,80,POST-HOC CHECKPOINT EVALUATION,A,correlation,0.9999500480893351,POST-HOC FINAL CHECKPOINT EVALUATION,false
t2b-a-m1y,Test 2B,A,M1-Y,M1-Y,10000,ed838229022ef2ac38a29bb88c8e98f2c173b89e0573088036ad301f76f4e158,a7f98ffe462a89a00d9d2dedd4efb4531cd0feea6e1d64de0b5359bae5e31db4,/Users/arjunsharma/Documents/SandiaProjects/4-LDRDAMDIS/DIMSWE-feature-study-20260828/m1y_test2b_20260828_workspace/external-results/m1y-test2b-20260828/production/representation-A/m1y-seed0-m20-10k/checkpoint_000010000_parameters.npz,X,TRAINING TRUTH SUPPORT,0,80,POST-HOC CHECKPOINT EVALUATION,A,cosine,0.9999505239921694,POST-HOC FINAL CHECKPOINT EVALUATION,false
t2b-a-m1y,Test 2B,A,M1-Y,M1-Y,10000,ed838229022ef2ac38a29bb88c8e98f2c173b89e0573088036ad301f76f4e158,a7f98ffe462a89a00d9d2dedd4efb4531cd0feea6e1d64de0b5359bae5e31db4,/Users/arjunsharma/Documents/SandiaProjects/4-LDRDAMDIS/DIMSWE-feature-study-20260828/m1y_test2b_20260828_workspace/external-results/m1y-test2b-20260828/production/representation-A/m1y-seed0-m20-10k/checkpoint_000010000_parameters.npz,X,TRAINING TRUTH SUPPORT,0,80,POST-HOC CHECKPOINT EVALUATION,A,target_RMS,9.052258655848713e-08,POST-HOC FINAL CHECKPOINT EVALUATION,false
t2b-a-m1y,Test 2B,A,M1-Y,M1-Y,10000,ed838229022ef2ac38a29bb88c8e98f2c173b89e0573088036ad301f76f4e158,a7f98ffe462a89a00d9d2dedd4efb4531cd0feea6e1d64de0b5359bae5e31db4,/Users/arjunsharma/Documents/SandiaProjects/4-LDRDAMDIS/DIMSWE-feature-study-20260828/m1y_test2b_20260828_workspace/external-results/m1y-test2b-20260828/production/representation-A/m1y-seed0-m20-10k/checkpoint_000010000_parameters.npz,X,TRAINING TRUTH SUPPORT,0,80,POST-HOC CHECKPOINT EVALUATION,A,prediction_RMS,9.052371464154509e-08,POST-HOC FINAL CHECKPOINT EVALUATION,false
t2b-a-m1y,Test 2B,A,M1-Y,M1-Y,10000,ed838229022ef2ac38a29bb88c8e98f2c173b89e0573088036ad301f76f4e158,a7f98ffe462a89a00d9d2dedd4efb4531cd0feea6e1d64de0b5359bae5e31db4,/Users/arjunsharma/Documents/SandiaProjects/4-LDRDAMDIS/DIMSWE-feature-study-20260828/m1y_test2b_20260828_workspace/external-results/m1y-test2b-20260828/production/representation-A/m1y-seed0-m20-10k/checkpoint_000010000_parameters.npz,X,TRAINING TRUTH SUPPORT,0,80,POST-HOC CHECKPOINT EVALUATION,A,sample_count,5308416,POST-HOC FINAL CHECKPOINT EVALUATION,false
t2b-b-m1x,Test 2B,B,M1-X,M1-X,10000,cfc9d3da6a8d07d74ae17e3d9a5beabe434e63b8005e95df4a1925c3a63c609c,a740fa161ad5ff954beb73b4b44fda51b705ce34a40718bd8912716425aeb459,/Users/arjunsharma/Documents/SandiaProjects/4-LDRDAMDIS/DIMSWE-study-d0eb615/external-results/test2b-rain-active-learning/production/representation-B/m1-seed0-m20-10k/checkpoint_000010000_parameters.npz,X,TRAINING TRUTH SUPPORT,0,80,POST-HOC CHECKPOINT EVALUATION,operator,normalized_objective,4.0727693178163705e-05,POST-HOC FINAL CHECKPOINT EVALUATION,true
t2b-b-m1x,Test 2B,B,M1-X,M1-X,10000,cfc9d3da6a8d07d74ae17e3d9a5beabe434e63b8005e95df4a1925c3a63c609c,a740fa161ad5ff954beb73b4b44fda51b705ce34a40718bd8912716425aeb459,/Users/arjunsharma/Documents/SandiaProjects/4-LDRDAMDIS/DIMSWE-study-d0eb615/external-results/test2b-rain-active-learning/production/representation-B/m1-seed0-m20-10k/checkpoint_000010000_parameters.npz,X,TRAINING TRUTH SUPPORT,0,80,POST-HOC CHECKPOINT EVALUATION,operator,numerator,83088722741.376,POST-HOC FINAL CHECKPOINT EVALUATION,true
t2b-b-m1x,Test 2B,B,M1-X,M1-X,10000,cfc9d3da6a8d07d74ae17e3d9a5beabe434e63b8005e95df4a1925c3a63c609c,a740fa161ad5ff954beb73b4b44fda51b705ce34a40718bd8912716425aeb459,/Users/arjunsharma/Documents/SandiaProjects/4-LDRDAMDIS/DIMSWE-study-d0eb615/external-results/test2b-rain-active-learning/production/representation-B/m1-seed0-m20-10k/checkpoint_000010000_parameters.npz,X,TRAINING TRUTH SUPPORT,0,80,POST-HOC CHECKPOINT EVALUATION,operator,denominator,2040103827582464.5,POST-HOC FINAL CHECKPOINT EVALUATION,true
t2b-b-m1x,Test 2B,B,M1-X,M1-X,10000,cfc9d3da6a8d07d74ae17e3d9a5beabe434e63b8005e95df4a1925c3a63c609c,a740fa161ad5ff954beb73b4b44fda51b705ce34a40718bd8912716425aeb459,/Users/arjunsharma/Documents/SandiaProjects/4-LDRDAMDIS/DIMSWE-study-d0eb615/external-results/test2b-rain-active-learning/production/representation-B/m1-seed0-m20-10k/checkpoint_000010000_parameters.npz,X,TRAINING TRUTH SUPPORT,0,80,POST-HOC CHECKPOINT EVALUATION,A,normalized_RMS_error,0.006290982143897672,POST-HOC FINAL CHECKPOINT EVALUATION,true
t2b-b-m1x,Test 2B,B,M1-X,M1-X,10000,cfc9d3da6a8d07d74ae17e3d9a5beabe434e63b8005e95df4a1925c3a63c609c,a740fa161ad5ff954beb73b4b44fda51b705ce34a40718bd8912716425aeb459,/Users/arjunsharma/Documents/SandiaProjects/4-LDRDAMDIS/DIMSWE-study-d0eb615/external-results/test2b-rain-active-learning/production/representation-B/m1-seed0-m20-10k/checkpoint_000010000_parameters.npz,X,TRAINING TRUTH SUPPORT,0,80,POST-HOC CHECKPOINT EVALUATION,A,relative_RMS_error,0.0062909821438976755,POST-HOC FINAL CHECKPOINT EVALUATION,true
t2b-b-m1x,Test 2B,B,M1-X,M1-X,10000,cfc9d3da6a8d07d74ae17e3d9a5beabe434e63b8005e95df4a1925c3a63c609c,a740fa161ad5ff954beb73b4b44fda51b705ce34a40718bd8912716425aeb459,/Users/arjunsharma/Documents/SandiaProjects/4-LDRDAMDIS/DIMSWE-study-d0eb615/external-results/test2b-rain-active-learning/production/representation-B/m1-seed0-m20-10k/checkpoint_000010000_parameters.npz,X,TRAINING TRUTH SUPPORT,0,80,POST-HOC CHECKPOINT EVALUATION,A,physical_RMS_error,5.694759756588742e-10,POST-HOC FINAL CHECKPOINT EVALUATION,true
t2b-b-m1x,Test 2B,B,M1-X,M1-X,10000,cfc9d3da6a8d07d74ae17e3d9a5beabe434e63b8005e95df4a1925c3a63c609c,a740fa161ad5ff954beb73b4b44fda51b705ce34a40718bd8912716425aeb459,/Users/arjunsharma/Documents/SandiaProjects/4-LDRDAMDIS/DIMSWE-study-d0eb615/external-results/test2b-rain-active-learning/production/representation-B/m1-seed0-m20-10k/checkpoint_000010000_parameters.npz,X,TRAINING TRUTH SUPPORT,0,80,POST-HOC CHECKPOINT EVALUATION,A,maximum_absolute_error,4.679511827385437e-08,POST-HOC FINAL CHECKPOINT EVALUATION,true
t2b-b-m1x,Test 2B,B,M1-X,M1-X,10000,cfc9d3da6a8d07d74ae17e3d9a5beabe434e63b8005e95df4a1925c3a63c609c,a740fa161ad5ff954beb73b4b44fda51b705ce34a40718bd8912716425aeb459,/Users/arjunsharma/Documents/SandiaProjects/4-LDRDAMDIS/DIMSWE-study-d0eb615/external-results/test2b-rain-active-learning/production/representation-B/m1-seed0-m20-10k/checkpoint_000010000_parameters.npz,X,TRAINING TRUTH SUPPORT,0,80,POST-HOC CHECKPOINT EVALUATION,A,signed_mass_weighted_bias,1.046003624962436e-13,POST-HOC FINAL CHECKPOINT EVALUATION,true
t2b-b-m1x,Test 2B,B,M1-X,M1-X,10000,cfc9d3da6a8d07d74ae17e3d9a5beabe434e63b8005e95df4a1925c3a63c609c,a740fa161ad5ff954beb73b4b44fda51b705ce34a40718bd8912716425aeb459,/Users/arjunsharma/Documents/SandiaProjects/4-LDRDAMDIS/DIMSWE-study-d0eb615/external-results/test2b-rain-active-learning/production/representation-B/m1-seed0-m20-10k/checkpoint_000010000_parameters.npz,X,TRAINING TRUTH SUPPORT,0,80,POST-HOC CHECKPOINT EVALUATION,A,correlation,0.9999799687857406,POST-HOC FINAL CHECKPOINT EVALUATION,true
t2b-b-m1x,Test 2B,B,M1-X,M1-X,10000,cfc9d3da6a8d07d74ae17e3d9a5beabe434e63b8005e95df4a1925c3a63c609c,a740fa161ad5ff954beb73b4b44fda51b705ce34a40718bd8912716425aeb459,/Users/arjunsharma/Documents/SandiaProjects/4-LDRDAMDIS/DIMSWE-study-d0eb615/external-results/test2b-rain-active-learning/production/representation-B/m1-seed0-m20-10k/checkpoint_000010000_parameters.npz,X,TRAINING TRUTH SUPPORT,0,80,POST-HOC CHECKPOINT EVALUATION,A,cosine,0.9999802118463698,POST-HOC FINAL CHECKPOINT EVALUATION,true
t2b-b-m1x,Test 2B,B,M1-X,M1-X,10000,cfc9d3da6a8d07d74ae17e3d9a5beabe434e63b8005e95df4a1925c3a63c609c,a740fa161ad5ff954beb73b4b44fda51b705ce34a40718bd8912716425aeb459,/Users/arjunsharma/Documents/SandiaProjects/4-LDRDAMDIS/DIMSWE-study-d0eb615/external-results/test2b-rain-active-learning/production/representation-B/m1-seed0-m20-10k/checkpoint_000010000_parameters.npz,X,TRAINING TRUTH SUPPORT,0,80,POST-HOC CHECKPOINT EVALUATION,A,target_RMS,9.052258655848713e-08,POST-HOC FINAL CHECKPOINT EVALUATION,true
t2b-b-m1x,Test 2B,B,M1-X,M1-X,10000,cfc9d3da6a8d07d74ae17e3d9a5beabe434e63b8005e95df4a1925c3a63c609c,a740fa161ad5ff954beb73b4b44fda51b705ce34a40718bd8912716425aeb459,/Users/arjunsharma/Documents/SandiaProjects/4-LDRDAMDIS/DIMSWE-study-d0eb615/external-results/test2b-rain-active-learning/production/representation-B/m1-seed0-m20-10k/checkpoint_000010000_parameters.npz,X,TRAINING TRUTH SUPPORT,0,80,POST-HOC CHECKPOINT EVALUATION,A,prediction_RMS,9.05186904725664e-08,POST-HOC FINAL CHECKPOINT EVALUATION,true
t2b-b-m1x,Test 2B,B,M1-X,M1-X,10000,cfc9d3da6a8d07d74ae17e3d9a5beabe434e63b8005e95df4a1925c3a63c609c,a740fa161ad5ff954beb73b4b44fda51b705ce34a40718bd8912716425aeb459,/Users/arjunsharma/Documents/SandiaProjects/4-LDRDAMDIS/DIMSWE-study-d0eb615/external-results/test2b-rain-active-learning/production/representation-B/m1-seed0-m20-10k/checkpoint_000010000_parameters.npz,X,TRAINING TRUTH SUPPORT,0,80,POST-HOC CHECKPOINT EVALUATION,A,sample_count,5308416,POST-HOC FINAL CHECKPOINT EVALUATION,true
t2b-b-m1x,Test 2B,B,M1-X,M1-X,10000,cfc9d3da6a8d07d74ae17e3d9a5beabe434e63b8005e95df4a1925c3a63c609c,a740fa161ad5ff954beb73b4b44fda51b705ce34a40718bd8912716425aeb459,/Users/arjunsharma/Documents/SandiaProjects/4-LDRDAMDIS/DIMSWE-study-d0eb615/external-results/test2b-rain-active-learning/production/representation-B/m1-seed0-m20-10k/checkpoint_000010000_parameters.npz,X,TRAINING TRUTH SUPPORT,0,80,POST-HOC CHECKPOINT EVALUATION,R_all,normalized_RMS_error,0.0012062386520059942,POST-HOC FINAL CHECKPOINT EVALUATION,true
t2b-b-m1x,Test 2B,B,M1-X,M1-X,10000,cfc9d3da6a8d07d74ae17e3d9a5beabe434e63b8005e95df4a1925c3a63c609c,a740fa161ad5ff954beb73b4b44fda51b705ce34a40718bd8912716425aeb459,/Users/arjunsharma/Documents/SandiaProjects/4-LDRDAMDIS/DIMSWE-study-d0eb615/external-results/test2b-rain-active-learning/production/representation-B/m1-seed0-m20-10k/checkpoint_000010000_parameters.npz,X,TRAINING TRUTH SUPPORT,0,80,POST-HOC CHECKPOINT EVALUATION,R_all,relative_RMS_error,0.013966971429399346,POST-HOC FINAL CHECKPOINT EVALUATION,true
t2b-b-m1x,Test 2B,B,M1-X,M1-X,10000,cfc9d3da6a8d07d74ae17e3d9a5beabe434e63b8005e95df4a1925c3a63c609c,a740fa161ad5ff954beb73b4b44fda51b705ce34a40718bd8912716425aeb459,/Users/arjunsharma/Documents/SandiaProjects/4-LDRDAMDIS/DIMSWE-study-d0eb615/external-results/test2b-rain-active-learning/production/representation-B/m1-seed0-m20-10k/checkpoint_000010000_parameters.npz,X,TRAINING TRUTH SUPPORT,0,80,POST-HOC CHECKPOINT EVALUATION,R_all,physical_RMS_error,2.400761260159297e-14,POST-HOC FINAL CHECKPOINT EVALUATION,true
t2b-b-m1x,Test 2B,B,M1-X,M1-X,10000,cfc9d3da6a8d07d74ae17e3d9a5beabe434e63b8005e95df4a1925c3a63c609c,a740fa161ad5ff954beb73b4b44fda51b705ce34a40718bd8912716425aeb459,/Users/arjunsharma/Documents/SandiaProjects/4-LDRDAMDIS/DIMSWE-study-d0eb615/external-results/test2b-rain-active-learning/production/representation-B/m1-seed0-m20-10k/checkpoint_000010000_parameters.npz,X,TRAINING TRUTH SUPPORT,0,80,POST-HOC CHECKPOINT EVALUATION,R_all,maximum_absolute_error,2.1465487887111092e-12,POST-HOC FINAL CHECKPOINT EVALUATION,true
t2b-b-m1x,Test 2B,B,M1-X,M1-X,10000,cfc9d3da6a8d07d74ae17e3d9a5beabe434e63b8005e95df4a1925c3a63c609c,a740fa161ad5ff954beb73b4b44fda51b705ce34a40718bd8912716425aeb459,/Users/arjunsharma/Documents/SandiaProjects/4-LDRDAMDIS/DIMSWE-study-d0eb615/external-results/test2b-rain-active-learning/production/representation-B/m1-seed0-m20-10k/checkpoint_000010000_parameters.npz,X,TRAINING TRUTH SUPPORT,0,80,POST-HOC CHECKPOINT EVALUATION,R_all,signed_mass_weighted_bias,9.896740933552591e-17,POST-HOC FINAL CHECKPOINT EVALUATION,true
t2b-b-m1x,Test 2B,B,M1-X,M1-X,10000,cfc9d3da6a8d07d74ae17e3d9a5beabe434e63b8005e95df4a1925c3a63c609c,a740fa161ad5ff954beb73b4b44fda51b705ce34a40718bd8912716425aeb459,/Users/arjunsharma/Documents/SandiaProjects/4-LDRDAMDIS/DIMSWE-study-d0eb615/external-results/test2b-rain-active-learning/production/representation-B/m1-seed0-m20-10k/checkpoint_000010000_parameters.npz,X,TRAINING TRUTH SUPPORT,0,80,POST-HOC CHECKPOINT EVALUATION,R_all,correlation,0.9999020466737181,POST-HOC FINAL CHECKPOINT EVALUATION,true
t2b-b-m1x,Test 2B,B,M1-X,M1-X,10000,cfc9d3da6a8d07d74ae17e3d9a5beabe434e63b8005e95df4a1925c3a63c609c,a740fa161ad5ff954beb73b4b44fda51b705ce34a40718bd8912716425aeb459,/Users/arjunsharma/Documents/SandiaProjects/4-LDRDAMDIS/DIMSWE-study-d0eb615/external-results/test2b-rain-active-learning/production/representation-B/m1-seed0-m20-10k/checkpoint_000010000_parameters.npz,X,TRAINING TRUTH SUPPORT,0,80,POST-HOC CHECKPOINT EVALUATION,R_all,cosine,0.9999025698601791,POST-HOC FINAL CHECKPOINT EVALUATION,true
t2b-b-m1x,Test 2B,B,M1-X,M1-X,10000,cfc9d3da6a8d07d74ae17e3d9a5beabe434e63b8005e95df4a1925c3a63c609c,a740fa161ad5ff954beb73b4b44fda51b705ce34a40718bd8912716425aeb459,/Users/arjunsharma/Documents/SandiaProjects/4-LDRDAMDIS/DIMSWE-study-d0eb615/external-results/test2b-rain-active-learning/production/representation-B/m1-seed0-m20-10k/checkpoint_000010000_parameters.npz,X,TRAINING TRUTH SUPPORT,0,80,POST-HOC CHECKPOINT EVALUATION,R_all,target_RMS,1.7188846360105588e-12,POST-HOC FINAL CHECKPOINT EVALUATION,true
t2b-b-m1x,Test 2B,B,M1-X,M1-X,10000,cfc9d3da6a8d07d74ae17e3d9a5beabe434e63b8005e95df4a1925c3a63c609c,a740fa161ad5ff954beb73b4b44fda51b705ce34a40718bd8912716425aeb459,/Users/arjunsharma/Documents/SandiaProjects/4-LDRDAMDIS/DIMSWE-study-d0eb615/external-results/test2b-rain-active-learning/production/representation-B/m1-seed0-m20-10k/checkpoint_000010000_parameters.npz,X,TRAINING TRUTH SUPPORT,0,80,POST-HOC CHECKPOINT EVALUATION,R_all,prediction_RMS,1.719533415900942e-12,POST-HOC FINAL CHECKPOINT EVALUATION,true
t2b-b-m1x,Test 2B,B,M1-X,M1-X,10000,cfc9d3da6a8d07d74ae17e3d9a5beabe434e63b8005e95df4a1925c3a63c609c,a740fa161ad5ff954beb73b4b44fda51b705ce34a40718bd8912716425aeb459,/Users/arjunsharma/Documents/SandiaProjects/4-LDRDAMDIS/DIMSWE-study-d0eb615/external-results/test2b-rain-active-learning/production/representation-B/m1-seed0-m20-10k/checkpoint_000010000_parameters.npz,X,TRAINING TRUTH SUPPORT,0,80,POST-HOC CHECKPOINT EVALUATION,R_all,sample_count,5308416,POST-HOC FINAL CHECKPOINT EVALUATION,true
t2b-b-m1x,Test 2B,B,M1-X,M1-X,10000,cfc9d3da6a8d07d74ae17e3d9a5beabe434e63b8005e95df4a1925c3a63c609c,a740fa161ad5ff954beb73b4b44fda51b705ce34a40718bd8912716425aeb459,/Users/arjunsharma/Documents/SandiaProjects/4-LDRDAMDIS/DIMSWE-study-d0eb615/external-results/test2b-rain-active-learning/production/representation-B/m1-seed0-m20-10k/checkpoint_000010000_parameters.npz,X,TRAINING TRUTH SUPPORT,0,80,POST-HOC CHECKPOINT EVALUATION,R_truth_active,normalized_RMS_error,0.00959417058079281,POST-HOC FINAL CHECKPOINT EVALUATION,true
t2b-b-m1x,Test 2B,B,M1-X,M1-X,10000,cfc9d3da6a8d07d74ae17e3d9a5beabe434e63b8005e95df4a1925c3a63c609c,a740fa161ad5ff954beb73b4b44fda51b705ce34a40718bd8912716425aeb459,/Users/arjunsharma/Documents/SandiaProjects/4-LDRDAMDIS/DIMSWE-study-d0eb615/external-results/test2b-rain-active-learning/production/representation-B/m1-seed0-m20-10k/checkpoint_000010000_parameters.npz,X,TRAINING TRUTH SUPPORT,0,80,POST-HOC CHECKPOINT EVALUATION,R_truth_active,relative_RMS_error,0.00959417058079281,POST-HOC FINAL CHECKPOINT EVALUATION,true
t2b-b-m1x,Test 2B,B,M1-X,M1-X,10000,cfc9d3da6a8d07d74ae17e3d9a5beabe434e63b8005e95df4a1925c3a63c609c,a740fa161ad5ff954beb73b4b44fda51b705ce34a40718bd8912716425aeb459,/Users/arjunsharma/Documents/SandiaProjects/4-LDRDAMDIS/DIMSWE-study-d0eb615/external-results/test2b-rain-active-learning/production/representation-B/m1-seed0-m20-10k/checkpoint_000010000_parameters.npz,X,TRAINING TRUTH SUPPORT,0,80,POST-HOC CHECKPOINT EVALUATION,R_truth_active,physical_RMS_error,1.909515419309656e-13,POST-HOC FINAL CHECKPOINT EVALUATION,true
t2b-b-m1x,Test 2B,B,M1-X,M1-X,10000,cfc9d3da6a8d07d74ae17e3d9a5beabe434e63b8005e95df4a1925c3a63c609c,a740fa161ad5ff954beb73b4b44fda51b705ce34a40718bd8912716425aeb459,/Users/arjunsharma/Documents/SandiaProjects/4-LDRDAMDIS/DIMSWE-study-d0eb615/external-results/test2b-rain-active-learning/production/representation-B/m1-seed0-m20-10k/checkpoint_000010000_parameters.npz,X,TRAINING TRUTH SUPPORT,0,80,POST-HOC CHECKPOINT EVALUATION,R_truth_active,maximum_absolute_error,2.1465487887111092e-12,POST-HOC FINAL CHECKPOINT EVALUATION,true
t2b-b-m1x,Test 2B,B,M1-X,M1-X,10000,cfc9d3da6a8d07d74ae17e3d9a5beabe434e63b8005e95df4a1925c3a63c609c,a740fa161ad5ff954beb73b4b44fda51b705ce34a40718bd8912716425aeb459,/Users/arjunsharma/Documents/SandiaProjects/4-LDRDAMDIS/DIMSWE-study-d0eb615/external-results/test2b-rain-active-learning/production/representation-B/m1-seed0-m20-10k/checkpoint_000010000_parameters.npz,X,TRAINING TRUTH SUPPORT,0,80,POST-HOC CHECKPOINT EVALUATION,R_truth_active,signed_mass_weighted_bias,-3.771976436195469e-15,POST-HOC FINAL CHECKPOINT EVALUATION,true
t2b-b-m1x,Test 2B,B,M1-X,M1-X,10000,cfc9d3da6a8d07d74ae17e3d9a5beabe434e63b8005e95df4a1925c3a63c609c,a740fa161ad5ff954beb73b4b44fda51b705ce34a40718bd8912716425aeb459,/Users/arjunsharma/Documents/SandiaProjects/4-LDRDAMDIS/DIMSWE-study-d0eb615/external-results/test2b-rain-active-learning/production/representation-B/m1-seed0-m20-10k/checkpoint_000010000_parameters.npz,X,TRAINING TRUTH SUPPORT,0,80,POST-HOC CHECKPOINT EVALUATION,R_truth_active,correlation,0.9998395062926516,POST-HOC FINAL CHECKPOINT EVALUATION,true
t2b-b-m1x,Test 2B,B,M1-X,M1-X,10000,cfc9d3da6a8d07d74ae17e3d9a5beabe434e63b8005e95df4a1925c3a63c609c,a740fa161ad5ff954beb73b4b44fda51b705ce34a40718bd8912716425aeb459,/Users/arjunsharma/Documents/SandiaProjects/4-LDRDAMDIS/DIMSWE-study-d0eb615/external-results/test2b-rain-active-learning/production/representation-B/m1-seed0-m20-10k/checkpoint_000010000_parameters.npz,X,TRAINING TRUTH SUPPORT,0,80,POST-HOC CHECKPOINT EVALUATION,R_truth_active,cosine,0.9999540440451352,POST-HOC FINAL CHECKPOINT EVALUATION,true
t2b-b-m1x,Test 2B,B,M1-X,M1-X,10000,cfc9d3da6a8d07d74ae17e3d9a5beabe434e63b8005e95df4a1925c3a63c609c,a740fa161ad5ff954beb73b4b44fda51b705ce34a40718bd8912716425aeb459,/Users/arjunsharma/Documents/SandiaProjects/4-LDRDAMDIS/DIMSWE-study-d0eb615/external-results/test2b-rain-active-learning/production/representation-B/m1-seed0-m20-10k/checkpoint_000010000_parameters.npz,X,TRAINING TRUTH SUPPORT,0,80,POST-HOC CHECKPOINT EVALUATION,R_truth_active,target_RMS,1.9902871261559996e-11,POST-HOC FINAL CHECKPOINT EVALUATION,true
t2b-b-m1x,Test 2B,B,M1-X,M1-X,10000,cfc9d3da6a8d07d74ae17e3d9a5beabe434e63b8005e95df4a1925c3a63c609c,a740fa161ad5ff954beb73b4b44fda51b705ce34a40718bd8912716425aeb459,/Users/arjunsharma/Documents/SandiaProjects/4-LDRDAMDIS/DIMSWE-study-d0eb615/external-results/test2b-rain-active-learning/production/representation-B/m1-seed0-m20-10k/checkpoint_000010000_parameters.npz,X,TRAINING TRUTH SUPPORT,0,80,POST-HOC CHECKPOINT EVALUATION,R_truth_active,prediction_RMS,1.9909358530593007e-11,POST-HOC FINAL CHECKPOINT EVALUATION,true
t2b-b-m1x,Test 2B,B,M1-X,M1-X,10000,cfc9d3da6a8d07d74ae17e3d9a5beabe434e63b8005e95df4a1925c3a63c609c,a740fa161ad5ff954beb73b4b44fda51b705ce34a40718bd8912716425aeb459,/Users/arjunsharma/Documents/SandiaProjects/4-LDRDAMDIS/DIMSWE-study-d0eb615/external-results/test2b-rain-active-learning/production/representation-B/m1-seed0-m20-10k/checkpoint_000010000_parameters.npz,X,TRAINING TRUTH SUPPORT,0,80,POST-HOC CHECKPOINT EVALUATION,R_truth_active,sample_count,40800,POST-HOC FINAL CHECKPOINT EVALUATION,true
t2b-b-m1x,Test 2B,B,M1-X,M1-X,10000,cfc9d3da6a8d07d74ae17e3d9a5beabe434e63b8005e95df4a1925c3a63c609c,a740fa161ad5ff954beb73b4b44fda51b705ce34a40718bd8912716425aeb459,/Users/arjunsharma/Documents/SandiaProjects/4-LDRDAMDIS/DIMSWE-study-d0eb615/external-results/test2b-rain-active-learning/production/representation-B/m1-seed0-m20-10k/checkpoint_000010000_parameters.npz,X,TRAINING TRUTH SUPPORT,0,80,POST-HOC CHECKPOINT EVALUATION,R_activation,truth_active_sample_count,40800,POST-HOC FINAL CHECKPOINT EVALUATION,true
t2b-b-m1x,Test 2B,B,M1-X,M1-X,10000,cfc9d3da6a8d07d74ae17e3d9a5beabe434e63b8005e95df4a1925c3a63c609c,a740fa161ad5ff954beb73b4b44fda51b705ce34a40718bd8912716425aeb459,/Users/arjunsharma/Documents/SandiaProjects/4-LDRDAMDIS/DIMSWE-study-d0eb615/external-results/test2b-rain-active-learning/production/representation-B/m1-seed0-m20-10k/checkpoint_000010000_parameters.npz,X,TRAINING TRUTH SUPPORT,0,80,POST-HOC CHECKPOINT EVALUATION,R_activation,truth_active_sample_fraction,0.007685908564814815,POST-HOC FINAL CHECKPOINT EVALUATION,true
t2b-b-m1x,Test 2B,B,M1-X,M1-X,10000,cfc9d3da6a8d07d74ae17e3d9a5beabe434e63b8005e95df4a1925c3a63c609c,a740fa161ad5ff954beb73b4b44fda51b705ce34a40718bd8912716425aeb459,/Users/arjunsharma/Documents/SandiaProjects/4-LDRDAMDIS/DIMSWE-study-d0eb615/external-results/test2b-rain-active-learning/production/representation-B/m1-seed0-m20-10k/checkpoint_000010000_parameters.npz,X,TRAINING TRUTH SUPPORT,0,80,POST-HOC CHECKPOINT EVALUATION,R_activation,predicted_meaningful_positive_fraction,0.295159610701196,POST-HOC FINAL CHECKPOINT EVALUATION,true
t2b-b-m1x,Test 2B,B,M1-X,M1-X,10000,cfc9d3da6a8d07d74ae17e3d9a5beabe434e63b8005e95df4a1925c3a63c609c,a740fa161ad5ff954beb73b4b44fda51b705ce34a40718bd8912716425aeb459,/Users/arjunsharma/Documents/SandiaProjects/4-LDRDAMDIS/DIMSWE-study-d0eb615/external-results/test2b-rain-active-learning/production/representation-B/m1-seed0-m20-10k/checkpoint_000010000_parameters.npz,X,TRAINING TRUTH SUPPORT,0,80,POST-HOC CHECKPOINT EVALUATION,R_activation,predicted_meaningful_negative_fraction,0.704840389298804,POST-HOC FINAL CHECKPOINT EVALUATION,true
t2b-b-m1x,Test 2B,B,M1-X,M1-X,10000,cfc9d3da6a8d07d74ae17e3d9a5beabe434e63b8005e95df4a1925c3a63c609c,a740fa161ad5ff954beb73b4b44fda51b705ce34a40718bd8912716425aeb459,/Users/arjunsharma/Documents/SandiaProjects/4-LDRDAMDIS/DIMSWE-study-d0eb615/external-results/test2b-rain-active-learning/production/representation-B/m1-seed0-m20-10k/checkpoint_000010000_parameters.npz,X,TRAINING TRUTH SUPPORT,0,80,POST-HOC CHECKPOINT EVALUATION,R_activation,predicted_exact_positive_fraction,0.295159610701196,POST-HOC FINAL CHECKPOINT EVALUATION,true
t2b-b-m1x,Test 2B,B,M1-X,M1-X,10000,cfc9d3da6a8d07d74ae17e3d9a5beabe434e63b8005e95df4a1925c3a63c609c,a740fa161ad5ff954beb73b4b44fda51b705ce34a40718bd8912716425aeb459,/Users/arjunsharma/Documents/SandiaProjects/4-LDRDAMDIS/DIMSWE-study-d0eb615/external-results/test2b-rain-active-learning/production/representation-B/m1-seed0-m20-10k/checkpoint_000010000_parameters.npz,X,TRAINING TRUTH SUPPORT,0,80,POST-HOC CHECKPOINT EVALUATION,R_activation,predicted_exact_negative_fraction,0.704840389298804,POST-HOC FINAL CHECKPOINT EVALUATION,true
t2b-b-m1x,Test 2B,B,M1-X,M1-X,10000,cfc9d3da6a8d07d74ae17e3d9a5beabe434e63b8005e95df4a1925c3a63c609c,a740fa161ad5ff954beb73b4b44fda51b705ce34a40718bd8912716425aeb459,/Users/arjunsharma/Documents/SandiaProjects/4-LDRDAMDIS/DIMSWE-study-d0eb615/external-results/test2b-rain-active-learning/production/representation-B/m1-seed0-m20-10k/checkpoint_000010000_parameters.npz,X,TRAINING TRUTH SUPPORT,0,80,POST-HOC CHECKPOINT EVALUATION,R_activation,false_positive_count,1526030,POST-HOC FINAL CHECKPOINT EVALUATION,true
t2b-b-m1x,Test 2B,B,M1-X,M1-X,10000,cfc9d3da6a8d07d74ae17e3d9a5beabe434e63b8005e95df4a1925c3a63c609c,a740fa161ad5ff954beb73b4b44fda51b705ce34a40718bd8912716425aeb459,/Users/arjunsharma/Documents/SandiaProjects/4-LDRDAMDIS/DIMSWE-study-d0eb615/external-results/test2b-rain-active-learning/production/representation-B/m1-seed0-m20-10k/checkpoint_000010000_parameters.npz,X,TRAINING TRUTH SUPPORT,0,80,POST-HOC CHECKPOINT EVALUATION,R_activation,false_positive_fraction_all_samples,0.2874737021363812,POST-HOC FINAL CHECKPOINT EVALUATION,true
t2b-b-m1x,Test 2B,B,M1-X,M1-X,10000,cfc9d3da6a8d07d74ae17e3d9a5beabe434e63b8005e95df4a1925c3a63c609c,a740fa161ad5ff954beb73b4b44fda51b705ce34a40718bd8912716425aeb459,/Users/arjunsharma/Documents/SandiaProjects/4-LDRDAMDIS/DIMSWE-study-d0eb615/external-results/test2b-rain-active-learning/production/representation-B/m1-seed0-m20-10k/checkpoint_000010000_parameters.npz,X,TRAINING TRUTH SUPPORT,0,80,POST-HOC CHECKPOINT EVALUATION,R_activation,false_positive_rate_given_truth_inactive,0.28970031224751386,POST-HOC FINAL CHECKPOINT EVALUATION,true
t2b-b-m1x,Test 2B,B,M1-X,M1-X,10000,cfc9d3da6a8d07d74ae17e3d9a5beabe434e63b8005e95df4a1925c3a63c609c,a740fa161ad5ff954beb73b4b44fda51b705ce34a40718bd8912716425aeb459,/Users/arjunsharma/Documents/SandiaProjects/4-LDRDAMDIS/DIMSWE-study-d0eb615/external-results/test2b-rain-active-learning/production/representation-B/m1-seed0-m20-10k/checkpoint_000010000_parameters.npz,X,TRAINING TRUTH SUPPORT,0,80,POST-HOC CHECKPOINT EVALUATION,R_activation,false_negative_count,0,POST-HOC FINAL CHECKPOINT EVALUATION,true
t2b-b-m1x,Test 2B,B,M1-X,M1-X,10000,cfc9d3da6a8d07d74ae17e3d9a5beabe434e63b8005e95df4a1925c3a63c609c,a740fa161ad5ff954beb73b4b44fda51b705ce34a40718bd8912716425aeb459,/Users/arjunsharma/Documents/SandiaProjects/4-LDRDAMDIS/DIMSWE-study-d0eb615/external-results/test2b-rain-active-learning/production/representation-B/m1-seed0-m20-10k/checkpoint_000010000_parameters.npz,X,TRAINING TRUTH SUPPORT,0,80,POST-HOC CHECKPOINT EVALUATION,R_activation,false_negative_fraction_all_samples,0.0,POST-HOC FINAL CHECKPOINT EVALUATION,true
t2b-b-m1x,Test 2B,B,M1-X,M1-X,10000,cfc9d3da6a8d07d74ae17e3d9a5beabe434e63b8005e95df4a1925c3a63c609c,a740fa161ad5ff954beb73b4b44fda51b705ce34a40718bd8912716425aeb459,/Users/arjunsharma/Documents/SandiaProjects/4-LDRDAMDIS/DIMSWE-study-d0eb615/external-results/test2b-rain-active-learning/production/representation-B/m1-seed0-m20-10k/checkpoint_000010000_parameters.npz,X,TRAINING TRUTH SUPPORT,0,80,POST-HOC CHECKPOINT EVALUATION,R_activation,false_negative_rate_given_truth_active,0.0,POST-HOC FINAL CHECKPOINT EVALUATION,true
t2b-b-m1x,Test 2B,B,M1-X,M1-X,10000,cfc9d3da6a8d07d74ae17e3d9a5beabe434e63b8005e95df4a1925c3a63c609c,a740fa161ad5ff954beb73b4b44fda51b705ce34a40718bd8912716425aeb459,/Users/arjunsharma/Documents/SandiaProjects/4-LDRDAMDIS/DIMSWE-study-d0eb615/external-results/test2b-rain-active-learning/production/representation-B/m1-seed0-m20-10k/checkpoint_000010000_parameters.npz,X,TRAINING TRUTH SUPPORT,0,80,POST-HOC CHECKPOINT EVALUATION,R_activation,first_meaningful_positive_predicted_step,0,POST-HOC FINAL CHECKPOINT EVALUATION,true
t2b-b-m1x,Test 2B,B,M1-X,M1-X,10000,cfc9d3da6a8d07d74ae17e3d9a5beabe434e63b8005e95df4a1925c3a63c609c,a740fa161ad5ff954beb73b4b44fda51b705ce34a40718bd8912716425aeb459,/Users/arjunsharma/Documents/SandiaProjects/4-LDRDAMDIS/DIMSWE-study-d0eb615/external-results/test2b-rain-active-learning/production/representation-B/m1-seed0-m20-10k/checkpoint_000010000_parameters.npz,X,TRAINING TRUTH SUPPORT,0,80,POST-HOC CHECKPOINT EVALUATION,R_activation,first_meaningful_positive_truth_step,51,POST-HOC FINAL CHECKPOINT EVALUATION,true
t2b-b-m1x,Test 2B,B,M1-X,M1-X,10000,cfc9d3da6a8d07d74ae17e3d9a5beabe434e63b8005e95df4a1925c3a63c609c,a740fa161ad5ff954beb73b4b44fda51b705ce34a40718bd8912716425aeb459,/Users/arjunsharma/Documents/SandiaProjects/4-LDRDAMDIS/DIMSWE-study-d0eb615/external-results/test2b-rain-active-learning/production/representation-B/m1-seed0-m20-10k/checkpoint_000010000_parameters.npz,X,TRAINING TRUTH SUPPORT,0,80,POST-HOC CHECKPOINT EVALUATION,R_activation,maximum_predicted_R,4.7998927622670594e-11,POST-HOC FINAL CHECKPOINT EVALUATION,true
t2b-b-m1x,Test 2B,B,M1-X,M1-X,10000,cfc9d3da6a8d07d74ae17e3d9a5beabe434e63b8005e95df4a1925c3a63c609c,a740fa161ad5ff954beb73b4b44fda51b705ce34a40718bd8912716425aeb459,/Users/arjunsharma/Documents/SandiaProjects/4-LDRDAMDIS/DIMSWE-study-d0eb615/external-results/test2b-rain-active-learning/production/representation-B/m1-seed0-m20-10k/checkpoint_000010000_parameters.npz,X,TRAINING TRUTH SUPPORT,0,80,POST-HOC CHECKPOINT EVALUATION,R_activation,minimum_predicted_R,-3.887447069548122e-13,POST-HOC FINAL CHECKPOINT EVALUATION,true
t2b-b-m1x,Test 2B,B,M1-X,M1-X,10000,cfc9d3da6a8d07d74ae17e3d9a5beabe434e63b8005e95df4a1925c3a63c609c,a740fa161ad5ff954beb73b4b44fda51b705ce34a40718bd8912716425aeb459,/Users/arjunsharma/Documents/SandiaProjects/4-LDRDAMDIS/DIMSWE-study-d0eb615/external-results/test2b-rain-active-learning/production/representation-B/m1-seed0-m20-10k/checkpoint_000010000_parameters.npz,X,TRAINING TRUTH SUPPORT,0,80,POST-HOC CHECKPOINT EVALUATION,R_activation,activity_numerical_tolerance,1.2119968976504772e-20,POST-HOC FINAL CHECKPOINT EVALUATION,true
t2b-b-m1x,Test 2B,B,M1-X,M1-X,10000,cfc9d3da6a8d07d74ae17e3d9a5beabe434e63b8005e95df4a1925c3a63c609c,a740fa161ad5ff954beb73b4b44fda51b705ce34a40718bd8912716425aeb459,/Users/arjunsharma/Documents/SandiaProjects/4-LDRDAMDIS/DIMSWE-study-d0eb615/external-results/test2b-rain-active-learning/production/representation-B/m1-seed0-m20-10k/checkpoint_000010000_parameters.npz,X,TRAINING TRUTH SUPPORT,0,80,POST-HOC CHECKPOINT EVALUATION,R_activation,sample_count,5308416,POST-HOC FINAL CHECKPOINT EVALUATION,true
t2b-b-m1y,Test 2B,B,M1-Y,M1-Y,10000,1adbd173137cbf10928ee4b25865258fc97f74b3c2c4c0a09cfd8629020566ab,3a829ffff2c2ee96946c197e18a7bd7d7495c255212c61bec1b3d24d788a71ee,/Users/arjunsharma/Documents/SandiaProjects/4-LDRDAMDIS/DIMSWE-feature-study-20260828/m1y_test2b_20260828_workspace/external-results/m1y-test2b-20260828/production/representation-B/m1y-seed0-m20-10k/checkpoint_000010000_parameters.npz,X,TRAINING TRUTH SUPPORT,0,80,POST-HOC CHECKPOINT EVALUATION,operator,normalized_objective,0.0001161388011332263,POST-HOC FINAL CHECKPOINT EVALUATION,false
t2b-b-m1y,Test 2B,B,M1-Y,M1-Y,10000,1adbd173137cbf10928ee4b25865258fc97f74b3c2c4c0a09cfd8629020566ab,3a829ffff2c2ee96946c197e18a7bd7d7495c255212c61bec1b3d24d788a71ee,/Users/arjunsharma/Documents/SandiaProjects/4-LDRDAMDIS/DIMSWE-feature-study-20260828/m1y_test2b_20260828_workspace/external-results/m1y-test2b-20260828/production/representation-B/m1y-seed0-m20-10k/checkpoint_000010000_parameters.npz,X,TRAINING TRUTH SUPPORT,0,80,POST-HOC CHECKPOINT EVALUATION,operator,numerator,236935212722.73364,POST-HOC FINAL CHECKPOINT EVALUATION,false
t2b-b-m1y,Test 2B,B,M1-Y,M1-Y,10000,1adbd173137cbf10928ee4b25865258fc97f74b3c2c4c0a09cfd8629020566ab,3a829ffff2c2ee96946c197e18a7bd7d7495c255212c61bec1b3d24d788a71ee,/Users/arjunsharma/Documents/SandiaProjects/4-LDRDAMDIS/DIMSWE-feature-study-20260828/m1y_test2b_20260828_workspace/external-results/m1y-test2b-20260828/production/representation-B/m1y-seed0-m20-10k/checkpoint_000010000_parameters.npz,X,TRAINING TRUTH SUPPORT,0,80,POST-HOC CHECKPOINT EVALUATION,operator,denominator,2040103827582464.5,POST-HOC FINAL CHECKPOINT EVALUATION,false
t2b-b-m1y,Test 2B,B,M1-Y,M1-Y,10000,1adbd173137cbf10928ee4b25865258fc97f74b3c2c4c0a09cfd8629020566ab,3a829ffff2c2ee96946c197e18a7bd7d7495c255212c61bec1b3d24d788a71ee,/Users/arjunsharma/Documents/SandiaProjects/4-LDRDAMDIS/DIMSWE-feature-study-20260828/m1y_test2b_20260828_workspace/external-results/m1y-test2b-20260828/production/representation-B/m1y-seed0-m20-10k/checkpoint_000010000_parameters.npz,X,TRAINING TRUTH SUPPORT,0,80,POST-HOC CHECKPOINT EVALUATION,A,normalized_RMS_error,0.010615202143938322,POST-HOC FINAL CHECKPOINT EVALUATION,false
t2b-b-m1y,Test 2B,B,M1-Y,M1-Y,10000,1adbd173137cbf10928ee4b25865258fc97f74b3c2c4c0a09cfd8629020566ab,3a829ffff2c2ee96946c197e18a7bd7d7495c255212c61bec1b3d24d788a71ee,/Users/arjunsharma/Documents/SandiaProjects/4-LDRDAMDIS/DIMSWE-feature-study-20260828/m1y_test2b_20260828_workspace/external-results/m1y-test2b-20260828/production/representation-B/m1y-seed0-m20-10k/checkpoint_000010000_parameters.npz,X,TRAINING TRUTH SUPPORT,0,80,POST-HOC CHECKPOINT EVALUATION,A,relative_RMS_error,0.010615202143938327,POST-HOC FINAL CHECKPOINT EVALUATION,false
t2b-b-m1y,Test 2B,B,M1-Y,M1-Y,10000,1adbd173137cbf10928ee4b25865258fc97f74b3c2c4c0a09cfd8629020566ab,3a829ffff2c2ee96946c197e18a7bd7d7495c255212c61bec1b3d24d788a71ee,/Users/arjunsharma/Documents/SandiaProjects/4-LDRDAMDIS/DIMSWE-feature-study-20260828/m1y_test2b_20260828_workspace/external-results/m1y-test2b-20260828/production/representation-B/m1y-seed0-m20-10k/checkpoint_000010000_parameters.npz,X,TRAINING TRUTH SUPPORT,0,80,POST-HOC CHECKPOINT EVALUATION,A,physical_RMS_error,9.609155549104953e-10,POST-HOC FINAL CHECKPOINT EVALUATION,false
t2b-b-m1y,Test 2B,B,M1-Y,M1-Y,10000,1adbd173137cbf10928ee4b25865258fc97f74b3c2c4c0a09cfd8629020566ab,3a829ffff2c2ee96946c197e18a7bd7d7495c255212c61bec1b3d24d788a71ee,/Users/arjunsharma/Documents/SandiaProjects/4-LDRDAMDIS/DIMSWE-feature-study-20260828/m1y_test2b_20260828_workspace/external-results/m1y-test2b-20260828/production/representation-B/m1y-seed0-m20-10k/checkpoint_000010000_parameters.npz,X,TRAINING TRUTH SUPPORT,0,80,POST-HOC CHECKPOINT EVALUATION,A,maximum_absolute_error,2.0965642683604232e-08,POST-HOC FINAL CHECKPOINT EVALUATION,false
t2b-b-m1y,Test 2B,B,M1-Y,M1-Y,10000,1adbd173137cbf10928ee4b25865258fc97f74b3c2c4c0a09cfd8629020566ab,3a829ffff2c2ee96946c197e18a7bd7d7495c255212c61bec1b3d24d788a71ee,/Users/arjunsharma/Documents/SandiaProjects/4-LDRDAMDIS/DIMSWE-feature-study-20260828/m1y_test2b_20260828_workspace/external-results/m1y-test2b-20260828/production/representation-B/m1y-seed0-m20-10k/checkpoint_000010000_parameters.npz,X,TRAINING TRUTH SUPPORT,0,80,POST-HOC CHECKPOINT EVALUATION,A,signed_mass_weighted_bias,7.338243470281364e-11,POST-HOC FINAL CHECKPOINT EVALUATION,false
t2b-b-m1y,Test 2B,B,M1-Y,M1-Y,10000,1adbd173137cbf10928ee4b25865258fc97f74b3c2c4c0a09cfd8629020566ab,3a829ffff2c2ee96946c197e18a7bd7d7495c255212c61bec1b3d24d788a71ee,/Users/arjunsharma/Documents/SandiaProjects/4-LDRDAMDIS/DIMSWE-feature-study-20260828/m1y_test2b_20260828_workspace/external-results/m1y-test2b-20260828/production/representation-B/m1y-seed0-m20-10k/checkpoint_000010000_parameters.npz,X,TRAINING TRUTH SUPPORT,0,80,POST-HOC CHECKPOINT EVALUATION,A,correlation,0.9999433188600203,POST-HOC FINAL CHECKPOINT EVALUATION,false
t2b-b-m1y,Test 2B,B,M1-Y,M1-Y,10000,1adbd173137cbf10928ee4b25865258fc97f74b3c2c4c0a09cfd8629020566ab,3a829ffff2c2ee96946c197e18a7bd7d7495c255212c61bec1b3d24d788a71ee,/Users/arjunsharma/Documents/SandiaProjects/4-LDRDAMDIS/DIMSWE-feature-study-20260828/m1y_test2b_20260828_workspace/external-results/m1y-test2b-20260828/production/representation-B/m1y-seed0-m20-10k/checkpoint_000010000_parameters.npz,X,TRAINING TRUTH SUPPORT,0,80,POST-HOC CHECKPOINT EVALUATION,A,cosine,0.9999436637180682,POST-HOC FINAL CHECKPOINT EVALUATION,false
t2b-b-m1y,Test 2B,B,M1-Y,M1-Y,10000,1adbd173137cbf10928ee4b25865258fc97f74b3c2c4c0a09cfd8629020566ab,3a829ffff2c2ee96946c197e18a7bd7d7495c255212c61bec1b3d24d788a71ee,/Users/arjunsharma/Documents/SandiaProjects/4-LDRDAMDIS/DIMSWE-feature-study-20260828/m1y_test2b_20260828_workspace/external-results/m1y-test2b-20260828/production/representation-B/m1y-seed0-m20-10k/checkpoint_000010000_parameters.npz,X,TRAINING TRUTH SUPPORT,0,80,POST-HOC CHECKPOINT EVALUATION,A,target_RMS,9.052258655848713e-08,POST-HOC FINAL CHECKPOINT EVALUATION,false
t2b-b-m1y,Test 2B,B,M1-Y,M1-Y,10000,1adbd173137cbf10928ee4b25865258fc97f74b3c2c4c0a09cfd8629020566ab,3a829ffff2c2ee96946c197e18a7bd7d7495c255212c61bec1b3d24d788a71ee,/Users/arjunsharma/Documents/SandiaProjects/4-LDRDAMDIS/DIMSWE-feature-study-20260828/m1y_test2b_20260828_workspace/external-results/m1y-test2b-20260828/production/representation-B/m1y-seed0-m20-10k/checkpoint_000010000_parameters.npz,X,TRAINING TRUTH SUPPORT,0,80,POST-HOC CHECKPOINT EVALUATION,A,prediction_RMS,9.052785809843614e-08,POST-HOC FINAL CHECKPOINT EVALUATION,false
t2b-b-m1y,Test 2B,B,M1-Y,M1-Y,10000,1adbd173137cbf10928ee4b25865258fc97f74b3c2c4c0a09cfd8629020566ab,3a829ffff2c2ee96946c197e18a7bd7d7495c255212c61bec1b3d24d788a71ee,/Users/arjunsharma/Documents/SandiaProjects/4-LDRDAMDIS/DIMSWE-feature-study-20260828/m1y_test2b_20260828_workspace/external-results/m1y-test2b-20260828/production/representation-B/m1y-seed0-m20-10k/checkpoint_000010000_parameters.npz,X,TRAINING TRUTH SUPPORT,0,80,POST-HOC CHECKPOINT EVALUATION,A,sample_count,5308416,POST-HOC FINAL CHECKPOINT EVALUATION,false
t2b-b-m1y,Test 2B,B,M1-Y,M1-Y,10000,1adbd173137cbf10928ee4b25865258fc97f74b3c2c4c0a09cfd8629020566ab,3a829ffff2c2ee96946c197e18a7bd7d7495c255212c61bec1b3d24d788a71ee,/Users/arjunsharma/Documents/SandiaProjects/4-LDRDAMDIS/DIMSWE-feature-study-20260828/m1y_test2b_20260828_workspace/external-results/m1y-test2b-20260828/production/representation-B/m1y-seed0-m20-10k/checkpoint_000010000_parameters.npz,X,TRAINING TRUTH SUPPORT,0,80,POST-HOC CHECKPOINT EVALUATION,R_all,normalized_RMS_error,0.002079068724981385,POST-HOC FINAL CHECKPOINT EVALUATION,false
t2b-b-m1y,Test 2B,B,M1-Y,M1-Y,10000,1adbd173137cbf10928ee4b25865258fc97f74b3c2c4c0a09cfd8629020566ab,3a829ffff2c2ee96946c197e18a7bd7d7495c255212c61bec1b3d24d788a71ee,/Users/arjunsharma/Documents/SandiaProjects/4-LDRDAMDIS/DIMSWE-feature-study-20260828/m1y_test2b_20260828_workspace/external-results/m1y-test2b-20260828/production/representation-B/m1y-seed0-m20-10k/checkpoint_000010000_parameters.npz,X,TRAINING TRUTH SUPPORT,0,80,POST-HOC CHECKPOINT EVALUATION,R_all,relative_RMS_error,0.024073423143323742,POST-HOC FINAL CHECKPOINT EVALUATION,false
t2b-b-m1y,Test 2B,B,M1-Y,M1-Y,10000,1adbd173137cbf10928ee4b25865258fc97f74b3c2c4c0a09cfd8629020566ab,3a829ffff2c2ee96946c197e18a7bd7d7495c255212c61bec1b3d24d788a71ee,/Users/arjunsharma/Documents/SandiaProjects/4-LDRDAMDIS/DIMSWE-feature-study-20260828/m1y_test2b_20260828_workspace/external-results/m1y-test2b-20260828/production/representation-B/m1y-seed0-m20-10k/checkpoint_000010000_parameters.npz,X,TRAINING TRUTH SUPPORT,0,80,POST-HOC CHECKPOINT EVALUATION,R_all,physical_RMS_error,4.137943717724019e-14,POST-HOC FINAL CHECKPOINT EVALUATION,false
t2b-b-m1y,Test 2B,B,M1-Y,M1-Y,10000,1adbd173137cbf10928ee4b25865258fc97f74b3c2c4c0a09cfd8629020566ab,3a829ffff2c2ee96946c197e18a7bd7d7495c255212c61bec1b3d24d788a71ee,/Users/arjunsharma/Documents/SandiaProjects/4-LDRDAMDIS/DIMSWE-feature-study-20260828/m1y_test2b_20260828_workspace/external-results/m1y-test2b-20260828/production/representation-B/m1y-seed0-m20-10k/checkpoint_000010000_parameters.npz,X,TRAINING TRUTH SUPPORT,0,80,POST-HOC CHECKPOINT EVALUATION,R_all,maximum_absolute_error,2.4479021768454498e-12,POST-HOC FINAL CHECKPOINT EVALUATION,false
t2b-b-m1y,Test 2B,B,M1-Y,M1-Y,10000,1adbd173137cbf10928ee4b25865258fc97f74b3c2c4c0a09cfd8629020566ab,3a829ffff2c2ee96946c197e18a7bd7d7495c255212c61bec1b3d24d788a71ee,/Users/arjunsharma/Documents/SandiaProjects/4-LDRDAMDIS/DIMSWE-feature-study-20260828/m1y_test2b_20260828_workspace/external-results/m1y-test2b-20260828/production/representation-B/m1y-seed0-m20-10k/checkpoint_000010000_parameters.npz,X,TRAINING TRUTH SUPPORT,0,80,POST-HOC CHECKPOINT EVALUATION,R_all,signed_mass_weighted_bias,-3.42550942499878e-16,POST-HOC FINAL CHECKPOINT EVALUATION,false
t2b-b-m1y,Test 2B,B,M1-Y,M1-Y,10000,1adbd173137cbf10928ee4b25865258fc97f74b3c2c4c0a09cfd8629020566ab,3a829ffff2c2ee96946c197e18a7bd7d7495c255212c61bec1b3d24d788a71ee,/Users/arjunsharma/Documents/SandiaProjects/4-LDRDAMDIS/DIMSWE-feature-study-20260828/m1y_test2b_20260828_workspace/external-results/m1y-test2b-20260828/production/representation-B/m1y-seed0-m20-10k/checkpoint_000010000_parameters.npz,X,TRAINING TRUTH SUPPORT,0,80,POST-HOC CHECKPOINT EVALUATION,R_all,correlation,0.9997086592030848,POST-HOC FINAL CHECKPOINT EVALUATION,false
t2b-b-m1y,Test 2B,B,M1-Y,M1-Y,10000,1adbd173137cbf10928ee4b25865258fc97f74b3c2c4c0a09cfd8629020566ab,3a829ffff2c2ee96946c197e18a7bd7d7495c255212c61bec1b3d24d788a71ee,/Users/arjunsharma/Documents/SandiaProjects/4-LDRDAMDIS/DIMSWE-feature-study-20260828/m1y_test2b_20260828_workspace/external-results/m1y-test2b-20260828/production/representation-B/m1y-seed0-m20-10k/checkpoint_000010000_parameters.npz,X,TRAINING TRUTH SUPPORT,0,80,POST-HOC CHECKPOINT EVALUATION,R_all,cosine,0.9997101976258931,POST-HOC FINAL CHECKPOINT EVALUATION,false
t2b-b-m1y,Test 2B,B,M1-Y,M1-Y,10000,1adbd173137cbf10928ee4b25865258fc97f74b3c2c4c0a09cfd8629020566ab,3a829ffff2c2ee96946c197e18a7bd7d7495c255212c61bec1b3d24d788a71ee,/Users/arjunsharma/Documents/SandiaProjects/4-LDRDAMDIS/DIMSWE-feature-study-20260828/m1y_test2b_20260828_workspace/external-results/m1y-test2b-20260828/production/representation-B/m1y-seed0-m20-10k/checkpoint_000010000_parameters.npz,X,TRAINING TRUTH SUPPORT,0,80,POST-HOC CHECKPOINT EVALUATION,R_all,target_RMS,1.7188846360105588e-12,POST-HOC FINAL CHECKPOINT EVALUATION,false
t2b-b-m1y,Test 2B,B,M1-Y,M1-Y,10000,1adbd173137cbf10928ee4b25865258fc97f74b3c2c4c0a09cfd8629020566ab,3a829ffff2c2ee96946c197e18a7bd7d7495c255212c61bec1b3d24d788a71ee,/Users/arjunsharma/Documents/SandiaProjects/4-LDRDAMDIS/DIMSWE-feature-study-20260828/m1y_test2b_20260828_workspace/external-results/m1y-test2b-20260828/production/representation-B/m1y-seed0-m20-10k/checkpoint_000010000_parameters.npz,X,TRAINING TRUTH SUPPORT,0,80,POST-HOC CHECKPOINT EVALUATION,R_all,prediction_RMS,1.7182239846445548e-12,POST-HOC FINAL CHECKPOINT EVALUATION,false
t2b-b-m1y,Test 2B,B,M1-Y,M1-Y,10000,1adbd173137cbf10928ee4b25865258fc97f74b3c2c4c0a09cfd8629020566ab,3a829ffff2c2ee96946c197e18a7bd7d7495c255212c61bec1b3d24d788a71ee,/Users/arjunsharma/Documents/SandiaProjects/4-LDRDAMDIS/DIMSWE-feature-study-20260828/m1y_test2b_20260828_workspace/external-results/m1y-test2b-20260828/production/representation-B/m1y-seed0-m20-10k/checkpoint_000010000_parameters.npz,X,TRAINING TRUTH SUPPORT,0,80,POST-HOC CHECKPOINT EVALUATION,R_all,sample_count,5308416,POST-HOC FINAL CHECKPOINT EVALUATION,false
t2b-b-m1y,Test 2B,B,M1-Y,M1-Y,10000,1adbd173137cbf10928ee4b25865258fc97f74b3c2c4c0a09cfd8629020566ab,3a829ffff2c2ee96946c197e18a7bd7d7495c255212c61bec1b3d24d788a71ee,/Users/arjunsharma/Documents/SandiaProjects/4-LDRDAMDIS/DIMSWE-feature-study-20260828/m1y_test2b_20260828_workspace/external-results/m1y-test2b-20260828/production/representation-B/m1y-seed0-m20-10k/checkpoint_000010000_parameters.npz,X,TRAINING TRUTH SUPPORT,0,80,POST-HOC CHECKPOINT EVALUATION,R_truth_active,normalized_RMS_error,0.016296594190559986,POST-HOC FINAL CHECKPOINT EVALUATION,false
t2b-b-m1y,Test 2B,B,M1-Y,M1-Y,10000,1adbd173137cbf10928ee4b25865258fc97f74b3c2c4c0a09cfd8629020566ab,3a829ffff2c2ee96946c197e18a7bd7d7495c255212c61bec1b3d24d788a71ee,/Users/arjunsharma/Documents/SandiaProjects/4-LDRDAMDIS/DIMSWE-feature-study-20260828/m1y_test2b_20260828_workspace/external-results/m1y-test2b-20260828/production/representation-B/m1y-seed0-m20-10k/checkpoint_000010000_parameters.npz,X,TRAINING TRUTH SUPPORT,0,80,POST-HOC CHECKPOINT EVALUATION,R_truth_active,relative_RMS_error,0.016296594190559986,POST-HOC FINAL CHECKPOINT EVALUATION,false
t2b-b-m1y,Test 2B,B,M1-Y,M1-Y,10000,1adbd173137cbf10928ee4b25865258fc97f74b3c2c4c0a09cfd8629020566ab,3a829ffff2c2ee96946c197e18a7bd7d7495c255212c61bec1b3d24d788a71ee,/Users/arjunsharma/Documents/SandiaProjects/4-LDRDAMDIS/DIMSWE-feature-study-20260828/m1y_test2b_20260828_workspace/external-results/m1y-test2b-20260828/production/representation-B/m1y-seed0-m20-10k/checkpoint_000010000_parameters.npz,X,TRAINING TRUTH SUPPORT,0,80,POST-HOC CHECKPOINT EVALUATION,R_truth_active,physical_RMS_error,3.243490161766019e-13,POST-HOC FINAL CHECKPOINT EVALUATION,false
t2b-b-m1y,Test 2B,B,M1-Y,M1-Y,10000,1adbd173137cbf10928ee4b25865258fc97f74b3c2c4c0a09cfd8629020566ab,3a829ffff2c2ee96946c197e18a7bd7d7495c255212c61bec1b3d24d788a71ee,/Users/arjunsharma/Documents/SandiaProjects/4-LDRDAMDIS/DIMSWE-feature-study-20260828/m1y_test2b_20260828_workspace/external-results/m1y-test2b-20260828/production/representation-B/m1y-seed0-m20-10k/checkpoint_000010000_parameters.npz,X,TRAINING TRUTH SUPPORT,0,80,POST-HOC CHECKPOINT EVALUATION,R_truth_active,maximum_absolute_error,2.4479021768454498e-12,POST-HOC FINAL CHECKPOINT EVALUATION,false
t2b-b-m1y,Test 2B,B,M1-Y,M1-Y,10000,1adbd173137cbf10928ee4b25865258fc97f74b3c2c4c0a09cfd8629020566ab,3a829ffff2c2ee96946c197e18a7bd7d7495c255212c61bec1b3d24d788a71ee,/Users/arjunsharma/Documents/SandiaProjects/4-LDRDAMDIS/DIMSWE-feature-study-20260828/m1y_test2b_20260828_workspace/external-results/m1y-test2b-20260828/production/representation-B/m1y-seed0-m20-10k/checkpoint_000010000_parameters.npz,X,TRAINING TRUTH SUPPORT,0,80,POST-HOC CHECKPOINT EVALUATION,R_truth_active,signed_mass_weighted_bias,-4.2973217253665037e-16,POST-HOC FINAL CHECKPOINT EVALUATION,false
t2b-b-m1y,Test 2B,B,M1-Y,M1-Y,10000,1adbd173137cbf10928ee4b25865258fc97f74b3c2c4c0a09cfd8629020566ab,3a829ffff2c2ee96946c197e18a7bd7d7495c255212c61bec1b3d24d788a71ee,/Users/arjunsharma/Documents/SandiaProjects/4-LDRDAMDIS/DIMSWE-feature-study-20260828/m1y_test2b_20260828_workspace/external-results/m1y-test2b-20260828/production/representation-B/m1y-seed0-m20-10k/checkpoint_000010000_parameters.npz,X,TRAINING TRUTH SUPPORT,0,80,POST-HOC CHECKPOINT EVALUATION,R_truth_active,correlation,0.9995325689340269,POST-HOC FINAL CHECKPOINT EVALUATION,false
t2b-b-m1y,Test 2B,B,M1-Y,M1-Y,10000,1adbd173137cbf10928ee4b25865258fc97f74b3c2c4c0a09cfd8629020566ab,3a829ffff2c2ee96946c197e18a7bd7d7495c255212c61bec1b3d24d788a71ee,/Users/arjunsharma/Documents/SandiaProjects/4-LDRDAMDIS/DIMSWE-feature-study-20260828/m1y_test2b_20260828_workspace/external-results/m1y-test2b-20260828/production/representation-B/m1y-seed0-m20-10k/checkpoint_000010000_parameters.npz,X,TRAINING TRUTH SUPPORT,0,80,POST-HOC CHECKPOINT EVALUATION,R_truth_active,cosine,0.9998672852128305,POST-HOC FINAL CHECKPOINT EVALUATION,false
t2b-b-m1y,Test 2B,B,M1-Y,M1-Y,10000,1adbd173137cbf10928ee4b25865258fc97f74b3c2c4c0a09cfd8629020566ab,3a829ffff2c2ee96946c197e18a7bd7d7495c255212c61bec1b3d24d788a71ee,/Users/arjunsharma/Documents/SandiaProjects/4-LDRDAMDIS/DIMSWE-feature-study-20260828/m1y_test2b_20260828_workspace/external-results/m1y-test2b-20260828/production/representation-B/m1y-seed0-m20-10k/checkpoint_000010000_parameters.npz,X,TRAINING TRUTH SUPPORT,0,80,POST-HOC CHECKPOINT EVALUATION,R_truth_active,target_RMS,1.9902871261559996e-11,POST-HOC FINAL CHECKPOINT EVALUATION,false
t2b-b-m1y,Test 2B,B,M1-Y,M1-Y,10000,1adbd173137cbf10928ee4b25865258fc97f74b3c2c4c0a09cfd8629020566ab,3a829ffff2c2ee96946c197e18a7bd7d7495c255212c61bec1b3d24d788a71ee,/Users/arjunsharma/Documents/SandiaProjects/4-LDRDAMDIS/DIMSWE-feature-study-20260828/m1y_test2b_20260828_workspace/external-results/m1y-test2b-20260828/production/representation-B/m1y-seed0-m20-10k/checkpoint_000010000_parameters.npz,X,TRAINING TRUTH SUPPORT,0,80,POST-HOC CHECKPOINT EVALUATION,R_truth_active,prediction_RMS,1.9892095908315585e-11,POST-HOC FINAL CHECKPOINT EVALUATION,false
t2b-b-m1y,Test 2B,B,M1-Y,M1-Y,10000,1adbd173137cbf10928ee4b25865258fc97f74b3c2c4c0a09cfd8629020566ab,3a829ffff2c2ee96946c197e18a7bd7d7495c255212c61bec1b3d24d788a71ee,/Users/arjunsharma/Documents/SandiaProjects/4-LDRDAMDIS/DIMSWE-feature-study-20260828/m1y_test2b_20260828_workspace/external-results/m1y-test2b-20260828/production/representation-B/m1y-seed0-m20-10k/checkpoint_000010000_parameters.npz,X,TRAINING TRUTH SUPPORT,0,80,POST-HOC CHECKPOINT EVALUATION,R_truth_active,sample_count,40800,POST-HOC FINAL CHECKPOINT EVALUATION,false
t2b-b-m1y,Test 2B,B,M1-Y,M1-Y,10000,1adbd173137cbf10928ee4b25865258fc97f74b3c2c4c0a09cfd8629020566ab,3a829ffff2c2ee96946c197e18a7bd7d7495c255212c61bec1b3d24d788a71ee,/Users/arjunsharma/Documents/SandiaProjects/4-LDRDAMDIS/DIMSWE-feature-study-20260828/m1y_test2b_20260828_workspace/external-results/m1y-test2b-20260828/production/representation-B/m1y-seed0-m20-10k/checkpoint_000010000_parameters.npz,X,TRAINING TRUTH SUPPORT,0,80,POST-HOC CHECKPOINT EVALUATION,R_activation,truth_active_sample_count,40800,POST-HOC FINAL CHECKPOINT EVALUATION,false
t2b-b-m1y,Test 2B,B,M1-Y,M1-Y,10000,1adbd173137cbf10928ee4b25865258fc97f74b3c2c4c0a09cfd8629020566ab,3a829ffff2c2ee96946c197e18a7bd7d7495c255212c61bec1b3d24d788a71ee,/Users/arjunsharma/Documents/SandiaProjects/4-LDRDAMDIS/DIMSWE-feature-study-20260828/m1y_test2b_20260828_workspace/external-results/m1y-test2b-20260828/production/representation-B/m1y-seed0-m20-10k/checkpoint_000010000_parameters.npz,X,TRAINING TRUTH SUPPORT,0,80,POST-HOC CHECKPOINT EVALUATION,R_activation,truth_active_sample_fraction,0.007685908564814815,POST-HOC FINAL CHECKPOINT EVALUATION,false
t2b-b-m1y,Test 2B,B,M1-Y,M1-Y,10000,1adbd173137cbf10928ee4b25865258fc97f74b3c2c4c0a09cfd8629020566ab,3a829ffff2c2ee96946c197e18a7bd7d7495c255212c61bec1b3d24d788a71ee,/Users/arjunsharma/Documents/SandiaProjects/4-LDRDAMDIS/DIMSWE-feature-study-20260828/m1y_test2b_20260828_workspace/external-results/m1y-test2b-20260828/production/representation-B/m1y-seed0-m20-10k/checkpoint_000010000_parameters.npz,X,TRAINING TRUTH SUPPORT,0,80,POST-HOC CHECKPOINT EVALUATION,R_activation,predicted_meaningful_positive_fraction,0.29957335672260804,POST-HOC FINAL CHECKPOINT EVALUATION,false
t2b-b-m1y,Test 2B,B,M1-Y,M1-Y,10000,1adbd173137cbf10928ee4b25865258fc97f74b3c2c4c0a09cfd8629020566ab,3a829ffff2c2ee96946c197e18a7bd7d7495c255212c61bec1b3d24d788a71ee,/Users/arjunsharma/Documents/SandiaProjects/4-LDRDAMDIS/DIMSWE-feature-study-20260828/m1y_test2b_20260828_workspace/external-results/m1y-test2b-20260828/production/representation-B/m1y-seed0-m20-10k/checkpoint_000010000_parameters.npz,X,TRAINING TRUTH SUPPORT,0,80,POST-HOC CHECKPOINT EVALUATION,R_activation,predicted_meaningful_negative_fraction,0.7004251362364969,POST-HOC FINAL CHECKPOINT EVALUATION,false
t2b-b-m1y,Test 2B,B,M1-Y,M1-Y,10000,1adbd173137cbf10928ee4b25865258fc97f74b3c2c4c0a09cfd8629020566ab,3a829ffff2c2ee96946c197e18a7bd7d7495c255212c61bec1b3d24d788a71ee,/Users/arjunsharma/Documents/SandiaProjects/4-LDRDAMDIS/DIMSWE-feature-study-20260828/m1y_test2b_20260828_workspace/external-results/m1y-test2b-20260828/production/representation-B/m1y-seed0-m20-10k/checkpoint_000010000_parameters.npz,X,TRAINING TRUTH SUPPORT,0,80,POST-HOC CHECKPOINT EVALUATION,R_activation,predicted_exact_positive_fraction,0.2995741102430556,POST-HOC FINAL CHECKPOINT EVALUATION,false
t2b-b-m1y,Test 2B,B,M1-Y,M1-Y,10000,1adbd173137cbf10928ee4b25865258fc97f74b3c2c4c0a09cfd8629020566ab,3a829ffff2c2ee96946c197e18a7bd7d7495c255212c61bec1b3d24d788a71ee,/Users/arjunsharma/Documents/SandiaProjects/4-LDRDAMDIS/DIMSWE-feature-study-20260828/m1y_test2b_20260828_workspace/external-results/m1y-test2b-20260828/production/representation-B/m1y-seed0-m20-10k/checkpoint_000010000_parameters.npz,X,TRAINING TRUTH SUPPORT,0,80,POST-HOC CHECKPOINT EVALUATION,R_activation,predicted_exact_negative_fraction,0.7004258897569444,POST-HOC FINAL CHECKPOINT EVALUATION,false
t2b-b-m1y,Test 2B,B,M1-Y,M1-Y,10000,1adbd173137cbf10928ee4b25865258fc97f74b3c2c4c0a09cfd8629020566ab,3a829ffff2c2ee96946c197e18a7bd7d7495c255212c61bec1b3d24d788a71ee,/Users/arjunsharma/Documents/SandiaProjects/4-LDRDAMDIS/DIMSWE-feature-study-20260828/m1y_test2b_20260828_workspace/external-results/m1y-test2b-20260828/production/representation-B/m1y-seed0-m20-10k/checkpoint_000010000_parameters.npz,X,TRAINING TRUTH SUPPORT,0,80,POST-HOC CHECKPOINT EVALUATION,R_activation,false_positive_count,1549460,POST-HOC FINAL CHECKPOINT EVALUATION,false
t2b-b-m1y,Test 2B,B,M1-Y,M1-Y,10000,1adbd173137cbf10928ee4b25865258fc97f74b3c2c4c0a09cfd8629020566ab,3a829ffff2c2ee96946c197e18a7bd7d7495c255212c61bec1b3d24d788a71ee,/Users/arjunsharma/Documents/SandiaProjects/4-LDRDAMDIS/DIMSWE-feature-study-20260828/m1y_test2b_20260828_workspace/external-results/m1y-test2b-20260828/production/representation-B/m1y-seed0-m20-10k/checkpoint_000010000_parameters.npz,X,TRAINING TRUTH SUPPORT,0,80,POST-HOC CHECKPOINT EVALUATION,R_activation,false_positive_fraction_all_samples,0.2918874481577932,POST-HOC FINAL CHECKPOINT EVALUATION,false
t2b-b-m1y,Test 2B,B,M1-Y,M1-Y,10000,1adbd173137cbf10928ee4b25865258fc97f74b3c2c4c0a09cfd8629020566ab,3a829ffff2c2ee96946c197e18a7bd7d7495c255212c61bec1b3d24d788a71ee,/Users/arjunsharma/Documents/SandiaProjects/4-LDRDAMDIS/DIMSWE-feature-study-20260828/m1y_test2b_20260828_workspace/external-results/m1y-test2b-20260828/production/representation-B/m1y-seed0-m20-10k/checkpoint_000010000_parameters.npz,X,TRAINING TRUTH SUPPORT,0,80,POST-HOC CHECKPOINT EVALUATION,R_activation,false_positive_rate_given_truth_inactive,0.294148244670834,POST-HOC FINAL CHECKPOINT EVALUATION,false
t2b-b-m1y,Test 2B,B,M1-Y,M1-Y,10000,1adbd173137cbf10928ee4b25865258fc97f74b3c2c4c0a09cfd8629020566ab,3a829ffff2c2ee96946c197e18a7bd7d7495c255212c61bec1b3d24d788a71ee,/Users/arjunsharma/Documents/SandiaProjects/4-LDRDAMDIS/DIMSWE-feature-study-20260828/m1y_test2b_20260828_workspace/external-results/m1y-test2b-20260828/production/representation-B/m1y-seed0-m20-10k/checkpoint_000010000_parameters.npz,X,TRAINING TRUTH SUPPORT,0,80,POST-HOC CHECKPOINT EVALUATION,R_activation,false_negative_count,0,POST-HOC FINAL CHECKPOINT EVALUATION,false
t2b-b-m1y,Test 2B,B,M1-Y,M1-Y,10000,1adbd173137cbf10928ee4b25865258fc97f74b3c2c4c0a09cfd8629020566ab,3a829ffff2c2ee96946c197e18a7bd7d7495c255212c61bec1b3d24d788a71ee,/Users/arjunsharma/Documents/SandiaProjects/4-LDRDAMDIS/DIMSWE-feature-study-20260828/m1y_test2b_20260828_workspace/external-results/m1y-test2b-20260828/production/representation-B/m1y-seed0-m20-10k/checkpoint_000010000_parameters.npz,X,TRAINING TRUTH SUPPORT,0,80,POST-HOC CHECKPOINT EVALUATION,R_activation,false_negative_fraction_all_samples,0.0,POST-HOC FINAL CHECKPOINT EVALUATION,false
t2b-b-m1y,Test 2B,B,M1-Y,M1-Y,10000,1adbd173137cbf10928ee4b25865258fc97f74b3c2c4c0a09cfd8629020566ab,3a829ffff2c2ee96946c197e18a7bd7d7495c255212c61bec1b3d24d788a71ee,/Users/arjunsharma/Documents/SandiaProjects/4-LDRDAMDIS/DIMSWE-feature-study-20260828/m1y_test2b_20260828_workspace/external-results/m1y-test2b-20260828/production/representation-B/m1y-seed0-m20-10k/checkpoint_000010000_parameters.npz,X,TRAINING TRUTH SUPPORT,0,80,POST-HOC CHECKPOINT EVALUATION,R_activation,false_negative_rate_given_truth_active,0.0,POST-HOC FINAL CHECKPOINT EVALUATION,false
t2b-b-m1y,Test 2B,B,M1-Y,M1-Y,10000,1adbd173137cbf10928ee4b25865258fc97f74b3c2c4c0a09cfd8629020566ab,3a829ffff2c2ee96946c197e18a7bd7d7495c255212c61bec1b3d24d788a71ee,/Users/arjunsharma/Documents/SandiaProjects/4-LDRDAMDIS/DIMSWE-feature-study-20260828/m1y_test2b_20260828_workspace/external-results/m1y-test2b-20260828/production/representation-B/m1y-seed0-m20-10k/checkpoint_000010000_parameters.npz,X,TRAINING TRUTH SUPPORT,0,80,POST-HOC CHECKPOINT EVALUATION,R_activation,first_meaningful_positive_predicted_step,0,POST-HOC FINAL CHECKPOINT EVALUATION,false
t2b-b-m1y,Test 2B,B,M1-Y,M1-Y,10000,1adbd173137cbf10928ee4b25865258fc97f74b3c2c4c0a09cfd8629020566ab,3a829ffff2c2ee96946c197e18a7bd7d7495c255212c61bec1b3d24d788a71ee,/Users/arjunsharma/Documents/SandiaProjects/4-LDRDAMDIS/DIMSWE-feature-study-20260828/m1y_test2b_20260828_workspace/external-results/m1y-test2b-20260828/production/representation-B/m1y-seed0-m20-10k/checkpoint_000010000_parameters.npz,X,TRAINING TRUTH SUPPORT,0,80,POST-HOC CHECKPOINT EVALUATION,R_activation,first_meaningful_positive_truth_step,51,POST-HOC FINAL CHECKPOINT EVALUATION,false
t2b-b-m1y,Test 2B,B,M1-Y,M1-Y,10000,1adbd173137cbf10928ee4b25865258fc97f74b3c2c4c0a09cfd8629020566ab,3a829ffff2c2ee96946c197e18a7bd7d7495c255212c61bec1b3d24d788a71ee,/Users/arjunsharma/Documents/SandiaProjects/4-LDRDAMDIS/DIMSWE-feature-study-20260828/m1y_test2b_20260828_workspace/external-results/m1y-test2b-20260828/production/representation-B/m1y-seed0-m20-10k/checkpoint_000010000_parameters.npz,X,TRAINING TRUTH SUPPORT,0,80,POST-HOC CHECKPOINT EVALUATION,R_activation,maximum_predicted_R,5.2593378588227153e-11,POST-HOC FINAL CHECKPOINT EVALUATION,false
t2b-b-m1y,Test 2B,B,M1-Y,M1-Y,10000,1adbd173137cbf10928ee4b25865258fc97f74b3c2c4c0a09cfd8629020566ab,3a829ffff2c2ee96946c197e18a7bd7d7495c255212c61bec1b3d24d788a71ee,/Users/arjunsharma/Documents/SandiaProjects/4-LDRDAMDIS/DIMSWE-feature-study-20260828/m1y_test2b_20260828_workspace/external-results/m1y-test2b-20260828/production/representation-B/m1y-seed0-m20-10k/checkpoint_000010000_parameters.npz,X,TRAINING TRUTH SUPPORT,0,80,POST-HOC CHECKPOINT EVALUATION,R_activation,minimum_predicted_R,-5.555180862892273e-13,POST-HOC FINAL CHECKPOINT EVALUATION,false
t2b-b-m1y,Test 2B,B,M1-Y,M1-Y,10000,1adbd173137cbf10928ee4b25865258fc97f74b3c2c4c0a09cfd8629020566ab,3a829ffff2c2ee96946c197e18a7bd7d7495c255212c61bec1b3d24d788a71ee,/Users/arjunsharma/Documents/SandiaProjects/4-LDRDAMDIS/DIMSWE-feature-study-20260828/m1y_test2b_20260828_workspace/external-results/m1y-test2b-20260828/production/representation-B/m1y-seed0-m20-10k/checkpoint_000010000_parameters.npz,X,TRAINING TRUTH SUPPORT,0,80,POST-HOC CHECKPOINT EVALUATION,R_activation,activity_numerical_tolerance,1.2119968976504772e-20,POST-HOC FINAL CHECKPOINT EVALUATION,false
t2b-b-m1y,Test 2B,B,M1-Y,M1-Y,10000,1adbd173137cbf10928ee4b25865258fc97f74b3c2c4c0a09cfd8629020566ab,3a829ffff2c2ee96946c197e18a7bd7d7495c255212c61bec1b3d24d788a71ee,/Users/arjunsharma/Documents/SandiaProjects/4-LDRDAMDIS/DIMSWE-feature-study-20260828/m1y_test2b_20260828_workspace/external-results/m1y-test2b-20260828/production/representation-B/m1y-seed0-m20-10k/checkpoint_000010000_parameters.npz,X,TRAINING TRUTH SUPPORT,0,80,POST-HOC CHECKPOINT EVALUATION,R_activation,sample_count,5308416,POST-HOC FINAL CHECKPOINT EVALUATION,false
t2b-c-m1x,Test 2B,C,M1-X,M1-X,10000,8ad9c8017c9304827d8e9e73392c3a9503f7de05a38b86baf52f4351c35615e4,e13a7bd42f3f773d068a6cc0c1344a3a8db0caef74a269ce7980b0b50f91e3b0,/Users/arjunsharma/Documents/SandiaProjects/4-LDRDAMDIS/DIMSWE-study-d0eb615/external-results/test2b-rain-active-learning/production/representation-C/m1-seed0-m20-10k/checkpoint_000010000_parameters.npz,X,TRAINING TRUTH SUPPORT,0,80,POST-HOC CHECKPOINT EVALUATION,operator,normalized_objective,3.869751976556204e-05,POST-HOC FINAL CHECKPOINT EVALUATION,true
t2b-c-m1x,Test 2B,C,M1-X,M1-X,10000,8ad9c8017c9304827d8e9e73392c3a9503f7de05a38b86baf52f4351c35615e4,e13a7bd42f3f773d068a6cc0c1344a3a8db0caef74a269ce7980b0b50f91e3b0,/Users/arjunsharma/Documents/SandiaProjects/4-LDRDAMDIS/DIMSWE-study-d0eb615/external-results/test2b-rain-active-learning/production/representation-C/m1-seed0-m20-10k/checkpoint_000010000_parameters.npz,X,TRAINING TRUTH SUPPORT,0,80,POST-HOC CHECKPOINT EVALUATION,operator,numerator,235671913242.19748,POST-HOC FINAL CHECKPOINT EVALUATION,true
t2b-c-m1x,Test 2B,C,M1-X,M1-X,10000,8ad9c8017c9304827d8e9e73392c3a9503f7de05a38b86baf52f4351c35615e4,e13a7bd42f3f773d068a6cc0c1344a3a8db0caef74a269ce7980b0b50f91e3b0,/Users/arjunsharma/Documents/SandiaProjects/4-LDRDAMDIS/DIMSWE-study-d0eb615/external-results/test2b-rain-active-learning/production/representation-C/m1-seed0-m20-10k/checkpoint_000010000_parameters.npz,X,TRAINING TRUTH SUPPORT,0,80,POST-HOC CHECKPOINT EVALUATION,operator,denominator,6090103827582466.0,POST-HOC FINAL CHECKPOINT EVALUATION,true
t2b-c-m1x,Test 2B,C,M1-X,M1-X,10000,8ad9c8017c9304827d8e9e73392c3a9503f7de05a38b86baf52f4351c35615e4,e13a7bd42f3f773d068a6cc0c1344a3a8db0caef74a269ce7980b0b50f91e3b0,/Users/arjunsharma/Documents/SandiaProjects/4-LDRDAMDIS/DIMSWE-study-d0eb615/external-results/test2b-rain-active-learning/production/representation-C/m1-seed0-m20-10k/checkpoint_000010000_parameters.npz,X,TRAINING TRUTH SUPPORT,0,80,POST-HOC CHECKPOINT EVALUATION,source_components.S,normalized_RMS_error,0.005898359286930043,POST-HOC FINAL CHECKPOINT EVALUATION,true
t2b-c-m1x,Test 2B,C,M1-X,M1-X,10000,8ad9c8017c9304827d8e9e73392c3a9503f7de05a38b86baf52f4351c35615e4,e13a7bd42f3f773d068a6cc0c1344a3a8db0caef74a269ce7980b0b50f91e3b0,/Users/arjunsharma/Documents/SandiaProjects/4-LDRDAMDIS/DIMSWE-study-d0eb615/external-results/test2b-rain-active-learning/production/representation-C/m1-seed0-m20-10k/checkpoint_000010000_parameters.npz,X,TRAINING TRUTH SUPPORT,0,80,POST-HOC CHECKPOINT EVALUATION,source_components.S,relative_RMS_error,0.005898359286930044,POST-HOC FINAL CHECKPOINT EVALUATION,true
t2b-c-m1x,Test 2B,C,M1-X,M1-X,10000,8ad9c8017c9304827d8e9e73392c3a9503f7de05a38b86baf52f4351c35615e4,e13a7bd42f3f773d068a6cc0c1344a3a8db0caef74a269ce7980b0b50f91e3b0,/Users/arjunsharma/Documents/SandiaProjects/4-LDRDAMDIS/DIMSWE-study-d0eb615/external-results/test2b-rain-active-learning/production/representation-C/m1-seed0-m20-10k/checkpoint_000010000_parameters.npz,X,TRAINING TRUTH SUPPORT,0,80,POST-HOC CHECKPOINT EVALUATION,source_components.S,physical_RMS_error,3.9350772835689814e-05,POST-HOC FINAL CHECKPOINT EVALUATION,true
t2b-c-m1x,Test 2B,C,M1-X,M1-X,10000,8ad9c8017c9304827d8e9e73392c3a9503f7de05a38b86baf52f4351c35615e4,e13a7bd42f3f773d068a6cc0c1344a3a8db0caef74a269ce7980b0b50f91e3b0,/Users/arjunsharma/Documents/SandiaProjects/4-LDRDAMDIS/DIMSWE-study-d0eb615/external-results/test2b-rain-active-learning/production/representation-C/m1-seed0-m20-10k/checkpoint_000010000_parameters.npz,X,TRAINING TRUTH SUPPORT,0,80,POST-HOC CHECKPOINT EVALUATION,source_components.S,maximum_absolute_error,0.0028832544466477128,POST-HOC FINAL CHECKPOINT EVALUATION,true
t2b-c-m1x,Test 2B,C,M1-X,M1-X,10000,8ad9c8017c9304827d8e9e73392c3a9503f7de05a38b86baf52f4351c35615e4,e13a7bd42f3f773d068a6cc0c1344a3a8db0caef74a269ce7980b0b50f91e3b0,/Users/arjunsharma/Documents/SandiaProjects/4-LDRDAMDIS/DIMSWE-study-d0eb615/external-results/test2b-rain-active-learning/production/representation-C/m1-seed0-m20-10k/checkpoint_000010000_parameters.npz,X,TRAINING TRUTH SUPPORT,0,80,POST-HOC CHECKPOINT EVALUATION,source_components.S,signed_mass_weighted_bias,1.34300800260055e-07,POST-HOC FINAL CHECKPOINT EVALUATION,true
t2b-c-m1x,Test 2B,C,M1-X,M1-X,10000,8ad9c8017c9304827d8e9e73392c3a9503f7de05a38b86baf52f4351c35615e4,e13a7bd42f3f773d068a6cc0c1344a3a8db0caef74a269ce7980b0b50f91e3b0,/Users/arjunsharma/Documents/SandiaProjects/4-LDRDAMDIS/DIMSWE-study-d0eb615/external-results/test2b-rain-active-learning/production/representation-C/m1-seed0-m20-10k/checkpoint_000010000_parameters.npz,X,TRAINING TRUTH SUPPORT,0,80,POST-HOC CHECKPOINT EVALUATION,source_components.S,correlation,0.9999823944315449,POST-HOC FINAL CHECKPOINT EVALUATION,true
t2b-c-m1x,Test 2B,C,M1-X,M1-X,10000,8ad9c8017c9304827d8e9e73392c3a9503f7de05a38b86baf52f4351c35615e4,e13a7bd42f3f773d068a6cc0c1344a3a8db0caef74a269ce7980b0b50f91e3b0,/Users/arjunsharma/Documents/SandiaProjects/4-LDRDAMDIS/DIMSWE-study-d0eb615/external-results/test2b-rain-active-learning/production/representation-C/m1-seed0-m20-10k/checkpoint_000010000_parameters.npz,X,TRAINING TRUTH SUPPORT,0,80,POST-HOC CHECKPOINT EVALUATION,source_components.S,cosine,0.9999826071714761,POST-HOC FINAL CHECKPOINT EVALUATION,true
t2b-c-m1x,Test 2B,C,M1-X,M1-X,10000,8ad9c8017c9304827d8e9e73392c3a9503f7de05a38b86baf52f4351c35615e4,e13a7bd42f3f773d068a6cc0c1344a3a8db0caef74a269ce7980b0b50f91e3b0,/Users/arjunsharma/Documents/SandiaProjects/4-LDRDAMDIS/DIMSWE-study-d0eb615/external-results/test2b-rain-active-learning/production/representation-C/m1-seed0-m20-10k/checkpoint_000010000_parameters.npz,X,TRAINING TRUTH SUPPORT,0,80,POST-HOC CHECKPOINT EVALUATION,source_components.S,target_RMS,0.0066714777655009485,POST-HOC FINAL CHECKPOINT EVALUATION,true
t2b-c-m1x,Test 2B,C,M1-X,M1-X,10000,8ad9c8017c9304827d8e9e73392c3a9503f7de05a38b86baf52f4351c35615e4,e13a7bd42f3f773d068a6cc0c1344a3a8db0caef74a269ce7980b0b50f91e3b0,/Users/arjunsharma/Documents/SandiaProjects/4-LDRDAMDIS/DIMSWE-study-d0eb615/external-results/test2b-rain-active-learning/production/representation-C/m1-seed0-m20-10k/checkpoint_000010000_parameters.npz,X,TRAINING TRUTH SUPPORT,0,80,POST-HOC CHECKPOINT EVALUATION,source_components.S,prediction_RMS,0.006671846858457211,POST-HOC FINAL CHECKPOINT EVALUATION,true
t2b-c-m1x,Test 2B,C,M1-X,M1-X,10000,8ad9c8017c9304827d8e9e73392c3a9503f7de05a38b86baf52f4351c35615e4,e13a7bd42f3f773d068a6cc0c1344a3a8db0caef74a269ce7980b0b50f91e3b0,/Users/arjunsharma/Documents/SandiaProjects/4-LDRDAMDIS/DIMSWE-study-d0eb615/external-results/test2b-rain-active-learning/production/representation-C/m1-seed0-m20-10k/checkpoint_000010000_parameters.npz,X,TRAINING TRUTH SUPPORT,0,80,POST-HOC CHECKPOINT EVALUATION,source_components.S,sample_count,5308416,POST-HOC FINAL CHECKPOINT EVALUATION,true
t2b-c-m1x,Test 2B,C,M1-X,M1-X,10000,8ad9c8017c9304827d8e9e73392c3a9503f7de05a38b86baf52f4351c35615e4,e13a7bd42f3f773d068a6cc0c1344a3a8db0caef74a269ce7980b0b50f91e3b0,/Users/arjunsharma/Documents/SandiaProjects/4-LDRDAMDIS/DIMSWE-study-d0eb615/external-results/test2b-rain-active-learning/production/representation-C/m1-seed0-m20-10k/checkpoint_000010000_parameters.npz,X,TRAINING TRUTH SUPPORT,0,80,POST-HOC CHECKPOINT EVALUATION,source_components.Qv,normalized_RMS_error,0.0058682442960054934,POST-HOC FINAL CHECKPOINT EVALUATION,true
t2b-c-m1x,Test 2B,C,M1-X,M1-X,10000,8ad9c8017c9304827d8e9e73392c3a9503f7de05a38b86baf52f4351c35615e4,e13a7bd42f3f773d068a6cc0c1344a3a8db0caef74a269ce7980b0b50f91e3b0,/Users/arjunsharma/Documents/SandiaProjects/4-LDRDAMDIS/DIMSWE-study-d0eb615/external-results/test2b-rain-active-learning/production/representation-C/m1-seed0-m20-10k/checkpoint_000010000_parameters.npz,X,TRAINING TRUTH SUPPORT,0,80,POST-HOC CHECKPOINT EVALUATION,source_components.Qv,relative_RMS_error,0.005868244296005495,POST-HOC FINAL CHECKPOINT EVALUATION,true
t2b-c-m1x,Test 2B,C,M1-X,M1-X,10000,8ad9c8017c9304827d8e9e73392c3a9503f7de05a38b86baf52f4351c35615e4,e13a7bd42f3f773d068a6cc0c1344a3a8db0caef74a269ce7980b0b50f91e3b0,/Users/arjunsharma/Documents/SandiaProjects/4-LDRDAMDIS/DIMSWE-study-d0eb615/external-results/test2b-rain-active-learning/production/representation-C/m1-seed0-m20-10k/checkpoint_000010000_parameters.npz,X,TRAINING TRUTH SUPPORT,0,80,POST-HOC CHECKPOINT EVALUATION,source_components.Qv,physical_RMS_error,3.9923743181151873e-07,POST-HOC FINAL CHECKPOINT EVALUATION,true
t2b-c-m1x,Test 2B,C,M1-X,M1-X,10000,8ad9c8017c9304827d8e9e73392c3a9503f7de05a38b86baf52f4351c35615e4,e13a7bd42f3f773d068a6cc0c1344a3a8db0caef74a269ce7980b0b50f91e3b0,/Users/arjunsharma/Documents/SandiaProjects/4-LDRDAMDIS/DIMSWE-study-d0eb615/external-results/test2b-rain-active-learning/production/representation-C/m1-seed0-m20-10k/checkpoint_000010000_parameters.npz,X,TRAINING TRUTH SUPPORT,0,80,POST-HOC CHECKPOINT EVALUATION,source_components.Qv,maximum_absolute_error,2.974759022652285e-05,POST-HOC FINAL CHECKPOINT EVALUATION,true
t2b-c-m1x,Test 2B,C,M1-X,M1-X,10000,8ad9c8017c9304827d8e9e73392c3a9503f7de05a38b86baf52f4351c35615e4,e13a7bd42f3f773d068a6cc0c1344a3a8db0caef74a269ce7980b0b50f91e3b0,/Users/arjunsharma/Documents/SandiaProjects/4-LDRDAMDIS/DIMSWE-study-d0eb615/external-results/test2b-rain-active-learning/production/representation-C/m1-seed0-m20-10k/checkpoint_000010000_parameters.npz,X,TRAINING TRUTH SUPPORT,0,80,POST-HOC CHECKPOINT EVALUATION,source_components.Qv,signed_mass_weighted_bias,3.760954973383774e-09,POST-HOC FINAL CHECKPOINT EVALUATION,true
t2b-c-m1x,Test 2B,C,M1-X,M1-X,10000,8ad9c8017c9304827d8e9e73392c3a9503f7de05a38b86baf52f4351c35615e4,e13a7bd42f3f773d068a6cc0c1344a3a8db0caef74a269ce7980b0b50f91e3b0,/Users/arjunsharma/Documents/SandiaProjects/4-LDRDAMDIS/DIMSWE-study-d0eb615/external-results/test2b-rain-active-learning/production/representation-C/m1-seed0-m20-10k/checkpoint_000010000_parameters.npz,X,TRAINING TRUTH SUPPORT,0,80,POST-HOC CHECKPOINT EVALUATION,source_components.Qv,correlation,0.9999825828036798,POST-HOC FINAL CHECKPOINT EVALUATION,true
t2b-c-m1x,Test 2B,C,M1-X,M1-X,10000,8ad9c8017c9304827d8e9e73392c3a9503f7de05a38b86baf52f4351c35615e4,e13a7bd42f3f773d068a6cc0c1344a3a8db0caef74a269ce7980b0b50f91e3b0,/Users/arjunsharma/Documents/SandiaProjects/4-LDRDAMDIS/DIMSWE-study-d0eb615/external-results/test2b-rain-active-learning/production/representation-C/m1-seed0-m20-10k/checkpoint_000010000_parameters.npz,X,TRAINING TRUTH SUPPORT,0,80,POST-HOC CHECKPOINT EVALUATION,source_components.Qv,cosine,0.9999827929007149,POST-HOC FINAL CHECKPOINT EVALUATION,true
t2b-c-m1x,Test 2B,C,M1-X,M1-X,10000,8ad9c8017c9304827d8e9e73392c3a9503f7de05a38b86baf52f4351c35615e4,e13a7bd42f3f773d068a6cc0c1344a3a8db0caef74a269ce7980b0b50f91e3b0,/Users/arjunsharma/Documents/SandiaProjects/4-LDRDAMDIS/DIMSWE-study-d0eb615/external-results/test2b-rain-active-learning/production/representation-C/m1-seed0-m20-10k/checkpoint_000010000_parameters.npz,X,TRAINING TRUTH SUPPORT,0,80,POST-HOC CHECKPOINT EVALUATION,source_components.Qv,target_RMS,6.803353979030474e-05,POST-HOC FINAL CHECKPOINT EVALUATION,true
t2b-c-m1x,Test 2B,C,M1-X,M1-X,10000,8ad9c8017c9304827d8e9e73392c3a9503f7de05a38b86baf52f4351c35615e4,e13a7bd42f3f773d068a6cc0c1344a3a8db0caef74a269ce7980b0b50f91e3b0,/Users/arjunsharma/Documents/SandiaProjects/4-LDRDAMDIS/DIMSWE-study-d0eb615/external-results/test2b-rain-active-learning/production/representation-C/m1-seed0-m20-10k/checkpoint_000010000_parameters.npz,X,TRAINING TRUTH SUPPORT,0,80,POST-HOC CHECKPOINT EVALUATION,source_components.Qv,prediction_RMS,6.802218938636105e-05,POST-HOC FINAL CHECKPOINT EVALUATION,true
t2b-c-m1x,Test 2B,C,M1-X,M1-X,10000,8ad9c8017c9304827d8e9e73392c3a9503f7de05a38b86baf52f4351c35615e4,e13a7bd42f3f773d068a6cc0c1344a3a8db0caef74a269ce7980b0b50f91e3b0,/Users/arjunsharma/Documents/SandiaProjects/4-LDRDAMDIS/DIMSWE-study-d0eb615/external-results/test2b-rain-active-learning/production/representation-C/m1-seed0-m20-10k/checkpoint_000010000_parameters.npz,X,TRAINING TRUTH SUPPORT,0,80,POST-HOC CHECKPOINT EVALUATION,source_components.Qv,sample_count,5308416,POST-HOC FINAL CHECKPOINT EVALUATION,true
t2b-c-m1x,Test 2B,C,M1-X,M1-X,10000,8ad9c8017c9304827d8e9e73392c3a9503f7de05a38b86baf52f4351c35615e4,e13a7bd42f3f773d068a6cc0c1344a3a8db0caef74a269ce7980b0b50f91e3b0,/Users/arjunsharma/Documents/SandiaProjects/4-LDRDAMDIS/DIMSWE-study-d0eb615/external-results/test2b-rain-active-learning/production/representation-C/m1-seed0-m20-10k/checkpoint_000010000_parameters.npz,X,TRAINING TRUTH SUPPORT,0,80,POST-HOC CHECKPOINT EVALUATION,source_components.Qc,normalized_RMS_error,0.005886692974638994,POST-HOC FINAL CHECKPOINT EVALUATION,true
t2b-c-m1x,Test 2B,C,M1-X,M1-X,10000,8ad9c8017c9304827d8e9e73392c3a9503f7de05a38b86baf52f4351c35615e4,e13a7bd42f3f773d068a6cc0c1344a3a8db0caef74a269ce7980b0b50f91e3b0,/Users/arjunsharma/Documents/SandiaProjects/4-LDRDAMDIS/DIMSWE-study-d0eb615/external-results/test2b-rain-active-learning/production/representation-C/m1-seed0-m20-10k/checkpoint_000010000_parameters.npz,X,TRAINING TRUTH SUPPORT,0,80,POST-HOC CHECKPOINT EVALUATION,source_components.Qc,relative_RMS_error,0.005886692974638995,POST-HOC FINAL CHECKPOINT EVALUATION,true
t2b-c-m1x,Test 2B,C,M1-X,M1-X,10000,8ad9c8017c9304827d8e9e73392c3a9503f7de05a38b86baf52f4351c35615e4,e13a7bd42f3f773d068a6cc0c1344a3a8db0caef74a269ce7980b0b50f91e3b0,/Users/arjunsharma/Documents/SandiaProjects/4-LDRDAMDIS/DIMSWE-study-d0eb615/external-results/test2b-rain-active-learning/production/representation-C/m1-seed0-m20-10k/checkpoint_000010000_parameters.npz,X,TRAINING TRUTH SUPPORT,0,80,POST-HOC CHECKPOINT EVALUATION,source_components.Qc,physical_RMS_error,4.0049256053410486e-07,POST-HOC FINAL CHECKPOINT EVALUATION,true
t2b-c-m1x,Test 2B,C,M1-X,M1-X,10000,8ad9c8017c9304827d8e9e73392c3a9503f7de05a38b86baf52f4351c35615e4,e13a7bd42f3f773d068a6cc0c1344a3a8db0caef74a269ce7980b0b50f91e3b0,/Users/arjunsharma/Documents/SandiaProjects/4-LDRDAMDIS/DIMSWE-study-d0eb615/external-results/test2b-rain-active-learning/production/representation-C/m1-seed0-m20-10k/checkpoint_000010000_parameters.npz,X,TRAINING TRUTH SUPPORT,0,80,POST-HOC CHECKPOINT EVALUATION,source_components.Qc,maximum_absolute_error,2.9415560844745888e-05,POST-HOC FINAL CHECKPOINT EVALUATION,true
t2b-c-m1x,Test 2B,C,M1-X,M1-X,10000,8ad9c8017c9304827d8e9e73392c3a9503f7de05a38b86baf52f4351c35615e4,e13a7bd42f3f773d068a6cc0c1344a3a8db0caef74a269ce7980b0b50f91e3b0,/Users/arjunsharma/Documents/SandiaProjects/4-LDRDAMDIS/DIMSWE-study-d0eb615/external-results/test2b-rain-active-learning/production/representation-C/m1-seed0-m20-10k/checkpoint_000010000_parameters.npz,X,TRAINING TRUTH SUPPORT,0,80,POST-HOC CHECKPOINT EVALUATION,source_components.Qc,signed_mass_weighted_bias,6.027396050302954e-09,POST-HOC FINAL CHECKPOINT EVALUATION,true
t2b-c-m1x,Test 2B,C,M1-X,M1-X,10000,8ad9c8017c9304827d8e9e73392c3a9503f7de05a38b86baf52f4351c35615e4,e13a7bd42f3f773d068a6cc0c1344a3a8db0caef74a269ce7980b0b50f91e3b0,/Users/arjunsharma/Documents/SandiaProjects/4-LDRDAMDIS/DIMSWE-study-d0eb615/external-results/test2b-rain-active-learning/production/representation-C/m1-seed0-m20-10k/checkpoint_000010000_parameters.npz,X,TRAINING TRUTH SUPPORT,0,80,POST-HOC CHECKPOINT EVALUATION,source_components.Qc,correlation,0.9999824682069229,POST-HOC FINAL CHECKPOINT EVALUATION,true
t2b-c-m1x,Test 2B,C,M1-X,M1-X,10000,8ad9c8017c9304827d8e9e73392c3a9503f7de05a38b86baf52f4351c35615e4,e13a7bd42f3f773d068a6cc0c1344a3a8db0caef74a269ce7980b0b50f91e3b0,/Users/arjunsharma/Documents/SandiaProjects/4-LDRDAMDIS/DIMSWE-study-d0eb615/external-results/test2b-rain-active-learning/production/representation-C/m1-seed0-m20-10k/checkpoint_000010000_parameters.npz,X,TRAINING TRUTH SUPPORT,0,80,POST-HOC CHECKPOINT EVALUATION,source_components.Qc,cosine,0.9999826773142548,POST-HOC FINAL CHECKPOINT EVALUATION,true
t2b-c-m1x,Test 2B,C,M1-X,M1-X,10000,8ad9c8017c9304827d8e9e73392c3a9503f7de05a38b86baf52f4351c35615e4,e13a7bd42f3f773d068a6cc0c1344a3a8db0caef74a269ce7980b0b50f91e3b0,/Users/arjunsharma/Documents/SandiaProjects/4-LDRDAMDIS/DIMSWE-study-d0eb615/external-results/test2b-rain-active-learning/production/representation-C/m1-seed0-m20-10k/checkpoint_000010000_parameters.npz,X,TRAINING TRUTH SUPPORT,0,80,POST-HOC CHECKPOINT EVALUATION,source_components.Qc,target_RMS,6.803353975814668e-05,POST-HOC FINAL CHECKPOINT EVALUATION,true
t2b-c-m1x,Test 2B,C,M1-X,M1-X,10000,8ad9c8017c9304827d8e9e73392c3a9503f7de05a38b86baf52f4351c35615e4,e13a7bd42f3f773d068a6cc0c1344a3a8db0caef74a269ce7980b0b50f91e3b0,/Users/arjunsharma/Documents/SandiaProjects/4-LDRDAMDIS/DIMSWE-study-d0eb615/external-results/test2b-rain-active-learning/production/representation-C/m1-seed0-m20-10k/checkpoint_000010000_parameters.npz,X,TRAINING TRUTH SUPPORT,0,80,POST-HOC CHECKPOINT EVALUATION,source_components.Qc,prediction_RMS,6.803847773440832e-05,POST-HOC FINAL CHECKPOINT EVALUATION,true
t2b-c-m1x,Test 2B,C,M1-X,M1-X,10000,8ad9c8017c9304827d8e9e73392c3a9503f7de05a38b86baf52f4351c35615e4,e13a7bd42f3f773d068a6cc0c1344a3a8db0caef74a269ce7980b0b50f91e3b0,/Users/arjunsharma/Documents/SandiaProjects/4-LDRDAMDIS/DIMSWE-study-d0eb615/external-results/test2b-rain-active-learning/production/representation-C/m1-seed0-m20-10k/checkpoint_000010000_parameters.npz,X,TRAINING TRUTH SUPPORT,0,80,POST-HOC CHECKPOINT EVALUATION,source_components.Qc,sample_count,5308416,POST-HOC FINAL CHECKPOINT EVALUATION,true
t2b-c-m1x,Test 2B,C,M1-X,M1-X,10000,8ad9c8017c9304827d8e9e73392c3a9503f7de05a38b86baf52f4351c35615e4,e13a7bd42f3f773d068a6cc0c1344a3a8db0caef74a269ce7980b0b50f91e3b0,/Users/arjunsharma/Documents/SandiaProjects/4-LDRDAMDIS/DIMSWE-study-d0eb615/external-results/test2b-rain-active-learning/production/representation-C/m1-seed0-m20-10k/checkpoint_000010000_parameters.npz,X,TRAINING TRUTH SUPPORT,0,80,POST-HOC CHECKPOINT EVALUATION,source_components.Qr,normalized_RMS_error,0.0035356900530961466,POST-HOC FINAL CHECKPOINT EVALUATION,true
t2b-c-m1x,Test 2B,C,M1-X,M1-X,10000,8ad9c8017c9304827d8e9e73392c3a9503f7de05a38b86baf52f4351c35615e4,e13a7bd42f3f773d068a6cc0c1344a3a8db0caef74a269ce7980b0b50f91e3b0,/Users/arjunsharma/Documents/SandiaProjects/4-LDRDAMDIS/DIMSWE-study-d0eb615/external-results/test2b-rain-active-learning/production/representation-C/m1-seed0-m20-10k/checkpoint_000010000_parameters.npz,X,TRAINING TRUTH SUPPORT,0,80,POST-HOC CHECKPOINT EVALUATION,source_components.Qr,relative_RMS_error,0.04093956189571676,POST-HOC FINAL CHECKPOINT EVALUATION,true
t2b-c-m1x,Test 2B,C,M1-X,M1-X,10000,8ad9c8017c9304827d8e9e73392c3a9503f7de05a38b86baf52f4351c35615e4,e13a7bd42f3f773d068a6cc0c1344a3a8db0caef74a269ce7980b0b50f91e3b0,/Users/arjunsharma/Documents/SandiaProjects/4-LDRDAMDIS/DIMSWE-study-d0eb615/external-results/test2b-rain-active-learning/production/representation-C/m1-seed0-m20-10k/checkpoint_000010000_parameters.npz,X,TRAINING TRUTH SUPPORT,0,80,POST-HOC CHECKPOINT EVALUATION,source_components.Qr,physical_RMS_error,5.330582471010708e-11,POST-HOC FINAL CHECKPOINT EVALUATION,true
t2b-c-m1x,Test 2B,C,M1-X,M1-X,10000,8ad9c8017c9304827d8e9e73392c3a9503f7de05a38b86baf52f4351c35615e4,e13a7bd42f3f773d068a6cc0c1344a3a8db0caef74a269ce7980b0b50f91e3b0,/Users/arjunsharma/Documents/SandiaProjects/4-LDRDAMDIS/DIMSWE-study-d0eb615/external-results/test2b-rain-active-learning/production/representation-C/m1-seed0-m20-10k/checkpoint_000010000_parameters.npz,X,TRAINING TRUTH SUPPORT,0,80,POST-HOC CHECKPOINT EVALUATION,source_components.Qr,maximum_absolute_error,4.181608893737316e-09,POST-HOC FINAL CHECKPOINT EVALUATION,true
t2b-c-m1x,Test 2B,C,M1-X,M1-X,10000,8ad9c8017c9304827d8e9e73392c3a9503f7de05a38b86baf52f4351c35615e4,e13a7bd42f3f773d068a6cc0c1344a3a8db0caef74a269ce7980b0b50f91e3b0,/Users/arjunsharma/Documents/SandiaProjects/4-LDRDAMDIS/DIMSWE-study-d0eb615/external-results/test2b-rain-active-learning/production/representation-C/m1-seed0-m20-10k/checkpoint_000010000_parameters.npz,X,TRAINING TRUTH SUPPORT,0,80,POST-HOC CHECKPOINT EVALUATION,source_components.Qr,signed_mass_weighted_bias,1.7785256135130855e-13,POST-HOC FINAL CHECKPOINT EVALUATION,true
t2b-c-m1x,Test 2B,C,M1-X,M1-X,10000,8ad9c8017c9304827d8e9e73392c3a9503f7de05a38b86baf52f4351c35615e4,e13a7bd42f3f773d068a6cc0c1344a3a8db0caef74a269ce7980b0b50f91e3b0,/Users/arjunsharma/Documents/SandiaProjects/4-LDRDAMDIS/DIMSWE-study-d0eb615/external-results/test2b-rain-active-learning/production/representation-C/m1-seed0-m20-10k/checkpoint_000010000_parameters.npz,X,TRAINING TRUTH SUPPORT,0,80,POST-HOC CHECKPOINT EVALUATION,source_components.Qr,correlation,0.9991573754577133,POST-HOC FINAL CHECKPOINT EVALUATION,true
t2b-c-m1x,Test 2B,C,M1-X,M1-X,10000,8ad9c8017c9304827d8e9e73392c3a9503f7de05a38b86baf52f4351c35615e4,e13a7bd42f3f773d068a6cc0c1344a3a8db0caef74a269ce7980b0b50f91e3b0,/Users/arjunsharma/Documents/SandiaProjects/4-LDRDAMDIS/DIMSWE-study-d0eb615/external-results/test2b-rain-active-learning/production/representation-C/m1-seed0-m20-10k/checkpoint_000010000_parameters.npz,X,TRAINING TRUTH SUPPORT,0,80,POST-HOC CHECKPOINT EVALUATION,source_components.Qr,cosine,0.9991618712971603,POST-HOC FINAL CHECKPOINT EVALUATION,true
t2b-c-m1x,Test 2B,C,M1-X,M1-X,10000,8ad9c8017c9304827d8e9e73392c3a9503f7de05a38b86baf52f4351c35615e4,e13a7bd42f3f773d068a6cc0c1344a3a8db0caef74a269ce7980b0b50f91e3b0,/Users/arjunsharma/Documents/SandiaProjects/4-LDRDAMDIS/DIMSWE-study-d0eb615/external-results/test2b-rain-active-learning/production/representation-C/m1-seed0-m20-10k/checkpoint_000010000_parameters.npz,X,TRAINING TRUTH SUPPORT,0,80,POST-HOC CHECKPOINT EVALUATION,source_components.Qr,target_RMS,1.302061434997528e-09,POST-HOC FINAL CHECKPOINT EVALUATION,true
t2b-c-m1x,Test 2B,C,M1-X,M1-X,10000,8ad9c8017c9304827d8e9e73392c3a9503f7de05a38b86baf52f4351c35615e4,e13a7bd42f3f773d068a6cc0c1344a3a8db0caef74a269ce7980b0b50f91e3b0,/Users/arjunsharma/Documents/SandiaProjects/4-LDRDAMDIS/DIMSWE-study-d0eb615/external-results/test2b-rain-active-learning/production/representation-C/m1-seed0-m20-10k/checkpoint_000010000_parameters.npz,X,TRAINING TRUTH SUPPORT,0,80,POST-HOC CHECKPOINT EVALUATION,source_components.Qr,prediction_RMS,1.3018841668980676e-09,POST-HOC FINAL CHECKPOINT EVALUATION,true
t2b-c-m1x,Test 2B,C,M1-X,M1-X,10000,8ad9c8017c9304827d8e9e73392c3a9503f7de05a38b86baf52f4351c35615e4,e13a7bd42f3f773d068a6cc0c1344a3a8db0caef74a269ce7980b0b50f91e3b0,/Users/arjunsharma/Documents/SandiaProjects/4-LDRDAMDIS/DIMSWE-study-d0eb615/external-results/test2b-rain-active-learning/production/representation-C/m1-seed0-m20-10k/checkpoint_000010000_parameters.npz,X,TRAINING TRUTH SUPPORT,0,80,POST-HOC CHECKPOINT EVALUATION,source_components.Qr,sample_count,5308416,POST-HOC FINAL CHECKPOINT EVALUATION,true
t2b-c-m1x,Test 2B,C,M1-X,M1-X,10000,8ad9c8017c9304827d8e9e73392c3a9503f7de05a38b86baf52f4351c35615e4,e13a7bd42f3f773d068a6cc0c1344a3a8db0caef74a269ce7980b0b50f91e3b0,/Users/arjunsharma/Documents/SandiaProjects/4-LDRDAMDIS/DIMSWE-study-d0eb615/external-results/test2b-rain-active-learning/production/representation-C/m1-seed0-m20-10k/checkpoint_000010000_parameters.npz,X,TRAINING TRUTH SUPPORT,0,80,POST-HOC CHECKPOINT EVALUATION,source_vector,normalized_vector_RMS_error,0.010788011481479893,POST-HOC FINAL CHECKPOINT EVALUATION,true
t2b-c-m1x,Test 2B,C,M1-X,M1-X,10000,8ad9c8017c9304827d8e9e73392c3a9503f7de05a38b86baf52f4351c35615e4,e13a7bd42f3f773d068a6cc0c1344a3a8db0caef74a269ce7980b0b50f91e3b0,/Users/arjunsharma/Documents/SandiaProjects/4-LDRDAMDIS/DIMSWE-study-d0eb615/external-results/test2b-rain-active-learning/production/representation-C/m1-seed0-m20-10k/checkpoint_000010000_parameters.npz,X,TRAINING TRUTH SUPPORT,0,80,POST-HOC CHECKPOINT EVALUATION,source_vector,normalized_vector_relative_RMS_error,0.006220733056928423,POST-HOC FINAL CHECKPOINT EVALUATION,true
t2b-c-m1x,Test 2B,C,M1-X,M1-X,10000,8ad9c8017c9304827d8e9e73392c3a9503f7de05a38b86baf52f4351c35615e4,e13a7bd42f3f773d068a6cc0c1344a3a8db0caef74a269ce7980b0b50f91e3b0,/Users/arjunsharma/Documents/SandiaProjects/4-LDRDAMDIS/DIMSWE-study-d0eb615/external-results/test2b-rain-active-learning/production/representation-C/m1-seed0-m20-10k/checkpoint_000010000_parameters.npz,X,TRAINING TRUTH SUPPORT,0,80,POST-HOC CHECKPOINT EVALUATION,source_vector,normalized_source_vector_cosine,0.9999806510713656,POST-HOC FINAL CHECKPOINT EVALUATION,true
t2b-c-m1x,Test 2B,C,M1-X,M1-X,10000,8ad9c8017c9304827d8e9e73392c3a9503f7de05a38b86baf52f4351c35615e4,e13a7bd42f3f773d068a6cc0c1344a3a8db0caef74a269ce7980b0b50f91e3b0,/Users/arjunsharma/Documents/SandiaProjects/4-LDRDAMDIS/DIMSWE-study-d0eb615/external-results/test2b-rain-active-learning/production/representation-C/m1-seed0-m20-10k/checkpoint_000010000_parameters.npz,X,TRAINING TRUTH SUPPORT,0,80,POST-HOC CHECKPOINT EVALUATION,effective_A,normalized_RMS_error,0.00639732745676738,POST-HOC FINAL CHECKPOINT EVALUATION,true
t2b-c-m1x,Test 2B,C,M1-X,M1-X,10000,8ad9c8017c9304827d8e9e73392c3a9503f7de05a38b86baf52f4351c35615e4,e13a7bd42f3f773d068a6cc0c1344a3a8db0caef74a269ce7980b0b50f91e3b0,/Users/arjunsharma/Documents/SandiaProjects/4-LDRDAMDIS/DIMSWE-study-d0eb615/external-results/test2b-rain-active-learning/production/representation-C/m1-seed0-m20-10k/checkpoint_000010000_parameters.npz,X,TRAINING TRUTH SUPPORT,0,80,POST-HOC CHECKPOINT EVALUATION,effective_A,relative_RMS_error,0.006397327456767384,POST-HOC FINAL CHECKPOINT EVALUATION,true
t2b-c-m1x,Test 2B,C,M1-X,M1-X,10000,8ad9c8017c9304827d8e9e73392c3a9503f7de05a38b86baf52f4351c35615e4,e13a7bd42f3f773d068a6cc0c1344a3a8db0caef74a269ce7980b0b50f91e3b0,/Users/arjunsharma/Documents/SandiaProjects/4-LDRDAMDIS/DIMSWE-study-d0eb615/external-results/test2b-rain-active-learning/production/representation-C/m1-seed0-m20-10k/checkpoint_000010000_parameters.npz,X,TRAINING TRUTH SUPPORT,0,80,POST-HOC CHECKPOINT EVALUATION,effective_A,physical_RMS_error,5.791026284482118e-10,POST-HOC FINAL CHECKPOINT EVALUATION,true
t2b-c-m1x,Test 2B,C,M1-X,M1-X,10000,8ad9c8017c9304827d8e9e73392c3a9503f7de05a38b86baf52f4351c35615e4,e13a7bd42f3f773d068a6cc0c1344a3a8db0caef74a269ce7980b0b50f91e3b0,/Users/arjunsharma/Documents/SandiaProjects/4-LDRDAMDIS/DIMSWE-study-d0eb615/external-results/test2b-rain-active-learning/production/representation-C/m1-seed0-m20-10k/checkpoint_000010000_parameters.npz,X,TRAINING TRUTH SUPPORT,0,80,POST-HOC CHECKPOINT EVALUATION,effective_A,maximum_absolute_error,4.5800079526154594e-08,POST-HOC FINAL CHECKPOINT EVALUATION,true
t2b-c-m1x,Test 2B,C,M1-X,M1-X,10000,8ad9c8017c9304827d8e9e73392c3a9503f7de05a38b86baf52f4351c35615e4,e13a7bd42f3f773d068a6cc0c1344a3a8db0caef74a269ce7980b0b50f91e3b0,/Users/arjunsharma/Documents/SandiaProjects/4-LDRDAMDIS/DIMSWE-study-d0eb615/external-results/test2b-rain-active-learning/production/representation-C/m1-seed0-m20-10k/checkpoint_000010000_parameters.npz,X,TRAINING TRUTH SUPPORT,0,80,POST-HOC CHECKPOINT EVALUATION,effective_A,signed_mass_weighted_bias,-2.1683547065765772e-13,POST-HOC FINAL CHECKPOINT EVALUATION,true
t2b-c-m1x,Test 2B,C,M1-X,M1-X,10000,8ad9c8017c9304827d8e9e73392c3a9503f7de05a38b86baf52f4351c35615e4,e13a7bd42f3f773d068a6cc0c1344a3a8db0caef74a269ce7980b0b50f91e3b0,/Users/arjunsharma/Documents/SandiaProjects/4-LDRDAMDIS/DIMSWE-study-d0eb615/external-results/test2b-rain-active-learning/production/representation-C/m1-seed0-m20-10k/checkpoint_000010000_parameters.npz,X,TRAINING TRUTH SUPPORT,0,80,POST-HOC CHECKPOINT EVALUATION,effective_A,correlation,0.9999792855456132,POST-HOC FINAL CHECKPOINT EVALUATION,true
t2b-c-m1x,Test 2B,C,M1-X,M1-X,10000,8ad9c8017c9304827d8e9e73392c3a9503f7de05a38b86baf52f4351c35615e4,e13a7bd42f3f773d068a6cc0c1344a3a8db0caef74a269ce7980b0b50f91e3b0,/Users/arjunsharma/Documents/SandiaProjects/4-LDRDAMDIS/DIMSWE-study-d0eb615/external-results/test2b-rain-active-learning/production/representation-C/m1-seed0-m20-10k/checkpoint_000010000_parameters.npz,X,TRAINING TRUTH SUPPORT,0,80,POST-HOC CHECKPOINT EVALUATION,effective_A,cosine,0.9999795368956922,POST-HOC FINAL CHECKPOINT EVALUATION,true
t2b-c-m1x,Test 2B,C,M1-X,M1-X,10000,8ad9c8017c9304827d8e9e73392c3a9503f7de05a38b86baf52f4351c35615e4,e13a7bd42f3f773d068a6cc0c1344a3a8db0caef74a269ce7980b0b50f91e3b0,/Users/arjunsharma/Documents/SandiaProjects/4-LDRDAMDIS/DIMSWE-study-d0eb615/external-results/test2b-rain-active-learning/production/representation-C/m1-seed0-m20-10k/checkpoint_000010000_parameters.npz,X,TRAINING TRUTH SUPPORT,0,80,POST-HOC CHECKPOINT EVALUATION,effective_A,target_RMS,9.052258655848713e-08,POST-HOC FINAL CHECKPOINT EVALUATION,true
t2b-c-m1x,Test 2B,C,M1-X,M1-X,10000,8ad9c8017c9304827d8e9e73392c3a9503f7de05a38b86baf52f4351c35615e4,e13a7bd42f3f773d068a6cc0c1344a3a8db0caef74a269ce7980b0b50f91e3b0,/Users/arjunsharma/Documents/SandiaProjects/4-LDRDAMDIS/DIMSWE-study-d0eb615/external-results/test2b-rain-active-learning/production/representation-C/m1-seed0-m20-10k/checkpoint_000010000_parameters.npz,X,TRAINING TRUTH SUPPORT,0,80,POST-HOC CHECKPOINT EVALUATION,effective_A,prediction_RMS,9.052100138053646e-08,POST-HOC FINAL CHECKPOINT EVALUATION,true
t2b-c-m1x,Test 2B,C,M1-X,M1-X,10000,8ad9c8017c9304827d8e9e73392c3a9503f7de05a38b86baf52f4351c35615e4,e13a7bd42f3f773d068a6cc0c1344a3a8db0caef74a269ce7980b0b50f91e3b0,/Users/arjunsharma/Documents/SandiaProjects/4-LDRDAMDIS/DIMSWE-study-d0eb615/external-results/test2b-rain-active-learning/production/representation-C/m1-seed0-m20-10k/checkpoint_000010000_parameters.npz,X,TRAINING TRUTH SUPPORT,0,80,POST-HOC CHECKPOINT EVALUATION,effective_A,sample_count,5308416,POST-HOC FINAL CHECKPOINT EVALUATION,true
t2b-c-m1x,Test 2B,C,M1-X,M1-X,10000,8ad9c8017c9304827d8e9e73392c3a9503f7de05a38b86baf52f4351c35615e4,e13a7bd42f3f773d068a6cc0c1344a3a8db0caef74a269ce7980b0b50f91e3b0,/Users/arjunsharma/Documents/SandiaProjects/4-LDRDAMDIS/DIMSWE-study-d0eb615/external-results/test2b-rain-active-learning/production/representation-C/m1-seed0-m20-10k/checkpoint_000010000_parameters.npz,X,TRAINING TRUTH SUPPORT,0,80,POST-HOC CHECKPOINT EVALUATION,effective_R,normalized_RMS_error,0.003571730490673143,POST-HOC FINAL CHECKPOINT EVALUATION,true
t2b-c-m1x,Test 2B,C,M1-X,M1-X,10000,8ad9c8017c9304827d8e9e73392c3a9503f7de05a38b86baf52f4351c35615e4,e13a7bd42f3f773d068a6cc0c1344a3a8db0caef74a269ce7980b0b50f91e3b0,/Users/arjunsharma/Documents/SandiaProjects/4-LDRDAMDIS/DIMSWE-study-d0eb615/external-results/test2b-rain-active-learning/production/representation-C/m1-seed0-m20-10k/checkpoint_000010000_parameters.npz,X,TRAINING TRUTH SUPPORT,0,80,POST-HOC CHECKPOINT EVALUATION,effective_R,relative_RMS_error,0.04135687215277396,POST-HOC FINAL CHECKPOINT EVALUATION,true
t2b-c-m1x,Test 2B,C,M1-X,M1-X,10000,8ad9c8017c9304827d8e9e73392c3a9503f7de05a38b86baf52f4351c35615e4,e13a7bd42f3f773d068a6cc0c1344a3a8db0caef74a269ce7980b0b50f91e3b0,/Users/arjunsharma/Documents/SandiaProjects/4-LDRDAMDIS/DIMSWE-study-d0eb615/external-results/test2b-rain-active-learning/production/representation-C/m1-seed0-m20-10k/checkpoint_000010000_parameters.npz,X,TRAINING TRUTH SUPPORT,0,80,POST-HOC CHECKPOINT EVALUATION,effective_R,physical_RMS_error,7.108769213685609e-14,POST-HOC FINAL CHECKPOINT EVALUATION,true
t2b-c-m1x,Test 2B,C,M1-X,M1-X,10000,8ad9c8017c9304827d8e9e73392c3a9503f7de05a38b86baf52f4351c35615e4,e13a7bd42f3f773d068a6cc0c1344a3a8db0caef74a269ce7980b0b50f91e3b0,/Users/arjunsharma/Documents/SandiaProjects/4-LDRDAMDIS/DIMSWE-study-d0eb615/external-results/test2b-rain-active-learning/production/representation-C/m1-seed0-m20-10k/checkpoint_000010000_parameters.npz,X,TRAINING TRUTH SUPPORT,0,80,POST-HOC CHECKPOINT EVALUATION,effective_R,maximum_absolute_error,5.50556927199487e-12,POST-HOC FINAL CHECKPOINT EVALUATION,true
t2b-c-m1x,Test 2B,C,M1-X,M1-X,10000,8ad9c8017c9304827d8e9e73392c3a9503f7de05a38b86baf52f4351c35615e4,e13a7bd42f3f773d068a6cc0c1344a3a8db0caef74a269ce7980b0b50f91e3b0,/Users/arjunsharma/Documents/SandiaProjects/4-LDRDAMDIS/DIMSWE-study-d0eb615/external-results/test2b-rain-active-learning/production/representation-C/m1-seed0-m20-10k/checkpoint_000010000_parameters.npz,X,TRAINING TRUTH SUPPORT,0,80,POST-HOC CHECKPOINT EVALUATION,effective_R,signed_mass_weighted_bias,2.704017453962945e-16,POST-HOC FINAL CHECKPOINT EVALUATION,true
t2b-c-m1x,Test 2B,C,M1-X,M1-X,10000,8ad9c8017c9304827d8e9e73392c3a9503f7de05a38b86baf52f4351c35615e4,e13a7bd42f3f773d068a6cc0c1344a3a8db0caef74a269ce7980b0b50f91e3b0,/Users/arjunsharma/Documents/SandiaProjects/4-LDRDAMDIS/DIMSWE-study-d0eb615/external-results/test2b-rain-active-learning/production/representation-C/m1-seed0-m20-10k/checkpoint_000010000_parameters.npz,X,TRAINING TRUTH SUPPORT,0,80,POST-HOC CHECKPOINT EVALUATION,effective_R,correlation,0.9991401316971888,POST-HOC FINAL CHECKPOINT EVALUATION,true
t2b-c-m1x,Test 2B,C,M1-X,M1-X,10000,8ad9c8017c9304827d8e9e73392c3a9503f7de05a38b86baf52f4351c35615e4,e13a7bd42f3f773d068a6cc0c1344a3a8db0caef74a269ce7980b0b50f91e3b0,/Users/arjunsharma/Documents/SandiaProjects/4-LDRDAMDIS/DIMSWE-study-d0eb615/external-results/test2b-rain-active-learning/production/representation-C/m1-seed0-m20-10k/checkpoint_000010000_parameters.npz,X,TRAINING TRUTH SUPPORT,0,80,POST-HOC CHECKPOINT EVALUATION,effective_R,cosine,0.9991447232159785,POST-HOC FINAL CHECKPOINT EVALUATION,true
t2b-c-m1x,Test 2B,C,M1-X,M1-X,10000,8ad9c8017c9304827d8e9e73392c3a9503f7de05a38b86baf52f4351c35615e4,e13a7bd42f3f773d068a6cc0c1344a3a8db0caef74a269ce7980b0b50f91e3b0,/Users/arjunsharma/Documents/SandiaProjects/4-LDRDAMDIS/DIMSWE-study-d0eb615/external-results/test2b-rain-active-learning/production/representation-C/m1-seed0-m20-10k/checkpoint_000010000_parameters.npz,X,TRAINING TRUTH SUPPORT,0,80,POST-HOC CHECKPOINT EVALUATION,effective_R,target_RMS,1.7188846360105588e-12,POST-HOC FINAL CHECKPOINT EVALUATION,true
t2b-c-m1x,Test 2B,C,M1-X,M1-X,10000,8ad9c8017c9304827d8e9e73392c3a9503f7de05a38b86baf52f4351c35615e4,e13a7bd42f3f773d068a6cc0c1344a3a8db0caef74a269ce7980b0b50f91e3b0,/Users/arjunsharma/Documents/SandiaProjects/4-LDRDAMDIS/DIMSWE-study-d0eb615/external-results/test2b-rain-active-learning/production/representation-C/m1-seed0-m20-10k/checkpoint_000010000_parameters.npz,X,TRAINING TRUTH SUPPORT,0,80,POST-HOC CHECKPOINT EVALUATION,effective_R,prediction_RMS,1.7187108818136698e-12,POST-HOC FINAL CHECKPOINT EVALUATION,true
t2b-c-m1x,Test 2B,C,M1-X,M1-X,10000,8ad9c8017c9304827d8e9e73392c3a9503f7de05a38b86baf52f4351c35615e4,e13a7bd42f3f773d068a6cc0c1344a3a8db0caef74a269ce7980b0b50f91e3b0,/Users/arjunsharma/Documents/SandiaProjects/4-LDRDAMDIS/DIMSWE-study-d0eb615/external-results/test2b-rain-active-learning/production/representation-C/m1-seed0-m20-10k/checkpoint_000010000_parameters.npz,X,TRAINING TRUTH SUPPORT,0,80,POST-HOC CHECKPOINT EVALUATION,effective_R,sample_count,5308416,POST-HOC FINAL CHECKPOINT EVALUATION,true
t2b-c-m1x,Test 2B,C,M1-X,M1-X,10000,8ad9c8017c9304827d8e9e73392c3a9503f7de05a38b86baf52f4351c35615e4,e13a7bd42f3f773d068a6cc0c1344a3a8db0caef74a269ce7980b0b50f91e3b0,/Users/arjunsharma/Documents/SandiaProjects/4-LDRDAMDIS/DIMSWE-study-d0eb615/external-results/test2b-rain-active-learning/production/representation-C/m1-seed0-m20-10k/checkpoint_000010000_parameters.npz,X,TRAINING TRUTH SUPPORT,0,80,POST-HOC CHECKPOINT EVALUATION,source_structure,normalized_off_manifold_RMS,0.001296786357983044,POST-HOC FINAL CHECKPOINT EVALUATION,true
t2b-c-m1x,Test 2B,C,M1-X,M1-X,10000,8ad9c8017c9304827d8e9e73392c3a9503f7de05a38b86baf52f4351c35615e4,e13a7bd42f3f773d068a6cc0c1344a3a8db0caef74a269ce7980b0b50f91e3b0,/Users/arjunsharma/Documents/SandiaProjects/4-LDRDAMDIS/DIMSWE-study-d0eb615/external-results/test2b-rain-active-learning/production/representation-C/m1-seed0-m20-10k/checkpoint_000010000_parameters.npz,X,TRAINING TRUTH SUPPORT,0,80,POST-HOC CHECKPOINT EVALUATION,source_structure,water_source_defect_RMS,9.963399984464083e-08,POST-HOC FINAL CHECKPOINT EVALUATION,true
t2b-c-m1x,Test 2B,C,M1-X,M1-X,10000,8ad9c8017c9304827d8e9e73392c3a9503f7de05a38b86baf52f4351c35615e4,e13a7bd42f3f773d068a6cc0c1344a3a8db0caef74a269ce7980b0b50f91e3b0,/Users/arjunsharma/Documents/SandiaProjects/4-LDRDAMDIS/DIMSWE-study-d0eb615/external-results/test2b-rain-active-learning/production/representation-C/m1-seed0-m20-10k/checkpoint_000010000_parameters.npz,X,TRAINING TRUTH SUPPORT,0,80,POST-HOC CHECKPOINT EVALUATION,source_structure,S_minus_beta2_Qv_defect_RMS,8.392203683867473e-06,POST-HOC FINAL CHECKPOINT EVALUATION,true
t2b-c-m1x,Test 2B,C,M1-X,M1-X,10000,8ad9c8017c9304827d8e9e73392c3a9503f7de05a38b86baf52f4351c35615e4,e13a7bd42f3f773d068a6cc0c1344a3a8db0caef74a269ce7980b0b50f91e3b0,/Users/arjunsharma/Documents/SandiaProjects/4-LDRDAMDIS/DIMSWE-study-d0eb615/external-results/test2b-rain-active-learning/production/representation-C/m1-seed0-m20-10k/checkpoint_000010000_parameters.npz,X,TRAINING TRUTH SUPPORT,0,80,POST-HOC CHECKPOINT EVALUATION,source_structure,negative_Qr_source_fraction,0.33016251929012347,POST-HOC FINAL CHECKPOINT EVALUATION,true
t2b-c-m1x,Test 2B,C,M1-X,M1-X,10000,8ad9c8017c9304827d8e9e73392c3a9503f7de05a38b86baf52f4351c35615e4,e13a7bd42f3f773d068a6cc0c1344a3a8db0caef74a269ce7980b0b50f91e3b0,/Users/arjunsharma/Documents/SandiaProjects/4-LDRDAMDIS/DIMSWE-study-d0eb615/external-results/test2b-rain-active-learning/production/representation-C/m1-seed0-m20-10k/checkpoint_000010000_parameters.npz,X,TRAINING TRUTH SUPPORT,0,80,POST-HOC CHECKPOINT EVALUATION,source_structure,positive_Qr_source_fraction,0.6698374807098766,POST-HOC FINAL CHECKPOINT EVALUATION,true
t2b-c-m1x,Test 2B,C,M1-X,M1-X,10000,8ad9c8017c9304827d8e9e73392c3a9503f7de05a38b86baf52f4351c35615e4,e13a7bd42f3f773d068a6cc0c1344a3a8db0caef74a269ce7980b0b50f91e3b0,/Users/arjunsharma/Documents/SandiaProjects/4-LDRDAMDIS/DIMSWE-study-d0eb615/external-results/test2b-rain-active-learning/production/representation-C/m1-seed0-m20-10k/checkpoint_000010000_parameters.npz,X,TRAINING TRUTH SUPPORT,0,80,POST-HOC CHECKPOINT EVALUATION,effective_R_activation,truth_active_sample_count,40800,POST-HOC FINAL CHECKPOINT EVALUATION,true
t2b-c-m1x,Test 2B,C,M1-X,M1-X,10000,8ad9c8017c9304827d8e9e73392c3a9503f7de05a38b86baf52f4351c35615e4,e13a7bd42f3f773d068a6cc0c1344a3a8db0caef74a269ce7980b0b50f91e3b0,/Users/arjunsharma/Documents/SandiaProjects/4-LDRDAMDIS/DIMSWE-study-d0eb615/external-results/test2b-rain-active-learning/production/representation-C/m1-seed0-m20-10k/checkpoint_000010000_parameters.npz,X,TRAINING TRUTH SUPPORT,0,80,POST-HOC CHECKPOINT EVALUATION,effective_R_activation,truth_active_sample_fraction,0.007685908564814815,POST-HOC FINAL CHECKPOINT EVALUATION,true
t2b-c-m1x,Test 2B,C,M1-X,M1-X,10000,8ad9c8017c9304827d8e9e73392c3a9503f7de05a38b86baf52f4351c35615e4,e13a7bd42f3f773d068a6cc0c1344a3a8db0caef74a269ce7980b0b50f91e3b0,/Users/arjunsharma/Documents/SandiaProjects/4-LDRDAMDIS/DIMSWE-study-d0eb615/external-results/test2b-rain-active-learning/production/representation-C/m1-seed0-m20-10k/checkpoint_000010000_parameters.npz,X,TRAINING TRUTH SUPPORT,0,80,POST-HOC CHECKPOINT EVALUATION,effective_R_activation,predicted_meaningful_positive_fraction,0.6698389877507716,POST-HOC FINAL CHECKPOINT EVALUATION,true
t2b-c-m1x,Test 2B,C,M1-X,M1-X,10000,8ad9c8017c9304827d8e9e73392c3a9503f7de05a38b86baf52f4351c35615e4,e13a7bd42f3f773d068a6cc0c1344a3a8db0caef74a269ce7980b0b50f91e3b0,/Users/arjunsharma/Documents/SandiaProjects/4-LDRDAMDIS/DIMSWE-study-d0eb615/external-results/test2b-rain-active-learning/production/representation-C/m1-seed0-m20-10k/checkpoint_000010000_parameters.npz,X,TRAINING TRUTH SUPPORT,0,80,POST-HOC CHECKPOINT EVALUATION,effective_R_activation,predicted_meaningful_negative_fraction,0.33016063548900465,POST-HOC FINAL CHECKPOINT EVALUATION,true
t2b-c-m1x,Test 2B,C,M1-X,M1-X,10000,8ad9c8017c9304827d8e9e73392c3a9503f7de05a38b86baf52f4351c35615e4,e13a7bd42f3f773d068a6cc0c1344a3a8db0caef74a269ce7980b0b50f91e3b0,/Users/arjunsharma/Documents/SandiaProjects/4-LDRDAMDIS/DIMSWE-study-d0eb615/external-results/test2b-rain-active-learning/production/representation-C/m1-seed0-m20-10k/checkpoint_000010000_parameters.npz,X,TRAINING TRUTH SUPPORT,0,80,POST-HOC CHECKPOINT EVALUATION,effective_R_activation,false_positive_count,3514984,POST-HOC FINAL CHECKPOINT EVALUATION,true
t2b-c-m1x,Test 2B,C,M1-X,M1-X,10000,8ad9c8017c9304827d8e9e73392c3a9503f7de05a38b86baf52f4351c35615e4,e13a7bd42f3f773d068a6cc0c1344a3a8db0caef74a269ce7980b0b50f91e3b0,/Users/arjunsharma/Documents/SandiaProjects/4-LDRDAMDIS/DIMSWE-study-d0eb615/external-results/test2b-rain-active-learning/production/representation-C/m1-seed0-m20-10k/checkpoint_000010000_parameters.npz,X,TRAINING TRUTH SUPPORT,0,80,POST-HOC CHECKPOINT EVALUATION,effective_R_activation,false_positive_rate_given_truth_inactive,0.6672817456701475,POST-HOC FINAL CHECKPOINT EVALUATION,true
t2b-c-m1x,Test 2B,C,M1-X,M1-X,10000,8ad9c8017c9304827d8e9e73392c3a9503f7de05a38b86baf52f4351c35615e4,e13a7bd42f3f773d068a6cc0c1344a3a8db0caef74a269ce7980b0b50f91e3b0,/Users/arjunsharma/Documents/SandiaProjects/4-LDRDAMDIS/DIMSWE-study-d0eb615/external-results/test2b-rain-active-learning/production/representation-C/m1-seed0-m20-10k/checkpoint_000010000_parameters.npz,X,TRAINING TRUTH SUPPORT,0,80,POST-HOC CHECKPOINT EVALUATION,effective_R_activation,false_negative_count,0,POST-HOC FINAL CHECKPOINT EVALUATION,true
t2b-c-m1x,Test 2B,C,M1-X,M1-X,10000,8ad9c8017c9304827d8e9e73392c3a9503f7de05a38b86baf52f4351c35615e4,e13a7bd42f3f773d068a6cc0c1344a3a8db0caef74a269ce7980b0b50f91e3b0,/Users/arjunsharma/Documents/SandiaProjects/4-LDRDAMDIS/DIMSWE-study-d0eb615/external-results/test2b-rain-active-learning/production/representation-C/m1-seed0-m20-10k/checkpoint_000010000_parameters.npz,X,TRAINING TRUTH SUPPORT,0,80,POST-HOC CHECKPOINT EVALUATION,effective_R_activation,false_negative_rate_given_truth_active,0.0,POST-HOC FINAL CHECKPOINT EVALUATION,true
t2b-c-m1x,Test 2B,C,M1-X,M1-X,10000,8ad9c8017c9304827d8e9e73392c3a9503f7de05a38b86baf52f4351c35615e4,e13a7bd42f3f773d068a6cc0c1344a3a8db0caef74a269ce7980b0b50f91e3b0,/Users/arjunsharma/Documents/SandiaProjects/4-LDRDAMDIS/DIMSWE-study-d0eb615/external-results/test2b-rain-active-learning/production/representation-C/m1-seed0-m20-10k/checkpoint_000010000_parameters.npz,X,TRAINING TRUTH SUPPORT,0,80,POST-HOC CHECKPOINT EVALUATION,effective_R_activation,first_meaningful_positive_predicted_step,0,POST-HOC FINAL CHECKPOINT EVALUATION,true
t2b-c-m1x,Test 2B,C,M1-X,M1-X,10000,8ad9c8017c9304827d8e9e73392c3a9503f7de05a38b86baf52f4351c35615e4,e13a7bd42f3f773d068a6cc0c1344a3a8db0caef74a269ce7980b0b50f91e3b0,/Users/arjunsharma/Documents/SandiaProjects/4-LDRDAMDIS/DIMSWE-study-d0eb615/external-results/test2b-rain-active-learning/production/representation-C/m1-seed0-m20-10k/checkpoint_000010000_parameters.npz,X,TRAINING TRUTH SUPPORT,0,80,POST-HOC CHECKPOINT EVALUATION,effective_R_activation,first_meaningful_positive_truth_step,51,POST-HOC FINAL CHECKPOINT EVALUATION,true
t2b-c-m1x,Test 2B,C,M1-X,M1-X,10000,8ad9c8017c9304827d8e9e73392c3a9503f7de05a38b86baf52f4351c35615e4,e13a7bd42f3f773d068a6cc0c1344a3a8db0caef74a269ce7980b0b50f91e3b0,/Users/arjunsharma/Documents/SandiaProjects/4-LDRDAMDIS/DIMSWE-study-d0eb615/external-results/test2b-rain-active-learning/production/representation-C/m1-seed0-m20-10k/checkpoint_000010000_parameters.npz,X,TRAINING TRUTH SUPPORT,0,80,POST-HOC CHECKPOINT EVALUATION,effective_R_activation,maximum_predicted_effective_R,4.4639907139386833e-11,POST-HOC FINAL CHECKPOINT EVALUATION,true
t2b-c-m1x,Test 2B,C,M1-X,M1-X,10000,8ad9c8017c9304827d8e9e73392c3a9503f7de05a38b86baf52f4351c35615e4,e13a7bd42f3f773d068a6cc0c1344a3a8db0caef74a269ce7980b0b50f91e3b0,/Users/arjunsharma/Documents/SandiaProjects/4-LDRDAMDIS/DIMSWE-study-d0eb615/external-results/test2b-rain-active-learning/production/representation-C/m1-seed0-m20-10k/checkpoint_000010000_parameters.npz,X,TRAINING TRUTH SUPPORT,0,80,POST-HOC CHECKPOINT EVALUATION,effective_R_activation,minimum_predicted_effective_R,-1.37031769219468e-12,POST-HOC FINAL CHECKPOINT EVALUATION,true
t2b-c-m1x,Test 2B,C,M1-X,M1-X,10000,8ad9c8017c9304827d8e9e73392c3a9503f7de05a38b86baf52f4351c35615e4,e13a7bd42f3f773d068a6cc0c1344a3a8db0caef74a269ce7980b0b50f91e3b0,/Users/arjunsharma/Documents/SandiaProjects/4-LDRDAMDIS/DIMSWE-study-d0eb615/external-results/test2b-rain-active-learning/production/representation-C/m1-seed0-m20-10k/checkpoint_000010000_parameters.npz,X,TRAINING TRUTH SUPPORT,0,80,POST-HOC CHECKPOINT EVALUATION,effective_R_activation,activity_numerical_tolerance,1.2119968976504772e-20,POST-HOC FINAL CHECKPOINT EVALUATION,true
t2b-c-m1x,Test 2B,C,M1-X,M1-X,10000,8ad9c8017c9304827d8e9e73392c3a9503f7de05a38b86baf52f4351c35615e4,e13a7bd42f3f773d068a6cc0c1344a3a8db0caef74a269ce7980b0b50f91e3b0,/Users/arjunsharma/Documents/SandiaProjects/4-LDRDAMDIS/DIMSWE-study-d0eb615/external-results/test2b-rain-active-learning/production/representation-C/m1-seed0-m20-10k/checkpoint_000010000_parameters.npz,X,TRAINING TRUTH SUPPORT,0,80,POST-HOC CHECKPOINT EVALUATION,effective_R_activation,sample_count,5308416,POST-HOC FINAL CHECKPOINT EVALUATION,true
t2b-c-m1y,Test 2B,C,M1-Y,M1-Y,10000,c8da7ea375ced0f692210f97097e069f9d5757b6bead22b7a4a10d9a265d8a65,169eadab27a39916e37a875c27708873595f133cb4ea39e9f23eab14e86d49ee,/Users/arjunsharma/Documents/SandiaProjects/4-LDRDAMDIS/DIMSWE-feature-study-20260828/m1y_test2b_20260828_workspace/external-results/m1y-test2b-20260828/production/representation-C/m1y-seed0-m20-10k/checkpoint_000010000_parameters.npz,X,TRAINING TRUTH SUPPORT,0,80,POST-HOC CHECKPOINT EVALUATION,operator,normalized_objective,0.00010581536608379115,POST-HOC FINAL CHECKPOINT EVALUATION,false
t2b-c-m1y,Test 2B,C,M1-Y,M1-Y,10000,c8da7ea375ced0f692210f97097e069f9d5757b6bead22b7a4a10d9a265d8a65,169eadab27a39916e37a875c27708873595f133cb4ea39e9f23eab14e86d49ee,/Users/arjunsharma/Documents/SandiaProjects/4-LDRDAMDIS/DIMSWE-feature-study-20260828/m1y_test2b_20260828_workspace/external-results/m1y-test2b-20260828/production/representation-C/m1y-seed0-m20-10k/checkpoint_000010000_parameters.npz,X,TRAINING TRUTH SUPPORT,0,80,POST-HOC CHECKPOINT EVALUATION,operator,numerator,644426566003.9363,POST-HOC FINAL CHECKPOINT EVALUATION,false
t2b-c-m1y,Test 2B,C,M1-Y,M1-Y,10000,c8da7ea375ced0f692210f97097e069f9d5757b6bead22b7a4a10d9a265d8a65,169eadab27a39916e37a875c27708873595f133cb4ea39e9f23eab14e86d49ee,/Users/arjunsharma/Documents/SandiaProjects/4-LDRDAMDIS/DIMSWE-feature-study-20260828/m1y_test2b_20260828_workspace/external-results/m1y-test2b-20260828/production/representation-C/m1y-seed0-m20-10k/checkpoint_000010000_parameters.npz,X,TRAINING TRUTH SUPPORT,0,80,POST-HOC CHECKPOINT EVALUATION,operator,denominator,6090103827582466.0,POST-HOC FINAL CHECKPOINT EVALUATION,false
t2b-c-m1y,Test 2B,C,M1-Y,M1-Y,10000,c8da7ea375ced0f692210f97097e069f9d5757b6bead22b7a4a10d9a265d8a65,169eadab27a39916e37a875c27708873595f133cb4ea39e9f23eab14e86d49ee,/Users/arjunsharma/Documents/SandiaProjects/4-LDRDAMDIS/DIMSWE-feature-study-20260828/m1y_test2b_20260828_workspace/external-results/m1y-test2b-20260828/production/representation-C/m1y-seed0-m20-10k/checkpoint_000010000_parameters.npz,X,TRAINING TRUTH SUPPORT,0,80,POST-HOC CHECKPOINT EVALUATION,source_components.S,normalized_RMS_error,0.00981767286498482,POST-HOC FINAL CHECKPOINT EVALUATION,false
t2b-c-m1y,Test 2B,C,M1-Y,M1-Y,10000,c8da7ea375ced0f692210f97097e069f9d5757b6bead22b7a4a10d9a265d8a65,169eadab27a39916e37a875c27708873595f133cb4ea39e9f23eab14e86d49ee,/Users/arjunsharma/Documents/SandiaProjects/4-LDRDAMDIS/DIMSWE-feature-study-20260828/m1y_test2b_20260828_workspace/external-results/m1y-test2b-20260828/production/representation-C/m1y-seed0-m20-10k/checkpoint_000010000_parameters.npz,X,TRAINING TRUTH SUPPORT,0,80,POST-HOC CHECKPOINT EVALUATION,source_components.S,relative_RMS_error,0.009817672864984821,POST-HOC FINAL CHECKPOINT EVALUATION,false
t2b-c-m1y,Test 2B,C,M1-Y,M1-Y,10000,c8da7ea375ced0f692210f97097e069f9d5757b6bead22b7a4a10d9a265d8a65,169eadab27a39916e37a875c27708873595f133cb4ea39e9f23eab14e86d49ee,/Users/arjunsharma/Documents/SandiaProjects/4-LDRDAMDIS/DIMSWE-feature-study-20260828/m1y_test2b_20260828_workspace/external-results/m1y-test2b-20260828/production/representation-C/m1y-seed0-m20-10k/checkpoint_000010000_parameters.npz,X,TRAINING TRUTH SUPPORT,0,80,POST-HOC CHECKPOINT EVALUATION,source_components.S,physical_RMS_error,6.549838622770822e-05,POST-HOC FINAL CHECKPOINT EVALUATION,false
t2b-c-m1y,Test 2B,C,M1-Y,M1-Y,10000,c8da7ea375ced0f692210f97097e069f9d5757b6bead22b7a4a10d9a265d8a65,169eadab27a39916e37a875c27708873595f133cb4ea39e9f23eab14e86d49ee,/Users/arjunsharma/Documents/SandiaProjects/4-LDRDAMDIS/DIMSWE-feature-study-20260828/m1y_test2b_20260828_workspace/external-results/m1y-test2b-20260828/production/representation-C/m1y-seed0-m20-10k/checkpoint_000010000_parameters.npz,X,TRAINING TRUTH SUPPORT,0,80,POST-HOC CHECKPOINT EVALUATION,source_components.S,maximum_absolute_error,0.0022881491354471407,POST-HOC FINAL CHECKPOINT EVALUATION,false
t2b-c-m1y,Test 2B,C,M1-Y,M1-Y,10000,c8da7ea375ced0f692210f97097e069f9d5757b6bead22b7a4a10d9a265d8a65,169eadab27a39916e37a875c27708873595f133cb4ea39e9f23eab14e86d49ee,/Users/arjunsharma/Documents/SandiaProjects/4-LDRDAMDIS/DIMSWE-feature-study-20260828/m1y_test2b_20260828_workspace/external-results/m1y-test2b-20260828/production/representation-C/m1y-seed0-m20-10k/checkpoint_000010000_parameters.npz,X,TRAINING TRUTH SUPPORT,0,80,POST-HOC CHECKPOINT EVALUATION,source_components.S,signed_mass_weighted_bias,3.385712012395231e-06,POST-HOC FINAL CHECKPOINT EVALUATION,false
t2b-c-m1y,Test 2B,C,M1-Y,M1-Y,10000,c8da7ea375ced0f692210f97097e069f9d5757b6bead22b7a4a10d9a265d8a65,169eadab27a39916e37a875c27708873595f133cb4ea39e9f23eab14e86d49ee,/Users/arjunsharma/Documents/SandiaProjects/4-LDRDAMDIS/DIMSWE-feature-study-20260828/m1y_test2b_20260828_workspace/external-results/m1y-test2b-20260828/production/representation-C/m1y-seed0-m20-10k/checkpoint_000010000_parameters.npz,X,TRAINING TRUTH SUPPORT,0,80,POST-HOC CHECKPOINT EVALUATION,source_components.S,correlation,0.9999513454057118,POST-HOC FINAL CHECKPOINT EVALUATION,false
t2b-c-m1y,Test 2B,C,M1-Y,M1-Y,10000,c8da7ea375ced0f692210f97097e069f9d5757b6bead22b7a4a10d9a265d8a65,169eadab27a39916e37a875c27708873595f133cb4ea39e9f23eab14e86d49ee,/Users/arjunsharma/Documents/SandiaProjects/4-LDRDAMDIS/DIMSWE-feature-study-20260828/m1y_test2b_20260828_workspace/external-results/m1y-test2b-20260828/production/representation-C/m1y-seed0-m20-10k/checkpoint_000010000_parameters.npz,X,TRAINING TRUTH SUPPORT,0,80,POST-HOC CHECKPOINT EVALUATION,source_components.S,cosine,0.9999518061632284,POST-HOC FINAL CHECKPOINT EVALUATION,false
t2b-c-m1y,Test 2B,C,M1-Y,M1-Y,10000,c8da7ea375ced0f692210f97097e069f9d5757b6bead22b7a4a10d9a265d8a65,169eadab27a39916e37a875c27708873595f133cb4ea39e9f23eab14e86d49ee,/Users/arjunsharma/Documents/SandiaProjects/4-LDRDAMDIS/DIMSWE-feature-study-20260828/m1y_test2b_20260828_workspace/external-results/m1y-test2b-20260828/production/representation-C/m1y-seed0-m20-10k/checkpoint_000010000_parameters.npz,X,TRAINING TRUTH SUPPORT,0,80,POST-HOC CHECKPOINT EVALUATION,source_components.S,target_RMS,0.0066714777655009485,POST-HOC FINAL CHECKPOINT EVALUATION,false
t2b-c-m1y,Test 2B,C,M1-Y,M1-Y,10000,c8da7ea375ced0f692210f97097e069f9d5757b6bead22b7a4a10d9a265d8a65,169eadab27a39916e37a875c27708873595f133cb4ea39e9f23eab14e86d49ee,/Users/arjunsharma/Documents/SandiaProjects/4-LDRDAMDIS/DIMSWE-feature-study-20260828/m1y_test2b_20260828_workspace/external-results/m1y-test2b-20260828/production/representation-C/m1y-seed0-m20-10k/checkpoint_000010000_parameters.npz,X,TRAINING TRUTH SUPPORT,0,80,POST-HOC CHECKPOINT EVALUATION,source_components.S,prediction_RMS,0.006670911153104091,POST-HOC FINAL CHECKPOINT EVALUATION,false
t2b-c-m1y,Test 2B,C,M1-Y,M1-Y,10000,c8da7ea375ced0f692210f97097e069f9d5757b6bead22b7a4a10d9a265d8a65,169eadab27a39916e37a875c27708873595f133cb4ea39e9f23eab14e86d49ee,/Users/arjunsharma/Documents/SandiaProjects/4-LDRDAMDIS/DIMSWE-feature-study-20260828/m1y_test2b_20260828_workspace/external-results/m1y-test2b-20260828/production/representation-C/m1y-seed0-m20-10k/checkpoint_000010000_parameters.npz,X,TRAINING TRUTH SUPPORT,0,80,POST-HOC CHECKPOINT EVALUATION,source_components.S,sample_count,5308416,POST-HOC FINAL CHECKPOINT EVALUATION,false
t2b-c-m1y,Test 2B,C,M1-Y,M1-Y,10000,c8da7ea375ced0f692210f97097e069f9d5757b6bead22b7a4a10d9a265d8a65,169eadab27a39916e37a875c27708873595f133cb4ea39e9f23eab14e86d49ee,/Users/arjunsharma/Documents/SandiaProjects/4-LDRDAMDIS/DIMSWE-feature-study-20260828/m1y_test2b_20260828_workspace/external-results/m1y-test2b-20260828/production/representation-C/m1y-seed0-m20-10k/checkpoint_000010000_parameters.npz,X,TRAINING TRUTH SUPPORT,0,80,POST-HOC CHECKPOINT EVALUATION,source_components.Qv,normalized_RMS_error,0.009738488069208568,POST-HOC FINAL CHECKPOINT EVALUATION,false
t2b-c-m1y,Test 2B,C,M1-Y,M1-Y,10000,c8da7ea375ced0f692210f97097e069f9d5757b6bead22b7a4a10d9a265d8a65,169eadab27a39916e37a875c27708873595f133cb4ea39e9f23eab14e86d49ee,/Users/arjunsharma/Documents/SandiaProjects/4-LDRDAMDIS/DIMSWE-feature-study-20260828/m1y_test2b_20260828_workspace/external-results/m1y-test2b-20260828/production/representation-C/m1y-seed0-m20-10k/checkpoint_000010000_parameters.npz,X,TRAINING TRUTH SUPPORT,0,80,POST-HOC CHECKPOINT EVALUATION,source_components.Qv,relative_RMS_error,0.009738488069208571,POST-HOC FINAL CHECKPOINT EVALUATION,false
t2b-c-m1y,Test 2B,C,M1-Y,M1-Y,10000,c8da7ea375ced0f692210f97097e069f9d5757b6bead22b7a4a10d9a265d8a65,169eadab27a39916e37a875c27708873595f133cb4ea39e9f23eab14e86d49ee,/Users/arjunsharma/Documents/SandiaProjects/4-LDRDAMDIS/DIMSWE-feature-study-20260828/m1y_test2b_20260828_workspace/external-results/m1y-test2b-20260828/production/representation-C/m1y-seed0-m20-10k/checkpoint_000010000_parameters.npz,X,TRAINING TRUTH SUPPORT,0,80,POST-HOC CHECKPOINT EVALUATION,source_components.Qv,physical_RMS_error,6.625438155539094e-07,POST-HOC FINAL CHECKPOINT EVALUATION,false
t2b-c-m1y,Test 2B,C,M1-Y,M1-Y,10000,c8da7ea375ced0f692210f97097e069f9d5757b6bead22b7a4a10d9a265d8a65,169eadab27a39916e37a875c27708873595f133cb4ea39e9f23eab14e86d49ee,/Users/arjunsharma/Documents/SandiaProjects/4-LDRDAMDIS/DIMSWE-feature-study-20260828/m1y_test2b_20260828_workspace/external-results/m1y-test2b-20260828/production/representation-C/m1y-seed0-m20-10k/checkpoint_000010000_parameters.npz,X,TRAINING TRUTH SUPPORT,0,80,POST-HOC CHECKPOINT EVALUATION,source_components.Qv,maximum_absolute_error,2.2577429339710686e-05,POST-HOC FINAL CHECKPOINT EVALUATION,false
t2b-c-m1y,Test 2B,C,M1-Y,M1-Y,10000,c8da7ea375ced0f692210f97097e069f9d5757b6bead22b7a4a10d9a265d8a65,169eadab27a39916e37a875c27708873595f133cb4ea39e9f23eab14e86d49ee,/Users/arjunsharma/Documents/SandiaProjects/4-LDRDAMDIS/DIMSWE-feature-study-20260828/m1y_test2b_20260828_workspace/external-results/m1y-test2b-20260828/production/representation-C/m1y-seed0-m20-10k/checkpoint_000010000_parameters.npz,X,TRAINING TRUTH SUPPORT,0,80,POST-HOC CHECKPOINT EVALUATION,source_components.Qv,signed_mass_weighted_bias,3.3357298002563295e-08,POST-HOC FINAL CHECKPOINT EVALUATION,false
t2b-c-m1y,Test 2B,C,M1-Y,M1-Y,10000,c8da7ea375ced0f692210f97097e069f9d5757b6bead22b7a4a10d9a265d8a65,169eadab27a39916e37a875c27708873595f133cb4ea39e9f23eab14e86d49ee,/Users/arjunsharma/Documents/SandiaProjects/4-LDRDAMDIS/DIMSWE-feature-study-20260828/m1y_test2b_20260828_workspace/external-results/m1y-test2b-20260828/production/representation-C/m1y-seed0-m20-10k/checkpoint_000010000_parameters.npz,X,TRAINING TRUTH SUPPORT,0,80,POST-HOC CHECKPOINT EVALUATION,source_components.Qv,correlation,0.9999521463914449,POST-HOC FINAL CHECKPOINT EVALUATION,false
t2b-c-m1y,Test 2B,C,M1-Y,M1-Y,10000,c8da7ea375ced0f692210f97097e069f9d5757b6bead22b7a4a10d9a265d8a65,169eadab27a39916e37a875c27708873595f133cb4ea39e9f23eab14e86d49ee,/Users/arjunsharma/Documents/SandiaProjects/4-LDRDAMDIS/DIMSWE-feature-study-20260828/m1y_test2b_20260828_workspace/external-results/m1y-test2b-20260828/production/representation-C/m1y-seed0-m20-10k/checkpoint_000010000_parameters.npz,X,TRAINING TRUTH SUPPORT,0,80,POST-HOC CHECKPOINT EVALUATION,source_components.Qv,cosine,0.9999525945546001,POST-HOC FINAL CHECKPOINT EVALUATION,false
t2b-c-m1y,Test 2B,C,M1-Y,M1-Y,10000,c8da7ea375ced0f692210f97097e069f9d5757b6bead22b7a4a10d9a265d8a65,169eadab27a39916e37a875c27708873595f133cb4ea39e9f23eab14e86d49ee,/Users/arjunsharma/Documents/SandiaProjects/4-LDRDAMDIS/DIMSWE-feature-study-20260828/m1y_test2b_20260828_workspace/external-results/m1y-test2b-20260828/production/representation-C/m1y-seed0-m20-10k/checkpoint_000010000_parameters.npz,X,TRAINING TRUTH SUPPORT,0,80,POST-HOC CHECKPOINT EVALUATION,source_components.Qv,target_RMS,6.803353979030474e-05,POST-HOC FINAL CHECKPOINT EVALUATION,false
t2b-c-m1y,Test 2B,C,M1-Y,M1-Y,10000,c8da7ea375ced0f692210f97097e069f9d5757b6bead22b7a4a10d9a265d8a65,169eadab27a39916e37a875c27708873595f133cb4ea39e9f23eab14e86d49ee,/Users/arjunsharma/Documents/SandiaProjects/4-LDRDAMDIS/DIMSWE-feature-study-20260828/m1y_test2b_20260828_workspace/external-results/m1y-test2b-20260828/production/representation-C/m1y-seed0-m20-10k/checkpoint_000010000_parameters.npz,X,TRAINING TRUTH SUPPORT,0,80,POST-HOC CHECKPOINT EVALUATION,source_components.Qv,prediction_RMS,6.804200103205904e-05,POST-HOC FINAL CHECKPOINT EVALUATION,false
t2b-c-m1y,Test 2B,C,M1-Y,M1-Y,10000,c8da7ea375ced0f692210f97097e069f9d5757b6bead22b7a4a10d9a265d8a65,169eadab27a39916e37a875c27708873595f133cb4ea39e9f23eab14e86d49ee,/Users/arjunsharma/Documents/SandiaProjects/4-LDRDAMDIS/DIMSWE-feature-study-20260828/m1y_test2b_20260828_workspace/external-results/m1y-test2b-20260828/production/representation-C/m1y-seed0-m20-10k/checkpoint_000010000_parameters.npz,X,TRAINING TRUTH SUPPORT,0,80,POST-HOC CHECKPOINT EVALUATION,source_components.Qv,sample_count,5308416,POST-HOC FINAL CHECKPOINT EVALUATION,false
t2b-c-m1y,Test 2B,C,M1-Y,M1-Y,10000,c8da7ea375ced0f692210f97097e069f9d5757b6bead22b7a4a10d9a265d8a65,169eadab27a39916e37a875c27708873595f133cb4ea39e9f23eab14e86d49ee,/Users/arjunsharma/Documents/SandiaProjects/4-LDRDAMDIS/DIMSWE-feature-study-20260828/m1y_test2b_20260828_workspace/external-results/m1y-test2b-20260828/production/representation-C/m1y-seed0-m20-10k/checkpoint_000010000_parameters.npz,X,TRAINING TRUTH SUPPORT,0,80,POST-HOC CHECKPOINT EVALUATION,source_components.Qc,normalized_RMS_error,0.009594237212429621,POST-HOC FINAL CHECKPOINT EVALUATION,false
t2b-c-m1y,Test 2B,C,M1-Y,M1-Y,10000,c8da7ea375ced0f692210f97097e069f9d5757b6bead22b7a4a10d9a265d8a65,169eadab27a39916e37a875c27708873595f133cb4ea39e9f23eab14e86d49ee,/Users/arjunsharma/Documents/SandiaProjects/4-LDRDAMDIS/DIMSWE-feature-study-20260828/m1y_test2b_20260828_workspace/external-results/m1y-test2b-20260828/production/representation-C/m1y-seed0-m20-10k/checkpoint_000010000_parameters.npz,X,TRAINING TRUTH SUPPORT,0,80,POST-HOC CHECKPOINT EVALUATION,source_components.Qc,relative_RMS_error,0.009594237212429623,POST-HOC FINAL CHECKPOINT EVALUATION,false
t2b-c-m1y,Test 2B,C,M1-Y,M1-Y,10000,c8da7ea375ced0f692210f97097e069f9d5757b6bead22b7a4a10d9a265d8a65,169eadab27a39916e37a875c27708873595f133cb4ea39e9f23eab14e86d49ee,/Users/arjunsharma/Documents/SandiaProjects/4-LDRDAMDIS/DIMSWE-feature-study-20260828/m1y_test2b_20260828_workspace/external-results/m1y-test2b-20260828/production/representation-C/m1y-seed0-m20-10k/checkpoint_000010000_parameters.npz,X,TRAINING TRUTH SUPPORT,0,80,POST-HOC CHECKPOINT EVALUATION,source_components.Qc,physical_RMS_error,6.527299188409212e-07,POST-HOC FINAL CHECKPOINT EVALUATION,false
t2b-c-m1y,Test 2B,C,M1-Y,M1-Y,10000,c8da7ea375ced0f692210f97097e069f9d5757b6bead22b7a4a10d9a265d8a65,169eadab27a39916e37a875c27708873595f133cb4ea39e9f23eab14e86d49ee,/Users/arjunsharma/Documents/SandiaProjects/4-LDRDAMDIS/DIMSWE-feature-study-20260828/m1y_test2b_20260828_workspace/external-results/m1y-test2b-20260828/production/representation-C/m1y-seed0-m20-10k/checkpoint_000010000_parameters.npz,X,TRAINING TRUTH SUPPORT,0,80,POST-HOC CHECKPOINT EVALUATION,source_components.Qc,maximum_absolute_error,2.3047543616389047e-05,POST-HOC FINAL CHECKPOINT EVALUATION,false
t2b-c-m1y,Test 2B,C,M1-Y,M1-Y,10000,c8da7ea375ced0f692210f97097e069f9d5757b6bead22b7a4a10d9a265d8a65,169eadab27a39916e37a875c27708873595f133cb4ea39e9f23eab14e86d49ee,/Users/arjunsharma/Documents/SandiaProjects/4-LDRDAMDIS/DIMSWE-feature-study-20260828/m1y_test2b_20260828_workspace/external-results/m1y-test2b-20260828/production/representation-C/m1y-seed0-m20-10k/checkpoint_000010000_parameters.npz,X,TRAINING TRUTH SUPPORT,0,80,POST-HOC CHECKPOINT EVALUATION,source_components.Qc,signed_mass_weighted_bias,-3.753673382834541e-08,POST-HOC FINAL CHECKPOINT EVALUATION,false
t2b-c-m1y,Test 2B,C,M1-Y,M1-Y,10000,c8da7ea375ced0f692210f97097e069f9d5757b6bead22b7a4a10d9a265d8a65,169eadab27a39916e37a875c27708873595f133cb4ea39e9f23eab14e86d49ee,/Users/arjunsharma/Documents/SandiaProjects/4-LDRDAMDIS/DIMSWE-feature-study-20260828/m1y_test2b_20260828_workspace/external-results/m1y-test2b-20260828/production/representation-C/m1y-seed0-m20-10k/checkpoint_000010000_parameters.npz,X,TRAINING TRUTH SUPPORT,0,80,POST-HOC CHECKPOINT EVALUATION,source_components.Qc,correlation,0.9999535838633067,POST-HOC FINAL CHECKPOINT EVALUATION,false
t2b-c-m1y,Test 2B,C,M1-Y,M1-Y,10000,c8da7ea375ced0f692210f97097e069f9d5757b6bead22b7a4a10d9a265d8a65,169eadab27a39916e37a875c27708873595f133cb4ea39e9f23eab14e86d49ee,/Users/arjunsharma/Documents/SandiaProjects/4-LDRDAMDIS/DIMSWE-feature-study-20260828/m1y_test2b_20260828_workspace/external-results/m1y-test2b-20260828/production/representation-C/m1y-seed0-m20-10k/checkpoint_000010000_parameters.npz,X,TRAINING TRUTH SUPPORT,0,80,POST-HOC CHECKPOINT EVALUATION,source_components.Qc,cosine,0.9999539833641641,POST-HOC FINAL CHECKPOINT EVALUATION,false
t2b-c-m1y,Test 2B,C,M1-Y,M1-Y,10000,c8da7ea375ced0f692210f97097e069f9d5757b6bead22b7a4a10d9a265d8a65,169eadab27a39916e37a875c27708873595f133cb4ea39e9f23eab14e86d49ee,/Users/arjunsharma/Documents/SandiaProjects/4-LDRDAMDIS/DIMSWE-feature-study-20260828/m1y_test2b_20260828_workspace/external-results/m1y-test2b-20260828/production/representation-C/m1y-seed0-m20-10k/checkpoint_000010000_parameters.npz,X,TRAINING TRUTH SUPPORT,0,80,POST-HOC CHECKPOINT EVALUATION,source_components.Qc,target_RMS,6.803353975814668e-05,POST-HOC FINAL CHECKPOINT EVALUATION,false
t2b-c-m1y,Test 2B,C,M1-Y,M1-Y,10000,c8da7ea375ced0f692210f97097e069f9d5757b6bead22b7a4a10d9a265d8a65,169eadab27a39916e37a875c27708873595f133cb4ea39e9f23eab14e86d49ee,/Users/arjunsharma/Documents/SandiaProjects/4-LDRDAMDIS/DIMSWE-feature-study-20260828/m1y_test2b_20260828_workspace/external-results/m1y-test2b-20260828/production/representation-C/m1y-seed0-m20-10k/checkpoint_000010000_parameters.npz,X,TRAINING TRUTH SUPPORT,0,80,POST-HOC CHECKPOINT EVALUATION,source_components.Qc,prediction_RMS,6.803959576506604e-05,POST-HOC FINAL CHECKPOINT EVALUATION,false
t2b-c-m1y,Test 2B,C,M1-Y,M1-Y,10000,c8da7ea375ced0f692210f97097e069f9d5757b6bead22b7a4a10d9a265d8a65,169eadab27a39916e37a875c27708873595f133cb4ea39e9f23eab14e86d49ee,/Users/arjunsharma/Documents/SandiaProjects/4-LDRDAMDIS/DIMSWE-feature-study-20260828/m1y_test2b_20260828_workspace/external-results/m1y-test2b-20260828/production/representation-C/m1y-seed0-m20-10k/checkpoint_000010000_parameters.npz,X,TRAINING TRUTH SUPPORT,0,80,POST-HOC CHECKPOINT EVALUATION,source_components.Qc,sample_count,5308416,POST-HOC FINAL CHECKPOINT EVALUATION,false
t2b-c-m1y,Test 2B,C,M1-Y,M1-Y,10000,c8da7ea375ced0f692210f97097e069f9d5757b6bead22b7a4a10d9a265d8a65,169eadab27a39916e37a875c27708873595f133cb4ea39e9f23eab14e86d49ee,/Users/arjunsharma/Documents/SandiaProjects/4-LDRDAMDIS/DIMSWE-feature-study-20260828/m1y_test2b_20260828_workspace/external-results/m1y-test2b-20260828/production/representation-C/m1y-seed0-m20-10k/checkpoint_000010000_parameters.npz,X,TRAINING TRUTH SUPPORT,0,80,POST-HOC CHECKPOINT EVALUATION,source_components.Qr,normalized_RMS_error,0.005912791488811841,POST-HOC FINAL CHECKPOINT EVALUATION,false
t2b-c-m1y,Test 2B,C,M1-Y,M1-Y,10000,c8da7ea375ced0f692210f97097e069f9d5757b6bead22b7a4a10d9a265d8a65,169eadab27a39916e37a875c27708873595f133cb4ea39e9f23eab14e86d49ee,/Users/arjunsharma/Documents/SandiaProjects/4-LDRDAMDIS/DIMSWE-feature-study-20260828/m1y_test2b_20260828_workspace/external-results/m1y-test2b-20260828/production/representation-C/m1y-seed0-m20-10k/checkpoint_000010000_parameters.npz,X,TRAINING TRUTH SUPPORT,0,80,POST-HOC CHECKPOINT EVALUATION,source_components.Qr,relative_RMS_error,0.06846388950884011,POST-HOC FINAL CHECKPOINT EVALUATION,false
t2b-c-m1y,Test 2B,C,M1-Y,M1-Y,10000,c8da7ea375ced0f692210f97097e069f9d5757b6bead22b7a4a10d9a265d8a65,169eadab27a39916e37a875c27708873595f133cb4ea39e9f23eab14e86d49ee,/Users/arjunsharma/Documents/SandiaProjects/4-LDRDAMDIS/DIMSWE-feature-study-20260828/m1y_test2b_20260828_workspace/external-results/m1y-test2b-20260828/production/representation-C/m1y-seed0-m20-10k/checkpoint_000010000_parameters.npz,X,TRAINING TRUTH SUPPORT,0,80,POST-HOC CHECKPOINT EVALUATION,source_components.Qr,physical_RMS_error,8.914419021939256e-11,POST-HOC FINAL CHECKPOINT EVALUATION,false
t2b-c-m1y,Test 2B,C,M1-Y,M1-Y,10000,c8da7ea375ced0f692210f97097e069f9d5757b6bead22b7a4a10d9a265d8a65,169eadab27a39916e37a875c27708873595f133cb4ea39e9f23eab14e86d49ee,/Users/arjunsharma/Documents/SandiaProjects/4-LDRDAMDIS/DIMSWE-feature-study-20260828/m1y_test2b_20260828_workspace/external-results/m1y-test2b-20260828/production/representation-C/m1y-seed0-m20-10k/checkpoint_000010000_parameters.npz,X,TRAINING TRUTH SUPPORT,0,80,POST-HOC CHECKPOINT EVALUATION,source_components.Qr,maximum_absolute_error,8.196429677059478e-09,POST-HOC FINAL CHECKPOINT EVALUATION,false
t2b-c-m1y,Test 2B,C,M1-Y,M1-Y,10000,c8da7ea375ced0f692210f97097e069f9d5757b6bead22b7a4a10d9a265d8a65,169eadab27a39916e37a875c27708873595f133cb4ea39e9f23eab14e86d49ee,/Users/arjunsharma/Documents/SandiaProjects/4-LDRDAMDIS/DIMSWE-feature-study-20260828/m1y_test2b_20260828_workspace/external-results/m1y-test2b-20260828/production/representation-C/m1y-seed0-m20-10k/checkpoint_000010000_parameters.npz,X,TRAINING TRUTH SUPPORT,0,80,POST-HOC CHECKPOINT EVALUATION,source_components.Qr,signed_mass_weighted_bias,5.541089675094025e-13,POST-HOC FINAL CHECKPOINT EVALUATION,false
t2b-c-m1y,Test 2B,C,M1-Y,M1-Y,10000,c8da7ea375ced0f692210f97097e069f9d5757b6bead22b7a4a10d9a265d8a65,169eadab27a39916e37a875c27708873595f133cb4ea39e9f23eab14e86d49ee,/Users/arjunsharma/Documents/SandiaProjects/4-LDRDAMDIS/DIMSWE-feature-study-20260828/m1y_test2b_20260828_workspace/external-results/m1y-test2b-20260828/production/representation-C/m1y-seed0-m20-10k/checkpoint_000010000_parameters.npz,X,TRAINING TRUTH SUPPORT,0,80,POST-HOC CHECKPOINT EVALUATION,source_components.Qr,correlation,0.9976410956476534,POST-HOC FINAL CHECKPOINT EVALUATION,false
t2b-c-m1y,Test 2B,C,M1-Y,M1-Y,10000,c8da7ea375ced0f692210f97097e069f9d5757b6bead22b7a4a10d9a265d8a65,169eadab27a39916e37a875c27708873595f133cb4ea39e9f23eab14e86d49ee,/Users/arjunsharma/Documents/SandiaProjects/4-LDRDAMDIS/DIMSWE-feature-study-20260828/m1y_test2b_20260828_workspace/external-results/m1y-test2b-20260828/production/representation-C/m1y-seed0-m20-10k/checkpoint_000010000_parameters.npz,X,TRAINING TRUTH SUPPORT,0,80,POST-HOC CHECKPOINT EVALUATION,source_components.Qr,cosine,0.9976536165305404,POST-HOC FINAL CHECKPOINT EVALUATION,false
t2b-c-m1y,Test 2B,C,M1-Y,M1-Y,10000,c8da7ea375ced0f692210f97097e069f9d5757b6bead22b7a4a10d9a265d8a65,169eadab27a39916e37a875c27708873595f133cb4ea39e9f23eab14e86d49ee,/Users/arjunsharma/Documents/SandiaProjects/4-LDRDAMDIS/DIMSWE-feature-study-20260828/m1y_test2b_20260828_workspace/external-results/m1y-test2b-20260828/production/representation-C/m1y-seed0-m20-10k/checkpoint_000010000_parameters.npz,X,TRAINING TRUTH SUPPORT,0,80,POST-HOC CHECKPOINT EVALUATION,source_components.Qr,target_RMS,1.302061434997528e-09,POST-HOC FINAL CHECKPOINT EVALUATION,false
t2b-c-m1y,Test 2B,C,M1-Y,M1-Y,10000,c8da7ea375ced0f692210f97097e069f9d5757b6bead22b7a4a10d9a265d8a65,169eadab27a39916e37a875c27708873595f133cb4ea39e9f23eab14e86d49ee,/Users/arjunsharma/Documents/SandiaProjects/4-LDRDAMDIS/DIMSWE-feature-study-20260828/m1y_test2b_20260828_workspace/external-results/m1y-test2b-20260828/production/representation-C/m1y-seed0-m20-10k/checkpoint_000010000_parameters.npz,X,TRAINING TRUTH SUPPORT,0,80,POST-HOC CHECKPOINT EVALUATION,source_components.Qr,prediction_RMS,1.2992754931596575e-09,POST-HOC FINAL CHECKPOINT EVALUATION,false
t2b-c-m1y,Test 2B,C,M1-Y,M1-Y,10000,c8da7ea375ced0f692210f97097e069f9d5757b6bead22b7a4a10d9a265d8a65,169eadab27a39916e37a875c27708873595f133cb4ea39e9f23eab14e86d49ee,/Users/arjunsharma/Documents/SandiaProjects/4-LDRDAMDIS/DIMSWE-feature-study-20260828/m1y_test2b_20260828_workspace/external-results/m1y-test2b-20260828/production/representation-C/m1y-seed0-m20-10k/checkpoint_000010000_parameters.npz,X,TRAINING TRUTH SUPPORT,0,80,POST-HOC CHECKPOINT EVALUATION,source_components.Qr,sample_count,5308416,POST-HOC FINAL CHECKPOINT EVALUATION,false
t2b-c-m1y,Test 2B,C,M1-Y,M1-Y,10000,c8da7ea375ced0f692210f97097e069f9d5757b6bead22b7a4a10d9a265d8a65,169eadab27a39916e37a875c27708873595f133cb4ea39e9f23eab14e86d49ee,/Users/arjunsharma/Documents/SandiaProjects/4-LDRDAMDIS/DIMSWE-feature-study-20260828/m1y_test2b_20260828_workspace/external-results/m1y-test2b-20260828/production/representation-C/m1y-seed0-m20-10k/checkpoint_000010000_parameters.npz,X,TRAINING TRUTH SUPPORT,0,80,POST-HOC CHECKPOINT EVALUATION,source_vector,normalized_vector_RMS_error,0.01783915192032715,POST-HOC FINAL CHECKPOINT EVALUATION,false
t2b-c-m1y,Test 2B,C,M1-Y,M1-Y,10000,c8da7ea375ced0f692210f97097e069f9d5757b6bead22b7a4a10d9a265d8a65,169eadab27a39916e37a875c27708873595f133cb4ea39e9f23eab14e86d49ee,/Users/arjunsharma/Documents/SandiaProjects/4-LDRDAMDIS/DIMSWE-feature-study-20260828/m1y_test2b_20260828_workspace/external-results/m1y-test2b-20260828/production/representation-C/m1y-seed0-m20-10k/checkpoint_000010000_parameters.npz,X,TRAINING TRUTH SUPPORT,0,80,POST-HOC CHECKPOINT EVALUATION,source_vector,normalized_vector_relative_RMS_error,0.010286659617377798,POST-HOC FINAL CHECKPOINT EVALUATION,false
t2b-c-m1y,Test 2B,C,M1-Y,M1-Y,10000,c8da7ea375ced0f692210f97097e069f9d5757b6bead22b7a4a10d9a265d8a65,169eadab27a39916e37a875c27708873595f133cb4ea39e9f23eab14e86d49ee,/Users/arjunsharma/Documents/SandiaProjects/4-LDRDAMDIS/DIMSWE-feature-study-20260828/m1y_test2b_20260828_workspace/external-results/m1y-test2b-20260828/production/representation-C/m1y-seed0-m20-10k/checkpoint_000010000_parameters.npz,X,TRAINING TRUTH SUPPORT,0,80,POST-HOC CHECKPOINT EVALUATION,source_vector,normalized_source_vector_cosine,0.9999470949963525,POST-HOC FINAL CHECKPOINT EVALUATION,false
t2b-c-m1y,Test 2B,C,M1-Y,M1-Y,10000,c8da7ea375ced0f692210f97097e069f9d5757b6bead22b7a4a10d9a265d8a65,169eadab27a39916e37a875c27708873595f133cb4ea39e9f23eab14e86d49ee,/Users/arjunsharma/Documents/SandiaProjects/4-LDRDAMDIS/DIMSWE-feature-study-20260828/m1y_test2b_20260828_workspace/external-results/m1y-test2b-20260828/production/representation-C/m1y-seed0-m20-10k/checkpoint_000010000_parameters.npz,X,TRAINING TRUTH SUPPORT,0,80,POST-HOC CHECKPOINT EVALUATION,effective_A,normalized_RMS_error,0.01088265342778603,POST-HOC FINAL CHECKPOINT EVALUATION,false
t2b-c-m1y,Test 2B,C,M1-Y,M1-Y,10000,c8da7ea375ced0f692210f97097e069f9d5757b6bead22b7a4a10d9a265d8a65,169eadab27a39916e37a875c27708873595f133cb4ea39e9f23eab14e86d49ee,/Users/arjunsharma/Documents/SandiaProjects/4-LDRDAMDIS/DIMSWE-feature-study-20260828/m1y_test2b_20260828_workspace/external-results/m1y-test2b-20260828/production/representation-C/m1y-seed0-m20-10k/checkpoint_000010000_parameters.npz,X,TRAINING TRUTH SUPPORT,0,80,POST-HOC CHECKPOINT EVALUATION,effective_A,relative_RMS_error,0.010882653427786035,POST-HOC FINAL CHECKPOINT EVALUATION,false
t2b-c-m1y,Test 2B,C,M1-Y,M1-Y,10000,c8da7ea375ced0f692210f97097e069f9d5757b6bead22b7a4a10d9a265d8a65,169eadab27a39916e37a875c27708873595f133cb4ea39e9f23eab14e86d49ee,/Users/arjunsharma/Documents/SandiaProjects/4-LDRDAMDIS/DIMSWE-feature-study-20260828/m1y_test2b_20260828_workspace/external-results/m1y-test2b-20260828/production/representation-C/m1y-seed0-m20-10k/checkpoint_000010000_parameters.npz,X,TRAINING TRUTH SUPPORT,0,80,POST-HOC CHECKPOINT EVALUATION,effective_A,physical_RMS_error,9.85125936902778e-10,POST-HOC FINAL CHECKPOINT EVALUATION,false
t2b-c-m1y,Test 2B,C,M1-Y,M1-Y,10000,c8da7ea375ced0f692210f97097e069f9d5757b6bead22b7a4a10d9a265d8a65,169eadab27a39916e37a875c27708873595f133cb4ea39e9f23eab14e86d49ee,/Users/arjunsharma/Documents/SandiaProjects/4-LDRDAMDIS/DIMSWE-feature-study-20260828/m1y_test2b_20260828_workspace/external-results/m1y-test2b-20260828/production/representation-C/m1y-seed0-m20-10k/checkpoint_000010000_parameters.npz,X,TRAINING TRUTH SUPPORT,0,80,POST-HOC CHECKPOINT EVALUATION,effective_A,maximum_absolute_error,3.50036875240736e-08,POST-HOC FINAL CHECKPOINT EVALUATION,false
t2b-c-m1y,Test 2B,C,M1-Y,M1-Y,10000,c8da7ea375ced0f692210f97097e069f9d5757b6bead22b7a4a10d9a265d8a65,169eadab27a39916e37a875c27708873595f133cb4ea39e9f23eab14e86d49ee,/Users/arjunsharma/Documents/SandiaProjects/4-LDRDAMDIS/DIMSWE-feature-study-20260828/m1y_test2b_20260828_workspace/external-results/m1y-test2b-20260828/production/representation-C/m1y-seed0-m20-10k/checkpoint_000010000_parameters.npz,X,TRAINING TRUTH SUPPORT,0,80,POST-HOC CHECKPOINT EVALUATION,effective_A,signed_mass_weighted_bias,5.855006316572613e-11,POST-HOC FINAL CHECKPOINT EVALUATION,false
t2b-c-m1y,Test 2B,C,M1-Y,M1-Y,10000,c8da7ea375ced0f692210f97097e069f9d5757b6bead22b7a4a10d9a265d8a65,169eadab27a39916e37a875c27708873595f133cb4ea39e9f23eab14e86d49ee,/Users/arjunsharma/Documents/SandiaProjects/4-LDRDAMDIS/DIMSWE-feature-study-20260828/m1y_test2b_20260828_workspace/external-results/m1y-test2b-20260828/production/representation-C/m1y-seed0-m20-10k/checkpoint_000010000_parameters.npz,X,TRAINING TRUTH SUPPORT,0,80,POST-HOC CHECKPOINT EVALUATION,effective_A,correlation,0.9999402829576303,POST-HOC FINAL CHECKPOINT EVALUATION,false
t2b-c-m1y,Test 2B,C,M1-Y,M1-Y,10000,c8da7ea375ced0f692210f97097e069f9d5757b6bead22b7a4a10d9a265d8a65,169eadab27a39916e37a875c27708873595f133cb4ea39e9f23eab14e86d49ee,/Users/arjunsharma/Documents/SandiaProjects/4-LDRDAMDIS/DIMSWE-feature-study-20260828/m1y_test2b_20260828_workspace/external-results/m1y-test2b-20260828/production/representation-C/m1y-seed0-m20-10k/checkpoint_000010000_parameters.npz,X,TRAINING TRUTH SUPPORT,0,80,POST-HOC CHECKPOINT EVALUATION,effective_A,cosine,0.9999407880305737,POST-HOC FINAL CHECKPOINT EVALUATION,false
t2b-c-m1y,Test 2B,C,M1-Y,M1-Y,10000,c8da7ea375ced0f692210f97097e069f9d5757b6bead22b7a4a10d9a265d8a65,169eadab27a39916e37a875c27708873595f133cb4ea39e9f23eab14e86d49ee,/Users/arjunsharma/Documents/SandiaProjects/4-LDRDAMDIS/DIMSWE-feature-study-20260828/m1y_test2b_20260828_workspace/external-results/m1y-test2b-20260828/production/representation-C/m1y-seed0-m20-10k/checkpoint_000010000_parameters.npz,X,TRAINING TRUTH SUPPORT,0,80,POST-HOC CHECKPOINT EVALUATION,effective_A,target_RMS,9.052258655848713e-08,POST-HOC FINAL CHECKPOINT EVALUATION,false
t2b-c-m1y,Test 2B,C,M1-Y,M1-Y,10000,c8da7ea375ced0f692210f97097e069f9d5757b6bead22b7a4a10d9a265d8a65,169eadab27a39916e37a875c27708873595f133cb4ea39e9f23eab14e86d49ee,/Users/arjunsharma/Documents/SandiaProjects/4-LDRDAMDIS/DIMSWE-feature-study-20260828/m1y_test2b_20260828_workspace/external-results/m1y-test2b-20260828/production/representation-C/m1y-seed0-m20-10k/checkpoint_000010000_parameters.npz,X,TRAINING TRUTH SUPPORT,0,80,POST-HOC CHECKPOINT EVALUATION,effective_A,prediction_RMS,9.052702342156297e-08,POST-HOC FINAL CHECKPOINT EVALUATION,false
t2b-c-m1y,Test 2B,C,M1-Y,M1-Y,10000,c8da7ea375ced0f692210f97097e069f9d5757b6bead22b7a4a10d9a265d8a65,169eadab27a39916e37a875c27708873595f133cb4ea39e9f23eab14e86d49ee,/Users/arjunsharma/Documents/SandiaProjects/4-LDRDAMDIS/DIMSWE-feature-study-20260828/m1y_test2b_20260828_workspace/external-results/m1y-test2b-20260828/production/representation-C/m1y-seed0-m20-10k/checkpoint_000010000_parameters.npz,X,TRAINING TRUTH SUPPORT,0,80,POST-HOC CHECKPOINT EVALUATION,effective_A,sample_count,5308416,POST-HOC FINAL CHECKPOINT EVALUATION,false
t2b-c-m1y,Test 2B,C,M1-Y,M1-Y,10000,c8da7ea375ced0f692210f97097e069f9d5757b6bead22b7a4a10d9a265d8a65,169eadab27a39916e37a875c27708873595f133cb4ea39e9f23eab14e86d49ee,/Users/arjunsharma/Documents/SandiaProjects/4-LDRDAMDIS/DIMSWE-feature-study-20260828/m1y_test2b_20260828_workspace/external-results/m1y-test2b-20260828/production/representation-C/m1y-seed0-m20-10k/checkpoint_000010000_parameters.npz,X,TRAINING TRUTH SUPPORT,0,80,POST-HOC CHECKPOINT EVALUATION,effective_R,normalized_RMS_error,0.005932944499505722,POST-HOC FINAL CHECKPOINT EVALUATION,false
t2b-c-m1y,Test 2B,C,M1-Y,M1-Y,10000,c8da7ea375ced0f692210f97097e069f9d5757b6bead22b7a4a10d9a265d8a65,169eadab27a39916e37a875c27708873595f133cb4ea39e9f23eab14e86d49ee,/Users/arjunsharma/Documents/SandiaProjects/4-LDRDAMDIS/DIMSWE-feature-study-20260828/m1y_test2b_20260828_workspace/external-results/m1y-test2b-20260828/production/representation-C/m1y-seed0-m20-10k/checkpoint_000010000_parameters.npz,X,TRAINING TRUTH SUPPORT,0,80,POST-HOC CHECKPOINT EVALUATION,effective_R,relative_RMS_error,0.06869724011828188,POST-HOC FINAL CHECKPOINT EVALUATION,false
t2b-c-m1y,Test 2B,C,M1-Y,M1-Y,10000,c8da7ea375ced0f692210f97097e069f9d5757b6bead22b7a4a10d9a265d8a65,169eadab27a39916e37a875c27708873595f133cb4ea39e9f23eab14e86d49ee,/Users/arjunsharma/Documents/SandiaProjects/4-LDRDAMDIS/DIMSWE-feature-study-20260828/m1y_test2b_20260828_workspace/external-results/m1y-test2b-20260828/production/representation-C/m1y-seed0-m20-10k/checkpoint_000010000_parameters.npz,X,TRAINING TRUTH SUPPORT,0,80,POST-HOC CHECKPOINT EVALUATION,effective_R,physical_RMS_error,1.180826305756429e-13,POST-HOC FINAL CHECKPOINT EVALUATION,false
t2b-c-m1y,Test 2B,C,M1-Y,M1-Y,10000,c8da7ea375ced0f692210f97097e069f9d5757b6bead22b7a4a10d9a265d8a65,169eadab27a39916e37a875c27708873595f133cb4ea39e9f23eab14e86d49ee,/Users/arjunsharma/Documents/SandiaProjects/4-LDRDAMDIS/DIMSWE-feature-study-20260828/m1y_test2b_20260828_workspace/external-results/m1y-test2b-20260828/production/representation-C/m1y-seed0-m20-10k/checkpoint_000010000_parameters.npz,X,TRAINING TRUTH SUPPORT,0,80,POST-HOC CHECKPOINT EVALUATION,effective_R,maximum_absolute_error,1.0791670183767224e-11,POST-HOC FINAL CHECKPOINT EVALUATION,false
t2b-c-m1y,Test 2B,C,M1-Y,M1-Y,10000,c8da7ea375ced0f692210f97097e069f9d5757b6bead22b7a4a10d9a265d8a65,169eadab27a39916e37a875c27708873595f133cb4ea39e9f23eab14e86d49ee,/Users/arjunsharma/Documents/SandiaProjects/4-LDRDAMDIS/DIMSWE-feature-study-20260828/m1y_test2b_20260828_workspace/external-results/m1y-test2b-20260828/production/representation-C/m1y-seed0-m20-10k/checkpoint_000010000_parameters.npz,X,TRAINING TRUTH SUPPORT,0,80,POST-HOC CHECKPOINT EVALUATION,effective_R,signed_mass_weighted_bias,7.352140880481958e-16,POST-HOC FINAL CHECKPOINT EVALUATION,false
t2b-c-m1y,Test 2B,C,M1-Y,M1-Y,10000,c8da7ea375ced0f692210f97097e069f9d5757b6bead22b7a4a10d9a265d8a65,169eadab27a39916e37a875c27708873595f133cb4ea39e9f23eab14e86d49ee,/Users/arjunsharma/Documents/SandiaProjects/4-LDRDAMDIS/DIMSWE-feature-study-20260828/m1y_test2b_20260828_workspace/external-results/m1y-test2b-20260828/production/representation-C/m1y-seed0-m20-10k/checkpoint_000010000_parameters.npz,X,TRAINING TRUTH SUPPORT,0,80,POST-HOC CHECKPOINT EVALUATION,effective_R,correlation,0.9976249642688347,POST-HOC FINAL CHECKPOINT EVALUATION,false
t2b-c-m1y,Test 2B,C,M1-Y,M1-Y,10000,c8da7ea375ced0f692210f97097e069f9d5757b6bead22b7a4a10d9a265d8a65,169eadab27a39916e37a875c27708873595f133cb4ea39e9f23eab14e86d49ee,/Users/arjunsharma/Documents/SandiaProjects/4-LDRDAMDIS/DIMSWE-feature-study-20260828/m1y_test2b_20260828_workspace/external-results/m1y-test2b-20260828/production/representation-C/m1y-seed0-m20-10k/checkpoint_000010000_parameters.npz,X,TRAINING TRUTH SUPPORT,0,80,POST-HOC CHECKPOINT EVALUATION,effective_R,cosine,0.9976375862188224,POST-HOC FINAL CHECKPOINT EVALUATION,false
t2b-c-m1y,Test 2B,C,M1-Y,M1-Y,10000,c8da7ea375ced0f692210f97097e069f9d5757b6bead22b7a4a10d9a265d8a65,169eadab27a39916e37a875c27708873595f133cb4ea39e9f23eab14e86d49ee,/Users/arjunsharma/Documents/SandiaProjects/4-LDRDAMDIS/DIMSWE-feature-study-20260828/m1y_test2b_20260828_workspace/external-results/m1y-test2b-20260828/production/representation-C/m1y-seed0-m20-10k/checkpoint_000010000_parameters.npz,X,TRAINING TRUTH SUPPORT,0,80,POST-HOC CHECKPOINT EVALUATION,effective_R,target_RMS,1.7188846360105588e-12,POST-HOC FINAL CHECKPOINT EVALUATION,false
t2b-c-m1y,Test 2B,C,M1-Y,M1-Y,10000,c8da7ea375ced0f692210f97097e069f9d5757b6bead22b7a4a10d9a265d8a65,169eadab27a39916e37a875c27708873595f133cb4ea39e9f23eab14e86d49ee,/Users/arjunsharma/Documents/SandiaProjects/4-LDRDAMDIS/DIMSWE-feature-study-20260828/m1y_test2b_20260828_workspace/external-results/m1y-test2b-20260828/production/representation-C/m1y-seed0-m20-10k/checkpoint_000010000_parameters.npz,X,TRAINING TRUTH SUPPORT,0,80,POST-HOC CHECKPOINT EVALUATION,effective_R,prediction_RMS,1.7152595688218355e-12,POST-HOC FINAL CHECKPOINT EVALUATION,false
t2b-c-m1y,Test 2B,C,M1-Y,M1-Y,10000,c8da7ea375ced0f692210f97097e069f9d5757b6bead22b7a4a10d9a265d8a65,169eadab27a39916e37a875c27708873595f133cb4ea39e9f23eab14e86d49ee,/Users/arjunsharma/Documents/SandiaProjects/4-LDRDAMDIS/DIMSWE-feature-study-20260828/m1y_test2b_20260828_workspace/external-results/m1y-test2b-20260828/production/representation-C/m1y-seed0-m20-10k/checkpoint_000010000_parameters.npz,X,TRAINING TRUTH SUPPORT,0,80,POST-HOC CHECKPOINT EVALUATION,effective_R,sample_count,5308416,POST-HOC FINAL CHECKPOINT EVALUATION,false
t2b-c-m1y,Test 2B,C,M1-Y,M1-Y,10000,c8da7ea375ced0f692210f97097e069f9d5757b6bead22b7a4a10d9a265d8a65,169eadab27a39916e37a875c27708873595f133cb4ea39e9f23eab14e86d49ee,/Users/arjunsharma/Documents/SandiaProjects/4-LDRDAMDIS/DIMSWE-feature-study-20260828/m1y_test2b_20260828_workspace/external-results/m1y-test2b-20260828/production/representation-C/m1y-seed0-m20-10k/checkpoint_000010000_parameters.npz,X,TRAINING TRUTH SUPPORT,0,80,POST-HOC CHECKPOINT EVALUATION,source_structure,normalized_off_manifold_RMS,0.0010300181092891944,POST-HOC FINAL CHECKPOINT EVALUATION,false
t2b-c-m1y,Test 2B,C,M1-Y,M1-Y,10000,c8da7ea375ced0f692210f97097e069f9d5757b6bead22b7a4a10d9a265d8a65,169eadab27a39916e37a875c27708873595f133cb4ea39e9f23eab14e86d49ee,/Users/arjunsharma/Documents/SandiaProjects/4-LDRDAMDIS/DIMSWE-feature-study-20260828/m1y_test2b_20260828_workspace/external-results/m1y-test2b-20260828/production/representation-C/m1y-seed0-m20-10k/checkpoint_000010000_parameters.npz,X,TRAINING TRUTH SUPPORT,0,80,POST-HOC CHECKPOINT EVALUATION,source_structure,water_source_defect_RMS,8.438988826752063e-08,POST-HOC FINAL CHECKPOINT EVALUATION,false
t2b-c-m1y,Test 2B,C,M1-Y,M1-Y,10000,c8da7ea375ced0f692210f97097e069f9d5757b6bead22b7a4a10d9a265d8a65,169eadab27a39916e37a875c27708873595f133cb4ea39e9f23eab14e86d49ee,/Users/arjunsharma/Documents/SandiaProjects/4-LDRDAMDIS/DIMSWE-feature-study-20260828/m1y_test2b_20260828_workspace/external-results/m1y-test2b-20260828/production/representation-C/m1y-seed0-m20-10k/checkpoint_000010000_parameters.npz,X,TRAINING TRUTH SUPPORT,0,80,POST-HOC CHECKPOINT EVALUATION,source_structure,S_minus_beta2_Qv_defect_RMS,6.212036834578473e-06,POST-HOC FINAL CHECKPOINT EVALUATION,false
t2b-c-m1y,Test 2B,C,M1-Y,M1-Y,10000,c8da7ea375ced0f692210f97097e069f9d5757b6bead22b7a4a10d9a265d8a65,169eadab27a39916e37a875c27708873595f133cb4ea39e9f23eab14e86d49ee,/Users/arjunsharma/Documents/SandiaProjects/4-LDRDAMDIS/DIMSWE-feature-study-20260828/m1y_test2b_20260828_workspace/external-results/m1y-test2b-20260828/production/representation-C/m1y-seed0-m20-10k/checkpoint_000010000_parameters.npz,X,TRAINING TRUTH SUPPORT,0,80,POST-HOC CHECKPOINT EVALUATION,source_structure,negative_Qr_source_fraction,0.3064390582802855,POST-HOC FINAL CHECKPOINT EVALUATION,false
t2b-c-m1y,Test 2B,C,M1-Y,M1-Y,10000,c8da7ea375ced0f692210f97097e069f9d5757b6bead22b7a4a10d9a265d8a65,169eadab27a39916e37a875c27708873595f133cb4ea39e9f23eab14e86d49ee,/Users/arjunsharma/Documents/SandiaProjects/4-LDRDAMDIS/DIMSWE-feature-study-20260828/m1y_test2b_20260828_workspace/external-results/m1y-test2b-20260828/production/representation-C/m1y-seed0-m20-10k/checkpoint_000010000_parameters.npz,X,TRAINING TRUTH SUPPORT,0,80,POST-HOC CHECKPOINT EVALUATION,source_structure,positive_Qr_source_fraction,0.6935609417197145,POST-HOC FINAL CHECKPOINT EVALUATION,false
t2b-c-m1y,Test 2B,C,M1-Y,M1-Y,10000,c8da7ea375ced0f692210f97097e069f9d5757b6bead22b7a4a10d9a265d8a65,169eadab27a39916e37a875c27708873595f133cb4ea39e9f23eab14e86d49ee,/Users/arjunsharma/Documents/SandiaProjects/4-LDRDAMDIS/DIMSWE-feature-study-20260828/m1y_test2b_20260828_workspace/external-results/m1y-test2b-20260828/production/representation-C/m1y-seed0-m20-10k/checkpoint_000010000_parameters.npz,X,TRAINING TRUTH SUPPORT,0,80,POST-HOC CHECKPOINT EVALUATION,effective_R_activation,truth_active_sample_count,40800,POST-HOC FINAL CHECKPOINT EVALUATION,false
t2b-c-m1y,Test 2B,C,M1-Y,M1-Y,10000,c8da7ea375ced0f692210f97097e069f9d5757b6bead22b7a4a10d9a265d8a65,169eadab27a39916e37a875c27708873595f133cb4ea39e9f23eab14e86d49ee,/Users/arjunsharma/Documents/SandiaProjects/4-LDRDAMDIS/DIMSWE-feature-study-20260828/m1y_test2b_20260828_workspace/external-results/m1y-test2b-20260828/production/representation-C/m1y-seed0-m20-10k/checkpoint_000010000_parameters.npz,X,TRAINING TRUTH SUPPORT,0,80,POST-HOC CHECKPOINT EVALUATION,effective_R_activation,truth_active_sample_fraction,0.007685908564814815,POST-HOC FINAL CHECKPOINT EVALUATION,false
t2b-c-m1y,Test 2B,C,M1-Y,M1-Y,10000,c8da7ea375ced0f692210f97097e069f9d5757b6bead22b7a4a10d9a265d8a65,169eadab27a39916e37a875c27708873595f133cb4ea39e9f23eab14e86d49ee,/Users/arjunsharma/Documents/SandiaProjects/4-LDRDAMDIS/DIMSWE-feature-study-20260828/m1y_test2b_20260828_workspace/external-results/m1y-test2b-20260828/production/representation-C/m1y-seed0-m20-10k/checkpoint_000010000_parameters.npz,X,TRAINING TRUTH SUPPORT,0,80,POST-HOC CHECKPOINT EVALUATION,effective_R_activation,predicted_meaningful_positive_fraction,0.6935635790412809,POST-HOC FINAL CHECKPOINT EVALUATION,false
t2b-c-m1y,Test 2B,C,M1-Y,M1-Y,10000,c8da7ea375ced0f692210f97097e069f9d5757b6bead22b7a4a10d9a265d8a65,169eadab27a39916e37a875c27708873595f133cb4ea39e9f23eab14e86d49ee,/Users/arjunsharma/Documents/SandiaProjects/4-LDRDAMDIS/DIMSWE-feature-study-20260828/m1y_test2b_20260828_workspace/external-results/m1y-test2b-20260828/production/representation-C/m1y-seed0-m20-10k/checkpoint_000010000_parameters.npz,X,TRAINING TRUTH SUPPORT,0,80,POST-HOC CHECKPOINT EVALUATION,effective_R_activation,predicted_meaningful_negative_fraction,0.30643642095871915,POST-HOC FINAL CHECKPOINT EVALUATION,false
t2b-c-m1y,Test 2B,C,M1-Y,M1-Y,10000,c8da7ea375ced0f692210f97097e069f9d5757b6bead22b7a4a10d9a265d8a65,169eadab27a39916e37a875c27708873595f133cb4ea39e9f23eab14e86d49ee,/Users/arjunsharma/Documents/SandiaProjects/4-LDRDAMDIS/DIMSWE-feature-study-20260828/m1y_test2b_20260828_workspace/external-results/m1y-test2b-20260828/production/representation-C/m1y-seed0-m20-10k/checkpoint_000010000_parameters.npz,X,TRAINING TRUTH SUPPORT,0,80,POST-HOC CHECKPOINT EVALUATION,effective_R_activation,false_positive_count,3640924,POST-HOC FINAL CHECKPOINT EVALUATION,false
t2b-c-m1y,Test 2B,C,M1-Y,M1-Y,10000,c8da7ea375ced0f692210f97097e069f9d5757b6bead22b7a4a10d9a265d8a65,169eadab27a39916e37a875c27708873595f133cb4ea39e9f23eab14e86d49ee,/Users/arjunsharma/Documents/SandiaProjects/4-LDRDAMDIS/DIMSWE-feature-study-20260828/m1y_test2b_20260828_workspace/external-results/m1y-test2b-20260828/production/representation-C/m1y-seed0-m20-10k/checkpoint_000010000_parameters.npz,X,TRAINING TRUTH SUPPORT,0,80,POST-HOC CHECKPOINT EVALUATION,effective_R_activation,false_positive_rate_given_truth_inactive,0.6911900943424881,POST-HOC FINAL CHECKPOINT EVALUATION,false
t2b-c-m1y,Test 2B,C,M1-Y,M1-Y,10000,c8da7ea375ced0f692210f97097e069f9d5757b6bead22b7a4a10d9a265d8a65,169eadab27a39916e37a875c27708873595f133cb4ea39e9f23eab14e86d49ee,/Users/arjunsharma/Documents/SandiaProjects/4-LDRDAMDIS/DIMSWE-feature-study-20260828/m1y_test2b_20260828_workspace/external-results/m1y-test2b-20260828/production/representation-C/m1y-seed0-m20-10k/checkpoint_000010000_parameters.npz,X,TRAINING TRUTH SUPPORT,0,80,POST-HOC CHECKPOINT EVALUATION,effective_R_activation,false_negative_count,0,POST-HOC FINAL CHECKPOINT EVALUATION,false
t2b-c-m1y,Test 2B,C,M1-Y,M1-Y,10000,c8da7ea375ced0f692210f97097e069f9d5757b6bead22b7a4a10d9a265d8a65,169eadab27a39916e37a875c27708873595f133cb4ea39e9f23eab14e86d49ee,/Users/arjunsharma/Documents/SandiaProjects/4-LDRDAMDIS/DIMSWE-feature-study-20260828/m1y_test2b_20260828_workspace/external-results/m1y-test2b-20260828/production/representation-C/m1y-seed0-m20-10k/checkpoint_000010000_parameters.npz,X,TRAINING TRUTH SUPPORT,0,80,POST-HOC CHECKPOINT EVALUATION,effective_R_activation,false_negative_rate_given_truth_active,0.0,POST-HOC FINAL CHECKPOINT EVALUATION,false
t2b-c-m1y,Test 2B,C,M1-Y,M1-Y,10000,c8da7ea375ced0f692210f97097e069f9d5757b6bead22b7a4a10d9a265d8a65,169eadab27a39916e37a875c27708873595f133cb4ea39e9f23eab14e86d49ee,/Users/arjunsharma/Documents/SandiaProjects/4-LDRDAMDIS/DIMSWE-feature-study-20260828/m1y_test2b_20260828_workspace/external-results/m1y-test2b-20260828/production/representation-C/m1y-seed0-m20-10k/checkpoint_000010000_parameters.npz,X,TRAINING TRUTH SUPPORT,0,80,POST-HOC CHECKPOINT EVALUATION,effective_R_activation,first_meaningful_positive_predicted_step,0,POST-HOC FINAL CHECKPOINT EVALUATION,false
t2b-c-m1y,Test 2B,C,M1-Y,M1-Y,10000,c8da7ea375ced0f692210f97097e069f9d5757b6bead22b7a4a10d9a265d8a65,169eadab27a39916e37a875c27708873595f133cb4ea39e9f23eab14e86d49ee,/Users/arjunsharma/Documents/SandiaProjects/4-LDRDAMDIS/DIMSWE-feature-study-20260828/m1y_test2b_20260828_workspace/external-results/m1y-test2b-20260828/production/representation-C/m1y-seed0-m20-10k/checkpoint_000010000_parameters.npz,X,TRAINING TRUTH SUPPORT,0,80,POST-HOC CHECKPOINT EVALUATION,effective_R_activation,first_meaningful_positive_truth_step,51,POST-HOC FINAL CHECKPOINT EVALUATION,false
t2b-c-m1y,Test 2B,C,M1-Y,M1-Y,10000,c8da7ea375ced0f692210f97097e069f9d5757b6bead22b7a4a10d9a265d8a65,169eadab27a39916e37a875c27708873595f133cb4ea39e9f23eab14e86d49ee,/Users/arjunsharma/Documents/SandiaProjects/4-LDRDAMDIS/DIMSWE-feature-study-20260828/m1y_test2b_20260828_workspace/external-results/m1y-test2b-20260828/production/representation-C/m1y-seed0-m20-10k/checkpoint_000010000_parameters.npz,X,TRAINING TRUTH SUPPORT,0,80,POST-HOC CHECKPOINT EVALUATION,effective_R_activation,maximum_predicted_effective_R,3.935380622761448e-11,POST-HOC FINAL CHECKPOINT EVALUATION,false
t2b-c-m1y,Test 2B,C,M1-Y,M1-Y,10000,c8da7ea375ced0f692210f97097e069f9d5757b6bead22b7a4a10d9a265d8a65,169eadab27a39916e37a875c27708873595f133cb4ea39e9f23eab14e86d49ee,/Users/arjunsharma/Documents/SandiaProjects/4-LDRDAMDIS/DIMSWE-feature-study-20260828/m1y_test2b_20260828_workspace/external-results/m1y-test2b-20260828/production/representation-C/m1y-seed0-m20-10k/checkpoint_000010000_parameters.npz,X,TRAINING TRUTH SUPPORT,0,80,POST-HOC CHECKPOINT EVALUATION,effective_R_activation,minimum_predicted_effective_R,-7.039922302342242e-13,POST-HOC FINAL CHECKPOINT EVALUATION,false
t2b-c-m1y,Test 2B,C,M1-Y,M1-Y,10000,c8da7ea375ced0f692210f97097e069f9d5757b6bead22b7a4a10d9a265d8a65,169eadab27a39916e37a875c27708873595f133cb4ea39e9f23eab14e86d49ee,/Users/arjunsharma/Documents/SandiaProjects/4-LDRDAMDIS/DIMSWE-feature-study-20260828/m1y_test2b_20260828_workspace/external-results/m1y-test2b-20260828/production/representation-C/m1y-seed0-m20-10k/checkpoint_000010000_parameters.npz,X,TRAINING TRUTH SUPPORT,0,80,POST-HOC CHECKPOINT EVALUATION,effective_R_activation,activity_numerical_tolerance,1.2119968976504772e-20,POST-HOC FINAL CHECKPOINT EVALUATION,false
t2b-c-m1y,Test 2B,C,M1-Y,M1-Y,10000,c8da7ea375ced0f692210f97097e069f9d5757b6bead22b7a4a10d9a265d8a65,169eadab27a39916e37a875c27708873595f133cb4ea39e9f23eab14e86d49ee,/Users/arjunsharma/Documents/SandiaProjects/4-LDRDAMDIS/DIMSWE-feature-study-20260828/m1y_test2b_20260828_workspace/external-results/m1y-test2b-20260828/production/representation-C/m1y-seed0-m20-10k/checkpoint_000010000_parameters.npz,X,TRAINING TRUTH SUPPORT,0,80,POST-HOC CHECKPOINT EVALUATION,effective_R_activation,sample_count,5308416,POST-HOC FINAL CHECKPOINT EVALUATION,false
t2b-a-m1x,Test 2B,A,M1-X,M1-X,10000,471f3ac8a9b84f68bbe14bdc7dee62e3a025ac5cf61503db6644d5a1fa1bb506,e4f8d600fdc9833ab9c0c159a0f7601ec7b162f32c0369d44a82988dbd15908f,/Users/arjunsharma/Documents/SandiaProjects/4-LDRDAMDIS/DIMSWE-study-d0eb615/external-results/test2b-rain-active-learning/production/representation-A/m1-seed0-m20-10k/checkpoint_000010000_parameters.npz,X,HELD-OUT TRUTH SUPPORT,81,160,POST-HOC CHECKPOINT EVALUATION,operator,normalized_objective,4.986590926098384,POST-HOC FINAL CHECKPOINT EVALUATION,true
t2b-a-m1x,Test 2B,A,M1-X,M1-X,10000,471f3ac8a9b84f68bbe14bdc7dee62e3a025ac5cf61503db6644d5a1fa1bb506,e4f8d600fdc9833ab9c0c159a0f7601ec7b162f32c0369d44a82988dbd15908f,/Users/arjunsharma/Documents/SandiaProjects/4-LDRDAMDIS/DIMSWE-study-d0eb615/external-results/test2b-rain-active-learning/production/representation-A/m1-seed0-m20-10k/checkpoint_000010000_parameters.npz,X,HELD-OUT TRUTH SUPPORT,81,160,POST-HOC CHECKPOINT EVALUATION,operator,numerator,2062758711380.7676,POST-HOC FINAL CHECKPOINT EVALUATION,true
t2b-a-m1x,Test 2B,A,M1-X,M1-X,10000,471f3ac8a9b84f68bbe14bdc7dee62e3a025ac5cf61503db6644d5a1fa1bb506,e4f8d600fdc9833ab9c0c159a0f7601ec7b162f32c0369d44a82988dbd15908f,/Users/arjunsharma/Documents/SandiaProjects/4-LDRDAMDIS/DIMSWE-study-d0eb615/external-results/test2b-rain-active-learning/production/representation-A/m1-seed0-m20-10k/checkpoint_000010000_parameters.npz,X,HELD-OUT TRUTH SUPPORT,81,160,POST-HOC CHECKPOINT EVALUATION,operator,denominator,413661104740.89246,POST-HOC FINAL CHECKPOINT EVALUATION,true
t2b-a-m1x,Test 2B,A,M1-X,M1-X,10000,471f3ac8a9b84f68bbe14bdc7dee62e3a025ac5cf61503db6644d5a1fa1bb506,e4f8d600fdc9833ab9c0c159a0f7601ec7b162f32c0369d44a82988dbd15908f,/Users/arjunsharma/Documents/SandiaProjects/4-LDRDAMDIS/DIMSWE-study-d0eb615/external-results/test2b-rain-active-learning/production/representation-A/m1-seed0-m20-10k/checkpoint_000010000_parameters.npz,X,HELD-OUT TRUTH SUPPORT,81,160,POST-HOC CHECKPOINT EVALUATION,A,normalized_RMS_error,0.0321150954488755,POST-HOC FINAL CHECKPOINT EVALUATION,true
t2b-a-m1x,Test 2B,A,M1-X,M1-X,10000,471f3ac8a9b84f68bbe14bdc7dee62e3a025ac5cf61503db6644d5a1fa1bb506,e4f8d600fdc9833ab9c0c159a0f7601ec7b162f32c0369d44a82988dbd15908f,/Users/arjunsharma/Documents/SandiaProjects/4-LDRDAMDIS/DIMSWE-study-d0eb615/external-results/test2b-rain-active-learning/production/representation-A/m1-seed0-m20-10k/checkpoint_000010000_parameters.npz,X,HELD-OUT TRUTH SUPPORT,81,160,POST-HOC CHECKPOINT EVALUATION,A,relative_RMS_error,2.2330676044621636,POST-HOC FINAL CHECKPOINT EVALUATION,true
t2b-a-m1x,Test 2B,A,M1-X,M1-X,10000,471f3ac8a9b84f68bbe14bdc7dee62e3a025ac5cf61503db6644d5a1fa1bb506,e4f8d600fdc9833ab9c0c159a0f7601ec7b162f32c0369d44a82988dbd15908f,/Users/arjunsharma/Documents/SandiaProjects/4-LDRDAMDIS/DIMSWE-study-d0eb615/external-results/test2b-rain-active-learning/production/representation-A/m1-seed0-m20-10k/checkpoint_000010000_parameters.npz,X,HELD-OUT TRUTH SUPPORT,81,160,POST-HOC CHECKPOINT EVALUATION,A,physical_RMS_error,2.90714150760491e-09,POST-HOC FINAL CHECKPOINT EVALUATION,true
t2b-a-m1x,Test 2B,A,M1-X,M1-X,10000,471f3ac8a9b84f68bbe14bdc7dee62e3a025ac5cf61503db6644d5a1fa1bb506,e4f8d600fdc9833ab9c0c159a0f7601ec7b162f32c0369d44a82988dbd15908f,/Users/arjunsharma/Documents/SandiaProjects/4-LDRDAMDIS/DIMSWE-study-d0eb615/external-results/test2b-rain-active-learning/production/representation-A/m1-seed0-m20-10k/checkpoint_000010000_parameters.npz,X,HELD-OUT TRUTH SUPPORT,81,160,POST-HOC CHECKPOINT EVALUATION,A,maximum_absolute_error,1.005310753445178e-07,POST-HOC FINAL CHECKPOINT EVALUATION,true
t2b-a-m1x,Test 2B,A,M1-X,M1-X,10000,471f3ac8a9b84f68bbe14bdc7dee62e3a025ac5cf61503db6644d5a1fa1bb506,e4f8d600fdc9833ab9c0c159a0f7601ec7b162f32c0369d44a82988dbd15908f,/Users/arjunsharma/Documents/SandiaProjects/4-LDRDAMDIS/DIMSWE-study-d0eb615/external-results/test2b-rain-active-learning/production/representation-A/m1-seed0-m20-10k/checkpoint_000010000_parameters.npz,X,HELD-OUT TRUTH SUPPORT,81,160,POST-HOC CHECKPOINT EVALUATION,A,signed_mass_weighted_bias,2.4471343030258635e-11,POST-HOC FINAL CHECKPOINT EVALUATION,true
t2b-a-m1x,Test 2B,A,M1-X,M1-X,10000,471f3ac8a9b84f68bbe14bdc7dee62e3a025ac5cf61503db6644d5a1fa1bb506,e4f8d600fdc9833ab9c0c159a0f7601ec7b162f32c0369d44a82988dbd15908f,/Users/arjunsharma/Documents/SandiaProjects/4-LDRDAMDIS/DIMSWE-study-d0eb615/external-results/test2b-rain-active-learning/production/representation-A/m1-seed0-m20-10k/checkpoint_000010000_parameters.npz,X,HELD-OUT TRUTH SUPPORT,81,160,POST-HOC CHECKPOINT EVALUATION,A,correlation,0.27584602448311135,POST-HOC FINAL CHECKPOINT EVALUATION,true
t2b-a-m1x,Test 2B,A,M1-X,M1-X,10000,471f3ac8a9b84f68bbe14bdc7dee62e3a025ac5cf61503db6644d5a1fa1bb506,e4f8d600fdc9833ab9c0c159a0f7601ec7b162f32c0369d44a82988dbd15908f,/Users/arjunsharma/Documents/SandiaProjects/4-LDRDAMDIS/DIMSWE-study-d0eb615/external-results/test2b-rain-active-learning/production/representation-A/m1-seed0-m20-10k/checkpoint_000010000_parameters.npz,X,HELD-OUT TRUTH SUPPORT,81,160,POST-HOC CHECKPOINT EVALUATION,A,cosine,0.27583721561385494,POST-HOC FINAL CHECKPOINT EVALUATION,true
t2b-a-m1x,Test 2B,A,M1-X,M1-X,10000,471f3ac8a9b84f68bbe14bdc7dee62e3a025ac5cf61503db6644d5a1fa1bb506,e4f8d600fdc9833ab9c0c159a0f7601ec7b162f32c0369d44a82988dbd15908f,/Users/arjunsharma/Documents/SandiaProjects/4-LDRDAMDIS/DIMSWE-study-d0eb615/external-results/test2b-rain-active-learning/production/representation-A/m1-seed0-m20-10k/checkpoint_000010000_parameters.npz,X,HELD-OUT TRUTH SUPPORT,81,160,POST-HOC CHECKPOINT EVALUATION,A,target_RMS,1.3018600519732577e-09,POST-HOC FINAL CHECKPOINT EVALUATION,true
t2b-a-m1x,Test 2B,A,M1-X,M1-X,10000,471f3ac8a9b84f68bbe14bdc7dee62e3a025ac5cf61503db6644d5a1fa1bb506,e4f8d600fdc9833ab9c0c159a0f7601ec7b162f32c0369d44a82988dbd15908f,/Users/arjunsharma/Documents/SandiaProjects/4-LDRDAMDIS/DIMSWE-study-d0eb615/external-results/test2b-rain-active-learning/production/representation-A/m1-seed0-m20-10k/checkpoint_000010000_parameters.npz,X,HELD-OUT TRUTH SUPPORT,81,160,POST-HOC CHECKPOINT EVALUATION,A,prediction_RMS,2.9831414673732783e-09,POST-HOC FINAL CHECKPOINT EVALUATION,true
t2b-a-m1x,Test 2B,A,M1-X,M1-X,10000,471f3ac8a9b84f68bbe14bdc7dee62e3a025ac5cf61503db6644d5a1fa1bb506,e4f8d600fdc9833ab9c0c159a0f7601ec7b162f32c0369d44a82988dbd15908f,/Users/arjunsharma/Documents/SandiaProjects/4-LDRDAMDIS/DIMSWE-study-d0eb615/external-results/test2b-rain-active-learning/production/representation-A/m1-seed0-m20-10k/checkpoint_000010000_parameters.npz,X,HELD-OUT TRUTH SUPPORT,81,160,POST-HOC CHECKPOINT EVALUATION,A,sample_count,5242880,POST-HOC FINAL CHECKPOINT EVALUATION,true
t2b-a-m1y,Test 2B,A,M1-Y,M1-Y,10000,ed838229022ef2ac38a29bb88c8e98f2c173b89e0573088036ad301f76f4e158,a7f98ffe462a89a00d9d2dedd4efb4531cd0feea6e1d64de0b5359bae5e31db4,/Users/arjunsharma/Documents/SandiaProjects/4-LDRDAMDIS/DIMSWE-feature-study-20260828/m1y_test2b_20260828_workspace/external-results/m1y-test2b-20260828/production/representation-A/m1y-seed0-m20-10k/checkpoint_000010000_parameters.npz,X,HELD-OUT TRUTH SUPPORT,81,160,POST-HOC CHECKPOINT EVALUATION,operator,normalized_objective,24.168331633695406,POST-HOC FINAL CHECKPOINT EVALUATION,false
t2b-a-m1y,Test 2B,A,M1-Y,M1-Y,10000,ed838229022ef2ac38a29bb88c8e98f2c173b89e0573088036ad301f76f4e158,a7f98ffe462a89a00d9d2dedd4efb4531cd0feea6e1d64de0b5359bae5e31db4,/Users/arjunsharma/Documents/SandiaProjects/4-LDRDAMDIS/DIMSWE-feature-study-20260828/m1y_test2b_20260828_workspace/external-results/m1y-test2b-20260828/production/representation-A/m1y-seed0-m20-10k/checkpoint_000010000_parameters.npz,X,HELD-OUT TRUTH SUPPORT,81,160,POST-HOC CHECKPOINT EVALUATION,operator,numerator,9997498763338.7,POST-HOC FINAL CHECKPOINT EVALUATION,false
t2b-a-m1y,Test 2B,A,M1-Y,M1-Y,10000,ed838229022ef2ac38a29bb88c8e98f2c173b89e0573088036ad301f76f4e158,a7f98ffe462a89a00d9d2dedd4efb4531cd0feea6e1d64de0b5359bae5e31db4,/Users/arjunsharma/Documents/SandiaProjects/4-LDRDAMDIS/DIMSWE-feature-study-20260828/m1y_test2b_20260828_workspace/external-results/m1y-test2b-20260828/production/representation-A/m1y-seed0-m20-10k/checkpoint_000010000_parameters.npz,X,HELD-OUT TRUTH SUPPORT,81,160,POST-HOC CHECKPOINT EVALUATION,operator,denominator,413661104740.89246,POST-HOC FINAL CHECKPOINT EVALUATION,false
t2b-a-m1y,Test 2B,A,M1-Y,M1-Y,10000,ed838229022ef2ac38a29bb88c8e98f2c173b89e0573088036ad301f76f4e158,a7f98ffe462a89a00d9d2dedd4efb4531cd0feea6e1d64de0b5359bae5e31db4,/Users/arjunsharma/Documents/SandiaProjects/4-LDRDAMDIS/DIMSWE-feature-study-20260828/m1y_test2b_20260828_workspace/external-results/m1y-test2b-20260828/production/representation-A/m1y-seed0-m20-10k/checkpoint_000010000_parameters.npz,X,HELD-OUT TRUTH SUPPORT,81,160,POST-HOC CHECKPOINT EVALUATION,A,normalized_RMS_error,0.07070183435858897,POST-HOC FINAL CHECKPOINT EVALUATION,false
t2b-a-m1y,Test 2B,A,M1-Y,M1-Y,10000,ed838229022ef2ac38a29bb88c8e98f2c173b89e0573088036ad301f76f4e158,a7f98ffe462a89a00d9d2dedd4efb4531cd0feea6e1d64de0b5359bae5e31db4,/Users/arjunsharma/Documents/SandiaProjects/4-LDRDAMDIS/DIMSWE-feature-study-20260828/m1y_test2b_20260828_workspace/external-results/m1y-test2b-20260828/production/representation-A/m1y-seed0-m20-10k/checkpoint_000010000_parameters.npz,X,HELD-OUT TRUTH SUPPORT,81,160,POST-HOC CHECKPOINT EVALUATION,A,relative_RMS_error,4.916129741340785,POST-HOC FINAL CHECKPOINT EVALUATION,false
t2b-a-m1y,Test 2B,A,M1-Y,M1-Y,10000,ed838229022ef2ac38a29bb88c8e98f2c173b89e0573088036ad301f76f4e158,a7f98ffe462a89a00d9d2dedd4efb4531cd0feea6e1d64de0b5359bae5e31db4,/Users/arjunsharma/Documents/SandiaProjects/4-LDRDAMDIS/DIMSWE-feature-study-20260828/m1y_test2b_20260828_workspace/external-results/m1y-test2b-20260828/production/representation-A/m1y-seed0-m20-10k/checkpoint_000010000_parameters.npz,X,HELD-OUT TRUTH SUPPORT,81,160,POST-HOC CHECKPOINT EVALUATION,A,physical_RMS_error,6.4001129205691916e-09,POST-HOC FINAL CHECKPOINT EVALUATION,false
t2b-a-m1y,Test 2B,A,M1-Y,M1-Y,10000,ed838229022ef2ac38a29bb88c8e98f2c173b89e0573088036ad301f76f4e158,a7f98ffe462a89a00d9d2dedd4efb4531cd0feea6e1d64de0b5359bae5e31db4,/Users/arjunsharma/Documents/SandiaProjects/4-LDRDAMDIS/DIMSWE-feature-study-20260828/m1y_test2b_20260828_workspace/external-results/m1y-test2b-20260828/production/representation-A/m1y-seed0-m20-10k/checkpoint_000010000_parameters.npz,X,HELD-OUT TRUTH SUPPORT,81,160,POST-HOC CHECKPOINT EVALUATION,A,maximum_absolute_error,8.931781307477681e-08,POST-HOC FINAL CHECKPOINT EVALUATION,false
t2b-a-m1y,Test 2B,A,M1-Y,M1-Y,10000,ed838229022ef2ac38a29bb88c8e98f2c173b89e0573088036ad301f76f4e158,a7f98ffe462a89a00d9d2dedd4efb4531cd0feea6e1d64de0b5359bae5e31db4,/Users/arjunsharma/Documents/SandiaProjects/4-LDRDAMDIS/DIMSWE-feature-study-20260828/m1y_test2b_20260828_workspace/external-results/m1y-test2b-20260828/production/representation-A/m1y-seed0-m20-10k/checkpoint_000010000_parameters.npz,X,HELD-OUT TRUTH SUPPORT,81,160,POST-HOC CHECKPOINT EVALUATION,A,signed_mass_weighted_bias,6.344694393489737e-10,POST-HOC FINAL CHECKPOINT EVALUATION,false
t2b-a-m1y,Test 2B,A,M1-Y,M1-Y,10000,ed838229022ef2ac38a29bb88c8e98f2c173b89e0573088036ad301f76f4e158,a7f98ffe462a89a00d9d2dedd4efb4531cd0feea6e1d64de0b5359bae5e31db4,/Users/arjunsharma/Documents/SandiaProjects/4-LDRDAMDIS/DIMSWE-feature-study-20260828/m1y_test2b_20260828_workspace/external-results/m1y-test2b-20260828/production/representation-A/m1y-seed0-m20-10k/checkpoint_000010000_parameters.npz,X,HELD-OUT TRUTH SUPPORT,81,160,POST-HOC CHECKPOINT EVALUATION,A,correlation,0.1425874400792605,POST-HOC FINAL CHECKPOINT EVALUATION,false
t2b-a-m1y,Test 2B,A,M1-Y,M1-Y,10000,ed838229022ef2ac38a29bb88c8e98f2c173b89e0573088036ad301f76f4e158,a7f98ffe462a89a00d9d2dedd4efb4531cd0feea6e1d64de0b5359bae5e31db4,/Users/arjunsharma/Documents/SandiaProjects/4-LDRDAMDIS/DIMSWE-feature-study-20260828/m1y_test2b_20260828_workspace/external-results/m1y-test2b-20260828/production/representation-A/m1y-seed0-m20-10k/checkpoint_000010000_parameters.npz,X,HELD-OUT TRUTH SUPPORT,81,160,POST-HOC CHECKPOINT EVALUATION,A,cosine,0.14190296120228074,POST-HOC FINAL CHECKPOINT EVALUATION,false
t2b-a-m1y,Test 2B,A,M1-Y,M1-Y,10000,ed838229022ef2ac38a29bb88c8e98f2c173b89e0573088036ad301f76f4e158,a7f98ffe462a89a00d9d2dedd4efb4531cd0feea6e1d64de0b5359bae5e31db4,/Users/arjunsharma/Documents/SandiaProjects/4-LDRDAMDIS/DIMSWE-feature-study-20260828/m1y_test2b_20260828_workspace/external-results/m1y-test2b-20260828/production/representation-A/m1y-seed0-m20-10k/checkpoint_000010000_parameters.npz,X,HELD-OUT TRUTH SUPPORT,81,160,POST-HOC CHECKPOINT EVALUATION,A,target_RMS,1.3018600519732577e-09,POST-HOC FINAL CHECKPOINT EVALUATION,false
t2b-a-m1y,Test 2B,A,M1-Y,M1-Y,10000,ed838229022ef2ac38a29bb88c8e98f2c173b89e0573088036ad301f76f4e158,a7f98ffe462a89a00d9d2dedd4efb4531cd0feea6e1d64de0b5359bae5e31db4,/Users/arjunsharma/Documents/SandiaProjects/4-LDRDAMDIS/DIMSWE-feature-study-20260828/m1y_test2b_20260828_workspace/external-results/m1y-test2b-20260828/production/representation-A/m1y-seed0-m20-10k/checkpoint_000010000_parameters.npz,X,HELD-OUT TRUTH SUPPORT,81,160,POST-HOC CHECKPOINT EVALUATION,A,prediction_RMS,6.453767534335915e-09,POST-HOC FINAL CHECKPOINT EVALUATION,false
t2b-a-m1y,Test 2B,A,M1-Y,M1-Y,10000,ed838229022ef2ac38a29bb88c8e98f2c173b89e0573088036ad301f76f4e158,a7f98ffe462a89a00d9d2dedd4efb4531cd0feea6e1d64de0b5359bae5e31db4,/Users/arjunsharma/Documents/SandiaProjects/4-LDRDAMDIS/DIMSWE-feature-study-20260828/m1y_test2b_20260828_workspace/external-results/m1y-test2b-20260828/production/representation-A/m1y-seed0-m20-10k/checkpoint_000010000_parameters.npz,X,HELD-OUT TRUTH SUPPORT,81,160,POST-HOC CHECKPOINT EVALUATION,A,sample_count,5242880,POST-HOC FINAL CHECKPOINT EVALUATION,false
t2b-b-m1x,Test 2B,B,M1-X,M1-X,10000,cfc9d3da6a8d07d74ae17e3d9a5beabe434e63b8005e95df4a1925c3a63c609c,a740fa161ad5ff954beb73b4b44fda51b705ce34a40718bd8912716425aeb459,/Users/arjunsharma/Documents/SandiaProjects/4-LDRDAMDIS/DIMSWE-study-d0eb615/external-results/test2b-rain-active-learning/production/representation-B/m1-seed0-m20-10k/checkpoint_000010000_parameters.npz,X,HELD-OUT TRUTH SUPPORT,81,160,POST-HOC CHECKPOINT EVALUATION,operator,normalized_objective,0.019116686070949383,POST-HOC FINAL CHECKPOINT EVALUATION,true
t2b-b-m1x,Test 2B,B,M1-X,M1-X,10000,cfc9d3da6a8d07d74ae17e3d9a5beabe434e63b8005e95df4a1925c3a63c609c,a740fa161ad5ff954beb73b4b44fda51b705ce34a40718bd8912716425aeb459,/Users/arjunsharma/Documents/SandiaProjects/4-LDRDAMDIS/DIMSWE-study-d0eb615/external-results/test2b-rain-active-learning/production/representation-B/m1-seed0-m20-10k/checkpoint_000010000_parameters.npz,X,HELD-OUT TRUTH SUPPORT,81,160,POST-HOC CHECKPOINT EVALUATION,operator,numerator,3548591354376.4424,POST-HOC FINAL CHECKPOINT EVALUATION,true
t2b-b-m1x,Test 2B,B,M1-X,M1-X,10000,cfc9d3da6a8d07d74ae17e3d9a5beabe434e63b8005e95df4a1925c3a63c609c,a740fa161ad5ff954beb73b4b44fda51b705ce34a40718bd8912716425aeb459,/Users/arjunsharma/Documents/SandiaProjects/4-LDRDAMDIS/DIMSWE-study-d0eb615/external-results/test2b-rain-active-learning/production/representation-B/m1-seed0-m20-10k/checkpoint_000010000_parameters.npz,X,HELD-OUT TRUTH SUPPORT,81,160,POST-HOC CHECKPOINT EVALUATION,operator,denominator,185627955661679.72,POST-HOC FINAL CHECKPOINT EVALUATION,true
t2b-b-m1x,Test 2B,B,M1-X,M1-X,10000,cfc9d3da6a8d07d74ae17e3d9a5beabe434e63b8005e95df4a1925c3a63c609c,a740fa161ad5ff954beb73b4b44fda51b705ce34a40718bd8912716425aeb459,/Users/arjunsharma/Documents/SandiaProjects/4-LDRDAMDIS/DIMSWE-study-d0eb615/external-results/test2b-rain-active-learning/production/representation-B/m1-seed0-m20-10k/checkpoint_000010000_parameters.npz,X,HELD-OUT TRUTH SUPPORT,81,160,POST-HOC CHECKPOINT EVALUATION,A,normalized_RMS_error,0.04164844694887093,POST-HOC FINAL CHECKPOINT EVALUATION,true
t2b-b-m1x,Test 2B,B,M1-X,M1-X,10000,cfc9d3da6a8d07d74ae17e3d9a5beabe434e63b8005e95df4a1925c3a63c609c,a740fa161ad5ff954beb73b4b44fda51b705ce34a40718bd8912716425aeb459,/Users/arjunsharma/Documents/SandiaProjects/4-LDRDAMDIS/DIMSWE-study-d0eb615/external-results/test2b-rain-active-learning/production/representation-B/m1-seed0-m20-10k/checkpoint_000010000_parameters.npz,X,HELD-OUT TRUTH SUPPORT,81,160,POST-HOC CHECKPOINT EVALUATION,A,relative_RMS_error,2.895952708773319,POST-HOC FINAL CHECKPOINT EVALUATION,true
t2b-b-m1x,Test 2B,B,M1-X,M1-X,10000,cfc9d3da6a8d07d74ae17e3d9a5beabe434e63b8005e95df4a1925c3a63c609c,a740fa161ad5ff954beb73b4b44fda51b705ce34a40718bd8912716425aeb459,/Users/arjunsharma/Documents/SandiaProjects/4-LDRDAMDIS/DIMSWE-study-d0eb615/external-results/test2b-rain-active-learning/production/representation-B/m1-seed0-m20-10k/checkpoint_000010000_parameters.npz,X,HELD-OUT TRUTH SUPPORT,81,160,POST-HOC CHECKPOINT EVALUATION,A,physical_RMS_error,3.7701251439557294e-09,POST-HOC FINAL CHECKPOINT EVALUATION,true
t2b-b-m1x,Test 2B,B,M1-X,M1-X,10000,cfc9d3da6a8d07d74ae17e3d9a5beabe434e63b8005e95df4a1925c3a63c609c,a740fa161ad5ff954beb73b4b44fda51b705ce34a40718bd8912716425aeb459,/Users/arjunsharma/Documents/SandiaProjects/4-LDRDAMDIS/DIMSWE-study-d0eb615/external-results/test2b-rain-active-learning/production/representation-B/m1-seed0-m20-10k/checkpoint_000010000_parameters.npz,X,HELD-OUT TRUTH SUPPORT,81,160,POST-HOC CHECKPOINT EVALUATION,A,maximum_absolute_error,6.677404866658535e-08,POST-HOC FINAL CHECKPOINT EVALUATION,true
t2b-b-m1x,Test 2B,B,M1-X,M1-X,10000,cfc9d3da6a8d07d74ae17e3d9a5beabe434e63b8005e95df4a1925c3a63c609c,a740fa161ad5ff954beb73b4b44fda51b705ce34a40718bd8912716425aeb459,/Users/arjunsharma/Documents/SandiaProjects/4-LDRDAMDIS/DIMSWE-study-d0eb615/external-results/test2b-rain-active-learning/production/representation-B/m1-seed0-m20-10k/checkpoint_000010000_parameters.npz,X,HELD-OUT TRUTH SUPPORT,81,160,POST-HOC CHECKPOINT EVALUATION,A,signed_mass_weighted_bias,-6.715372442780618e-10,POST-HOC FINAL CHECKPOINT EVALUATION,true
t2b-b-m1x,Test 2B,B,M1-X,M1-X,10000,cfc9d3da6a8d07d74ae17e3d9a5beabe434e63b8005e95df4a1925c3a63c609c,a740fa161ad5ff954beb73b4b44fda51b705ce34a40718bd8912716425aeb459,/Users/arjunsharma/Documents/SandiaProjects/4-LDRDAMDIS/DIMSWE-study-d0eb615/external-results/test2b-rain-active-learning/production/representation-B/m1-seed0-m20-10k/checkpoint_000010000_parameters.npz,X,HELD-OUT TRUTH SUPPORT,81,160,POST-HOC CHECKPOINT EVALUATION,A,correlation,0.1995227109122681,POST-HOC FINAL CHECKPOINT EVALUATION,true
t2b-b-m1x,Test 2B,B,M1-X,M1-X,10000,cfc9d3da6a8d07d74ae17e3d9a5beabe434e63b8005e95df4a1925c3a63c609c,a740fa161ad5ff954beb73b4b44fda51b705ce34a40718bd8912716425aeb459,/Users/arjunsharma/Documents/SandiaProjects/4-LDRDAMDIS/DIMSWE-study-d0eb615/external-results/test2b-rain-active-learning/production/representation-B/m1-seed0-m20-10k/checkpoint_000010000_parameters.npz,X,HELD-OUT TRUTH SUPPORT,81,160,POST-HOC CHECKPOINT EVALUATION,A,cosine,0.19637686933297052,POST-HOC FINAL CHECKPOINT EVALUATION,true
t2b-b-m1x,Test 2B,B,M1-X,M1-X,10000,cfc9d3da6a8d07d74ae17e3d9a5beabe434e63b8005e95df4a1925c3a63c609c,a740fa161ad5ff954beb73b4b44fda51b705ce34a40718bd8912716425aeb459,/Users/arjunsharma/Documents/SandiaProjects/4-LDRDAMDIS/DIMSWE-study-d0eb615/external-results/test2b-rain-active-learning/production/representation-B/m1-seed0-m20-10k/checkpoint_000010000_parameters.npz,X,HELD-OUT TRUTH SUPPORT,81,160,POST-HOC CHECKPOINT EVALUATION,A,target_RMS,1.3018600519732577e-09,POST-HOC FINAL CHECKPOINT EVALUATION,true
t2b-b-m1x,Test 2B,B,M1-X,M1-X,10000,cfc9d3da6a8d07d74ae17e3d9a5beabe434e63b8005e95df4a1925c3a63c609c,a740fa161ad5ff954beb73b4b44fda51b705ce34a40718bd8912716425aeb459,/Users/arjunsharma/Documents/SandiaProjects/4-LDRDAMDIS/DIMSWE-study-d0eb615/external-results/test2b-rain-active-learning/production/representation-B/m1-seed0-m20-10k/checkpoint_000010000_parameters.npz,X,HELD-OUT TRUTH SUPPORT,81,160,POST-HOC CHECKPOINT EVALUATION,A,prediction_RMS,3.803099857420531e-09,POST-HOC FINAL CHECKPOINT EVALUATION,true
t2b-b-m1x,Test 2B,B,M1-X,M1-X,10000,cfc9d3da6a8d07d74ae17e3d9a5beabe434e63b8005e95df4a1925c3a63c609c,a740fa161ad5ff954beb73b4b44fda51b705ce34a40718bd8912716425aeb459,/Users/arjunsharma/Documents/SandiaProjects/4-LDRDAMDIS/DIMSWE-study-d0eb615/external-results/test2b-rain-active-learning/production/representation-B/m1-seed0-m20-10k/checkpoint_000010000_parameters.npz,X,HELD-OUT TRUTH SUPPORT,81,160,POST-HOC CHECKPOINT EVALUATION,A,sample_count,5242880,POST-HOC FINAL CHECKPOINT EVALUATION,true
t2b-b-m1x,Test 2B,B,M1-X,M1-X,10000,cfc9d3da6a8d07d74ae17e3d9a5beabe434e63b8005e95df4a1925c3a63c609c,a740fa161ad5ff954beb73b4b44fda51b705ce34a40718bd8912716425aeb459,/Users/arjunsharma/Documents/SandiaProjects/4-LDRDAMDIS/DIMSWE-study-d0eb615/external-results/test2b-rain-active-learning/production/representation-B/m1-seed0-m20-10k/checkpoint_000010000_parameters.npz,X,HELD-OUT TRUTH SUPPORT,81,160,POST-HOC CHECKPOINT EVALUATION,R_all,normalized_RMS_error,0.00630099547177306,POST-HOC FINAL CHECKPOINT EVALUATION,true
t2b-b-m1x,Test 2B,B,M1-X,M1-X,10000,cfc9d3da6a8d07d74ae17e3d9a5beabe434e63b8005e95df4a1925c3a63c609c,a740fa161ad5ff954beb73b4b44fda51b705ce34a40718bd8912716425aeb459,/Users/arjunsharma/Documents/SandiaProjects/4-LDRDAMDIS/DIMSWE-study-d0eb615/external-results/test2b-rain-active-learning/production/representation-B/m1-seed0-m20-10k/checkpoint_000010000_parameters.npz,X,HELD-OUT TRUTH SUPPORT,81,160,POST-HOC CHECKPOINT EVALUATION,R_all,relative_RMS_error,0.02070555683218623,POST-HOC FINAL CHECKPOINT EVALUATION,true
t2b-b-m1x,Test 2B,B,M1-X,M1-X,10000,cfc9d3da6a8d07d74ae17e3d9a5beabe434e63b8005e95df4a1925c3a63c609c,a740fa161ad5ff954beb73b4b44fda51b705ce34a40718bd8912716425aeb459,/Users/arjunsharma/Documents/SandiaProjects/4-LDRDAMDIS/DIMSWE-study-d0eb615/external-results/test2b-rain-active-learning/production/representation-B/m1-seed0-m20-10k/checkpoint_000010000_parameters.npz,X,HELD-OUT TRUTH SUPPORT,81,160,POST-HOC CHECKPOINT EVALUATION,R_all,physical_RMS_error,1.254079016943717e-13,POST-HOC FINAL CHECKPOINT EVALUATION,true
t2b-b-m1x,Test 2B,B,M1-X,M1-X,10000,cfc9d3da6a8d07d74ae17e3d9a5beabe434e63b8005e95df4a1925c3a63c609c,a740fa161ad5ff954beb73b4b44fda51b705ce34a40718bd8912716425aeb459,/Users/arjunsharma/Documents/SandiaProjects/4-LDRDAMDIS/DIMSWE-study-d0eb615/external-results/test2b-rain-active-learning/production/representation-B/m1-seed0-m20-10k/checkpoint_000010000_parameters.npz,X,HELD-OUT TRUTH SUPPORT,81,160,POST-HOC CHECKPOINT EVALUATION,R_all,maximum_absolute_error,3.5015434089501136e-12,POST-HOC FINAL CHECKPOINT EVALUATION,true
t2b-b-m1x,Test 2B,B,M1-X,M1-X,10000,cfc9d3da6a8d07d74ae17e3d9a5beabe434e63b8005e95df4a1925c3a63c609c,a740fa161ad5ff954beb73b4b44fda51b705ce34a40718bd8912716425aeb459,/Users/arjunsharma/Documents/SandiaProjects/4-LDRDAMDIS/DIMSWE-study-d0eb615/external-results/test2b-rain-active-learning/production/representation-B/m1-seed0-m20-10k/checkpoint_000010000_parameters.npz,X,HELD-OUT TRUTH SUPPORT,81,160,POST-HOC CHECKPOINT EVALUATION,R_all,signed_mass_weighted_bias,-5.800206743794434e-15,POST-HOC FINAL CHECKPOINT EVALUATION,true
t2b-b-m1x,Test 2B,B,M1-X,M1-X,10000,cfc9d3da6a8d07d74ae17e3d9a5beabe434e63b8005e95df4a1925c3a63c609c,a740fa161ad5ff954beb73b4b44fda51b705ce34a40718bd8912716425aeb459,/Users/arjunsharma/Documents/SandiaProjects/4-LDRDAMDIS/DIMSWE-study-d0eb615/external-results/test2b-rain-active-learning/production/representation-B/m1-seed0-m20-10k/checkpoint_000010000_parameters.npz,X,HELD-OUT TRUTH SUPPORT,81,160,POST-HOC CHECKPOINT EVALUATION,R_all,correlation,0.9998218076926088,POST-HOC FINAL CHECKPOINT EVALUATION,true
t2b-b-m1x,Test 2B,B,M1-X,M1-X,10000,cfc9d3da6a8d07d74ae17e3d9a5beabe434e63b8005e95df4a1925c3a63c609c,a740fa161ad5ff954beb73b4b44fda51b705ce34a40718bd8912716425aeb459,/Users/arjunsharma/Documents/SandiaProjects/4-LDRDAMDIS/DIMSWE-study-d0eb615/external-results/test2b-rain-active-learning/production/representation-B/m1-seed0-m20-10k/checkpoint_000010000_parameters.npz,X,HELD-OUT TRUTH SUPPORT,81,160,POST-HOC CHECKPOINT EVALUATION,R_all,cosine,0.9998305288354615,POST-HOC FINAL CHECKPOINT EVALUATION,true
t2b-b-m1x,Test 2B,B,M1-X,M1-X,10000,cfc9d3da6a8d07d74ae17e3d9a5beabe434e63b8005e95df4a1925c3a63c609c,a740fa161ad5ff954beb73b4b44fda51b705ce34a40718bd8912716425aeb459,/Users/arjunsharma/Documents/SandiaProjects/4-LDRDAMDIS/DIMSWE-study-d0eb615/external-results/test2b-rain-active-learning/production/representation-B/m1-seed0-m20-10k/checkpoint_000010000_parameters.npz,X,HELD-OUT TRUTH SUPPORT,81,160,POST-HOC CHECKPOINT EVALUATION,R_all,target_RMS,6.0567268347706796e-12,POST-HOC FINAL CHECKPOINT EVALUATION,true
t2b-b-m1x,Test 2B,B,M1-X,M1-X,10000,cfc9d3da6a8d07d74ae17e3d9a5beabe434e63b8005e95df4a1925c3a63c609c,a740fa161ad5ff954beb73b4b44fda51b705ce34a40718bd8912716425aeb459,/Users/arjunsharma/Documents/SandiaProjects/4-LDRDAMDIS/DIMSWE-study-d0eb615/external-results/test2b-rain-active-learning/production/representation-B/m1-seed0-m20-10k/checkpoint_000010000_parameters.npz,X,HELD-OUT TRUTH SUPPORT,81,160,POST-HOC CHECKPOINT EVALUATION,R_all,prediction_RMS,5.99830304810701e-12,POST-HOC FINAL CHECKPOINT EVALUATION,true
t2b-b-m1x,Test 2B,B,M1-X,M1-X,10000,cfc9d3da6a8d07d74ae17e3d9a5beabe434e63b8005e95df4a1925c3a63c609c,a740fa161ad5ff954beb73b4b44fda51b705ce34a40718bd8912716425aeb459,/Users/arjunsharma/Documents/SandiaProjects/4-LDRDAMDIS/DIMSWE-study-d0eb615/external-results/test2b-rain-active-learning/production/representation-B/m1-seed0-m20-10k/checkpoint_000010000_parameters.npz,X,HELD-OUT TRUTH SUPPORT,81,160,POST-HOC CHECKPOINT EVALUATION,R_all,sample_count,5242880,POST-HOC FINAL CHECKPOINT EVALUATION,true
t2b-b-m1x,Test 2B,B,M1-X,M1-X,10000,cfc9d3da6a8d07d74ae17e3d9a5beabe434e63b8005e95df4a1925c3a63c609c,a740fa161ad5ff954beb73b4b44fda51b705ce34a40718bd8912716425aeb459,/Users/arjunsharma/Documents/SandiaProjects/4-LDRDAMDIS/DIMSWE-study-d0eb615/external-results/test2b-rain-active-learning/production/representation-B/m1-seed0-m20-10k/checkpoint_000010000_parameters.npz,X,HELD-OUT TRUTH SUPPORT,81,160,POST-HOC CHECKPOINT EVALUATION,R_truth_active,normalized_RMS_error,0.021379824402049618,POST-HOC FINAL CHECKPOINT EVALUATION,true
t2b-b-m1x,Test 2B,B,M1-X,M1-X,10000,cfc9d3da6a8d07d74ae17e3d9a5beabe434e63b8005e95df4a1925c3a63c609c,a740fa161ad5ff954beb73b4b44fda51b705ce34a40718bd8912716425aeb459,/Users/arjunsharma/Documents/SandiaProjects/4-LDRDAMDIS/DIMSWE-study-d0eb615/external-results/test2b-rain-active-learning/production/representation-B/m1-seed0-m20-10k/checkpoint_000010000_parameters.npz,X,HELD-OUT TRUTH SUPPORT,81,160,POST-HOC CHECKPOINT EVALUATION,R_truth_active,relative_RMS_error,0.01894717638962295,POST-HOC FINAL CHECKPOINT EVALUATION,true
t2b-b-m1x,Test 2B,B,M1-X,M1-X,10000,cfc9d3da6a8d07d74ae17e3d9a5beabe434e63b8005e95df4a1925c3a63c609c,a740fa161ad5ff954beb73b4b44fda51b705ce34a40718bd8912716425aeb459,/Users/arjunsharma/Documents/SandiaProjects/4-LDRDAMDIS/DIMSWE-study-d0eb615/external-results/test2b-rain-active-learning/production/representation-B/m1-seed0-m20-10k/checkpoint_000010000_parameters.npz,X,HELD-OUT TRUTH SUPPORT,81,160,POST-HOC CHECKPOINT EVALUATION,R_truth_active,physical_RMS_error,4.255198926687525e-13,POST-HOC FINAL CHECKPOINT EVALUATION,true
t2b-b-m1x,Test 2B,B,M1-X,M1-X,10000,cfc9d3da6a8d07d74ae17e3d9a5beabe434e63b8005e95df4a1925c3a63c609c,a740fa161ad5ff954beb73b4b44fda51b705ce34a40718bd8912716425aeb459,/Users/arjunsharma/Documents/SandiaProjects/4-LDRDAMDIS/DIMSWE-study-d0eb615/external-results/test2b-rain-active-learning/production/representation-B/m1-seed0-m20-10k/checkpoint_000010000_parameters.npz,X,HELD-OUT TRUTH SUPPORT,81,160,POST-HOC CHECKPOINT EVALUATION,R_truth_active,maximum_absolute_error,3.5015434089501136e-12,POST-HOC FINAL CHECKPOINT EVALUATION,true
t2b-b-m1x,Test 2B,B,M1-X,M1-X,10000,cfc9d3da6a8d07d74ae17e3d9a5beabe434e63b8005e95df4a1925c3a63c609c,a740fa161ad5ff954beb73b4b44fda51b705ce34a40718bd8912716425aeb459,/Users/arjunsharma/Documents/SandiaProjects/4-LDRDAMDIS/DIMSWE-study-d0eb615/external-results/test2b-rain-active-learning/production/representation-B/m1-seed0-m20-10k/checkpoint_000010000_parameters.npz,X,HELD-OUT TRUTH SUPPORT,81,160,POST-HOC CHECKPOINT EVALUATION,R_truth_active,signed_mass_weighted_bias,-8.143783884316926e-14,POST-HOC FINAL CHECKPOINT EVALUATION,true
t2b-b-m1x,Test 2B,B,M1-X,M1-X,10000,cfc9d3da6a8d07d74ae17e3d9a5beabe434e63b8005e95df4a1925c3a63c609c,a740fa161ad5ff954beb73b4b44fda51b705ce34a40718bd8912716425aeb459,/Users/arjunsharma/Documents/SandiaProjects/4-LDRDAMDIS/DIMSWE-study-d0eb615/external-results/test2b-rain-active-learning/production/representation-B/m1-seed0-m20-10k/checkpoint_000010000_parameters.npz,X,HELD-OUT TRUTH SUPPORT,81,160,POST-HOC CHECKPOINT EVALUATION,R_truth_active,correlation,0.9996498305769079,POST-HOC FINAL CHECKPOINT EVALUATION,true
t2b-b-m1x,Test 2B,B,M1-X,M1-X,10000,cfc9d3da6a8d07d74ae17e3d9a5beabe434e63b8005e95df4a1925c3a63c609c,a740fa161ad5ff954beb73b4b44fda51b705ce34a40718bd8912716425aeb459,/Users/arjunsharma/Documents/SandiaProjects/4-LDRDAMDIS/DIMSWE-study-d0eb615/external-results/test2b-rain-active-learning/production/representation-B/m1-seed0-m20-10k/checkpoint_000010000_parameters.npz,X,HELD-OUT TRUTH SUPPORT,81,160,POST-HOC CHECKPOINT EVALUATION,R_truth_active,cosine,0.9998660694303956,POST-HOC FINAL CHECKPOINT EVALUATION,true
t2b-b-m1x,Test 2B,B,M1-X,M1-X,10000,cfc9d3da6a8d07d74ae17e3d9a5beabe434e63b8005e95df4a1925c3a63c609c,a740fa161ad5ff954beb73b4b44fda51b705ce34a40718bd8912716425aeb459,/Users/arjunsharma/Documents/SandiaProjects/4-LDRDAMDIS/DIMSWE-study-d0eb615/external-results/test2b-rain-active-learning/production/representation-B/m1-seed0-m20-10k/checkpoint_000010000_parameters.npz,X,HELD-OUT TRUTH SUPPORT,81,160,POST-HOC CHECKPOINT EVALUATION,R_truth_active,target_RMS,2.2458221949197798e-11,POST-HOC FINAL CHECKPOINT EVALUATION,true
t2b-b-m1x,Test 2B,B,M1-X,M1-X,10000,cfc9d3da6a8d07d74ae17e3d9a5beabe434e63b8005e95df4a1925c3a63c609c,a740fa161ad5ff954beb73b4b44fda51b705ce34a40718bd8912716425aeb459,/Users/arjunsharma/Documents/SandiaProjects/4-LDRDAMDIS/DIMSWE-study-d0eb615/external-results/test2b-rain-active-learning/production/representation-B/m1-seed0-m20-10k/checkpoint_000010000_parameters.npz,X,HELD-OUT TRUTH SUPPORT,81,160,POST-HOC CHECKPOINT EVALUATION,R_truth_active,prediction_RMS,2.2240797131770408e-11,POST-HOC FINAL CHECKPOINT EVALUATION,true
t2b-b-m1x,Test 2B,B,M1-X,M1-X,10000,cfc9d3da6a8d07d74ae17e3d9a5beabe434e63b8005e95df4a1925c3a63c609c,a740fa161ad5ff954beb73b4b44fda51b705ce34a40718bd8912716425aeb459,/Users/arjunsharma/Documents/SandiaProjects/4-LDRDAMDIS/DIMSWE-study-d0eb615/external-results/test2b-rain-active-learning/production/representation-B/m1-seed0-m20-10k/checkpoint_000010000_parameters.npz,X,HELD-OUT TRUTH SUPPORT,81,160,POST-HOC CHECKPOINT EVALUATION,R_truth_active,sample_count,385820,POST-HOC FINAL CHECKPOINT EVALUATION,true
t2b-b-m1x,Test 2B,B,M1-X,M1-X,10000,cfc9d3da6a8d07d74ae17e3d9a5beabe434e63b8005e95df4a1925c3a63c609c,a740fa161ad5ff954beb73b4b44fda51b705ce34a40718bd8912716425aeb459,/Users/arjunsharma/Documents/SandiaProjects/4-LDRDAMDIS/DIMSWE-study-d0eb615/external-results/test2b-rain-active-learning/production/representation-B/m1-seed0-m20-10k/checkpoint_000010000_parameters.npz,X,HELD-OUT TRUTH SUPPORT,81,160,POST-HOC CHECKPOINT EVALUATION,R_activation,truth_active_sample_count,385820,POST-HOC FINAL CHECKPOINT EVALUATION,true
t2b-b-m1x,Test 2B,B,M1-X,M1-X,10000,cfc9d3da6a8d07d74ae17e3d9a5beabe434e63b8005e95df4a1925c3a63c609c,a740fa161ad5ff954beb73b4b44fda51b705ce34a40718bd8912716425aeb459,/Users/arjunsharma/Documents/SandiaProjects/4-LDRDAMDIS/DIMSWE-study-d0eb615/external-results/test2b-rain-active-learning/production/representation-B/m1-seed0-m20-10k/checkpoint_000010000_parameters.npz,X,HELD-OUT TRUTH SUPPORT,81,160,POST-HOC CHECKPOINT EVALUATION,R_activation,truth_active_sample_fraction,0.07358932495117188,POST-HOC FINAL CHECKPOINT EVALUATION,true
t2b-b-m1x,Test 2B,B,M1-X,M1-X,10000,cfc9d3da6a8d07d74ae17e3d9a5beabe434e63b8005e95df4a1925c3a63c609c,a740fa161ad5ff954beb73b4b44fda51b705ce34a40718bd8912716425aeb459,/Users/arjunsharma/Documents/SandiaProjects/4-LDRDAMDIS/DIMSWE-study-d0eb615/external-results/test2b-rain-active-learning/production/representation-B/m1-seed0-m20-10k/checkpoint_000010000_parameters.npz,X,HELD-OUT TRUTH SUPPORT,81,160,POST-HOC CHECKPOINT EVALUATION,R_activation,predicted_meaningful_positive_fraction,0.6025108337402344,POST-HOC FINAL CHECKPOINT EVALUATION,true
t2b-b-m1x,Test 2B,B,M1-X,M1-X,10000,cfc9d3da6a8d07d74ae17e3d9a5beabe434e63b8005e95df4a1925c3a63c609c,a740fa161ad5ff954beb73b4b44fda51b705ce34a40718bd8912716425aeb459,/Users/arjunsharma/Documents/SandiaProjects/4-LDRDAMDIS/DIMSWE-study-d0eb615/external-results/test2b-rain-active-learning/production/representation-B/m1-seed0-m20-10k/checkpoint_000010000_parameters.npz,X,HELD-OUT TRUTH SUPPORT,81,160,POST-HOC CHECKPOINT EVALUATION,R_activation,predicted_meaningful_negative_fraction,0.3974887847900391,POST-HOC FINAL CHECKPOINT EVALUATION,true
t2b-b-m1x,Test 2B,B,M1-X,M1-X,10000,cfc9d3da6a8d07d74ae17e3d9a5beabe434e63b8005e95df4a1925c3a63c609c,a740fa161ad5ff954beb73b4b44fda51b705ce34a40718bd8912716425aeb459,/Users/arjunsharma/Documents/SandiaProjects/4-LDRDAMDIS/DIMSWE-study-d0eb615/external-results/test2b-rain-active-learning/production/representation-B/m1-seed0-m20-10k/checkpoint_000010000_parameters.npz,X,HELD-OUT TRUTH SUPPORT,81,160,POST-HOC CHECKPOINT EVALUATION,R_activation,predicted_exact_positive_fraction,0.602511215209961,POST-HOC FINAL CHECKPOINT EVALUATION,true
t2b-b-m1x,Test 2B,B,M1-X,M1-X,10000,cfc9d3da6a8d07d74ae17e3d9a5beabe434e63b8005e95df4a1925c3a63c609c,a740fa161ad5ff954beb73b4b44fda51b705ce34a40718bd8912716425aeb459,/Users/arjunsharma/Documents/SandiaProjects/4-LDRDAMDIS/DIMSWE-study-d0eb615/external-results/test2b-rain-active-learning/production/representation-B/m1-seed0-m20-10k/checkpoint_000010000_parameters.npz,X,HELD-OUT TRUTH SUPPORT,81,160,POST-HOC CHECKPOINT EVALUATION,R_activation,predicted_exact_negative_fraction,0.3974887847900391,POST-HOC FINAL CHECKPOINT EVALUATION,true
t2b-b-m1x,Test 2B,B,M1-X,M1-X,10000,cfc9d3da6a8d07d74ae17e3d9a5beabe434e63b8005e95df4a1925c3a63c609c,a740fa161ad5ff954beb73b4b44fda51b705ce34a40718bd8912716425aeb459,/Users/arjunsharma/Documents/SandiaProjects/4-LDRDAMDIS/DIMSWE-study-d0eb615/external-results/test2b-rain-active-learning/production/representation-B/m1-seed0-m20-10k/checkpoint_000010000_parameters.npz,X,HELD-OUT TRUTH SUPPORT,81,160,POST-HOC CHECKPOINT EVALUATION,R_activation,false_positive_count,2773072,POST-HOC FINAL CHECKPOINT EVALUATION,true
t2b-b-m1x,Test 2B,B,M1-X,M1-X,10000,cfc9d3da6a8d07d74ae17e3d9a5beabe434e63b8005e95df4a1925c3a63c609c,a740fa161ad5ff954beb73b4b44fda51b705ce34a40718bd8912716425aeb459,/Users/arjunsharma/Documents/SandiaProjects/4-LDRDAMDIS/DIMSWE-study-d0eb615/external-results/test2b-rain-active-learning/production/representation-B/m1-seed0-m20-10k/checkpoint_000010000_parameters.npz,X,HELD-OUT TRUTH SUPPORT,81,160,POST-HOC CHECKPOINT EVALUATION,R_activation,false_positive_fraction_all_samples,0.5289215087890625,POST-HOC FINAL CHECKPOINT EVALUATION,true
t2b-b-m1x,Test 2B,B,M1-X,M1-X,10000,cfc9d3da6a8d07d74ae17e3d9a5beabe434e63b8005e95df4a1925c3a63c609c,a740fa161ad5ff954beb73b4b44fda51b705ce34a40718bd8912716425aeb459,/Users/arjunsharma/Documents/SandiaProjects/4-LDRDAMDIS/DIMSWE-study-d0eb615/external-results/test2b-rain-active-learning/production/representation-B/m1-seed0-m20-10k/checkpoint_000010000_parameters.npz,X,HELD-OUT TRUTH SUPPORT,81,160,POST-HOC CHECKPOINT EVALUATION,R_activation,false_positive_rate_given_truth_inactive,0.5709363277373555,POST-HOC FINAL CHECKPOINT EVALUATION,true
t2b-b-m1x,Test 2B,B,M1-X,M1-X,10000,cfc9d3da6a8d07d74ae17e3d9a5beabe434e63b8005e95df4a1925c3a63c609c,a740fa161ad5ff954beb73b4b44fda51b705ce34a40718bd8912716425aeb459,/Users/arjunsharma/Documents/SandiaProjects/4-LDRDAMDIS/DIMSWE-study-d0eb615/external-results/test2b-rain-active-learning/production/representation-B/m1-seed0-m20-10k/checkpoint_000010000_parameters.npz,X,HELD-OUT TRUTH SUPPORT,81,160,POST-HOC CHECKPOINT EVALUATION,R_activation,false_negative_count,0,POST-HOC FINAL CHECKPOINT EVALUATION,true
t2b-b-m1x,Test 2B,B,M1-X,M1-X,10000,cfc9d3da6a8d07d74ae17e3d9a5beabe434e63b8005e95df4a1925c3a63c609c,a740fa161ad5ff954beb73b4b44fda51b705ce34a40718bd8912716425aeb459,/Users/arjunsharma/Documents/SandiaProjects/4-LDRDAMDIS/DIMSWE-study-d0eb615/external-results/test2b-rain-active-learning/production/representation-B/m1-seed0-m20-10k/checkpoint_000010000_parameters.npz,X,HELD-OUT TRUTH SUPPORT,81,160,POST-HOC CHECKPOINT EVALUATION,R_activation,false_negative_fraction_all_samples,0.0,POST-HOC FINAL CHECKPOINT EVALUATION,true
t2b-b-m1x,Test 2B,B,M1-X,M1-X,10000,cfc9d3da6a8d07d74ae17e3d9a5beabe434e63b8005e95df4a1925c3a63c609c,a740fa161ad5ff954beb73b4b44fda51b705ce34a40718bd8912716425aeb459,/Users/arjunsharma/Documents/SandiaProjects/4-LDRDAMDIS/DIMSWE-study-d0eb615/external-results/test2b-rain-active-learning/production/representation-B/m1-seed0-m20-10k/checkpoint_000010000_parameters.npz,X,HELD-OUT TRUTH SUPPORT,81,160,POST-HOC CHECKPOINT EVALUATION,R_activation,false_negative_rate_given_truth_active,0.0,POST-HOC FINAL CHECKPOINT EVALUATION,true
t2b-b-m1x,Test 2B,B,M1-X,M1-X,10000,cfc9d3da6a8d07d74ae17e3d9a5beabe434e63b8005e95df4a1925c3a63c609c,a740fa161ad5ff954beb73b4b44fda51b705ce34a40718bd8912716425aeb459,/Users/arjunsharma/Documents/SandiaProjects/4-LDRDAMDIS/DIMSWE-study-d0eb615/external-results/test2b-rain-active-learning/production/representation-B/m1-seed0-m20-10k/checkpoint_000010000_parameters.npz,X,HELD-OUT TRUTH SUPPORT,81,160,POST-HOC CHECKPOINT EVALUATION,R_activation,first_meaningful_positive_predicted_step,81,POST-HOC FINAL CHECKPOINT EVALUATION,true
t2b-b-m1x,Test 2B,B,M1-X,M1-X,10000,cfc9d3da6a8d07d74ae17e3d9a5beabe434e63b8005e95df4a1925c3a63c609c,a740fa161ad5ff954beb73b4b44fda51b705ce34a40718bd8912716425aeb459,/Users/arjunsharma/Documents/SandiaProjects/4-LDRDAMDIS/DIMSWE-study-d0eb615/external-results/test2b-rain-active-learning/production/representation-B/m1-seed0-m20-10k/checkpoint_000010000_parameters.npz,X,HELD-OUT TRUTH SUPPORT,81,160,POST-HOC CHECKPOINT EVALUATION,R_activation,first_meaningful_positive_truth_step,81,POST-HOC FINAL CHECKPOINT EVALUATION,true
t2b-b-m1x,Test 2B,B,M1-X,M1-X,10000,cfc9d3da6a8d07d74ae17e3d9a5beabe434e63b8005e95df4a1925c3a63c609c,a740fa161ad5ff954beb73b4b44fda51b705ce34a40718bd8912716425aeb459,/Users/arjunsharma/Documents/SandiaProjects/4-LDRDAMDIS/DIMSWE-study-d0eb615/external-results/test2b-rain-active-learning/production/representation-B/m1-seed0-m20-10k/checkpoint_000010000_parameters.npz,X,HELD-OUT TRUTH SUPPORT,81,160,POST-HOC CHECKPOINT EVALUATION,R_activation,maximum_predicted_R,4.8667186312395256e-11,POST-HOC FINAL CHECKPOINT EVALUATION,true
t2b-b-m1x,Test 2B,B,M1-X,M1-X,10000,cfc9d3da6a8d07d74ae17e3d9a5beabe434e63b8005e95df4a1925c3a63c609c,a740fa161ad5ff954beb73b4b44fda51b705ce34a40718bd8912716425aeb459,/Users/arjunsharma/Documents/SandiaProjects/4-LDRDAMDIS/DIMSWE-study-d0eb615/external-results/test2b-rain-active-learning/production/representation-B/m1-seed0-m20-10k/checkpoint_000010000_parameters.npz,X,HELD-OUT TRUTH SUPPORT,81,160,POST-HOC CHECKPOINT EVALUATION,R_activation,minimum_predicted_R,-6.043688529843324e-13,POST-HOC FINAL CHECKPOINT EVALUATION,true
t2b-b-m1x,Test 2B,B,M1-X,M1-X,10000,cfc9d3da6a8d07d74ae17e3d9a5beabe434e63b8005e95df4a1925c3a63c609c,a740fa161ad5ff954beb73b4b44fda51b705ce34a40718bd8912716425aeb459,/Users/arjunsharma/Documents/SandiaProjects/4-LDRDAMDIS/DIMSWE-study-d0eb615/external-results/test2b-rain-active-learning/production/representation-B/m1-seed0-m20-10k/checkpoint_000010000_parameters.npz,X,HELD-OUT TRUTH SUPPORT,81,160,POST-HOC CHECKPOINT EVALUATION,R_activation,activity_numerical_tolerance,1.2119968976504772e-20,POST-HOC FINAL CHECKPOINT EVALUATION,true
t2b-b-m1x,Test 2B,B,M1-X,M1-X,10000,cfc9d3da6a8d07d74ae17e3d9a5beabe434e63b8005e95df4a1925c3a63c609c,a740fa161ad5ff954beb73b4b44fda51b705ce34a40718bd8912716425aeb459,/Users/arjunsharma/Documents/SandiaProjects/4-LDRDAMDIS/DIMSWE-study-d0eb615/external-results/test2b-rain-active-learning/production/representation-B/m1-seed0-m20-10k/checkpoint_000010000_parameters.npz,X,HELD-OUT TRUTH SUPPORT,81,160,POST-HOC CHECKPOINT EVALUATION,R_activation,sample_count,5242880,POST-HOC FINAL CHECKPOINT EVALUATION,true
t2b-b-m1y,Test 2B,B,M1-Y,M1-Y,10000,1adbd173137cbf10928ee4b25865258fc97f74b3c2c4c0a09cfd8629020566ab,3a829ffff2c2ee96946c197e18a7bd7d7495c255212c61bec1b3d24d788a71ee,/Users/arjunsharma/Documents/SandiaProjects/4-LDRDAMDIS/DIMSWE-feature-study-20260828/m1y_test2b_20260828_workspace/external-results/m1y-test2b-20260828/production/representation-B/m1y-seed0-m20-10k/checkpoint_000010000_parameters.npz,X,HELD-OUT TRUTH SUPPORT,81,160,POST-HOC CHECKPOINT EVALUATION,operator,normalized_objective,0.09068244277322264,POST-HOC FINAL CHECKPOINT EVALUATION,false
t2b-b-m1y,Test 2B,B,M1-Y,M1-Y,10000,1adbd173137cbf10928ee4b25865258fc97f74b3c2c4c0a09cfd8629020566ab,3a829ffff2c2ee96946c197e18a7bd7d7495c255212c61bec1b3d24d788a71ee,/Users/arjunsharma/Documents/SandiaProjects/4-LDRDAMDIS/DIMSWE-feature-study-20260828/m1y_test2b_20260828_workspace/external-results/m1y-test2b-20260828/production/representation-B/m1y-seed0-m20-10k/checkpoint_000010000_parameters.npz,X,HELD-OUT TRUTH SUPPORT,81,160,POST-HOC CHECKPOINT EVALUATION,operator,numerator,16833196466400.58,POST-HOC FINAL CHECKPOINT EVALUATION,false
t2b-b-m1y,Test 2B,B,M1-Y,M1-Y,10000,1adbd173137cbf10928ee4b25865258fc97f74b3c2c4c0a09cfd8629020566ab,3a829ffff2c2ee96946c197e18a7bd7d7495c255212c61bec1b3d24d788a71ee,/Users/arjunsharma/Documents/SandiaProjects/4-LDRDAMDIS/DIMSWE-feature-study-20260828/m1y_test2b_20260828_workspace/external-results/m1y-test2b-20260828/production/representation-B/m1y-seed0-m20-10k/checkpoint_000010000_parameters.npz,X,HELD-OUT TRUTH SUPPORT,81,160,POST-HOC CHECKPOINT EVALUATION,operator,denominator,185627955661679.72,POST-HOC FINAL CHECKPOINT EVALUATION,false
t2b-b-m1y,Test 2B,B,M1-Y,M1-Y,10000,1adbd173137cbf10928ee4b25865258fc97f74b3c2c4c0a09cfd8629020566ab,3a829ffff2c2ee96946c197e18a7bd7d7495c255212c61bec1b3d24d788a71ee,/Users/arjunsharma/Documents/SandiaProjects/4-LDRDAMDIS/DIMSWE-feature-study-20260828/m1y_test2b_20260828_workspace/external-results/m1y-test2b-20260828/production/representation-B/m1y-seed0-m20-10k/checkpoint_000010000_parameters.npz,X,HELD-OUT TRUTH SUPPORT,81,160,POST-HOC CHECKPOINT EVALUATION,A,normalized_RMS_error,0.0911988104160455,POST-HOC FINAL CHECKPOINT EVALUATION,false
t2b-b-m1y,Test 2B,B,M1-Y,M1-Y,10000,1adbd173137cbf10928ee4b25865258fc97f74b3c2c4c0a09cfd8629020566ab,3a829ffff2c2ee96946c197e18a7bd7d7495c255212c61bec1b3d24d788a71ee,/Users/arjunsharma/Documents/SandiaProjects/4-LDRDAMDIS/DIMSWE-feature-study-20260828/m1y_test2b_20260828_workspace/external-results/m1y-test2b-20260828/production/representation-B/m1y-seed0-m20-10k/checkpoint_000010000_parameters.npz,X,HELD-OUT TRUTH SUPPORT,81,160,POST-HOC CHECKPOINT EVALUATION,A,relative_RMS_error,6.341351512710156,POST-HOC FINAL CHECKPOINT EVALUATION,false
t2b-b-m1y,Test 2B,B,M1-Y,M1-Y,10000,1adbd173137cbf10928ee4b25865258fc97f74b3c2c4c0a09cfd8629020566ab,3a829ffff2c2ee96946c197e18a7bd7d7495c255212c61bec1b3d24d788a71ee,/Users/arjunsharma/Documents/SandiaProjects/4-LDRDAMDIS/DIMSWE-feature-study-20260828/m1y_test2b_20260828_workspace/external-results/m1y-test2b-20260828/production/representation-B/m1y-seed0-m20-10k/checkpoint_000010000_parameters.npz,X,HELD-OUT TRUTH SUPPORT,81,160,POST-HOC CHECKPOINT EVALUATION,A,physical_RMS_error,8.255552209917539e-09,POST-HOC FINAL CHECKPOINT EVALUATION,false
t2b-b-m1y,Test 2B,B,M1-Y,M1-Y,10000,1adbd173137cbf10928ee4b25865258fc97f74b3c2c4c0a09cfd8629020566ab,3a829ffff2c2ee96946c197e18a7bd7d7495c255212c61bec1b3d24d788a71ee,/Users/arjunsharma/Documents/SandiaProjects/4-LDRDAMDIS/DIMSWE-feature-study-20260828/m1y_test2b_20260828_workspace/external-results/m1y-test2b-20260828/production/representation-B/m1y-seed0-m20-10k/checkpoint_000010000_parameters.npz,X,HELD-OUT TRUTH SUPPORT,81,160,POST-HOC CHECKPOINT EVALUATION,A,maximum_absolute_error,2.212890291664687e-07,POST-HOC FINAL CHECKPOINT EVALUATION,false
t2b-b-m1y,Test 2B,B,M1-Y,M1-Y,10000,1adbd173137cbf10928ee4b25865258fc97f74b3c2c4c0a09cfd8629020566ab,3a829ffff2c2ee96946c197e18a7bd7d7495c255212c61bec1b3d24d788a71ee,/Users/arjunsharma/Documents/SandiaProjects/4-LDRDAMDIS/DIMSWE-feature-study-20260828/m1y_test2b_20260828_workspace/external-results/m1y-test2b-20260828/production/representation-B/m1y-seed0-m20-10k/checkpoint_000010000_parameters.npz,X,HELD-OUT TRUTH SUPPORT,81,160,POST-HOC CHECKPOINT EVALUATION,A,signed_mass_weighted_bias,-1.2848098895555395e-09,POST-HOC FINAL CHECKPOINT EVALUATION,false
t2b-b-m1y,Test 2B,B,M1-Y,M1-Y,10000,1adbd173137cbf10928ee4b25865258fc97f74b3c2c4c0a09cfd8629020566ab,3a829ffff2c2ee96946c197e18a7bd7d7495c255212c61bec1b3d24d788a71ee,/Users/arjunsharma/Documents/SandiaProjects/4-LDRDAMDIS/DIMSWE-feature-study-20260828/m1y_test2b_20260828_workspace/external-results/m1y-test2b-20260828/production/representation-B/m1y-seed0-m20-10k/checkpoint_000010000_parameters.npz,X,HELD-OUT TRUTH SUPPORT,81,160,POST-HOC CHECKPOINT EVALUATION,A,correlation,0.10336475005391998,POST-HOC FINAL CHECKPOINT EVALUATION,false
t2b-b-m1y,Test 2B,B,M1-Y,M1-Y,10000,1adbd173137cbf10928ee4b25865258fc97f74b3c2c4c0a09cfd8629020566ab,3a829ffff2c2ee96946c197e18a7bd7d7495c255212c61bec1b3d24d788a71ee,/Users/arjunsharma/Documents/SandiaProjects/4-LDRDAMDIS/DIMSWE-feature-study-20260828/m1y_test2b_20260828_workspace/external-results/m1y-test2b-20260828/production/representation-B/m1y-seed0-m20-10k/checkpoint_000010000_parameters.npz,X,HELD-OUT TRUTH SUPPORT,81,160,POST-HOC CHECKPOINT EVALUATION,A,cosine,0.1021047126481204,POST-HOC FINAL CHECKPOINT EVALUATION,false
t2b-b-m1y,Test 2B,B,M1-Y,M1-Y,10000,1adbd173137cbf10928ee4b25865258fc97f74b3c2c4c0a09cfd8629020566ab,3a829ffff2c2ee96946c197e18a7bd7d7495c255212c61bec1b3d24d788a71ee,/Users/arjunsharma/Documents/SandiaProjects/4-LDRDAMDIS/DIMSWE-feature-study-20260828/m1y_test2b_20260828_workspace/external-results/m1y-test2b-20260828/production/representation-B/m1y-seed0-m20-10k/checkpoint_000010000_parameters.npz,X,HELD-OUT TRUTH SUPPORT,81,160,POST-HOC CHECKPOINT EVALUATION,A,target_RMS,1.3018600519732577e-09,POST-HOC FINAL CHECKPOINT EVALUATION,false
t2b-b-m1y,Test 2B,B,M1-Y,M1-Y,10000,1adbd173137cbf10928ee4b25865258fc97f74b3c2c4c0a09cfd8629020566ab,3a829ffff2c2ee96946c197e18a7bd7d7495c255212c61bec1b3d24d788a71ee,/Users/arjunsharma/Documents/SandiaProjects/4-LDRDAMDIS/DIMSWE-feature-study-20260828/m1y_test2b_20260828_workspace/external-results/m1y-test2b-20260828/production/representation-B/m1y-seed0-m20-10k/checkpoint_000010000_parameters.npz,X,HELD-OUT TRUTH SUPPORT,81,160,POST-HOC CHECKPOINT EVALUATION,A,prediction_RMS,8.286267203954034e-09,POST-HOC FINAL CHECKPOINT EVALUATION,false
t2b-b-m1y,Test 2B,B,M1-Y,M1-Y,10000,1adbd173137cbf10928ee4b25865258fc97f74b3c2c4c0a09cfd8629020566ab,3a829ffff2c2ee96946c197e18a7bd7d7495c255212c61bec1b3d24d788a71ee,/Users/arjunsharma/Documents/SandiaProjects/4-LDRDAMDIS/DIMSWE-feature-study-20260828/m1y_test2b_20260828_workspace/external-results/m1y-test2b-20260828/production/representation-B/m1y-seed0-m20-10k/checkpoint_000010000_parameters.npz,X,HELD-OUT TRUTH SUPPORT,81,160,POST-HOC CHECKPOINT EVALUATION,A,sample_count,5242880,POST-HOC FINAL CHECKPOINT EVALUATION,false
t2b-b-m1y,Test 2B,B,M1-Y,M1-Y,10000,1adbd173137cbf10928ee4b25865258fc97f74b3c2c4c0a09cfd8629020566ab,3a829ffff2c2ee96946c197e18a7bd7d7495c255212c61bec1b3d24d788a71ee,/Users/arjunsharma/Documents/SandiaProjects/4-LDRDAMDIS/DIMSWE-feature-study-20260828/m1y_test2b_20260828_workspace/external-results/m1y-test2b-20260828/production/representation-B/m1y-seed0-m20-10k/checkpoint_000010000_parameters.npz,X,HELD-OUT TRUTH SUPPORT,81,160,POST-HOC CHECKPOINT EVALUATION,R_all,normalized_RMS_error,0.009968711646872071,POST-HOC FINAL CHECKPOINT EVALUATION,false
t2b-b-m1y,Test 2B,B,M1-Y,M1-Y,10000,1adbd173137cbf10928ee4b25865258fc97f74b3c2c4c0a09cfd8629020566ab,3a829ffff2c2ee96946c197e18a7bd7d7495c255212c61bec1b3d24d788a71ee,/Users/arjunsharma/Documents/SandiaProjects/4-LDRDAMDIS/DIMSWE-feature-study-20260828/m1y_test2b_20260828_workspace/external-results/m1y-test2b-20260828/production/representation-B/m1y-seed0-m20-10k/checkpoint_000010000_parameters.npz,X,HELD-OUT TRUTH SUPPORT,81,160,POST-HOC CHECKPOINT EVALUATION,R_all,relative_RMS_error,0.03275795490929065,POST-HOC FINAL CHECKPOINT EVALUATION,false
t2b-b-m1y,Test 2B,B,M1-Y,M1-Y,10000,1adbd173137cbf10928ee4b25865258fc97f74b3c2c4c0a09cfd8629020566ab,3a829ffff2c2ee96946c197e18a7bd7d7495c255212c61bec1b3d24d788a71ee,/Users/arjunsharma/Documents/SandiaProjects/4-LDRDAMDIS/DIMSWE-feature-study-20260828/m1y_test2b_20260828_workspace/external-results/m1y-test2b-20260828/production/representation-B/m1y-seed0-m20-10k/checkpoint_000010000_parameters.npz,X,HELD-OUT TRUTH SUPPORT,81,160,POST-HOC CHECKPOINT EVALUATION,R_all,physical_RMS_error,1.9840598455130858e-13,POST-HOC FINAL CHECKPOINT EVALUATION,false
t2b-b-m1y,Test 2B,B,M1-Y,M1-Y,10000,1adbd173137cbf10928ee4b25865258fc97f74b3c2c4c0a09cfd8629020566ab,3a829ffff2c2ee96946c197e18a7bd7d7495c255212c61bec1b3d24d788a71ee,/Users/arjunsharma/Documents/SandiaProjects/4-LDRDAMDIS/DIMSWE-feature-study-20260828/m1y_test2b_20260828_workspace/external-results/m1y-test2b-20260828/production/representation-B/m1y-seed0-m20-10k/checkpoint_000010000_parameters.npz,X,HELD-OUT TRUTH SUPPORT,81,160,POST-HOC CHECKPOINT EVALUATION,R_all,maximum_absolute_error,2.5994972308329796e-12,POST-HOC FINAL CHECKPOINT EVALUATION,false
t2b-b-m1y,Test 2B,B,M1-Y,M1-Y,10000,1adbd173137cbf10928ee4b25865258fc97f74b3c2c4c0a09cfd8629020566ab,3a829ffff2c2ee96946c197e18a7bd7d7495c255212c61bec1b3d24d788a71ee,/Users/arjunsharma/Documents/SandiaProjects/4-LDRDAMDIS/DIMSWE-feature-study-20260828/m1y_test2b_20260828_workspace/external-results/m1y-test2b-20260828/production/representation-B/m1y-seed0-m20-10k/checkpoint_000010000_parameters.npz,X,HELD-OUT TRUTH SUPPORT,81,160,POST-HOC CHECKPOINT EVALUATION,R_all,signed_mass_weighted_bias,3.2497297158633505e-14,POST-HOC FINAL CHECKPOINT EVALUATION,false
t2b-b-m1y,Test 2B,B,M1-Y,M1-Y,10000,1adbd173137cbf10928ee4b25865258fc97f74b3c2c4c0a09cfd8629020566ab,3a829ffff2c2ee96946c197e18a7bd7d7495c255212c61bec1b3d24d788a71ee,/Users/arjunsharma/Documents/SandiaProjects/4-LDRDAMDIS/DIMSWE-feature-study-20260828/m1y_test2b_20260828_workspace/external-results/m1y-test2b-20260828/production/representation-B/m1y-seed0-m20-10k/checkpoint_000010000_parameters.npz,X,HELD-OUT TRUTH SUPPORT,81,160,POST-HOC CHECKPOINT EVALUATION,R_all,correlation,0.9995065144137255,POST-HOC FINAL CHECKPOINT EVALUATION,false
t2b-b-m1y,Test 2B,B,M1-Y,M1-Y,10000,1adbd173137cbf10928ee4b25865258fc97f74b3c2c4c0a09cfd8629020566ab,3a829ffff2c2ee96946c197e18a7bd7d7495c255212c61bec1b3d24d788a71ee,/Users/arjunsharma/Documents/SandiaProjects/4-LDRDAMDIS/DIMSWE-feature-study-20260828/m1y_test2b_20260828_workspace/external-results/m1y-test2b-20260828/production/representation-B/m1y-seed0-m20-10k/checkpoint_000010000_parameters.npz,X,HELD-OUT TRUTH SUPPORT,81,160,POST-HOC CHECKPOINT EVALUATION,R_all,cosine,0.9995291526120501,POST-HOC FINAL CHECKPOINT EVALUATION,false
t2b-b-m1y,Test 2B,B,M1-Y,M1-Y,10000,1adbd173137cbf10928ee4b25865258fc97f74b3c2c4c0a09cfd8629020566ab,3a829ffff2c2ee96946c197e18a7bd7d7495c255212c61bec1b3d24d788a71ee,/Users/arjunsharma/Documents/SandiaProjects/4-LDRDAMDIS/DIMSWE-feature-study-20260828/m1y_test2b_20260828_workspace/external-results/m1y-test2b-20260828/production/representation-B/m1y-seed0-m20-10k/checkpoint_000010000_parameters.npz,X,HELD-OUT TRUTH SUPPORT,81,160,POST-HOC CHECKPOINT EVALUATION,R_all,target_RMS,6.0567268347706796e-12,POST-HOC FINAL CHECKPOINT EVALUATION,false
t2b-b-m1y,Test 2B,B,M1-Y,M1-Y,10000,1adbd173137cbf10928ee4b25865258fc97f74b3c2c4c0a09cfd8629020566ab,3a829ffff2c2ee96946c197e18a7bd7d7495c255212c61bec1b3d24d788a71ee,/Users/arjunsharma/Documents/SandiaProjects/4-LDRDAMDIS/DIMSWE-feature-study-20260828/m1y_test2b_20260828_workspace/external-results/m1y-test2b-20260828/production/representation-B/m1y-seed0-m20-10k/checkpoint_000010000_parameters.npz,X,HELD-OUT TRUTH SUPPORT,81,160,POST-HOC CHECKPOINT EVALUATION,R_all,prediction_RMS,6.123358800183872e-12,POST-HOC FINAL CHECKPOINT EVALUATION,false
t2b-b-m1y,Test 2B,B,M1-Y,M1-Y,10000,1adbd173137cbf10928ee4b25865258fc97f74b3c2c4c0a09cfd8629020566ab,3a829ffff2c2ee96946c197e18a7bd7d7495c255212c61bec1b3d24d788a71ee,/Users/arjunsharma/Documents/SandiaProjects/4-LDRDAMDIS/DIMSWE-feature-study-20260828/m1y_test2b_20260828_workspace/external-results/m1y-test2b-20260828/production/representation-B/m1y-seed0-m20-10k/checkpoint_000010000_parameters.npz,X,HELD-OUT TRUTH SUPPORT,81,160,POST-HOC CHECKPOINT EVALUATION,R_all,sample_count,5242880,POST-HOC FINAL CHECKPOINT EVALUATION,false
t2b-b-m1y,Test 2B,B,M1-Y,M1-Y,10000,1adbd173137cbf10928ee4b25865258fc97f74b3c2c4c0a09cfd8629020566ab,3a829ffff2c2ee96946c197e18a7bd7d7495c255212c61bec1b3d24d788a71ee,/Users/arjunsharma/Documents/SandiaProjects/4-LDRDAMDIS/DIMSWE-feature-study-20260828/m1y_test2b_20260828_workspace/external-results/m1y-test2b-20260828/production/representation-B/m1y-seed0-m20-10k/checkpoint_000010000_parameters.npz,X,HELD-OUT TRUTH SUPPORT,81,160,POST-HOC CHECKPOINT EVALUATION,R_truth_active,normalized_RMS_error,0.02940425852145029,POST-HOC FINAL CHECKPOINT EVALUATION,false
t2b-b-m1y,Test 2B,B,M1-Y,M1-Y,10000,1adbd173137cbf10928ee4b25865258fc97f74b3c2c4c0a09cfd8629020566ab,3a829ffff2c2ee96946c197e18a7bd7d7495c255212c61bec1b3d24d788a71ee,/Users/arjunsharma/Documents/SandiaProjects/4-LDRDAMDIS/DIMSWE-feature-study-20260828/m1y_test2b_20260828_workspace/external-results/m1y-test2b-20260828/production/representation-B/m1y-seed0-m20-10k/checkpoint_000010000_parameters.npz,X,HELD-OUT TRUTH SUPPORT,81,160,POST-HOC CHECKPOINT EVALUATION,R_truth_active,relative_RMS_error,0.026058571031040943,POST-HOC FINAL CHECKPOINT EVALUATION,false
t2b-b-m1y,Test 2B,B,M1-Y,M1-Y,10000,1adbd173137cbf10928ee4b25865258fc97f74b3c2c4c0a09cfd8629020566ab,3a829ffff2c2ee96946c197e18a7bd7d7495c255212c61bec1b3d24d788a71ee,/Users/arjunsharma/Documents/SandiaProjects/4-LDRDAMDIS/DIMSWE-feature-study-20260828/m1y_test2b_20260828_workspace/external-results/m1y-test2b-20260828/production/representation-B/m1y-seed0-m20-10k/checkpoint_000010000_parameters.npz,X,HELD-OUT TRUTH SUPPORT,81,160,POST-HOC CHECKPOINT EVALUATION,R_truth_active,physical_RMS_error,5.852291718940536e-13,POST-HOC FINAL CHECKPOINT EVALUATION,false
t2b-b-m1y,Test 2B,B,M1-Y,M1-Y,10000,1adbd173137cbf10928ee4b25865258fc97f74b3c2c4c0a09cfd8629020566ab,3a829ffff2c2ee96946c197e18a7bd7d7495c255212c61bec1b3d24d788a71ee,/Users/arjunsharma/Documents/SandiaProjects/4-LDRDAMDIS/DIMSWE-feature-study-20260828/m1y_test2b_20260828_workspace/external-results/m1y-test2b-20260828/production/representation-B/m1y-seed0-m20-10k/checkpoint_000010000_parameters.npz,X,HELD-OUT TRUTH SUPPORT,81,160,POST-HOC CHECKPOINT EVALUATION,R_truth_active,maximum_absolute_error,2.5994972308329796e-12,POST-HOC FINAL CHECKPOINT EVALUATION,false
t2b-b-m1y,Test 2B,B,M1-Y,M1-Y,10000,1adbd173137cbf10928ee4b25865258fc97f74b3c2c4c0a09cfd8629020566ab,3a829ffff2c2ee96946c197e18a7bd7d7495c255212c61bec1b3d24d788a71ee,/Users/arjunsharma/Documents/SandiaProjects/4-LDRDAMDIS/DIMSWE-feature-study-20260828/m1y_test2b_20260828_workspace/external-results/m1y-test2b-20260828/production/representation-B/m1y-seed0-m20-10k/checkpoint_000010000_parameters.npz,X,HELD-OUT TRUTH SUPPORT,81,160,POST-HOC CHECKPOINT EVALUATION,R_truth_active,signed_mass_weighted_bias,3.6929443263973807e-13,POST-HOC FINAL CHECKPOINT EVALUATION,false
t2b-b-m1y,Test 2B,B,M1-Y,M1-Y,10000,1adbd173137cbf10928ee4b25865258fc97f74b3c2c4c0a09cfd8629020566ab,3a829ffff2c2ee96946c197e18a7bd7d7495c255212c61bec1b3d24d788a71ee,/Users/arjunsharma/Documents/SandiaProjects/4-LDRDAMDIS/DIMSWE-feature-study-20260828/m1y_test2b_20260828_workspace/external-results/m1y-test2b-20260828/production/representation-B/m1y-seed0-m20-10k/checkpoint_000010000_parameters.npz,X,HELD-OUT TRUTH SUPPORT,81,160,POST-HOC CHECKPOINT EVALUATION,R_truth_active,correlation,0.9992992339774208,POST-HOC FINAL CHECKPOINT EVALUATION,false
t2b-b-m1y,Test 2B,B,M1-Y,M1-Y,10000,1adbd173137cbf10928ee4b25865258fc97f74b3c2c4c0a09cfd8629020566ab,3a829ffff2c2ee96946c197e18a7bd7d7495c255212c61bec1b3d24d788a71ee,/Users/arjunsharma/Documents/SandiaProjects/4-LDRDAMDIS/DIMSWE-feature-study-20260828/m1y_test2b_20260828_workspace/external-results/m1y-test2b-20260828/production/representation-B/m1y-seed0-m20-10k/checkpoint_000010000_parameters.npz,X,HELD-OUT TRUTH SUPPORT,81,160,POST-HOC CHECKPOINT EVALUATION,R_truth_active,cosine,0.9997218704213077,POST-HOC FINAL CHECKPOINT EVALUATION,false
t2b-b-m1y,Test 2B,B,M1-Y,M1-Y,10000,1adbd173137cbf10928ee4b25865258fc97f74b3c2c4c0a09cfd8629020566ab,3a829ffff2c2ee96946c197e18a7bd7d7495c255212c61bec1b3d24d788a71ee,/Users/arjunsharma/Documents/SandiaProjects/4-LDRDAMDIS/DIMSWE-feature-study-20260828/m1y_test2b_20260828_workspace/external-results/m1y-test2b-20260828/production/representation-B/m1y-seed0-m20-10k/checkpoint_000010000_parameters.npz,X,HELD-OUT TRUTH SUPPORT,81,160,POST-HOC CHECKPOINT EVALUATION,R_truth_active,target_RMS,2.2458221949197798e-11,POST-HOC FINAL CHECKPOINT EVALUATION,false
t2b-b-m1y,Test 2B,B,M1-Y,M1-Y,10000,1adbd173137cbf10928ee4b25865258fc97f74b3c2c4c0a09cfd8629020566ab,3a829ffff2c2ee96946c197e18a7bd7d7495c255212c61bec1b3d24d788a71ee,/Users/arjunsharma/Documents/SandiaProjects/4-LDRDAMDIS/DIMSWE-feature-study-20260828/m1y_test2b_20260828_workspace/external-results/m1y-test2b-20260828/production/representation-B/m1y-seed0-m20-10k/checkpoint_000010000_parameters.npz,X,HELD-OUT TRUTH SUPPORT,81,160,POST-HOC CHECKPOINT EVALUATION,R_truth_active,prediction_RMS,2.2700915012618907e-11,POST-HOC FINAL CHECKPOINT EVALUATION,false
t2b-b-m1y,Test 2B,B,M1-Y,M1-Y,10000,1adbd173137cbf10928ee4b25865258fc97f74b3c2c4c0a09cfd8629020566ab,3a829ffff2c2ee96946c197e18a7bd7d7495c255212c61bec1b3d24d788a71ee,/Users/arjunsharma/Documents/SandiaProjects/4-LDRDAMDIS/DIMSWE-feature-study-20260828/m1y_test2b_20260828_workspace/external-results/m1y-test2b-20260828/production/representation-B/m1y-seed0-m20-10k/checkpoint_000010000_parameters.npz,X,HELD-OUT TRUTH SUPPORT,81,160,POST-HOC CHECKPOINT EVALUATION,R_truth_active,sample_count,385820,POST-HOC FINAL CHECKPOINT EVALUATION,false
t2b-b-m1y,Test 2B,B,M1-Y,M1-Y,10000,1adbd173137cbf10928ee4b25865258fc97f74b3c2c4c0a09cfd8629020566ab,3a829ffff2c2ee96946c197e18a7bd7d7495c255212c61bec1b3d24d788a71ee,/Users/arjunsharma/Documents/SandiaProjects/4-LDRDAMDIS/DIMSWE-feature-study-20260828/m1y_test2b_20260828_workspace/external-results/m1y-test2b-20260828/production/representation-B/m1y-seed0-m20-10k/checkpoint_000010000_parameters.npz,X,HELD-OUT TRUTH SUPPORT,81,160,POST-HOC CHECKPOINT EVALUATION,R_activation,truth_active_sample_count,385820,POST-HOC FINAL CHECKPOINT EVALUATION,false
t2b-b-m1y,Test 2B,B,M1-Y,M1-Y,10000,1adbd173137cbf10928ee4b25865258fc97f74b3c2c4c0a09cfd8629020566ab,3a829ffff2c2ee96946c197e18a7bd7d7495c255212c61bec1b3d24d788a71ee,/Users/arjunsharma/Documents/SandiaProjects/4-LDRDAMDIS/DIMSWE-feature-study-20260828/m1y_test2b_20260828_workspace/external-results/m1y-test2b-20260828/production/representation-B/m1y-seed0-m20-10k/checkpoint_000010000_parameters.npz,X,HELD-OUT TRUTH SUPPORT,81,160,POST-HOC CHECKPOINT EVALUATION,R_activation,truth_active_sample_fraction,0.07358932495117188,POST-HOC FINAL CHECKPOINT EVALUATION,false
t2b-b-m1y,Test 2B,B,M1-Y,M1-Y,10000,1adbd173137cbf10928ee4b25865258fc97f74b3c2c4c0a09cfd8629020566ab,3a829ffff2c2ee96946c197e18a7bd7d7495c255212c61bec1b3d24d788a71ee,/Users/arjunsharma/Documents/SandiaProjects/4-LDRDAMDIS/DIMSWE-feature-study-20260828/m1y_test2b_20260828_workspace/external-results/m1y-test2b-20260828/production/representation-B/m1y-seed0-m20-10k/checkpoint_000010000_parameters.npz,X,HELD-OUT TRUTH SUPPORT,81,160,POST-HOC CHECKPOINT EVALUATION,R_activation,predicted_meaningful_positive_fraction,0.25852127075195314,POST-HOC FINAL CHECKPOINT EVALUATION,false
t2b-b-m1y,Test 2B,B,M1-Y,M1-Y,10000,1adbd173137cbf10928ee4b25865258fc97f74b3c2c4c0a09cfd8629020566ab,3a829ffff2c2ee96946c197e18a7bd7d7495c255212c61bec1b3d24d788a71ee,/Users/arjunsharma/Documents/SandiaProjects/4-LDRDAMDIS/DIMSWE-feature-study-20260828/m1y_test2b_20260828_workspace/external-results/m1y-test2b-20260828/production/representation-B/m1y-seed0-m20-10k/checkpoint_000010000_parameters.npz,X,HELD-OUT TRUTH SUPPORT,81,160,POST-HOC CHECKPOINT EVALUATION,R_activation,predicted_meaningful_negative_fraction,0.7414787292480469,POST-HOC FINAL CHECKPOINT EVALUATION,false
t2b-b-m1y,Test 2B,B,M1-Y,M1-Y,10000,1adbd173137cbf10928ee4b25865258fc97f74b3c2c4c0a09cfd8629020566ab,3a829ffff2c2ee96946c197e18a7bd7d7495c255212c61bec1b3d24d788a71ee,/Users/arjunsharma/Documents/SandiaProjects/4-LDRDAMDIS/DIMSWE-feature-study-20260828/m1y_test2b_20260828_workspace/external-results/m1y-test2b-20260828/production/representation-B/m1y-seed0-m20-10k/checkpoint_000010000_parameters.npz,X,HELD-OUT TRUTH SUPPORT,81,160,POST-HOC CHECKPOINT EVALUATION,R_activation,predicted_exact_positive_fraction,0.25852127075195314,POST-HOC FINAL CHECKPOINT EVALUATION,false
t2b-b-m1y,Test 2B,B,M1-Y,M1-Y,10000,1adbd173137cbf10928ee4b25865258fc97f74b3c2c4c0a09cfd8629020566ab,3a829ffff2c2ee96946c197e18a7bd7d7495c255212c61bec1b3d24d788a71ee,/Users/arjunsharma/Documents/SandiaProjects/4-LDRDAMDIS/DIMSWE-feature-study-20260828/m1y_test2b_20260828_workspace/external-results/m1y-test2b-20260828/production/representation-B/m1y-seed0-m20-10k/checkpoint_000010000_parameters.npz,X,HELD-OUT TRUTH SUPPORT,81,160,POST-HOC CHECKPOINT EVALUATION,R_activation,predicted_exact_negative_fraction,0.7414787292480469,POST-HOC FINAL CHECKPOINT EVALUATION,false
t2b-b-m1y,Test 2B,B,M1-Y,M1-Y,10000,1adbd173137cbf10928ee4b25865258fc97f74b3c2c4c0a09cfd8629020566ab,3a829ffff2c2ee96946c197e18a7bd7d7495c255212c61bec1b3d24d788a71ee,/Users/arjunsharma/Documents/SandiaProjects/4-LDRDAMDIS/DIMSWE-feature-study-20260828/m1y_test2b_20260828_workspace/external-results/m1y-test2b-20260828/production/representation-B/m1y-seed0-m20-10k/checkpoint_000010000_parameters.npz,X,HELD-OUT TRUTH SUPPORT,81,160,POST-HOC CHECKPOINT EVALUATION,R_activation,false_positive_count,969576,POST-HOC FINAL CHECKPOINT EVALUATION,false
t2b-b-m1y,Test 2B,B,M1-Y,M1-Y,10000,1adbd173137cbf10928ee4b25865258fc97f74b3c2c4c0a09cfd8629020566ab,3a829ffff2c2ee96946c197e18a7bd7d7495c255212c61bec1b3d24d788a71ee,/Users/arjunsharma/Documents/SandiaProjects/4-LDRDAMDIS/DIMSWE-feature-study-20260828/m1y_test2b_20260828_workspace/external-results/m1y-test2b-20260828/production/representation-B/m1y-seed0-m20-10k/checkpoint_000010000_parameters.npz,X,HELD-OUT TRUTH SUPPORT,81,160,POST-HOC CHECKPOINT EVALUATION,R_activation,false_positive_fraction_all_samples,0.18493194580078126,POST-HOC FINAL CHECKPOINT EVALUATION,false
t2b-b-m1y,Test 2B,B,M1-Y,M1-Y,10000,1adbd173137cbf10928ee4b25865258fc97f74b3c2c4c0a09cfd8629020566ab,3a829ffff2c2ee96946c197e18a7bd7d7495c255212c61bec1b3d24d788a71ee,/Users/arjunsharma/Documents/SandiaProjects/4-LDRDAMDIS/DIMSWE-feature-study-20260828/m1y_test2b_20260828_workspace/external-results/m1y-test2b-20260828/production/representation-B/m1y-seed0-m20-10k/checkpoint_000010000_parameters.npz,X,HELD-OUT TRUTH SUPPORT,81,160,POST-HOC CHECKPOINT EVALUATION,R_activation,false_positive_rate_given_truth_inactive,0.1996219935516547,POST-HOC FINAL CHECKPOINT EVALUATION,false
t2b-b-m1y,Test 2B,B,M1-Y,M1-Y,10000,1adbd173137cbf10928ee4b25865258fc97f74b3c2c4c0a09cfd8629020566ab,3a829ffff2c2ee96946c197e18a7bd7d7495c255212c61bec1b3d24d788a71ee,/Users/arjunsharma/Documents/SandiaProjects/4-LDRDAMDIS/DIMSWE-feature-study-20260828/m1y_test2b_20260828_workspace/external-results/m1y-test2b-20260828/production/representation-B/m1y-seed0-m20-10k/checkpoint_000010000_parameters.npz,X,HELD-OUT TRUTH SUPPORT,81,160,POST-HOC CHECKPOINT EVALUATION,R_activation,false_negative_count,0,POST-HOC FINAL CHECKPOINT EVALUATION,false
t2b-b-m1y,Test 2B,B,M1-Y,M1-Y,10000,1adbd173137cbf10928ee4b25865258fc97f74b3c2c4c0a09cfd8629020566ab,3a829ffff2c2ee96946c197e18a7bd7d7495c255212c61bec1b3d24d788a71ee,/Users/arjunsharma/Documents/SandiaProjects/4-LDRDAMDIS/DIMSWE-feature-study-20260828/m1y_test2b_20260828_workspace/external-results/m1y-test2b-20260828/production/representation-B/m1y-seed0-m20-10k/checkpoint_000010000_parameters.npz,X,HELD-OUT TRUTH SUPPORT,81,160,POST-HOC CHECKPOINT EVALUATION,R_activation,false_negative_fraction_all_samples,0.0,POST-HOC FINAL CHECKPOINT EVALUATION,false
t2b-b-m1y,Test 2B,B,M1-Y,M1-Y,10000,1adbd173137cbf10928ee4b25865258fc97f74b3c2c4c0a09cfd8629020566ab,3a829ffff2c2ee96946c197e18a7bd7d7495c255212c61bec1b3d24d788a71ee,/Users/arjunsharma/Documents/SandiaProjects/4-LDRDAMDIS/DIMSWE-feature-study-20260828/m1y_test2b_20260828_workspace/external-results/m1y-test2b-20260828/production/representation-B/m1y-seed0-m20-10k/checkpoint_000010000_parameters.npz,X,HELD-OUT TRUTH SUPPORT,81,160,POST-HOC CHECKPOINT EVALUATION,R_activation,false_negative_rate_given_truth_active,0.0,POST-HOC FINAL CHECKPOINT EVALUATION,false
t2b-b-m1y,Test 2B,B,M1-Y,M1-Y,10000,1adbd173137cbf10928ee4b25865258fc97f74b3c2c4c0a09cfd8629020566ab,3a829ffff2c2ee96946c197e18a7bd7d7495c255212c61bec1b3d24d788a71ee,/Users/arjunsharma/Documents/SandiaProjects/4-LDRDAMDIS/DIMSWE-feature-study-20260828/m1y_test2b_20260828_workspace/external-results/m1y-test2b-20260828/production/representation-B/m1y-seed0-m20-10k/checkpoint_000010000_parameters.npz,X,HELD-OUT TRUTH SUPPORT,81,160,POST-HOC CHECKPOINT EVALUATION,R_activation,first_meaningful_positive_predicted_step,81,POST-HOC FINAL CHECKPOINT EVALUATION,false
t2b-b-m1y,Test 2B,B,M1-Y,M1-Y,10000,1adbd173137cbf10928ee4b25865258fc97f74b3c2c4c0a09cfd8629020566ab,3a829ffff2c2ee96946c197e18a7bd7d7495c255212c61bec1b3d24d788a71ee,/Users/arjunsharma/Documents/SandiaProjects/4-LDRDAMDIS/DIMSWE-feature-study-20260828/m1y_test2b_20260828_workspace/external-results/m1y-test2b-20260828/production/representation-B/m1y-seed0-m20-10k/checkpoint_000010000_parameters.npz,X,HELD-OUT TRUTH SUPPORT,81,160,POST-HOC CHECKPOINT EVALUATION,R_activation,first_meaningful_positive_truth_step,81,POST-HOC FINAL CHECKPOINT EVALUATION,false
t2b-b-m1y,Test 2B,B,M1-Y,M1-Y,10000,1adbd173137cbf10928ee4b25865258fc97f74b3c2c4c0a09cfd8629020566ab,3a829ffff2c2ee96946c197e18a7bd7d7495c255212c61bec1b3d24d788a71ee,/Users/arjunsharma/Documents/SandiaProjects/4-LDRDAMDIS/DIMSWE-feature-study-20260828/m1y_test2b_20260828_workspace/external-results/m1y-test2b-20260828/production/representation-B/m1y-seed0-m20-10k/checkpoint_000010000_parameters.npz,X,HELD-OUT TRUTH SUPPORT,81,160,POST-HOC CHECKPOINT EVALUATION,R_activation,maximum_predicted_R,5.3860692642720144e-11,POST-HOC FINAL CHECKPOINT EVALUATION,false
t2b-b-m1y,Test 2B,B,M1-Y,M1-Y,10000,1adbd173137cbf10928ee4b25865258fc97f74b3c2c4c0a09cfd8629020566ab,3a829ffff2c2ee96946c197e18a7bd7d7495c255212c61bec1b3d24d788a71ee,/Users/arjunsharma/Documents/SandiaProjects/4-LDRDAMDIS/DIMSWE-feature-study-20260828/m1y_test2b_20260828_workspace/external-results/m1y-test2b-20260828/production/representation-B/m1y-seed0-m20-10k/checkpoint_000010000_parameters.npz,X,HELD-OUT TRUTH SUPPORT,81,160,POST-HOC CHECKPOINT EVALUATION,R_activation,minimum_predicted_R,-5.100369659110046e-13,POST-HOC FINAL CHECKPOINT EVALUATION,false
t2b-b-m1y,Test 2B,B,M1-Y,M1-Y,10000,1adbd173137cbf10928ee4b25865258fc97f74b3c2c4c0a09cfd8629020566ab,3a829ffff2c2ee96946c197e18a7bd7d7495c255212c61bec1b3d24d788a71ee,/Users/arjunsharma/Documents/SandiaProjects/4-LDRDAMDIS/DIMSWE-feature-study-20260828/m1y_test2b_20260828_workspace/external-results/m1y-test2b-20260828/production/representation-B/m1y-seed0-m20-10k/checkpoint_000010000_parameters.npz,X,HELD-OUT TRUTH SUPPORT,81,160,POST-HOC CHECKPOINT EVALUATION,R_activation,activity_numerical_tolerance,1.2119968976504772e-20,POST-HOC FINAL CHECKPOINT EVALUATION,false
t2b-b-m1y,Test 2B,B,M1-Y,M1-Y,10000,1adbd173137cbf10928ee4b25865258fc97f74b3c2c4c0a09cfd8629020566ab,3a829ffff2c2ee96946c197e18a7bd7d7495c255212c61bec1b3d24d788a71ee,/Users/arjunsharma/Documents/SandiaProjects/4-LDRDAMDIS/DIMSWE-feature-study-20260828/m1y_test2b_20260828_workspace/external-results/m1y-test2b-20260828/production/representation-B/m1y-seed0-m20-10k/checkpoint_000010000_parameters.npz,X,HELD-OUT TRUTH SUPPORT,81,160,POST-HOC CHECKPOINT EVALUATION,R_activation,sample_count,5242880,POST-HOC FINAL CHECKPOINT EVALUATION,false
t2b-c-m1x,Test 2B,C,M1-X,M1-X,10000,8ad9c8017c9304827d8e9e73392c3a9503f7de05a38b86baf52f4351c35615e4,e13a7bd42f3f773d068a6cc0c1344a3a8db0caef74a269ce7980b0b50f91e3b0,/Users/arjunsharma/Documents/SandiaProjects/4-LDRDAMDIS/DIMSWE-study-d0eb615/external-results/test2b-rain-active-learning/production/representation-C/m1-seed0-m20-10k/checkpoint_000010000_parameters.npz,X,HELD-OUT TRUTH SUPPORT,81,160,POST-HOC CHECKPOINT EVALUATION,operator,normalized_objective,0.0374652586609032,POST-HOC FINAL CHECKPOINT EVALUATION,true
t2b-c-m1x,Test 2B,C,M1-X,M1-X,10000,8ad9c8017c9304827d8e9e73392c3a9503f7de05a38b86baf52f4351c35615e4,e13a7bd42f3f773d068a6cc0c1344a3a8db0caef74a269ce7980b0b50f91e3b0,/Users/arjunsharma/Documents/SandiaProjects/4-LDRDAMDIS/DIMSWE-study-d0eb615/external-results/test2b-rain-active-learning/production/representation-C/m1-seed0-m20-10k/checkpoint_000010000_parameters.npz,X,HELD-OUT TRUTH SUPPORT,81,160,POST-HOC CHECKPOINT EVALUATION,operator,numerator,7090143313732.464,POST-HOC FINAL CHECKPOINT EVALUATION,true
t2b-c-m1x,Test 2B,C,M1-X,M1-X,10000,8ad9c8017c9304827d8e9e73392c3a9503f7de05a38b86baf52f4351c35615e4,e13a7bd42f3f773d068a6cc0c1344a3a8db0caef74a269ce7980b0b50f91e3b0,/Users/arjunsharma/Documents/SandiaProjects/4-LDRDAMDIS/DIMSWE-study-d0eb615/external-results/test2b-rain-active-learning/production/representation-C/m1-seed0-m20-10k/checkpoint_000010000_parameters.npz,X,HELD-OUT TRUTH SUPPORT,81,160,POST-HOC CHECKPOINT EVALUATION,operator,denominator,189245812444673.44,POST-HOC FINAL CHECKPOINT EVALUATION,true
t2b-c-m1x,Test 2B,C,M1-X,M1-X,10000,8ad9c8017c9304827d8e9e73392c3a9503f7de05a38b86baf52f4351c35615e4,e13a7bd42f3f773d068a6cc0c1344a3a8db0caef74a269ce7980b0b50f91e3b0,/Users/arjunsharma/Documents/SandiaProjects/4-LDRDAMDIS/DIMSWE-study-d0eb615/external-results/test2b-rain-active-learning/production/representation-C/m1-seed0-m20-10k/checkpoint_000010000_parameters.npz,X,HELD-OUT TRUTH SUPPORT,81,160,POST-HOC CHECKPOINT EVALUATION,source_components.S,normalized_RMS_error,0.030971024510288034,POST-HOC FINAL CHECKPOINT EVALUATION,true
t2b-c-m1x,Test 2B,C,M1-X,M1-X,10000,8ad9c8017c9304827d8e9e73392c3a9503f7de05a38b86baf52f4351c35615e4,e13a7bd42f3f773d068a6cc0c1344a3a8db0caef74a269ce7980b0b50f91e3b0,/Users/arjunsharma/Documents/SandiaProjects/4-LDRDAMDIS/DIMSWE-study-d0eb615/external-results/test2b-rain-active-learning/production/representation-C/m1-seed0-m20-10k/checkpoint_000010000_parameters.npz,X,HELD-OUT TRUTH SUPPORT,81,160,POST-HOC CHECKPOINT EVALUATION,source_components.S,relative_RMS_error,2.309033195031682,POST-HOC FINAL CHECKPOINT EVALUATION,true
t2b-c-m1x,Test 2B,C,M1-X,M1-X,10000,8ad9c8017c9304827d8e9e73392c3a9503f7de05a38b86baf52f4351c35615e4,e13a7bd42f3f773d068a6cc0c1344a3a8db0caef74a269ce7980b0b50f91e3b0,/Users/arjunsharma/Documents/SandiaProjects/4-LDRDAMDIS/DIMSWE-study-d0eb615/external-results/test2b-rain-active-learning/production/representation-C/m1-seed0-m20-10k/checkpoint_000010000_parameters.npz,X,HELD-OUT TRUTH SUPPORT,81,160,POST-HOC CHECKPOINT EVALUATION,source_components.S,physical_RMS_error,0.00020662250139517156,POST-HOC FINAL CHECKPOINT EVALUATION,true
t2b-c-m1x,Test 2B,C,M1-X,M1-X,10000,8ad9c8017c9304827d8e9e73392c3a9503f7de05a38b86baf52f4351c35615e4,e13a7bd42f3f773d068a6cc0c1344a3a8db0caef74a269ce7980b0b50f91e3b0,/Users/arjunsharma/Documents/SandiaProjects/4-LDRDAMDIS/DIMSWE-study-d0eb615/external-results/test2b-rain-active-learning/production/representation-C/m1-seed0-m20-10k/checkpoint_000010000_parameters.npz,X,HELD-OUT TRUTH SUPPORT,81,160,POST-HOC CHECKPOINT EVALUATION,source_components.S,maximum_absolute_error,0.006939363728952257,POST-HOC FINAL CHECKPOINT EVALUATION,true
t2b-c-m1x,Test 2B,C,M1-X,M1-X,10000,8ad9c8017c9304827d8e9e73392c3a9503f7de05a38b86baf52f4351c35615e4,e13a7bd42f3f773d068a6cc0c1344a3a8db0caef74a269ce7980b0b50f91e3b0,/Users/arjunsharma/Documents/SandiaProjects/4-LDRDAMDIS/DIMSWE-study-d0eb615/external-results/test2b-rain-active-learning/production/representation-C/m1-seed0-m20-10k/checkpoint_000010000_parameters.npz,X,HELD-OUT TRUTH SUPPORT,81,160,POST-HOC CHECKPOINT EVALUATION,source_components.S,signed_mass_weighted_bias,-4.703895506954072e-06,POST-HOC FINAL CHECKPOINT EVALUATION,true
t2b-c-m1x,Test 2B,C,M1-X,M1-X,10000,8ad9c8017c9304827d8e9e73392c3a9503f7de05a38b86baf52f4351c35615e4,e13a7bd42f3f773d068a6cc0c1344a3a8db0caef74a269ce7980b0b50f91e3b0,/Users/arjunsharma/Documents/SandiaProjects/4-LDRDAMDIS/DIMSWE-study-d0eb615/external-results/test2b-rain-active-learning/production/representation-C/m1-seed0-m20-10k/checkpoint_000010000_parameters.npz,X,HELD-OUT TRUTH SUPPORT,81,160,POST-HOC CHECKPOINT EVALUATION,source_components.S,correlation,0.22968289813598808,POST-HOC FINAL CHECKPOINT EVALUATION,true
t2b-c-m1x,Test 2B,C,M1-X,M1-X,10000,8ad9c8017c9304827d8e9e73392c3a9503f7de05a38b86baf52f4351c35615e4,e13a7bd42f3f773d068a6cc0c1344a3a8db0caef74a269ce7980b0b50f91e3b0,/Users/arjunsharma/Documents/SandiaProjects/4-LDRDAMDIS/DIMSWE-study-d0eb615/external-results/test2b-rain-active-learning/production/representation-C/m1-seed0-m20-10k/checkpoint_000010000_parameters.npz,X,HELD-OUT TRUTH SUPPORT,81,160,POST-HOC CHECKPOINT EVALUATION,source_components.S,cosine,0.22962276233621812,POST-HOC FINAL CHECKPOINT EVALUATION,true
t2b-c-m1x,Test 2B,C,M1-X,M1-X,10000,8ad9c8017c9304827d8e9e73392c3a9503f7de05a38b86baf52f4351c35615e4,e13a7bd42f3f773d068a6cc0c1344a3a8db0caef74a269ce7980b0b50f91e3b0,/Users/arjunsharma/Documents/SandiaProjects/4-LDRDAMDIS/DIMSWE-study-d0eb615/external-results/test2b-rain-active-learning/production/representation-C/m1-seed0-m20-10k/checkpoint_000010000_parameters.npz,X,HELD-OUT TRUTH SUPPORT,81,160,POST-HOC CHECKPOINT EVALUATION,source_components.S,target_RMS,8.948442224207025e-05,POST-HOC FINAL CHECKPOINT EVALUATION,true
t2b-c-m1x,Test 2B,C,M1-X,M1-X,10000,8ad9c8017c9304827d8e9e73392c3a9503f7de05a38b86baf52f4351c35615e4,e13a7bd42f3f773d068a6cc0c1344a3a8db0caef74a269ce7980b0b50f91e3b0,/Users/arjunsharma/Documents/SandiaProjects/4-LDRDAMDIS/DIMSWE-study-d0eb615/external-results/test2b-rain-active-learning/production/representation-C/m1-seed0-m20-10k/checkpoint_000010000_parameters.npz,X,HELD-OUT TRUTH SUPPORT,81,160,POST-HOC CHECKPOINT EVALUATION,source_components.S,prediction_RMS,0.00020791788891135678,POST-HOC FINAL CHECKPOINT EVALUATION,true
t2b-c-m1x,Test 2B,C,M1-X,M1-X,10000,8ad9c8017c9304827d8e9e73392c3a9503f7de05a38b86baf52f4351c35615e4,e13a7bd42f3f773d068a6cc0c1344a3a8db0caef74a269ce7980b0b50f91e3b0,/Users/arjunsharma/Documents/SandiaProjects/4-LDRDAMDIS/DIMSWE-study-d0eb615/external-results/test2b-rain-active-learning/production/representation-C/m1-seed0-m20-10k/checkpoint_000010000_parameters.npz,X,HELD-OUT TRUTH SUPPORT,81,160,POST-HOC CHECKPOINT EVALUATION,source_components.S,sample_count,5242880,POST-HOC FINAL CHECKPOINT EVALUATION,true
t2b-c-m1x,Test 2B,C,M1-X,M1-X,10000,8ad9c8017c9304827d8e9e73392c3a9503f7de05a38b86baf52f4351c35615e4,e13a7bd42f3f773d068a6cc0c1344a3a8db0caef74a269ce7980b0b50f91e3b0,/Users/arjunsharma/Documents/SandiaProjects/4-LDRDAMDIS/DIMSWE-study-d0eb615/external-results/test2b-rain-active-learning/production/representation-C/m1-seed0-m20-10k/checkpoint_000010000_parameters.npz,X,HELD-OUT TRUTH SUPPORT,81,160,POST-HOC CHECKPOINT EVALUATION,source_components.Qv,normalized_RMS_error,0.031527292650028634,POST-HOC FINAL CHECKPOINT EVALUATION,true
t2b-c-m1x,Test 2B,C,M1-X,M1-X,10000,8ad9c8017c9304827d8e9e73392c3a9503f7de05a38b86baf52f4351c35615e4,e13a7bd42f3f773d068a6cc0c1344a3a8db0caef74a269ce7980b0b50f91e3b0,/Users/arjunsharma/Documents/SandiaProjects/4-LDRDAMDIS/DIMSWE-study-d0eb615/external-results/test2b-rain-active-learning/production/representation-C/m1-seed0-m20-10k/checkpoint_000010000_parameters.npz,X,HELD-OUT TRUTH SUPPORT,81,160,POST-HOC CHECKPOINT EVALUATION,source_components.Qv,relative_RMS_error,2.3505055589689134,POST-HOC FINAL CHECKPOINT EVALUATION,true
t2b-c-m1x,Test 2B,C,M1-X,M1-X,10000,8ad9c8017c9304827d8e9e73392c3a9503f7de05a38b86baf52f4351c35615e4,e13a7bd42f3f773d068a6cc0c1344a3a8db0caef74a269ce7980b0b50f91e3b0,/Users/arjunsharma/Documents/SandiaProjects/4-LDRDAMDIS/DIMSWE-study-d0eb615/external-results/test2b-rain-active-learning/production/representation-C/m1-seed0-m20-10k/checkpoint_000010000_parameters.npz,X,HELD-OUT TRUTH SUPPORT,81,160,POST-HOC CHECKPOINT EVALUATION,source_components.Qv,physical_RMS_error,2.144913318986306e-06,POST-HOC FINAL CHECKPOINT EVALUATION,true
t2b-c-m1x,Test 2B,C,M1-X,M1-X,10000,8ad9c8017c9304827d8e9e73392c3a9503f7de05a38b86baf52f4351c35615e4,e13a7bd42f3f773d068a6cc0c1344a3a8db0caef74a269ce7980b0b50f91e3b0,/Users/arjunsharma/Documents/SandiaProjects/4-LDRDAMDIS/DIMSWE-study-d0eb615/external-results/test2b-rain-active-learning/production/representation-C/m1-seed0-m20-10k/checkpoint_000010000_parameters.npz,X,HELD-OUT TRUTH SUPPORT,81,160,POST-HOC CHECKPOINT EVALUATION,source_components.Qv,maximum_absolute_error,6.98602964575558e-05,POST-HOC FINAL CHECKPOINT EVALUATION,true
t2b-c-m1x,Test 2B,C,M1-X,M1-X,10000,8ad9c8017c9304827d8e9e73392c3a9503f7de05a38b86baf52f4351c35615e4,e13a7bd42f3f773d068a6cc0c1344a3a8db0caef74a269ce7980b0b50f91e3b0,/Users/arjunsharma/Documents/SandiaProjects/4-LDRDAMDIS/DIMSWE-study-d0eb615/external-results/test2b-rain-active-learning/production/representation-C/m1-seed0-m20-10k/checkpoint_000010000_parameters.npz,X,HELD-OUT TRUTH SUPPORT,81,160,POST-HOC CHECKPOINT EVALUATION,source_components.Qv,signed_mass_weighted_bias,-8.45564378960984e-08,POST-HOC FINAL CHECKPOINT EVALUATION,true
t2b-c-m1x,Test 2B,C,M1-X,M1-X,10000,8ad9c8017c9304827d8e9e73392c3a9503f7de05a38b86baf52f4351c35615e4,e13a7bd42f3f773d068a6cc0c1344a3a8db0caef74a269ce7980b0b50f91e3b0,/Users/arjunsharma/Documents/SandiaProjects/4-LDRDAMDIS/DIMSWE-study-d0eb615/external-results/test2b-rain-active-learning/production/representation-C/m1-seed0-m20-10k/checkpoint_000010000_parameters.npz,X,HELD-OUT TRUTH SUPPORT,81,160,POST-HOC CHECKPOINT EVALUATION,source_components.Qv,correlation,0.23396475903450037,POST-HOC FINAL CHECKPOINT EVALUATION,true
t2b-c-m1x,Test 2B,C,M1-X,M1-X,10000,8ad9c8017c9304827d8e9e73392c3a9503f7de05a38b86baf52f4351c35615e4,e13a7bd42f3f773d068a6cc0c1344a3a8db0caef74a269ce7980b0b50f91e3b0,/Users/arjunsharma/Documents/SandiaProjects/4-LDRDAMDIS/DIMSWE-study-d0eb615/external-results/test2b-rain-active-learning/production/representation-C/m1-seed0-m20-10k/checkpoint_000010000_parameters.npz,X,HELD-OUT TRUTH SUPPORT,81,160,POST-HOC CHECKPOINT EVALUATION,source_components.Qv,cosine,0.23378410887977183,POST-HOC FINAL CHECKPOINT EVALUATION,true
t2b-c-m1x,Test 2B,C,M1-X,M1-X,10000,8ad9c8017c9304827d8e9e73392c3a9503f7de05a38b86baf52f4351c35615e4,e13a7bd42f3f773d068a6cc0c1344a3a8db0caef74a269ce7980b0b50f91e3b0,/Users/arjunsharma/Documents/SandiaProjects/4-LDRDAMDIS/DIMSWE-study-d0eb615/external-results/test2b-rain-active-learning/production/representation-C/m1-seed0-m20-10k/checkpoint_000010000_parameters.npz,X,HELD-OUT TRUTH SUPPORT,81,160,POST-HOC CHECKPOINT EVALUATION,source_components.Qv,target_RMS,9.125327573899492e-07,POST-HOC FINAL CHECKPOINT EVALUATION,true
t2b-c-m1x,Test 2B,C,M1-X,M1-X,10000,8ad9c8017c9304827d8e9e73392c3a9503f7de05a38b86baf52f4351c35615e4,e13a7bd42f3f773d068a6cc0c1344a3a8db0caef74a269ce7980b0b50f91e3b0,/Users/arjunsharma/Documents/SandiaProjects/4-LDRDAMDIS/DIMSWE-study-d0eb615/external-results/test2b-rain-active-learning/production/representation-C/m1-seed0-m20-10k/checkpoint_000010000_parameters.npz,X,HELD-OUT TRUTH SUPPORT,81,160,POST-HOC CHECKPOINT EVALUATION,source_components.Qv,prediction_RMS,2.166141130520667e-06,POST-HOC FINAL CHECKPOINT EVALUATION,true
t2b-c-m1x,Test 2B,C,M1-X,M1-X,10000,8ad9c8017c9304827d8e9e73392c3a9503f7de05a38b86baf52f4351c35615e4,e13a7bd42f3f773d068a6cc0c1344a3a8db0caef74a269ce7980b0b50f91e3b0,/Users/arjunsharma/Documents/SandiaProjects/4-LDRDAMDIS/DIMSWE-study-d0eb615/external-results/test2b-rain-active-learning/production/representation-C/m1-seed0-m20-10k/checkpoint_000010000_parameters.npz,X,HELD-OUT TRUTH SUPPORT,81,160,POST-HOC CHECKPOINT EVALUATION,source_components.Qv,sample_count,5242880,POST-HOC FINAL CHECKPOINT EVALUATION,true
t2b-c-m1x,Test 2B,C,M1-X,M1-X,10000,8ad9c8017c9304827d8e9e73392c3a9503f7de05a38b86baf52f4351c35615e4,e13a7bd42f3f773d068a6cc0c1344a3a8db0caef74a269ce7980b0b50f91e3b0,/Users/arjunsharma/Documents/SandiaProjects/4-LDRDAMDIS/DIMSWE-study-d0eb615/external-results/test2b-rain-active-learning/production/representation-C/m1-seed0-m20-10k/checkpoint_000010000_parameters.npz,X,HELD-OUT TRUTH SUPPORT,81,160,POST-HOC CHECKPOINT EVALUATION,source_components.Qc,normalized_RMS_error,0.035826586381001925,POST-HOC FINAL CHECKPOINT EVALUATION,true
t2b-c-m1x,Test 2B,C,M1-X,M1-X,10000,8ad9c8017c9304827d8e9e73392c3a9503f7de05a38b86baf52f4351c35615e4,e13a7bd42f3f773d068a6cc0c1344a3a8db0caef74a269ce7980b0b50f91e3b0,/Users/arjunsharma/Documents/SandiaProjects/4-LDRDAMDIS/DIMSWE-study-d0eb615/external-results/test2b-rain-active-learning/production/representation-C/m1-seed0-m20-10k/checkpoint_000010000_parameters.npz,X,HELD-OUT TRUTH SUPPORT,81,160,POST-HOC CHECKPOINT EVALUATION,source_components.Qc,relative_RMS_error,2.671030815126426,POST-HOC FINAL CHECKPOINT EVALUATION,true
t2b-c-m1x,Test 2B,C,M1-X,M1-X,10000,8ad9c8017c9304827d8e9e73392c3a9503f7de05a38b86baf52f4351c35615e4,e13a7bd42f3f773d068a6cc0c1344a3a8db0caef74a269ce7980b0b50f91e3b0,/Users/arjunsharma/Documents/SandiaProjects/4-LDRDAMDIS/DIMSWE-study-d0eb615/external-results/test2b-rain-active-learning/production/representation-C/m1-seed0-m20-10k/checkpoint_000010000_parameters.npz,X,HELD-OUT TRUTH SUPPORT,81,160,POST-HOC CHECKPOINT EVALUATION,source_components.Qc,physical_RMS_error,2.4374094889505716e-06,POST-HOC FINAL CHECKPOINT EVALUATION,true
t2b-c-m1x,Test 2B,C,M1-X,M1-X,10000,8ad9c8017c9304827d8e9e73392c3a9503f7de05a38b86baf52f4351c35615e4,e13a7bd42f3f773d068a6cc0c1344a3a8db0caef74a269ce7980b0b50f91e3b0,/Users/arjunsharma/Documents/SandiaProjects/4-LDRDAMDIS/DIMSWE-study-d0eb615/external-results/test2b-rain-active-learning/production/representation-C/m1-seed0-m20-10k/checkpoint_000010000_parameters.npz,X,HELD-OUT TRUTH SUPPORT,81,160,POST-HOC CHECKPOINT EVALUATION,source_components.Qc,maximum_absolute_error,7.494123629772875e-05,POST-HOC FINAL CHECKPOINT EVALUATION,true
t2b-c-m1x,Test 2B,C,M1-X,M1-X,10000,8ad9c8017c9304827d8e9e73392c3a9503f7de05a38b86baf52f4351c35615e4,e13a7bd42f3f773d068a6cc0c1344a3a8db0caef74a269ce7980b0b50f91e3b0,/Users/arjunsharma/Documents/SandiaProjects/4-LDRDAMDIS/DIMSWE-study-d0eb615/external-results/test2b-rain-active-learning/production/representation-C/m1-seed0-m20-10k/checkpoint_000010000_parameters.npz,X,HELD-OUT TRUTH SUPPORT,81,160,POST-HOC CHECKPOINT EVALUATION,source_components.Qc,signed_mass_weighted_bias,1.1931584021644435e-07,POST-HOC FINAL CHECKPOINT EVALUATION,true
t2b-c-m1x,Test 2B,C,M1-X,M1-X,10000,8ad9c8017c9304827d8e9e73392c3a9503f7de05a38b86baf52f4351c35615e4,e13a7bd42f3f773d068a6cc0c1344a3a8db0caef74a269ce7980b0b50f91e3b0,/Users/arjunsharma/Documents/SandiaProjects/4-LDRDAMDIS/DIMSWE-study-d0eb615/external-results/test2b-rain-active-learning/production/representation-C/m1-seed0-m20-10k/checkpoint_000010000_parameters.npz,X,HELD-OUT TRUTH SUPPORT,81,160,POST-HOC CHECKPOINT EVALUATION,source_components.Qc,correlation,0.2034645025935356,POST-HOC FINAL CHECKPOINT EVALUATION,true
t2b-c-m1x,Test 2B,C,M1-X,M1-X,10000,8ad9c8017c9304827d8e9e73392c3a9503f7de05a38b86baf52f4351c35615e4,e13a7bd42f3f773d068a6cc0c1344a3a8db0caef74a269ce7980b0b50f91e3b0,/Users/arjunsharma/Documents/SandiaProjects/4-LDRDAMDIS/DIMSWE-study-d0eb615/external-results/test2b-rain-active-learning/production/representation-C/m1-seed0-m20-10k/checkpoint_000010000_parameters.npz,X,HELD-OUT TRUTH SUPPORT,81,160,POST-HOC CHECKPOINT EVALUATION,source_components.Qc,cosine,0.20316839613399293,POST-HOC FINAL CHECKPOINT EVALUATION,true
t2b-c-m1x,Test 2B,C,M1-X,M1-X,10000,8ad9c8017c9304827d8e9e73392c3a9503f7de05a38b86baf52f4351c35615e4,e13a7bd42f3f773d068a6cc0c1344a3a8db0caef74a269ce7980b0b50f91e3b0,/Users/arjunsharma/Documents/SandiaProjects/4-LDRDAMDIS/DIMSWE-study-d0eb615/external-results/test2b-rain-active-learning/production/representation-C/m1-seed0-m20-10k/checkpoint_000010000_parameters.npz,X,HELD-OUT TRUTH SUPPORT,81,160,POST-HOC CHECKPOINT EVALUATION,source_components.Qc,target_RMS,9.125351437906206e-07,POST-HOC FINAL CHECKPOINT EVALUATION,true
t2b-c-m1x,Test 2B,C,M1-X,M1-X,10000,8ad9c8017c9304827d8e9e73392c3a9503f7de05a38b86baf52f4351c35615e4,e13a7bd42f3f773d068a6cc0c1344a3a8db0caef74a269ce7980b0b50f91e3b0,/Users/arjunsharma/Documents/SandiaProjects/4-LDRDAMDIS/DIMSWE-study-d0eb615/external-results/test2b-rain-active-learning/production/representation-C/m1-seed0-m20-10k/checkpoint_000010000_parameters.npz,X,HELD-OUT TRUTH SUPPORT,81,160,POST-HOC CHECKPOINT EVALUATION,source_components.Qc,prediction_RMS,2.4531322274190297e-06,POST-HOC FINAL CHECKPOINT EVALUATION,true
t2b-c-m1x,Test 2B,C,M1-X,M1-X,10000,8ad9c8017c9304827d8e9e73392c3a9503f7de05a38b86baf52f4351c35615e4,e13a7bd42f3f773d068a6cc0c1344a3a8db0caef74a269ce7980b0b50f91e3b0,/Users/arjunsharma/Documents/SandiaProjects/4-LDRDAMDIS/DIMSWE-study-d0eb615/external-results/test2b-rain-active-learning/production/representation-C/m1-seed0-m20-10k/checkpoint_000010000_parameters.npz,X,HELD-OUT TRUTH SUPPORT,81,160,POST-HOC CHECKPOINT EVALUATION,source_components.Qc,sample_count,5242880,POST-HOC FINAL CHECKPOINT EVALUATION,true
t2b-c-m1x,Test 2B,C,M1-X,M1-X,10000,8ad9c8017c9304827d8e9e73392c3a9503f7de05a38b86baf52f4351c35615e4,e13a7bd42f3f773d068a6cc0c1344a3a8db0caef74a269ce7980b0b50f91e3b0,/Users/arjunsharma/Documents/SandiaProjects/4-LDRDAMDIS/DIMSWE-study-d0eb615/external-results/test2b-rain-active-learning/production/representation-C/m1-seed0-m20-10k/checkpoint_000010000_parameters.npz,X,HELD-OUT TRUTH SUPPORT,81,160,POST-HOC CHECKPOINT EVALUATION,source_components.Qr,normalized_RMS_error,0.017559977906974347,POST-HOC FINAL CHECKPOINT EVALUATION,true
t2b-c-m1x,Test 2B,C,M1-X,M1-X,10000,8ad9c8017c9304827d8e9e73392c3a9503f7de05a38b86baf52f4351c35615e4,e13a7bd42f3f773d068a6cc0c1344a3a8db0caef74a269ce7980b0b50f91e3b0,/Users/arjunsharma/Documents/SandiaProjects/4-LDRDAMDIS/DIMSWE-study-d0eb615/external-results/test2b-rain-active-learning/production/representation-C/m1-seed0-m20-10k/checkpoint_000010000_parameters.npz,X,HELD-OUT TRUTH SUPPORT,81,160,POST-HOC CHECKPOINT EVALUATION,source_components.Qr,relative_RMS_error,0.057249008443831816,POST-HOC FINAL CHECKPOINT EVALUATION,true
t2b-c-m1x,Test 2B,C,M1-X,M1-X,10000,8ad9c8017c9304827d8e9e73392c3a9503f7de05a38b86baf52f4351c35615e4,e13a7bd42f3f773d068a6cc0c1344a3a8db0caef74a269ce7980b0b50f91e3b0,/Users/arjunsharma/Documents/SandiaProjects/4-LDRDAMDIS/DIMSWE-study-d0eb615/external-results/test2b-rain-active-learning/production/representation-C/m1-seed0-m20-10k/checkpoint_000010000_parameters.npz,X,HELD-OUT TRUTH SUPPORT,81,160,POST-HOC CHECKPOINT EVALUATION,source_components.Qr,physical_RMS_error,2.647429752511379e-10,POST-HOC FINAL CHECKPOINT EVALUATION,true
t2b-c-m1x,Test 2B,C,M1-X,M1-X,10000,8ad9c8017c9304827d8e9e73392c3a9503f7de05a38b86baf52f4351c35615e4,e13a7bd42f3f773d068a6cc0c1344a3a8db0caef74a269ce7980b0b50f91e3b0,/Users/arjunsharma/Documents/SandiaProjects/4-LDRDAMDIS/DIMSWE-study-d0eb615/external-results/test2b-rain-active-learning/production/representation-C/m1-seed0-m20-10k/checkpoint_000010000_parameters.npz,X,HELD-OUT TRUTH SUPPORT,81,160,POST-HOC CHECKPOINT EVALUATION,source_components.Qr,maximum_absolute_error,4.694612803954319e-09,POST-HOC FINAL CHECKPOINT EVALUATION,true
t2b-c-m1x,Test 2B,C,M1-X,M1-X,10000,8ad9c8017c9304827d8e9e73392c3a9503f7de05a38b86baf52f4351c35615e4,e13a7bd42f3f773d068a6cc0c1344a3a8db0caef74a269ce7980b0b50f91e3b0,/Users/arjunsharma/Documents/SandiaProjects/4-LDRDAMDIS/DIMSWE-study-d0eb615/external-results/test2b-rain-active-learning/production/representation-C/m1-seed0-m20-10k/checkpoint_000010000_parameters.npz,X,HELD-OUT TRUTH SUPPORT,81,160,POST-HOC CHECKPOINT EVALUATION,source_components.Qr,signed_mass_weighted_bias,-2.305553818600951e-12,POST-HOC FINAL CHECKPOINT EVALUATION,true
t2b-c-m1x,Test 2B,C,M1-X,M1-X,10000,8ad9c8017c9304827d8e9e73392c3a9503f7de05a38b86baf52f4351c35615e4,e13a7bd42f3f773d068a6cc0c1344a3a8db0caef74a269ce7980b0b50f91e3b0,/Users/arjunsharma/Documents/SandiaProjects/4-LDRDAMDIS/DIMSWE-study-d0eb615/external-results/test2b-rain-active-learning/production/representation-C/m1-seed0-m20-10k/checkpoint_000010000_parameters.npz,X,HELD-OUT TRUTH SUPPORT,81,160,POST-HOC CHECKPOINT EVALUATION,source_components.Qr,correlation,0.9983273677699293,POST-HOC FINAL CHECKPOINT EVALUATION,true
t2b-c-m1x,Test 2B,C,M1-X,M1-X,10000,8ad9c8017c9304827d8e9e73392c3a9503f7de05a38b86baf52f4351c35615e4,e13a7bd42f3f773d068a6cc0c1344a3a8db0caef74a269ce7980b0b50f91e3b0,/Users/arjunsharma/Documents/SandiaProjects/4-LDRDAMDIS/DIMSWE-study-d0eb615/external-results/test2b-rain-active-learning/production/representation-C/m1-seed0-m20-10k/checkpoint_000010000_parameters.npz,X,HELD-OUT TRUTH SUPPORT,81,160,POST-HOC CHECKPOINT EVALUATION,source_components.Qr,cosine,0.9984127217259362,POST-HOC FINAL CHECKPOINT EVALUATION,true
t2b-c-m1x,Test 2B,C,M1-X,M1-X,10000,8ad9c8017c9304827d8e9e73392c3a9503f7de05a38b86baf52f4351c35615e4,e13a7bd42f3f773d068a6cc0c1344a3a8db0caef74a269ce7980b0b50f91e3b0,/Users/arjunsharma/Documents/SandiaProjects/4-LDRDAMDIS/DIMSWE-study-d0eb615/external-results/test2b-rain-active-learning/production/representation-C/m1-seed0-m20-10k/checkpoint_000010000_parameters.npz,X,HELD-OUT TRUTH SUPPORT,81,160,POST-HOC CHECKPOINT EVALUATION,source_components.Qr,target_RMS,4.624411539125306e-09,POST-HOC FINAL CHECKPOINT EVALUATION,true
t2b-c-m1x,Test 2B,C,M1-X,M1-X,10000,8ad9c8017c9304827d8e9e73392c3a9503f7de05a38b86baf52f4351c35615e4,e13a7bd42f3f773d068a6cc0c1344a3a8db0caef74a269ce7980b0b50f91e3b0,/Users/arjunsharma/Documents/SandiaProjects/4-LDRDAMDIS/DIMSWE-study-d0eb615/external-results/test2b-rain-active-learning/production/representation-C/m1-seed0-m20-10k/checkpoint_000010000_parameters.npz,X,HELD-OUT TRUTH SUPPORT,81,160,POST-HOC CHECKPOINT EVALUATION,source_components.Qr,prediction_RMS,4.664550275725387e-09,POST-HOC FINAL CHECKPOINT EVALUATION,true
t2b-c-m1x,Test 2B,C,M1-X,M1-X,10000,8ad9c8017c9304827d8e9e73392c3a9503f7de05a38b86baf52f4351c35615e4,e13a7bd42f3f773d068a6cc0c1344a3a8db0caef74a269ce7980b0b50f91e3b0,/Users/arjunsharma/Documents/SandiaProjects/4-LDRDAMDIS/DIMSWE-study-d0eb615/external-results/test2b-rain-active-learning/production/representation-C/m1-seed0-m20-10k/checkpoint_000010000_parameters.npz,X,HELD-OUT TRUTH SUPPORT,81,160,POST-HOC CHECKPOINT EVALUATION,source_components.Qr,sample_count,5242880,POST-HOC FINAL CHECKPOINT EVALUATION,true
t2b-c-m1x,Test 2B,C,M1-X,M1-X,10000,8ad9c8017c9304827d8e9e73392c3a9503f7de05a38b86baf52f4351c35615e4,e13a7bd42f3f773d068a6cc0c1344a3a8db0caef74a269ce7980b0b50f91e3b0,/Users/arjunsharma/Documents/SandiaProjects/4-LDRDAMDIS/DIMSWE-study-d0eb615/external-results/test2b-rain-active-learning/production/representation-C/m1-seed0-m20-10k/checkpoint_000010000_parameters.npz,X,HELD-OUT TRUTH SUPPORT,81,160,POST-HOC CHECKPOINT EVALUATION,source_vector,normalized_vector_RMS_error,0.059540504338359716,POST-HOC FINAL CHECKPOINT EVALUATION,true
t2b-c-m1x,Test 2B,C,M1-X,M1-X,10000,8ad9c8017c9304827d8e9e73392c3a9503f7de05a38b86baf52f4351c35615e4,e13a7bd42f3f773d068a6cc0c1344a3a8db0caef74a269ce7980b0b50f91e3b0,/Users/arjunsharma/Documents/SandiaProjects/4-LDRDAMDIS/DIMSWE-study-d0eb615/external-results/test2b-rain-active-learning/production/representation-C/m1-seed0-m20-10k/checkpoint_000010000_parameters.npz,X,HELD-OUT TRUTH SUPPORT,81,160,POST-HOC CHECKPOINT EVALUATION,source_vector,normalized_vector_relative_RMS_error,0.19355944477318382,POST-HOC FINAL CHECKPOINT EVALUATION,true
t2b-c-m1x,Test 2B,C,M1-X,M1-X,10000,8ad9c8017c9304827d8e9e73392c3a9503f7de05a38b86baf52f4351c35615e4,e13a7bd42f3f773d068a6cc0c1344a3a8db0caef74a269ce7980b0b50f91e3b0,/Users/arjunsharma/Documents/SandiaProjects/4-LDRDAMDIS/DIMSWE-study-d0eb615/external-results/test2b-rain-active-learning/production/representation-C/m1-seed0-m20-10k/checkpoint_000010000_parameters.npz,X,HELD-OUT TRUTH SUPPORT,81,160,POST-HOC CHECKPOINT EVALUATION,source_vector,normalized_source_vector_cosine,0.9819435792384063,POST-HOC FINAL CHECKPOINT EVALUATION,true
t2b-c-m1x,Test 2B,C,M1-X,M1-X,10000,8ad9c8017c9304827d8e9e73392c3a9503f7de05a38b86baf52f4351c35615e4,e13a7bd42f3f773d068a6cc0c1344a3a8db0caef74a269ce7980b0b50f91e3b0,/Users/arjunsharma/Documents/SandiaProjects/4-LDRDAMDIS/DIMSWE-study-d0eb615/external-results/test2b-rain-active-learning/production/representation-C/m1-seed0-m20-10k/checkpoint_000010000_parameters.npz,X,HELD-OUT TRUTH SUPPORT,81,160,POST-HOC CHECKPOINT EVALUATION,effective_A,normalized_RMS_error,0.03442262988468065,POST-HOC FINAL CHECKPOINT EVALUATION,true
t2b-c-m1x,Test 2B,C,M1-X,M1-X,10000,8ad9c8017c9304827d8e9e73392c3a9503f7de05a38b86baf52f4351c35615e4,e13a7bd42f3f773d068a6cc0c1344a3a8db0caef74a269ce7980b0b50f91e3b0,/Users/arjunsharma/Documents/SandiaProjects/4-LDRDAMDIS/DIMSWE-study-d0eb615/external-results/test2b-rain-active-learning/production/representation-C/m1-seed0-m20-10k/checkpoint_000010000_parameters.npz,X,HELD-OUT TRUTH SUPPORT,81,160,POST-HOC CHECKPOINT EVALUATION,effective_A,relative_RMS_error,2.393518019531933,POST-HOC FINAL CHECKPOINT EVALUATION,true
t2b-c-m1x,Test 2B,C,M1-X,M1-X,10000,8ad9c8017c9304827d8e9e73392c3a9503f7de05a38b86baf52f4351c35615e4,e13a7bd42f3f773d068a6cc0c1344a3a8db0caef74a269ce7980b0b50f91e3b0,/Users/arjunsharma/Documents/SandiaProjects/4-LDRDAMDIS/DIMSWE-study-d0eb615/external-results/test2b-rain-active-learning/production/representation-C/m1-seed0-m20-10k/checkpoint_000010000_parameters.npz,X,HELD-OUT TRUTH SUPPORT,81,160,POST-HOC CHECKPOINT EVALUATION,effective_A,physical_RMS_error,3.116025493306771e-09,POST-HOC FINAL CHECKPOINT EVALUATION,true
t2b-c-m1x,Test 2B,C,M1-X,M1-X,10000,8ad9c8017c9304827d8e9e73392c3a9503f7de05a38b86baf52f4351c35615e4,e13a7bd42f3f773d068a6cc0c1344a3a8db0caef74a269ce7980b0b50f91e3b0,/Users/arjunsharma/Documents/SandiaProjects/4-LDRDAMDIS/DIMSWE-study-d0eb615/external-results/test2b-rain-active-learning/production/representation-C/m1-seed0-m20-10k/checkpoint_000010000_parameters.npz,X,HELD-OUT TRUTH SUPPORT,81,160,POST-HOC CHECKPOINT EVALUATION,effective_A,maximum_absolute_error,1.011432679705688e-07,POST-HOC FINAL CHECKPOINT EVALUATION,true
t2b-c-m1x,Test 2B,C,M1-X,M1-X,10000,8ad9c8017c9304827d8e9e73392c3a9503f7de05a38b86baf52f4351c35615e4,e13a7bd42f3f773d068a6cc0c1344a3a8db0caef74a269ce7980b0b50f91e3b0,/Users/arjunsharma/Documents/SandiaProjects/4-LDRDAMDIS/DIMSWE-study-d0eb615/external-results/test2b-rain-active-learning/production/representation-C/m1-seed0-m20-10k/checkpoint_000010000_parameters.npz,X,HELD-OUT TRUTH SUPPORT,81,160,POST-HOC CHECKPOINT EVALUATION,effective_A,signed_mass_weighted_bias,-1.2232355623093594e-10,POST-HOC FINAL CHECKPOINT EVALUATION,true
t2b-c-m1x,Test 2B,C,M1-X,M1-X,10000,8ad9c8017c9304827d8e9e73392c3a9503f7de05a38b86baf52f4351c35615e4,e13a7bd42f3f773d068a6cc0c1344a3a8db0caef74a269ce7980b0b50f91e3b0,/Users/arjunsharma/Documents/SandiaProjects/4-LDRDAMDIS/DIMSWE-study-d0eb615/external-results/test2b-rain-active-learning/production/representation-C/m1-seed0-m20-10k/checkpoint_000010000_parameters.npz,X,HELD-OUT TRUTH SUPPORT,81,160,POST-HOC CHECKPOINT EVALUATION,effective_A,correlation,0.22130794122981376,POST-HOC FINAL CHECKPOINT EVALUATION,true
t2b-c-m1x,Test 2B,C,M1-X,M1-X,10000,8ad9c8017c9304827d8e9e73392c3a9503f7de05a38b86baf52f4351c35615e4,e13a7bd42f3f773d068a6cc0c1344a3a8db0caef74a269ce7980b0b50f91e3b0,/Users/arjunsharma/Documents/SandiaProjects/4-LDRDAMDIS/DIMSWE-study-d0eb615/external-results/test2b-rain-active-learning/production/representation-C/m1-seed0-m20-10k/checkpoint_000010000_parameters.npz,X,HELD-OUT TRUTH SUPPORT,81,160,POST-HOC CHECKPOINT EVALUATION,effective_A,cosine,0.22113693852169267,POST-HOC FINAL CHECKPOINT EVALUATION,true
t2b-c-m1x,Test 2B,C,M1-X,M1-X,10000,8ad9c8017c9304827d8e9e73392c3a9503f7de05a38b86baf52f4351c35615e4,e13a7bd42f3f773d068a6cc0c1344a3a8db0caef74a269ce7980b0b50f91e3b0,/Users/arjunsharma/Documents/SandiaProjects/4-LDRDAMDIS/DIMSWE-study-d0eb615/external-results/test2b-rain-active-learning/production/representation-C/m1-seed0-m20-10k/checkpoint_000010000_parameters.npz,X,HELD-OUT TRUTH SUPPORT,81,160,POST-HOC CHECKPOINT EVALUATION,effective_A,target_RMS,1.3018600519732577e-09,POST-HOC FINAL CHECKPOINT EVALUATION,true
t2b-c-m1x,Test 2B,C,M1-X,M1-X,10000,8ad9c8017c9304827d8e9e73392c3a9503f7de05a38b86baf52f4351c35615e4,e13a7bd42f3f773d068a6cc0c1344a3a8db0caef74a269ce7980b0b50f91e3b0,/Users/arjunsharma/Documents/SandiaProjects/4-LDRDAMDIS/DIMSWE-study-d0eb615/external-results/test2b-rain-active-learning/production/representation-C/m1-seed0-m20-10k/checkpoint_000010000_parameters.npz,X,HELD-OUT TRUTH SUPPORT,81,160,POST-HOC CHECKPOINT EVALUATION,effective_A,prediction_RMS,3.133527333743792e-09,POST-HOC FINAL CHECKPOINT EVALUATION,true
t2b-c-m1x,Test 2B,C,M1-X,M1-X,10000,8ad9c8017c9304827d8e9e73392c3a9503f7de05a38b86baf52f4351c35615e4,e13a7bd42f3f773d068a6cc0c1344a3a8db0caef74a269ce7980b0b50f91e3b0,/Users/arjunsharma/Documents/SandiaProjects/4-LDRDAMDIS/DIMSWE-study-d0eb615/external-results/test2b-rain-active-learning/production/representation-C/m1-seed0-m20-10k/checkpoint_000010000_parameters.npz,X,HELD-OUT TRUTH SUPPORT,81,160,POST-HOC CHECKPOINT EVALUATION,effective_A,sample_count,5242880,POST-HOC FINAL CHECKPOINT EVALUATION,true
t2b-c-m1x,Test 2B,C,M1-X,M1-X,10000,8ad9c8017c9304827d8e9e73392c3a9503f7de05a38b86baf52f4351c35615e4,e13a7bd42f3f773d068a6cc0c1344a3a8db0caef74a269ce7980b0b50f91e3b0,/Users/arjunsharma/Documents/SandiaProjects/4-LDRDAMDIS/DIMSWE-study-d0eb615/external-results/test2b-rain-active-learning/production/representation-C/m1-seed0-m20-10k/checkpoint_000010000_parameters.npz,X,HELD-OUT TRUTH SUPPORT,81,160,POST-HOC CHECKPOINT EVALUATION,effective_R,normalized_RMS_error,0.017887621053295555,POST-HOC FINAL CHECKPOINT EVALUATION,true
t2b-c-m1x,Test 2B,C,M1-X,M1-X,10000,8ad9c8017c9304827d8e9e73392c3a9503f7de05a38b86baf52f4351c35615e4,e13a7bd42f3f773d068a6cc0c1344a3a8db0caef74a269ce7980b0b50f91e3b0,/Users/arjunsharma/Documents/SandiaProjects/4-LDRDAMDIS/DIMSWE-study-d0eb615/external-results/test2b-rain-active-learning/production/representation-C/m1-seed0-m20-10k/checkpoint_000010000_parameters.npz,X,HELD-OUT TRUTH SUPPORT,81,160,POST-HOC CHECKPOINT EVALUATION,effective_R,relative_RMS_error,0.058780101647557814,POST-HOC FINAL CHECKPOINT EVALUATION,true
t2b-c-m1x,Test 2B,C,M1-X,M1-X,10000,8ad9c8017c9304827d8e9e73392c3a9503f7de05a38b86baf52f4351c35615e4,e13a7bd42f3f773d068a6cc0c1344a3a8db0caef74a269ce7980b0b50f91e3b0,/Users/arjunsharma/Documents/SandiaProjects/4-LDRDAMDIS/DIMSWE-study-d0eb615/external-results/test2b-rain-active-learning/production/representation-C/m1-seed0-m20-10k/checkpoint_000010000_parameters.npz,X,HELD-OUT TRUTH SUPPORT,81,160,POST-HOC CHECKPOINT EVALUATION,effective_R,physical_RMS_error,3.5601501899931163e-13,POST-HOC FINAL CHECKPOINT EVALUATION,true
t2b-c-m1x,Test 2B,C,M1-X,M1-X,10000,8ad9c8017c9304827d8e9e73392c3a9503f7de05a38b86baf52f4351c35615e4,e13a7bd42f3f773d068a6cc0c1344a3a8db0caef74a269ce7980b0b50f91e3b0,/Users/arjunsharma/Documents/SandiaProjects/4-LDRDAMDIS/DIMSWE-study-d0eb615/external-results/test2b-rain-active-learning/production/representation-C/m1-seed0-m20-10k/checkpoint_000010000_parameters.npz,X,HELD-OUT TRUTH SUPPORT,81,160,POST-HOC CHECKPOINT EVALUATION,effective_R,maximum_absolute_error,6.16278971058952e-12,POST-HOC FINAL CHECKPOINT EVALUATION,true
t2b-c-m1x,Test 2B,C,M1-X,M1-X,10000,8ad9c8017c9304827d8e9e73392c3a9503f7de05a38b86baf52f4351c35615e4,e13a7bd42f3f773d068a6cc0c1344a3a8db0caef74a269ce7980b0b50f91e3b0,/Users/arjunsharma/Documents/SandiaProjects/4-LDRDAMDIS/DIMSWE-study-d0eb615/external-results/test2b-rain-active-learning/production/representation-C/m1-seed0-m20-10k/checkpoint_000010000_parameters.npz,X,HELD-OUT TRUTH SUPPORT,81,160,POST-HOC CHECKPOINT EVALUATION,effective_R,signed_mass_weighted_bias,-5.203280409820991e-15,POST-HOC FINAL CHECKPOINT EVALUATION,true
t2b-c-m1x,Test 2B,C,M1-X,M1-X,10000,8ad9c8017c9304827d8e9e73392c3a9503f7de05a38b86baf52f4351c35615e4,e13a7bd42f3f773d068a6cc0c1344a3a8db0caef74a269ce7980b0b50f91e3b0,/Users/arjunsharma/Documents/SandiaProjects/4-LDRDAMDIS/DIMSWE-study-d0eb615/external-results/test2b-rain-active-learning/production/representation-C/m1-seed0-m20-10k/checkpoint_000010000_parameters.npz,X,HELD-OUT TRUTH SUPPORT,81,160,POST-HOC CHECKPOINT EVALUATION,effective_R,correlation,0.9982363155899625,POST-HOC FINAL CHECKPOINT EVALUATION,true
t2b-c-m1x,Test 2B,C,M1-X,M1-X,10000,8ad9c8017c9304827d8e9e73392c3a9503f7de05a38b86baf52f4351c35615e4,e13a7bd42f3f773d068a6cc0c1344a3a8db0caef74a269ce7980b0b50f91e3b0,/Users/arjunsharma/Documents/SandiaProjects/4-LDRDAMDIS/DIMSWE-study-d0eb615/external-results/test2b-rain-active-learning/production/representation-C/m1-seed0-m20-10k/checkpoint_000010000_parameters.npz,X,HELD-OUT TRUTH SUPPORT,81,160,POST-HOC CHECKPOINT EVALUATION,effective_R,cosine,0.9983253038618484,POST-HOC FINAL CHECKPOINT EVALUATION,true
t2b-c-m1x,Test 2B,C,M1-X,M1-X,10000,8ad9c8017c9304827d8e9e73392c3a9503f7de05a38b86baf52f4351c35615e4,e13a7bd42f3f773d068a6cc0c1344a3a8db0caef74a269ce7980b0b50f91e3b0,/Users/arjunsharma/Documents/SandiaProjects/4-LDRDAMDIS/DIMSWE-study-d0eb615/external-results/test2b-rain-active-learning/production/representation-C/m1-seed0-m20-10k/checkpoint_000010000_parameters.npz,X,HELD-OUT TRUTH SUPPORT,81,160,POST-HOC CHECKPOINT EVALUATION,effective_R,target_RMS,6.0567268347706796e-12,POST-HOC FINAL CHECKPOINT EVALUATION,true
t2b-c-m1x,Test 2B,C,M1-X,M1-X,10000,8ad9c8017c9304827d8e9e73392c3a9503f7de05a38b86baf52f4351c35615e4,e13a7bd42f3f773d068a6cc0c1344a3a8db0caef74a269ce7980b0b50f91e3b0,/Users/arjunsharma/Documents/SandiaProjects/4-LDRDAMDIS/DIMSWE-study-d0eb615/external-results/test2b-rain-active-learning/production/representation-C/m1-seed0-m20-10k/checkpoint_000010000_parameters.npz,X,HELD-OUT TRUTH SUPPORT,81,160,POST-HOC CHECKPOINT EVALUATION,effective_R,prediction_RMS,6.109676229854045e-12,POST-HOC FINAL CHECKPOINT EVALUATION,true
t2b-c-m1x,Test 2B,C,M1-X,M1-X,10000,8ad9c8017c9304827d8e9e73392c3a9503f7de05a38b86baf52f4351c35615e4,e13a7bd42f3f773d068a6cc0c1344a3a8db0caef74a269ce7980b0b50f91e3b0,/Users/arjunsharma/Documents/SandiaProjects/4-LDRDAMDIS/DIMSWE-study-d0eb615/external-results/test2b-rain-active-learning/production/representation-C/m1-seed0-m20-10k/checkpoint_000010000_parameters.npz,X,HELD-OUT TRUTH SUPPORT,81,160,POST-HOC CHECKPOINT EVALUATION,effective_R,sample_count,5242880,POST-HOC FINAL CHECKPOINT EVALUATION,true
t2b-c-m1x,Test 2B,C,M1-X,M1-X,10000,8ad9c8017c9304827d8e9e73392c3a9503f7de05a38b86baf52f4351c35615e4,e13a7bd42f3f773d068a6cc0c1344a3a8db0caef74a269ce7980b0b50f91e3b0,/Users/arjunsharma/Documents/SandiaProjects/4-LDRDAMDIS/DIMSWE-study-d0eb615/external-results/test2b-rain-active-learning/production/representation-C/m1-seed0-m20-10k/checkpoint_000010000_parameters.npz,X,HELD-OUT TRUTH SUPPORT,81,160,POST-HOC CHECKPOINT EVALUATION,source_structure,normalized_off_manifold_RMS,0.00639251201277066,POST-HOC FINAL CHECKPOINT EVALUATION,true
t2b-c-m1x,Test 2B,C,M1-X,M1-X,10000,8ad9c8017c9304827d8e9e73392c3a9503f7de05a38b86baf52f4351c35615e4,e13a7bd42f3f773d068a6cc0c1344a3a8db0caef74a269ce7980b0b50f91e3b0,/Users/arjunsharma/Documents/SandiaProjects/4-LDRDAMDIS/DIMSWE-study-d0eb615/external-results/test2b-rain-active-learning/production/representation-C/m1-seed0-m20-10k/checkpoint_000010000_parameters.npz,X,HELD-OUT TRUTH SUPPORT,81,160,POST-HOC CHECKPOINT EVALUATION,source_structure,water_source_defect_RMS,4.769732167097589e-07,POST-HOC FINAL CHECKPOINT EVALUATION,true
t2b-c-m1x,Test 2B,C,M1-X,M1-X,10000,8ad9c8017c9304827d8e9e73392c3a9503f7de05a38b86baf52f4351c35615e4,e13a7bd42f3f773d068a6cc0c1344a3a8db0caef74a269ce7980b0b50f91e3b0,/Users/arjunsharma/Documents/SandiaProjects/4-LDRDAMDIS/DIMSWE-study-d0eb615/external-results/test2b-rain-active-learning/production/representation-C/m1-seed0-m20-10k/checkpoint_000010000_parameters.npz,X,HELD-OUT TRUTH SUPPORT,81,160,POST-HOC CHECKPOINT EVALUATION,source_structure,S_minus_beta2_Qv_defect_RMS,2.8165332107798418e-05,POST-HOC FINAL CHECKPOINT EVALUATION,true
t2b-c-m1x,Test 2B,C,M1-X,M1-X,10000,8ad9c8017c9304827d8e9e73392c3a9503f7de05a38b86baf52f4351c35615e4,e13a7bd42f3f773d068a6cc0c1344a3a8db0caef74a269ce7980b0b50f91e3b0,/Users/arjunsharma/Documents/SandiaProjects/4-LDRDAMDIS/DIMSWE-study-d0eb615/external-results/test2b-rain-active-learning/production/representation-C/m1-seed0-m20-10k/checkpoint_000010000_parameters.npz,X,HELD-OUT TRUTH SUPPORT,81,160,POST-HOC CHECKPOINT EVALUATION,source_structure,negative_Qr_source_fraction,0.5171745300292969,POST-HOC FINAL CHECKPOINT EVALUATION,true
t2b-c-m1x,Test 2B,C,M1-X,M1-X,10000,8ad9c8017c9304827d8e9e73392c3a9503f7de05a38b86baf52f4351c35615e4,e13a7bd42f3f773d068a6cc0c1344a3a8db0caef74a269ce7980b0b50f91e3b0,/Users/arjunsharma/Documents/SandiaProjects/4-LDRDAMDIS/DIMSWE-study-d0eb615/external-results/test2b-rain-active-learning/production/representation-C/m1-seed0-m20-10k/checkpoint_000010000_parameters.npz,X,HELD-OUT TRUTH SUPPORT,81,160,POST-HOC CHECKPOINT EVALUATION,source_structure,positive_Qr_source_fraction,0.48282546997070314,POST-HOC FINAL CHECKPOINT EVALUATION,true
t2b-c-m1x,Test 2B,C,M1-X,M1-X,10000,8ad9c8017c9304827d8e9e73392c3a9503f7de05a38b86baf52f4351c35615e4,e13a7bd42f3f773d068a6cc0c1344a3a8db0caef74a269ce7980b0b50f91e3b0,/Users/arjunsharma/Documents/SandiaProjects/4-LDRDAMDIS/DIMSWE-study-d0eb615/external-results/test2b-rain-active-learning/production/representation-C/m1-seed0-m20-10k/checkpoint_000010000_parameters.npz,X,HELD-OUT TRUTH SUPPORT,81,160,POST-HOC CHECKPOINT EVALUATION,effective_R_activation,truth_active_sample_count,385820,POST-HOC FINAL CHECKPOINT EVALUATION,true
t2b-c-m1x,Test 2B,C,M1-X,M1-X,10000,8ad9c8017c9304827d8e9e73392c3a9503f7de05a38b86baf52f4351c35615e4,e13a7bd42f3f773d068a6cc0c1344a3a8db0caef74a269ce7980b0b50f91e3b0,/Users/arjunsharma/Documents/SandiaProjects/4-LDRDAMDIS/DIMSWE-study-d0eb615/external-results/test2b-rain-active-learning/production/representation-C/m1-seed0-m20-10k/checkpoint_000010000_parameters.npz,X,HELD-OUT TRUTH SUPPORT,81,160,POST-HOC CHECKPOINT EVALUATION,effective_R_activation,truth_active_sample_fraction,0.07358932495117188,POST-HOC FINAL CHECKPOINT EVALUATION,true
t2b-c-m1x,Test 2B,C,M1-X,M1-X,10000,8ad9c8017c9304827d8e9e73392c3a9503f7de05a38b86baf52f4351c35615e4,e13a7bd42f3f773d068a6cc0c1344a3a8db0caef74a269ce7980b0b50f91e3b0,/Users/arjunsharma/Documents/SandiaProjects/4-LDRDAMDIS/DIMSWE-study-d0eb615/external-results/test2b-rain-active-learning/production/representation-C/m1-seed0-m20-10k/checkpoint_000010000_parameters.npz,X,HELD-OUT TRUTH SUPPORT,81,160,POST-HOC CHECKPOINT EVALUATION,effective_R_activation,predicted_meaningful_positive_fraction,0.48282012939453123,POST-HOC FINAL CHECKPOINT EVALUATION,true
t2b-c-m1x,Test 2B,C,M1-X,M1-X,10000,8ad9c8017c9304827d8e9e73392c3a9503f7de05a38b86baf52f4351c35615e4,e13a7bd42f3f773d068a6cc0c1344a3a8db0caef74a269ce7980b0b50f91e3b0,/Users/arjunsharma/Documents/SandiaProjects/4-LDRDAMDIS/DIMSWE-study-d0eb615/external-results/test2b-rain-active-learning/production/representation-C/m1-seed0-m20-10k/checkpoint_000010000_parameters.npz,X,HELD-OUT TRUTH SUPPORT,81,160,POST-HOC CHECKPOINT EVALUATION,effective_R_activation,predicted_meaningful_negative_fraction,0.5171794891357422,POST-HOC FINAL CHECKPOINT EVALUATION,true
t2b-c-m1x,Test 2B,C,M1-X,M1-X,10000,8ad9c8017c9304827d8e9e73392c3a9503f7de05a38b86baf52f4351c35615e4,e13a7bd42f3f773d068a6cc0c1344a3a8db0caef74a269ce7980b0b50f91e3b0,/Users/arjunsharma/Documents/SandiaProjects/4-LDRDAMDIS/DIMSWE-study-d0eb615/external-results/test2b-rain-active-learning/production/representation-C/m1-seed0-m20-10k/checkpoint_000010000_parameters.npz,X,HELD-OUT TRUTH SUPPORT,81,160,POST-HOC CHECKPOINT EVALUATION,effective_R_activation,false_positive_count,2145548,POST-HOC FINAL CHECKPOINT EVALUATION,true
t2b-c-m1x,Test 2B,C,M1-X,M1-X,10000,8ad9c8017c9304827d8e9e73392c3a9503f7de05a38b86baf52f4351c35615e4,e13a7bd42f3f773d068a6cc0c1344a3a8db0caef74a269ce7980b0b50f91e3b0,/Users/arjunsharma/Documents/SandiaProjects/4-LDRDAMDIS/DIMSWE-study-d0eb615/external-results/test2b-rain-active-learning/production/representation-C/m1-seed0-m20-10k/checkpoint_000010000_parameters.npz,X,HELD-OUT TRUTH SUPPORT,81,160,POST-HOC CHECKPOINT EVALUATION,effective_R_activation,false_positive_rate_given_truth_inactive,0.4417380061189279,POST-HOC FINAL CHECKPOINT EVALUATION,true
t2b-c-m1x,Test 2B,C,M1-X,M1-X,10000,8ad9c8017c9304827d8e9e73392c3a9503f7de05a38b86baf52f4351c35615e4,e13a7bd42f3f773d068a6cc0c1344a3a8db0caef74a269ce7980b0b50f91e3b0,/Users/arjunsharma/Documents/SandiaProjects/4-LDRDAMDIS/DIMSWE-study-d0eb615/external-results/test2b-rain-active-learning/production/representation-C/m1-seed0-m20-10k/checkpoint_000010000_parameters.npz,X,HELD-OUT TRUTH SUPPORT,81,160,POST-HOC CHECKPOINT EVALUATION,effective_R_activation,false_negative_count,0,POST-HOC FINAL CHECKPOINT EVALUATION,true
t2b-c-m1x,Test 2B,C,M1-X,M1-X,10000,8ad9c8017c9304827d8e9e73392c3a9503f7de05a38b86baf52f4351c35615e4,e13a7bd42f3f773d068a6cc0c1344a3a8db0caef74a269ce7980b0b50f91e3b0,/Users/arjunsharma/Documents/SandiaProjects/4-LDRDAMDIS/DIMSWE-study-d0eb615/external-results/test2b-rain-active-learning/production/representation-C/m1-seed0-m20-10k/checkpoint_000010000_parameters.npz,X,HELD-OUT TRUTH SUPPORT,81,160,POST-HOC CHECKPOINT EVALUATION,effective_R_activation,false_negative_rate_given_truth_active,0.0,POST-HOC FINAL CHECKPOINT EVALUATION,true
t2b-c-m1x,Test 2B,C,M1-X,M1-X,10000,8ad9c8017c9304827d8e9e73392c3a9503f7de05a38b86baf52f4351c35615e4,e13a7bd42f3f773d068a6cc0c1344a3a8db0caef74a269ce7980b0b50f91e3b0,/Users/arjunsharma/Documents/SandiaProjects/4-LDRDAMDIS/DIMSWE-study-d0eb615/external-results/test2b-rain-active-learning/production/representation-C/m1-seed0-m20-10k/checkpoint_000010000_parameters.npz,X,HELD-OUT TRUTH SUPPORT,81,160,POST-HOC CHECKPOINT EVALUATION,effective_R_activation,first_meaningful_positive_predicted_step,81,POST-HOC FINAL CHECKPOINT EVALUATION,true
t2b-c-m1x,Test 2B,C,M1-X,M1-X,10000,8ad9c8017c9304827d8e9e73392c3a9503f7de05a38b86baf52f4351c35615e4,e13a7bd42f3f773d068a6cc0c1344a3a8db0caef74a269ce7980b0b50f91e3b0,/Users/arjunsharma/Documents/SandiaProjects/4-LDRDAMDIS/DIMSWE-study-d0eb615/external-results/test2b-rain-active-learning/production/representation-C/m1-seed0-m20-10k/checkpoint_000010000_parameters.npz,X,HELD-OUT TRUTH SUPPORT,81,160,POST-HOC CHECKPOINT EVALUATION,effective_R_activation,first_meaningful_positive_truth_step,81,POST-HOC FINAL CHECKPOINT EVALUATION,true
t2b-c-m1x,Test 2B,C,M1-X,M1-X,10000,8ad9c8017c9304827d8e9e73392c3a9503f7de05a38b86baf52f4351c35615e4,e13a7bd42f3f773d068a6cc0c1344a3a8db0caef74a269ce7980b0b50f91e3b0,/Users/arjunsharma/Documents/SandiaProjects/4-LDRDAMDIS/DIMSWE-study-d0eb615/external-results/test2b-rain-active-learning/production/representation-C/m1-seed0-m20-10k/checkpoint_000010000_parameters.npz,X,HELD-OUT TRUTH SUPPORT,81,160,POST-HOC CHECKPOINT EVALUATION,effective_R_activation,maximum_predicted_effective_R,4.56626358588937e-11,POST-HOC FINAL CHECKPOINT EVALUATION,true
t2b-c-m1x,Test 2B,C,M1-X,M1-X,10000,8ad9c8017c9304827d8e9e73392c3a9503f7de05a38b86baf52f4351c35615e4,e13a7bd42f3f773d068a6cc0c1344a3a8db0caef74a269ce7980b0b50f91e3b0,/Users/arjunsharma/Documents/SandiaProjects/4-LDRDAMDIS/DIMSWE-study-d0eb615/external-results/test2b-rain-active-learning/production/representation-C/m1-seed0-m20-10k/checkpoint_000010000_parameters.npz,X,HELD-OUT TRUTH SUPPORT,81,160,POST-HOC CHECKPOINT EVALUATION,effective_R_activation,minimum_predicted_effective_R,-3.1458765797237833e-12,POST-HOC FINAL CHECKPOINT EVALUATION,true
t2b-c-m1x,Test 2B,C,M1-X,M1-X,10000,8ad9c8017c9304827d8e9e73392c3a9503f7de05a38b86baf52f4351c35615e4,e13a7bd42f3f773d068a6cc0c1344a3a8db0caef74a269ce7980b0b50f91e3b0,/Users/arjunsharma/Documents/SandiaProjects/4-LDRDAMDIS/DIMSWE-study-d0eb615/external-results/test2b-rain-active-learning/production/representation-C/m1-seed0-m20-10k/checkpoint_000010000_parameters.npz,X,HELD-OUT TRUTH SUPPORT,81,160,POST-HOC CHECKPOINT EVALUATION,effective_R_activation,activity_numerical_tolerance,1.2119968976504772e-20,POST-HOC FINAL CHECKPOINT EVALUATION,true
t2b-c-m1x,Test 2B,C,M1-X,M1-X,10000,8ad9c8017c9304827d8e9e73392c3a9503f7de05a38b86baf52f4351c35615e4,e13a7bd42f3f773d068a6cc0c1344a3a8db0caef74a269ce7980b0b50f91e3b0,/Users/arjunsharma/Documents/SandiaProjects/4-LDRDAMDIS/DIMSWE-study-d0eb615/external-results/test2b-rain-active-learning/production/representation-C/m1-seed0-m20-10k/checkpoint_000010000_parameters.npz,X,HELD-OUT TRUTH SUPPORT,81,160,POST-HOC CHECKPOINT EVALUATION,effective_R_activation,sample_count,5242880,POST-HOC FINAL CHECKPOINT EVALUATION,true
t2b-c-m1y,Test 2B,C,M1-Y,M1-Y,10000,c8da7ea375ced0f692210f97097e069f9d5757b6bead22b7a4a10d9a265d8a65,169eadab27a39916e37a875c27708873595f133cb4ea39e9f23eab14e86d49ee,/Users/arjunsharma/Documents/SandiaProjects/4-LDRDAMDIS/DIMSWE-feature-study-20260828/m1y_test2b_20260828_workspace/external-results/m1y-test2b-20260828/production/representation-C/m1y-seed0-m20-10k/checkpoint_000010000_parameters.npz,X,HELD-OUT TRUTH SUPPORT,81,160,POST-HOC CHECKPOINT EVALUATION,operator,normalized_objective,0.0709975307246948,POST-HOC FINAL CHECKPOINT EVALUATION,false
t2b-c-m1y,Test 2B,C,M1-Y,M1-Y,10000,c8da7ea375ced0f692210f97097e069f9d5757b6bead22b7a4a10d9a265d8a65,169eadab27a39916e37a875c27708873595f133cb4ea39e9f23eab14e86d49ee,/Users/arjunsharma/Documents/SandiaProjects/4-LDRDAMDIS/DIMSWE-feature-study-20260828/m1y_test2b_20260828_workspace/external-results/m1y-test2b-20260828/production/representation-C/m1y-seed0-m20-10k/checkpoint_000010000_parameters.npz,X,HELD-OUT TRUTH SUPPORT,81,160,POST-HOC CHECKPOINT EVALUATION,operator,numerator,13435985383560.531,POST-HOC FINAL CHECKPOINT EVALUATION,false
t2b-c-m1y,Test 2B,C,M1-Y,M1-Y,10000,c8da7ea375ced0f692210f97097e069f9d5757b6bead22b7a4a10d9a265d8a65,169eadab27a39916e37a875c27708873595f133cb4ea39e9f23eab14e86d49ee,/Users/arjunsharma/Documents/SandiaProjects/4-LDRDAMDIS/DIMSWE-feature-study-20260828/m1y_test2b_20260828_workspace/external-results/m1y-test2b-20260828/production/representation-C/m1y-seed0-m20-10k/checkpoint_000010000_parameters.npz,X,HELD-OUT TRUTH SUPPORT,81,160,POST-HOC CHECKPOINT EVALUATION,operator,denominator,189245812444673.44,POST-HOC FINAL CHECKPOINT EVALUATION,false
t2b-c-m1y,Test 2B,C,M1-Y,M1-Y,10000,c8da7ea375ced0f692210f97097e069f9d5757b6bead22b7a4a10d9a265d8a65,169eadab27a39916e37a875c27708873595f133cb4ea39e9f23eab14e86d49ee,/Users/arjunsharma/Documents/SandiaProjects/4-LDRDAMDIS/DIMSWE-feature-study-20260828/m1y_test2b_20260828_workspace/external-results/m1y-test2b-20260828/production/representation-C/m1y-seed0-m20-10k/checkpoint_000010000_parameters.npz,X,HELD-OUT TRUTH SUPPORT,81,160,POST-HOC CHECKPOINT EVALUATION,source_components.S,normalized_RMS_error,0.045606083677672174,POST-HOC FINAL CHECKPOINT EVALUATION,false
t2b-c-m1y,Test 2B,C,M1-Y,M1-Y,10000,c8da7ea375ced0f692210f97097e069f9d5757b6bead22b7a4a10d9a265d8a65,169eadab27a39916e37a875c27708873595f133cb4ea39e9f23eab14e86d49ee,/Users/arjunsharma/Documents/SandiaProjects/4-LDRDAMDIS/DIMSWE-feature-study-20260828/m1y_test2b_20260828_workspace/external-results/m1y-test2b-20260828/production/representation-C/m1y-seed0-m20-10k/checkpoint_000010000_parameters.npz,X,HELD-OUT TRUTH SUPPORT,81,160,POST-HOC CHECKPOINT EVALUATION,source_components.S,relative_RMS_error,3.4001445794005556,POST-HOC FINAL CHECKPOINT EVALUATION,false
t2b-c-m1y,Test 2B,C,M1-Y,M1-Y,10000,c8da7ea375ced0f692210f97097e069f9d5757b6bead22b7a4a10d9a265d8a65,169eadab27a39916e37a875c27708873595f133cb4ea39e9f23eab14e86d49ee,/Users/arjunsharma/Documents/SandiaProjects/4-LDRDAMDIS/DIMSWE-feature-study-20260828/m1y_test2b_20260828_workspace/external-results/m1y-test2b-20260828/production/representation-C/m1y-seed0-m20-10k/checkpoint_000010000_parameters.npz,X,HELD-OUT TRUTH SUPPORT,81,160,POST-HOC CHECKPOINT EVALUATION,source_components.S,physical_RMS_error,0.00030425997322716566,POST-HOC FINAL CHECKPOINT EVALUATION,false
t2b-c-m1y,Test 2B,C,M1-Y,M1-Y,10000,c8da7ea375ced0f692210f97097e069f9d5757b6bead22b7a4a10d9a265d8a65,169eadab27a39916e37a875c27708873595f133cb4ea39e9f23eab14e86d49ee,/Users/arjunsharma/Documents/SandiaProjects/4-LDRDAMDIS/DIMSWE-feature-study-20260828/m1y_test2b_20260828_workspace/external-results/m1y-test2b-20260828/production/representation-C/m1y-seed0-m20-10k/checkpoint_000010000_parameters.npz,X,HELD-OUT TRUTH SUPPORT,81,160,POST-HOC CHECKPOINT EVALUATION,source_components.S,maximum_absolute_error,0.007783074658967768,POST-HOC FINAL CHECKPOINT EVALUATION,false
t2b-c-m1y,Test 2B,C,M1-Y,M1-Y,10000,c8da7ea375ced0f692210f97097e069f9d5757b6bead22b7a4a10d9a265d8a65,169eadab27a39916e37a875c27708873595f133cb4ea39e9f23eab14e86d49ee,/Users/arjunsharma/Documents/SandiaProjects/4-LDRDAMDIS/DIMSWE-feature-study-20260828/m1y_test2b_20260828_workspace/external-results/m1y-test2b-20260828/production/representation-C/m1y-seed0-m20-10k/checkpoint_000010000_parameters.npz,X,HELD-OUT TRUTH SUPPORT,81,160,POST-HOC CHECKPOINT EVALUATION,source_components.S,signed_mass_weighted_bias,-5.0802959613374595e-05,POST-HOC FINAL CHECKPOINT EVALUATION,false
t2b-c-m1y,Test 2B,C,M1-Y,M1-Y,10000,c8da7ea375ced0f692210f97097e069f9d5757b6bead22b7a4a10d9a265d8a65,169eadab27a39916e37a875c27708873595f133cb4ea39e9f23eab14e86d49ee,/Users/arjunsharma/Documents/SandiaProjects/4-LDRDAMDIS/DIMSWE-feature-study-20260828/m1y_test2b_20260828_workspace/external-results/m1y-test2b-20260828/production/representation-C/m1y-seed0-m20-10k/checkpoint_000010000_parameters.npz,X,HELD-OUT TRUTH SUPPORT,81,160,POST-HOC CHECKPOINT EVALUATION,source_components.S,correlation,0.18275740862348025,POST-HOC FINAL CHECKPOINT EVALUATION,false
t2b-c-m1y,Test 2B,C,M1-Y,M1-Y,10000,c8da7ea375ced0f692210f97097e069f9d5757b6bead22b7a4a10d9a265d8a65,169eadab27a39916e37a875c27708873595f133cb4ea39e9f23eab14e86d49ee,/Users/arjunsharma/Documents/SandiaProjects/4-LDRDAMDIS/DIMSWE-feature-study-20260828/m1y_test2b_20260828_workspace/external-results/m1y-test2b-20260828/production/representation-C/m1y-seed0-m20-10k/checkpoint_000010000_parameters.npz,X,HELD-OUT TRUTH SUPPORT,81,160,POST-HOC CHECKPOINT EVALUATION,source_components.S,cosine,0.18023359433198344,POST-HOC FINAL CHECKPOINT EVALUATION,false
t2b-c-m1y,Test 2B,C,M1-Y,M1-Y,10000,c8da7ea375ced0f692210f97097e069f9d5757b6bead22b7a4a10d9a265d8a65,169eadab27a39916e37a875c27708873595f133cb4ea39e9f23eab14e86d49ee,/Users/arjunsharma/Documents/SandiaProjects/4-LDRDAMDIS/DIMSWE-feature-study-20260828/m1y_test2b_20260828_workspace/external-results/m1y-test2b-20260828/production/representation-C/m1y-seed0-m20-10k/checkpoint_000010000_parameters.npz,X,HELD-OUT TRUTH SUPPORT,81,160,POST-HOC CHECKPOINT EVALUATION,source_components.S,target_RMS,8.948442224207025e-05,POST-HOC FINAL CHECKPOINT EVALUATION,false
t2b-c-m1y,Test 2B,C,M1-Y,M1-Y,10000,c8da7ea375ced0f692210f97097e069f9d5757b6bead22b7a4a10d9a265d8a65,169eadab27a39916e37a875c27708873595f133cb4ea39e9f23eab14e86d49ee,/Users/arjunsharma/Documents/SandiaProjects/4-LDRDAMDIS/DIMSWE-feature-study-20260828/m1y_test2b_20260828_workspace/external-results/m1y-test2b-20260828/production/representation-C/m1y-seed0-m20-10k/checkpoint_000010000_parameters.npz,X,HELD-OUT TRUTH SUPPORT,81,160,POST-HOC CHECKPOINT EVALUATION,source_components.S,prediction_RMS,0.0003073784811402557,POST-HOC FINAL CHECKPOINT EVALUATION,false
t2b-c-m1y,Test 2B,C,M1-Y,M1-Y,10000,c8da7ea375ced0f692210f97097e069f9d5757b6bead22b7a4a10d9a265d8a65,169eadab27a39916e37a875c27708873595f133cb4ea39e9f23eab14e86d49ee,/Users/arjunsharma/Documents/SandiaProjects/4-LDRDAMDIS/DIMSWE-feature-study-20260828/m1y_test2b_20260828_workspace/external-results/m1y-test2b-20260828/production/representation-C/m1y-seed0-m20-10k/checkpoint_000010000_parameters.npz,X,HELD-OUT TRUTH SUPPORT,81,160,POST-HOC CHECKPOINT EVALUATION,source_components.S,sample_count,5242880,POST-HOC FINAL CHECKPOINT EVALUATION,false
t2b-c-m1y,Test 2B,C,M1-Y,M1-Y,10000,c8da7ea375ced0f692210f97097e069f9d5757b6bead22b7a4a10d9a265d8a65,169eadab27a39916e37a875c27708873595f133cb4ea39e9f23eab14e86d49ee,/Users/arjunsharma/Documents/SandiaProjects/4-LDRDAMDIS/DIMSWE-feature-study-20260828/m1y_test2b_20260828_workspace/external-results/m1y-test2b-20260828/production/representation-C/m1y-seed0-m20-10k/checkpoint_000010000_parameters.npz,X,HELD-OUT TRUTH SUPPORT,81,160,POST-HOC CHECKPOINT EVALUATION,source_components.Qv,normalized_RMS_error,0.044973944546705544,POST-HOC FINAL CHECKPOINT EVALUATION,false
t2b-c-m1y,Test 2B,C,M1-Y,M1-Y,10000,c8da7ea375ced0f692210f97097e069f9d5757b6bead22b7a4a10d9a265d8a65,169eadab27a39916e37a875c27708873595f133cb4ea39e9f23eab14e86d49ee,/Users/arjunsharma/Documents/SandiaProjects/4-LDRDAMDIS/DIMSWE-feature-study-20260828/m1y_test2b_20260828_workspace/external-results/m1y-test2b-20260828/production/representation-C/m1y-seed0-m20-10k/checkpoint_000010000_parameters.npz,X,HELD-OUT TRUTH SUPPORT,81,160,POST-HOC CHECKPOINT EVALUATION,source_components.Qv,relative_RMS_error,3.3530156819759473,POST-HOC FINAL CHECKPOINT EVALUATION,false
t2b-c-m1y,Test 2B,C,M1-Y,M1-Y,10000,c8da7ea375ced0f692210f97097e069f9d5757b6bead22b7a4a10d9a265d8a65,169eadab27a39916e37a875c27708873595f133cb4ea39e9f23eab14e86d49ee,/Users/arjunsharma/Documents/SandiaProjects/4-LDRDAMDIS/DIMSWE-feature-study-20260828/m1y_test2b_20260828_workspace/external-results/m1y-test2b-20260828/production/representation-C/m1y-seed0-m20-10k/checkpoint_000010000_parameters.npz,X,HELD-OUT TRUTH SUPPORT,81,160,POST-HOC CHECKPOINT EVALUATION,source_components.Qv,physical_RMS_error,3.059736645845252e-06,POST-HOC FINAL CHECKPOINT EVALUATION,false
t2b-c-m1y,Test 2B,C,M1-Y,M1-Y,10000,c8da7ea375ced0f692210f97097e069f9d5757b6bead22b7a4a10d9a265d8a65,169eadab27a39916e37a875c27708873595f133cb4ea39e9f23eab14e86d49ee,/Users/arjunsharma/Documents/SandiaProjects/4-LDRDAMDIS/DIMSWE-feature-study-20260828/m1y_test2b_20260828_workspace/external-results/m1y-test2b-20260828/production/representation-C/m1y-seed0-m20-10k/checkpoint_000010000_parameters.npz,X,HELD-OUT TRUTH SUPPORT,81,160,POST-HOC CHECKPOINT EVALUATION,source_components.Qv,maximum_absolute_error,7.887869085528745e-05,POST-HOC FINAL CHECKPOINT EVALUATION,false
t2b-c-m1y,Test 2B,C,M1-Y,M1-Y,10000,c8da7ea375ced0f692210f97097e069f9d5757b6bead22b7a4a10d9a265d8a65,169eadab27a39916e37a875c27708873595f133cb4ea39e9f23eab14e86d49ee,/Users/arjunsharma/Documents/SandiaProjects/4-LDRDAMDIS/DIMSWE-feature-study-20260828/m1y_test2b_20260828_workspace/external-results/m1y-test2b-20260828/production/representation-C/m1y-seed0-m20-10k/checkpoint_000010000_parameters.npz,X,HELD-OUT TRUTH SUPPORT,81,160,POST-HOC CHECKPOINT EVALUATION,source_components.Qv,signed_mass_weighted_bias,-5.388119170715203e-07,POST-HOC FINAL CHECKPOINT EVALUATION,false
t2b-c-m1y,Test 2B,C,M1-Y,M1-Y,10000,c8da7ea375ced0f692210f97097e069f9d5757b6bead22b7a4a10d9a265d8a65,169eadab27a39916e37a875c27708873595f133cb4ea39e9f23eab14e86d49ee,/Users/arjunsharma/Documents/SandiaProjects/4-LDRDAMDIS/DIMSWE-feature-study-20260828/m1y_test2b_20260828_workspace/external-results/m1y-test2b-20260828/production/representation-C/m1y-seed0-m20-10k/checkpoint_000010000_parameters.npz,X,HELD-OUT TRUTH SUPPORT,81,160,POST-HOC CHECKPOINT EVALUATION,source_components.Qv,correlation,0.18756299178963518,POST-HOC FINAL CHECKPOINT EVALUATION,false
t2b-c-m1y,Test 2B,C,M1-Y,M1-Y,10000,c8da7ea375ced0f692210f97097e069f9d5757b6bead22b7a4a10d9a265d8a65,169eadab27a39916e37a875c27708873595f133cb4ea39e9f23eab14e86d49ee,/Users/arjunsharma/Documents/SandiaProjects/4-LDRDAMDIS/DIMSWE-feature-study-20260828/m1y_test2b_20260828_workspace/external-results/m1y-test2b-20260828/production/representation-C/m1y-seed0-m20-10k/checkpoint_000010000_parameters.npz,X,HELD-OUT TRUTH SUPPORT,81,160,POST-HOC CHECKPOINT EVALUATION,source_components.Qv,cosine,0.18468585601516443,POST-HOC FINAL CHECKPOINT EVALUATION,false
t2b-c-m1y,Test 2B,C,M1-Y,M1-Y,10000,c8da7ea375ced0f692210f97097e069f9d5757b6bead22b7a4a10d9a265d8a65,169eadab27a39916e37a875c27708873595f133cb4ea39e9f23eab14e86d49ee,/Users/arjunsharma/Documents/SandiaProjects/4-LDRDAMDIS/DIMSWE-feature-study-20260828/m1y_test2b_20260828_workspace/external-results/m1y-test2b-20260828/production/representation-C/m1y-seed0-m20-10k/checkpoint_000010000_parameters.npz,X,HELD-OUT TRUTH SUPPORT,81,160,POST-HOC CHECKPOINT EVALUATION,source_components.Qv,target_RMS,9.125327573899492e-07,POST-HOC FINAL CHECKPOINT EVALUATION,false
t2b-c-m1y,Test 2B,C,M1-Y,M1-Y,10000,c8da7ea375ced0f692210f97097e069f9d5757b6bead22b7a4a10d9a265d8a65,169eadab27a39916e37a875c27708873595f133cb4ea39e9f23eab14e86d49ee,/Users/arjunsharma/Documents/SandiaProjects/4-LDRDAMDIS/DIMSWE-feature-study-20260828/m1y_test2b_20260828_workspace/external-results/m1y-test2b-20260828/production/representation-C/m1y-seed0-m20-10k/checkpoint_000010000_parameters.npz,X,HELD-OUT TRUTH SUPPORT,81,160,POST-HOC CHECKPOINT EVALUATION,source_components.Qv,prediction_RMS,3.0938823523983533e-06,POST-HOC FINAL CHECKPOINT EVALUATION,false
t2b-c-m1y,Test 2B,C,M1-Y,M1-Y,10000,c8da7ea375ced0f692210f97097e069f9d5757b6bead22b7a4a10d9a265d8a65,169eadab27a39916e37a875c27708873595f133cb4ea39e9f23eab14e86d49ee,/Users/arjunsharma/Documents/SandiaProjects/4-LDRDAMDIS/DIMSWE-feature-study-20260828/m1y_test2b_20260828_workspace/external-results/m1y-test2b-20260828/production/representation-C/m1y-seed0-m20-10k/checkpoint_000010000_parameters.npz,X,HELD-OUT TRUTH SUPPORT,81,160,POST-HOC CHECKPOINT EVALUATION,source_components.Qv,sample_count,5242880,POST-HOC FINAL CHECKPOINT EVALUATION,false
t2b-c-m1y,Test 2B,C,M1-Y,M1-Y,10000,c8da7ea375ced0f692210f97097e069f9d5757b6bead22b7a4a10d9a265d8a65,169eadab27a39916e37a875c27708873595f133cb4ea39e9f23eab14e86d49ee,/Users/arjunsharma/Documents/SandiaProjects/4-LDRDAMDIS/DIMSWE-feature-study-20260828/m1y_test2b_20260828_workspace/external-results/m1y-test2b-20260828/production/representation-C/m1y-seed0-m20-10k/checkpoint_000010000_parameters.npz,X,HELD-OUT TRUTH SUPPORT,81,160,POST-HOC CHECKPOINT EVALUATION,source_components.Qc,normalized_RMS_error,0.044490042167890126,POST-HOC FINAL CHECKPOINT EVALUATION,false
t2b-c-m1y,Test 2B,C,M1-Y,M1-Y,10000,c8da7ea375ced0f692210f97097e069f9d5757b6bead22b7a4a10d9a265d8a65,169eadab27a39916e37a875c27708873595f133cb4ea39e9f23eab14e86d49ee,/Users/arjunsharma/Documents/SandiaProjects/4-LDRDAMDIS/DIMSWE-feature-study-20260828/m1y_test2b_20260828_workspace/external-results/m1y-test2b-20260828/production/representation-C/m1y-seed0-m20-10k/checkpoint_000010000_parameters.npz,X,HELD-OUT TRUTH SUPPORT,81,160,POST-HOC CHECKPOINT EVALUATION,source_components.Qc,relative_RMS_error,3.3169298445839064,POST-HOC FINAL CHECKPOINT EVALUATION,false
t2b-c-m1y,Test 2B,C,M1-Y,M1-Y,10000,c8da7ea375ced0f692210f97097e069f9d5757b6bead22b7a4a10d9a265d8a65,169eadab27a39916e37a875c27708873595f133cb4ea39e9f23eab14e86d49ee,/Users/arjunsharma/Documents/SandiaProjects/4-LDRDAMDIS/DIMSWE-feature-study-20260828/m1y_test2b_20260828_workspace/external-results/m1y-test2b-20260828/production/representation-C/m1y-seed0-m20-10k/checkpoint_000010000_parameters.npz,X,HELD-OUT TRUTH SUPPORT,81,160,POST-HOC CHECKPOINT EVALUATION,source_components.Qc,physical_RMS_error,3.026815052670776e-06,POST-HOC FINAL CHECKPOINT EVALUATION,false
t2b-c-m1y,Test 2B,C,M1-Y,M1-Y,10000,c8da7ea375ced0f692210f97097e069f9d5757b6bead22b7a4a10d9a265d8a65,169eadab27a39916e37a875c27708873595f133cb4ea39e9f23eab14e86d49ee,/Users/arjunsharma/Documents/SandiaProjects/4-LDRDAMDIS/DIMSWE-feature-study-20260828/m1y_test2b_20260828_workspace/external-results/m1y-test2b-20260828/production/representation-C/m1y-seed0-m20-10k/checkpoint_000010000_parameters.npz,X,HELD-OUT TRUTH SUPPORT,81,160,POST-HOC CHECKPOINT EVALUATION,source_components.Qc,maximum_absolute_error,7.706403173983065e-05,POST-HOC FINAL CHECKPOINT EVALUATION,false
t2b-c-m1y,Test 2B,C,M1-Y,M1-Y,10000,c8da7ea375ced0f692210f97097e069f9d5757b6bead22b7a4a10d9a265d8a65,169eadab27a39916e37a875c27708873595f133cb4ea39e9f23eab14e86d49ee,/Users/arjunsharma/Documents/SandiaProjects/4-LDRDAMDIS/DIMSWE-feature-study-20260828/m1y_test2b_20260828_workspace/external-results/m1y-test2b-20260828/production/representation-C/m1y-seed0-m20-10k/checkpoint_000010000_parameters.npz,X,HELD-OUT TRUTH SUPPORT,81,160,POST-HOC CHECKPOINT EVALUATION,source_components.Qc,signed_mass_weighted_bias,4.5197116738468837e-07,POST-HOC FINAL CHECKPOINT EVALUATION,false
t2b-c-m1y,Test 2B,C,M1-Y,M1-Y,10000,c8da7ea375ced0f692210f97097e069f9d5757b6bead22b7a4a10d9a265d8a65,169eadab27a39916e37a875c27708873595f133cb4ea39e9f23eab14e86d49ee,/Users/arjunsharma/Documents/SandiaProjects/4-LDRDAMDIS/DIMSWE-feature-study-20260828/m1y_test2b_20260828_workspace/external-results/m1y-test2b-20260828/production/representation-C/m1y-seed0-m20-10k/checkpoint_000010000_parameters.npz,X,HELD-OUT TRUTH SUPPORT,81,160,POST-HOC CHECKPOINT EVALUATION,source_components.Qc,correlation,0.189809612891737,POST-HOC FINAL CHECKPOINT EVALUATION,false
t2b-c-m1y,Test 2B,C,M1-Y,M1-Y,10000,c8da7ea375ced0f692210f97097e069f9d5757b6bead22b7a4a10d9a265d8a65,169eadab27a39916e37a875c27708873595f133cb4ea39e9f23eab14e86d49ee,/Users/arjunsharma/Documents/SandiaProjects/4-LDRDAMDIS/DIMSWE-feature-study-20260828/m1y_test2b_20260828_workspace/external-results/m1y-test2b-20260828/production/representation-C/m1y-seed0-m20-10k/checkpoint_000010000_parameters.npz,X,HELD-OUT TRUTH SUPPORT,81,160,POST-HOC CHECKPOINT EVALUATION,source_components.Qc,cosine,0.18755864924314986,POST-HOC FINAL CHECKPOINT EVALUATION,false
t2b-c-m1y,Test 2B,C,M1-Y,M1-Y,10000,c8da7ea375ced0f692210f97097e069f9d5757b6bead22b7a4a10d9a265d8a65,169eadab27a39916e37a875c27708873595f133cb4ea39e9f23eab14e86d49ee,/Users/arjunsharma/Documents/SandiaProjects/4-LDRDAMDIS/DIMSWE-feature-study-20260828/m1y_test2b_20260828_workspace/external-results/m1y-test2b-20260828/production/representation-C/m1y-seed0-m20-10k/checkpoint_000010000_parameters.npz,X,HELD-OUT TRUTH SUPPORT,81,160,POST-HOC CHECKPOINT EVALUATION,source_components.Qc,target_RMS,9.125351437906206e-07,POST-HOC FINAL CHECKPOINT EVALUATION,false
t2b-c-m1y,Test 2B,C,M1-Y,M1-Y,10000,c8da7ea375ced0f692210f97097e069f9d5757b6bead22b7a4a10d9a265d8a65,169eadab27a39916e37a875c27708873595f133cb4ea39e9f23eab14e86d49ee,/Users/arjunsharma/Documents/SandiaProjects/4-LDRDAMDIS/DIMSWE-feature-study-20260828/m1y_test2b_20260828_workspace/external-results/m1y-test2b-20260828/production/representation-C/m1y-seed0-m20-10k/checkpoint_000010000_parameters.npz,X,HELD-OUT TRUTH SUPPORT,81,160,POST-HOC CHECKPOINT EVALUATION,source_components.Qc,prediction_RMS,3.062206023455738e-06,POST-HOC FINAL CHECKPOINT EVALUATION,false
t2b-c-m1y,Test 2B,C,M1-Y,M1-Y,10000,c8da7ea375ced0f692210f97097e069f9d5757b6bead22b7a4a10d9a265d8a65,169eadab27a39916e37a875c27708873595f133cb4ea39e9f23eab14e86d49ee,/Users/arjunsharma/Documents/SandiaProjects/4-LDRDAMDIS/DIMSWE-feature-study-20260828/m1y_test2b_20260828_workspace/external-results/m1y-test2b-20260828/production/representation-C/m1y-seed0-m20-10k/checkpoint_000010000_parameters.npz,X,HELD-OUT TRUTH SUPPORT,81,160,POST-HOC CHECKPOINT EVALUATION,source_components.Qc,sample_count,5242880,POST-HOC FINAL CHECKPOINT EVALUATION,false
t2b-c-m1y,Test 2B,C,M1-Y,M1-Y,10000,c8da7ea375ced0f692210f97097e069f9d5757b6bead22b7a4a10d9a265d8a65,169eadab27a39916e37a875c27708873595f133cb4ea39e9f23eab14e86d49ee,/Users/arjunsharma/Documents/SandiaProjects/4-LDRDAMDIS/DIMSWE-feature-study-20260828/m1y_test2b_20260828_workspace/external-results/m1y-test2b-20260828/production/representation-C/m1y-seed0-m20-10k/checkpoint_000010000_parameters.npz,X,HELD-OUT TRUTH SUPPORT,81,160,POST-HOC CHECKPOINT EVALUATION,source_components.Qr,normalized_RMS_error,0.025220195938466538,POST-HOC FINAL CHECKPOINT EVALUATION,false
t2b-c-m1y,Test 2B,C,M1-Y,M1-Y,10000,c8da7ea375ced0f692210f97097e069f9d5757b6bead22b7a4a10d9a265d8a65,169eadab27a39916e37a875c27708873595f133cb4ea39e9f23eab14e86d49ee,/Users/arjunsharma/Documents/SandiaProjects/4-LDRDAMDIS/DIMSWE-feature-study-20260828/m1y_test2b_20260828_workspace/external-results/m1y-test2b-20260828/production/representation-C/m1y-seed0-m20-10k/checkpoint_000010000_parameters.npz,X,HELD-OUT TRUTH SUPPORT,81,160,POST-HOC CHECKPOINT EVALUATION,source_components.Qr,relative_RMS_error,0.08222283751637939,POST-HOC FINAL CHECKPOINT EVALUATION,false
t2b-c-m1y,Test 2B,C,M1-Y,M1-Y,10000,c8da7ea375ced0f692210f97097e069f9d5757b6bead22b7a4a10d9a265d8a65,169eadab27a39916e37a875c27708873595f133cb4ea39e9f23eab14e86d49ee,/Users/arjunsharma/Documents/SandiaProjects/4-LDRDAMDIS/DIMSWE-feature-study-20260828/m1y_test2b_20260828_workspace/external-results/m1y-test2b-20260828/production/representation-C/m1y-seed0-m20-10k/checkpoint_000010000_parameters.npz,X,HELD-OUT TRUTH SUPPORT,81,160,POST-HOC CHECKPOINT EVALUATION,source_components.Qr,physical_RMS_error,3.802322385903699e-10,POST-HOC FINAL CHECKPOINT EVALUATION,false
t2b-c-m1y,Test 2B,C,M1-Y,M1-Y,10000,c8da7ea375ced0f692210f97097e069f9d5757b6bead22b7a4a10d9a265d8a65,169eadab27a39916e37a875c27708873595f133cb4ea39e9f23eab14e86d49ee,/Users/arjunsharma/Documents/SandiaProjects/4-LDRDAMDIS/DIMSWE-feature-study-20260828/m1y_test2b_20260828_workspace/external-results/m1y-test2b-20260828/production/representation-C/m1y-seed0-m20-10k/checkpoint_000010000_parameters.npz,X,HELD-OUT TRUTH SUPPORT,81,160,POST-HOC CHECKPOINT EVALUATION,source_components.Qr,maximum_absolute_error,9.625024404471993e-09,POST-HOC FINAL CHECKPOINT EVALUATION,false
t2b-c-m1y,Test 2B,C,M1-Y,M1-Y,10000,c8da7ea375ced0f692210f97097e069f9d5757b6bead22b7a4a10d9a265d8a65,169eadab27a39916e37a875c27708873595f133cb4ea39e9f23eab14e86d49ee,/Users/arjunsharma/Documents/SandiaProjects/4-LDRDAMDIS/DIMSWE-feature-study-20260828/m1y_test2b_20260828_workspace/external-results/m1y-test2b-20260828/production/representation-C/m1y-seed0-m20-10k/checkpoint_000010000_parameters.npz,X,HELD-OUT TRUTH SUPPORT,81,160,POST-HOC CHECKPOINT EVALUATION,source_components.Qr,signed_mass_weighted_bias,-3.624818064850069e-11,POST-HOC FINAL CHECKPOINT EVALUATION,false
t2b-c-m1y,Test 2B,C,M1-Y,M1-Y,10000,c8da7ea375ced0f692210f97097e069f9d5757b6bead22b7a4a10d9a265d8a65,169eadab27a39916e37a875c27708873595f133cb4ea39e9f23eab14e86d49ee,/Users/arjunsharma/Documents/SandiaProjects/4-LDRDAMDIS/DIMSWE-feature-study-20260828/m1y_test2b_20260828_workspace/external-results/m1y-test2b-20260828/production/representation-C/m1y-seed0-m20-10k/checkpoint_000010000_parameters.npz,X,HELD-OUT TRUTH SUPPORT,81,160,POST-HOC CHECKPOINT EVALUATION,source_components.Qr,correlation,0.9972731413890792,POST-HOC FINAL CHECKPOINT EVALUATION,false
t2b-c-m1y,Test 2B,C,M1-Y,M1-Y,10000,c8da7ea375ced0f692210f97097e069f9d5757b6bead22b7a4a10d9a265d8a65,169eadab27a39916e37a875c27708873595f133cb4ea39e9f23eab14e86d49ee,/Users/arjunsharma/Documents/SandiaProjects/4-LDRDAMDIS/DIMSWE-feature-study-20260828/m1y_test2b_20260828_workspace/external-results/m1y-test2b-20260828/production/representation-C/m1y-seed0-m20-10k/checkpoint_000010000_parameters.npz,X,HELD-OUT TRUTH SUPPORT,81,160,POST-HOC CHECKPOINT EVALUATION,source_components.Qr,cosine,0.9974181446914698,POST-HOC FINAL CHECKPOINT EVALUATION,false
t2b-c-m1y,Test 2B,C,M1-Y,M1-Y,10000,c8da7ea375ced0f692210f97097e069f9d5757b6bead22b7a4a10d9a265d8a65,169eadab27a39916e37a875c27708873595f133cb4ea39e9f23eab14e86d49ee,/Users/arjunsharma/Documents/SandiaProjects/4-LDRDAMDIS/DIMSWE-feature-study-20260828/m1y_test2b_20260828_workspace/external-results/m1y-test2b-20260828/production/representation-C/m1y-seed0-m20-10k/checkpoint_000010000_parameters.npz,X,HELD-OUT TRUTH SUPPORT,81,160,POST-HOC CHECKPOINT EVALUATION,source_components.Qr,target_RMS,4.624411539125306e-09,POST-HOC FINAL CHECKPOINT EVALUATION,false
t2b-c-m1y,Test 2B,C,M1-Y,M1-Y,10000,c8da7ea375ced0f692210f97097e069f9d5757b6bead22b7a4a10d9a265d8a65,169eadab27a39916e37a875c27708873595f133cb4ea39e9f23eab14e86d49ee,/Users/arjunsharma/Documents/SandiaProjects/4-LDRDAMDIS/DIMSWE-feature-study-20260828/m1y_test2b_20260828_workspace/external-results/m1y-test2b-20260828/production/representation-C/m1y-seed0-m20-10k/checkpoint_000010000_parameters.npz,X,HELD-OUT TRUTH SUPPORT,81,160,POST-HOC CHECKPOINT EVALUATION,source_components.Qr,prediction_RMS,4.427290400209932e-09,POST-HOC FINAL CHECKPOINT EVALUATION,false
t2b-c-m1y,Test 2B,C,M1-Y,M1-Y,10000,c8da7ea375ced0f692210f97097e069f9d5757b6bead22b7a4a10d9a265d8a65,169eadab27a39916e37a875c27708873595f133cb4ea39e9f23eab14e86d49ee,/Users/arjunsharma/Documents/SandiaProjects/4-LDRDAMDIS/DIMSWE-feature-study-20260828/m1y_test2b_20260828_workspace/external-results/m1y-test2b-20260828/production/representation-C/m1y-seed0-m20-10k/checkpoint_000010000_parameters.npz,X,HELD-OUT TRUTH SUPPORT,81,160,POST-HOC CHECKPOINT EVALUATION,source_components.Qr,sample_count,5242880,POST-HOC FINAL CHECKPOINT EVALUATION,false
t2b-c-m1y,Test 2B,C,M1-Y,M1-Y,10000,c8da7ea375ced0f692210f97097e069f9d5757b6bead22b7a4a10d9a265d8a65,169eadab27a39916e37a875c27708873595f133cb4ea39e9f23eab14e86d49ee,/Users/arjunsharma/Documents/SandiaProjects/4-LDRDAMDIS/DIMSWE-feature-study-20260828/m1y_test2b_20260828_workspace/external-results/m1y-test2b-20260828/production/representation-C/m1y-seed0-m20-10k/checkpoint_000010000_parameters.npz,X,HELD-OUT TRUTH SUPPORT,81,160,POST-HOC CHECKPOINT EVALUATION,source_vector,normalized_vector_RMS_error,0.08196336188676173,POST-HOC FINAL CHECKPOINT EVALUATION,false
t2b-c-m1y,Test 2B,C,M1-Y,M1-Y,10000,c8da7ea375ced0f692210f97097e069f9d5757b6bead22b7a4a10d9a265d8a65,169eadab27a39916e37a875c27708873595f133cb4ea39e9f23eab14e86d49ee,/Users/arjunsharma/Documents/SandiaProjects/4-LDRDAMDIS/DIMSWE-feature-study-20260828/m1y_test2b_20260828_workspace/external-results/m1y-test2b-20260828/production/representation-C/m1y-seed0-m20-10k/checkpoint_000010000_parameters.npz,X,HELD-OUT TRUTH SUPPORT,81,160,POST-HOC CHECKPOINT EVALUATION,source_vector,normalized_vector_relative_RMS_error,0.2664536183366531,POST-HOC FINAL CHECKPOINT EVALUATION,false
t2b-c-m1y,Test 2B,C,M1-Y,M1-Y,10000,c8da7ea375ced0f692210f97097e069f9d5757b6bead22b7a4a10d9a265d8a65,169eadab27a39916e37a875c27708873595f133cb4ea39e9f23eab14e86d49ee,/Users/arjunsharma/Documents/SandiaProjects/4-LDRDAMDIS/DIMSWE-feature-study-20260828/m1y_test2b_20260828_workspace/external-results/m1y-test2b-20260828/production/representation-C/m1y-seed0-m20-10k/checkpoint_000010000_parameters.npz,X,HELD-OUT TRUTH SUPPORT,81,160,POST-HOC CHECKPOINT EVALUATION,source_vector,normalized_source_vector_cosine,0.9641539548232424,POST-HOC FINAL CHECKPOINT EVALUATION,false
t2b-c-m1y,Test 2B,C,M1-Y,M1-Y,10000,c8da7ea375ced0f692210f97097e069f9d5757b6bead22b7a4a10d9a265d8a65,169eadab27a39916e37a875c27708873595f133cb4ea39e9f23eab14e86d49ee,/Users/arjunsharma/Documents/SandiaProjects/4-LDRDAMDIS/DIMSWE-feature-study-20260828/m1y_test2b_20260828_workspace/external-results/m1y-test2b-20260828/production/representation-C/m1y-seed0-m20-10k/checkpoint_000010000_parameters.npz,X,HELD-OUT TRUTH SUPPORT,81,160,POST-HOC CHECKPOINT EVALUATION,effective_A,normalized_RMS_error,0.04775204011915216,POST-HOC FINAL CHECKPOINT EVALUATION,false
t2b-c-m1y,Test 2B,C,M1-Y,M1-Y,10000,c8da7ea375ced0f692210f97097e069f9d5757b6bead22b7a4a10d9a265d8a65,169eadab27a39916e37a875c27708873595f133cb4ea39e9f23eab14e86d49ee,/Users/arjunsharma/Documents/SandiaProjects/4-LDRDAMDIS/DIMSWE-feature-study-20260828/m1y_test2b_20260828_workspace/external-results/m1y-test2b-20260828/production/representation-C/m1y-seed0-m20-10k/checkpoint_000010000_parameters.npz,X,HELD-OUT TRUTH SUPPORT,81,160,POST-HOC CHECKPOINT EVALUATION,effective_A,relative_RMS_error,3.320355500945272,POST-HOC FINAL CHECKPOINT EVALUATION,false
t2b-c-m1y,Test 2B,C,M1-Y,M1-Y,10000,c8da7ea375ced0f692210f97097e069f9d5757b6bead22b7a4a10d9a265d8a65,169eadab27a39916e37a875c27708873595f133cb4ea39e9f23eab14e86d49ee,/Users/arjunsharma/Documents/SandiaProjects/4-LDRDAMDIS/DIMSWE-feature-study-20260828/m1y_test2b_20260828_workspace/external-results/m1y-test2b-20260828/production/representation-C/m1y-seed0-m20-10k/checkpoint_000010000_parameters.npz,X,HELD-OUT TRUTH SUPPORT,81,160,POST-HOC CHECKPOINT EVALUATION,effective_A,physical_RMS_error,4.322638185030304e-09,POST-HOC FINAL CHECKPOINT EVALUATION,false
t2b-c-m1y,Test 2B,C,M1-Y,M1-Y,10000,c8da7ea375ced0f692210f97097e069f9d5757b6bead22b7a4a10d9a265d8a65,169eadab27a39916e37a875c27708873595f133cb4ea39e9f23eab14e86d49ee,/Users/arjunsharma/Documents/SandiaProjects/4-LDRDAMDIS/DIMSWE-feature-study-20260828/m1y_test2b_20260828_workspace/external-results/m1y-test2b-20260828/production/representation-C/m1y-seed0-m20-10k/checkpoint_000010000_parameters.npz,X,HELD-OUT TRUTH SUPPORT,81,160,POST-HOC CHECKPOINT EVALUATION,effective_A,maximum_absolute_error,1.0993069696928671e-07,POST-HOC FINAL CHECKPOINT EVALUATION,false
t2b-c-m1y,Test 2B,C,M1-Y,M1-Y,10000,c8da7ea375ced0f692210f97097e069f9d5757b6bead22b7a4a10d9a265d8a65,169eadab27a39916e37a875c27708873595f133cb4ea39e9f23eab14e86d49ee,/Users/arjunsharma/Documents/SandiaProjects/4-LDRDAMDIS/DIMSWE-feature-study-20260828/m1y_test2b_20260828_workspace/external-results/m1y-test2b-20260828/production/representation-C/m1y-seed0-m20-10k/checkpoint_000010000_parameters.npz,X,HELD-OUT TRUTH SUPPORT,81,160,POST-HOC CHECKPOINT EVALUATION,effective_A,signed_mass_weighted_bias,-6.764758683568663e-10,POST-HOC FINAL CHECKPOINT EVALUATION,false
t2b-c-m1y,Test 2B,C,M1-Y,M1-Y,10000,c8da7ea375ced0f692210f97097e069f9d5757b6bead22b7a4a10d9a265d8a65,169eadab27a39916e37a875c27708873595f133cb4ea39e9f23eab14e86d49ee,/Users/arjunsharma/Documents/SandiaProjects/4-LDRDAMDIS/DIMSWE-feature-study-20260828/m1y_test2b_20260828_workspace/external-results/m1y-test2b-20260828/production/representation-C/m1y-seed0-m20-10k/checkpoint_000010000_parameters.npz,X,HELD-OUT TRUTH SUPPORT,81,160,POST-HOC CHECKPOINT EVALUATION,effective_A,correlation,0.18387792017446697,POST-HOC FINAL CHECKPOINT EVALUATION,false
t2b-c-m1y,Test 2B,C,M1-Y,M1-Y,10000,c8da7ea375ced0f692210f97097e069f9d5757b6bead22b7a4a10d9a265d8a65,169eadab27a39916e37a875c27708873595f133cb4ea39e9f23eab14e86d49ee,/Users/arjunsharma/Documents/SandiaProjects/4-LDRDAMDIS/DIMSWE-feature-study-20260828/m1y_test2b_20260828_workspace/external-results/m1y-test2b-20260828/production/representation-C/m1y-seed0-m20-10k/checkpoint_000010000_parameters.npz,X,HELD-OUT TRUTH SUPPORT,81,160,POST-HOC CHECKPOINT EVALUATION,effective_A,cosine,0.1816469511867679,POST-HOC FINAL CHECKPOINT EVALUATION,false
t2b-c-m1y,Test 2B,C,M1-Y,M1-Y,10000,c8da7ea375ced0f692210f97097e069f9d5757b6bead22b7a4a10d9a265d8a65,169eadab27a39916e37a875c27708873595f133cb4ea39e9f23eab14e86d49ee,/Users/arjunsharma/Documents/SandiaProjects/4-LDRDAMDIS/DIMSWE-feature-study-20260828/m1y_test2b_20260828_workspace/external-results/m1y-test2b-20260828/production/representation-C/m1y-seed0-m20-10k/checkpoint_000010000_parameters.npz,X,HELD-OUT TRUTH SUPPORT,81,160,POST-HOC CHECKPOINT EVALUATION,effective_A,target_RMS,1.3018600519732577e-09,POST-HOC FINAL CHECKPOINT EVALUATION,false
t2b-c-m1y,Test 2B,C,M1-Y,M1-Y,10000,c8da7ea375ced0f692210f97097e069f9d5757b6bead22b7a4a10d9a265d8a65,169eadab27a39916e37a875c27708873595f133cb4ea39e9f23eab14e86d49ee,/Users/arjunsharma/Documents/SandiaProjects/4-LDRDAMDIS/DIMSWE-feature-study-20260828/m1y_test2b_20260828_workspace/external-results/m1y-test2b-20260828/production/representation-C/m1y-seed0-m20-10k/checkpoint_000010000_parameters.npz,X,HELD-OUT TRUTH SUPPORT,81,160,POST-HOC CHECKPOINT EVALUATION,effective_A,prediction_RMS,4.365193425758318e-09,POST-HOC FINAL CHECKPOINT EVALUATION,false
t2b-c-m1y,Test 2B,C,M1-Y,M1-Y,10000,c8da7ea375ced0f692210f97097e069f9d5757b6bead22b7a4a10d9a265d8a65,169eadab27a39916e37a875c27708873595f133cb4ea39e9f23eab14e86d49ee,/Users/arjunsharma/Documents/SandiaProjects/4-LDRDAMDIS/DIMSWE-feature-study-20260828/m1y_test2b_20260828_workspace/external-results/m1y-test2b-20260828/production/representation-C/m1y-seed0-m20-10k/checkpoint_000010000_parameters.npz,X,HELD-OUT TRUTH SUPPORT,81,160,POST-HOC CHECKPOINT EVALUATION,effective_A,sample_count,5242880,POST-HOC FINAL CHECKPOINT EVALUATION,false
t2b-c-m1y,Test 2B,C,M1-Y,M1-Y,10000,c8da7ea375ced0f692210f97097e069f9d5757b6bead22b7a4a10d9a265d8a65,169eadab27a39916e37a875c27708873595f133cb4ea39e9f23eab14e86d49ee,/Users/arjunsharma/Documents/SandiaProjects/4-LDRDAMDIS/DIMSWE-feature-study-20260828/m1y_test2b_20260828_workspace/external-results/m1y-test2b-20260828/production/representation-C/m1y-seed0-m20-10k/checkpoint_000010000_parameters.npz,X,HELD-OUT TRUTH SUPPORT,81,160,POST-HOC CHECKPOINT EVALUATION,effective_R,normalized_RMS_error,0.025085463974199307,POST-HOC FINAL CHECKPOINT EVALUATION,false
t2b-c-m1y,Test 2B,C,M1-Y,M1-Y,10000,c8da7ea375ced0f692210f97097e069f9d5757b6bead22b7a4a10d9a265d8a65,169eadab27a39916e37a875c27708873595f133cb4ea39e9f23eab14e86d49ee,/Users/arjunsharma/Documents/SandiaProjects/4-LDRDAMDIS/DIMSWE-feature-study-20260828/m1y_test2b_20260828_workspace/external-results/m1y-test2b-20260828/production/representation-C/m1y-seed0-m20-10k/checkpoint_000010000_parameters.npz,X,HELD-OUT TRUTH SUPPORT,81,160,POST-HOC CHECKPOINT EVALUATION,effective_R,relative_RMS_error,0.08243276833103098,POST-HOC FINAL CHECKPOINT EVALUATION,false
t2b-c-m1y,Test 2B,C,M1-Y,M1-Y,10000,c8da7ea375ced0f692210f97097e069f9d5757b6bead22b7a4a10d9a265d8a65,169eadab27a39916e37a875c27708873595f133cb4ea39e9f23eab14e86d49ee,/Users/arjunsharma/Documents/SandiaProjects/4-LDRDAMDIS/DIMSWE-feature-study-20260828/m1y_test2b_20260828_workspace/external-results/m1y-test2b-20260828/production/representation-C/m1y-seed0-m20-10k/checkpoint_000010000_parameters.npz,X,HELD-OUT TRUTH SUPPORT,81,160,POST-HOC CHECKPOINT EVALUATION,effective_R,physical_RMS_error,4.9927276001499e-13,POST-HOC FINAL CHECKPOINT EVALUATION,false
t2b-c-m1y,Test 2B,C,M1-Y,M1-Y,10000,c8da7ea375ced0f692210f97097e069f9d5757b6bead22b7a4a10d9a265d8a65,169eadab27a39916e37a875c27708873595f133cb4ea39e9f23eab14e86d49ee,/Users/arjunsharma/Documents/SandiaProjects/4-LDRDAMDIS/DIMSWE-feature-study-20260828/m1y_test2b_20260828_workspace/external-results/m1y-test2b-20260828/production/representation-C/m1y-seed0-m20-10k/checkpoint_000010000_parameters.npz,X,HELD-OUT TRUTH SUPPORT,81,160,POST-HOC CHECKPOINT EVALUATION,effective_R,maximum_absolute_error,1.2635272573771155e-11,POST-HOC FINAL CHECKPOINT EVALUATION,false
t2b-c-m1y,Test 2B,C,M1-Y,M1-Y,10000,c8da7ea375ced0f692210f97097e069f9d5757b6bead22b7a4a10d9a265d8a65,169eadab27a39916e37a875c27708873595f133cb4ea39e9f23eab14e86d49ee,/Users/arjunsharma/Documents/SandiaProjects/4-LDRDAMDIS/DIMSWE-feature-study-20260828/m1y_test2b_20260828_workspace/external-results/m1y-test2b-20260828/production/representation-C/m1y-seed0-m20-10k/checkpoint_000010000_parameters.npz,X,HELD-OUT TRUTH SUPPORT,81,160,POST-HOC CHECKPOINT EVALUATION,effective_R,signed_mass_weighted_bias,-4.623605349091941e-14,POST-HOC FINAL CHECKPOINT EVALUATION,false
t2b-c-m1y,Test 2B,C,M1-Y,M1-Y,10000,c8da7ea375ced0f692210f97097e069f9d5757b6bead22b7a4a10d9a265d8a65,169eadab27a39916e37a875c27708873595f133cb4ea39e9f23eab14e86d49ee,/Users/arjunsharma/Documents/SandiaProjects/4-LDRDAMDIS/DIMSWE-feature-study-20260828/m1y_test2b_20260828_workspace/external-results/m1y-test2b-20260828/production/representation-C/m1y-seed0-m20-10k/checkpoint_000010000_parameters.npz,X,HELD-OUT TRUTH SUPPORT,81,160,POST-HOC CHECKPOINT EVALUATION,effective_R,correlation,0.997252636082602,POST-HOC FINAL CHECKPOINT EVALUATION,false
t2b-c-m1y,Test 2B,C,M1-Y,M1-Y,10000,c8da7ea375ced0f692210f97097e069f9d5757b6bead22b7a4a10d9a265d8a65,169eadab27a39916e37a875c27708873595f133cb4ea39e9f23eab14e86d49ee,/Users/arjunsharma/Documents/SandiaProjects/4-LDRDAMDIS/DIMSWE-feature-study-20260828/m1y_test2b_20260828_workspace/external-results/m1y-test2b-20260828/production/representation-C/m1y-seed0-m20-10k/checkpoint_000010000_parameters.npz,X,HELD-OUT TRUTH SUPPORT,81,160,POST-HOC CHECKPOINT EVALUATION,effective_R,cosine,0.9973984125529786,POST-HOC FINAL CHECKPOINT EVALUATION,false
t2b-c-m1y,Test 2B,C,M1-Y,M1-Y,10000,c8da7ea375ced0f692210f97097e069f9d5757b6bead22b7a4a10d9a265d8a65,169eadab27a39916e37a875c27708873595f133cb4ea39e9f23eab14e86d49ee,/Users/arjunsharma/Documents/SandiaProjects/4-LDRDAMDIS/DIMSWE-feature-study-20260828/m1y_test2b_20260828_workspace/external-results/m1y-test2b-20260828/production/representation-C/m1y-seed0-m20-10k/checkpoint_000010000_parameters.npz,X,HELD-OUT TRUTH SUPPORT,81,160,POST-HOC CHECKPOINT EVALUATION,effective_R,target_RMS,6.0567268347706796e-12,POST-HOC FINAL CHECKPOINT EVALUATION,false
t2b-c-m1y,Test 2B,C,M1-Y,M1-Y,10000,c8da7ea375ced0f692210f97097e069f9d5757b6bead22b7a4a10d9a265d8a65,169eadab27a39916e37a875c27708873595f133cb4ea39e9f23eab14e86d49ee,/Users/arjunsharma/Documents/SandiaProjects/4-LDRDAMDIS/DIMSWE-feature-study-20260828/m1y_test2b_20260828_workspace/external-results/m1y-test2b-20260828/production/representation-C/m1y-seed0-m20-10k/checkpoint_000010000_parameters.npz,X,HELD-OUT TRUTH SUPPORT,81,160,POST-HOC CHECKPOINT EVALUATION,effective_R,prediction_RMS,5.798794958939815e-12,POST-HOC FINAL CHECKPOINT EVALUATION,false
t2b-c-m1y,Test 2B,C,M1-Y,M1-Y,10000,c8da7ea375ced0f692210f97097e069f9d5757b6bead22b7a4a10d9a265d8a65,169eadab27a39916e37a875c27708873595f133cb4ea39e9f23eab14e86d49ee,/Users/arjunsharma/Documents/SandiaProjects/4-LDRDAMDIS/DIMSWE-feature-study-20260828/m1y_test2b_20260828_workspace/external-results/m1y-test2b-20260828/production/representation-C/m1y-seed0-m20-10k/checkpoint_000010000_parameters.npz,X,HELD-OUT TRUTH SUPPORT,81,160,POST-HOC CHECKPOINT EVALUATION,effective_R,sample_count,5242880,POST-HOC FINAL CHECKPOINT EVALUATION,false
t2b-c-m1y,Test 2B,C,M1-Y,M1-Y,10000,c8da7ea375ced0f692210f97097e069f9d5757b6bead22b7a4a10d9a265d8a65,169eadab27a39916e37a875c27708873595f133cb4ea39e9f23eab14e86d49ee,/Users/arjunsharma/Documents/SandiaProjects/4-LDRDAMDIS/DIMSWE-feature-study-20260828/m1y_test2b_20260828_workspace/external-results/m1y-test2b-20260828/production/representation-C/m1y-seed0-m20-10k/checkpoint_000010000_parameters.npz,X,HELD-OUT TRUTH SUPPORT,81,160,POST-HOC CHECKPOINT EVALUATION,source_structure,normalized_off_manifold_RMS,0.002553423871806773,POST-HOC FINAL CHECKPOINT EVALUATION,false
t2b-c-m1y,Test 2B,C,M1-Y,M1-Y,10000,c8da7ea375ced0f692210f97097e069f9d5757b6bead22b7a4a10d9a265d8a65,169eadab27a39916e37a875c27708873595f133cb4ea39e9f23eab14e86d49ee,/Users/arjunsharma/Documents/SandiaProjects/4-LDRDAMDIS/DIMSWE-feature-study-20260828/m1y_test2b_20260828_workspace/external-results/m1y-test2b-20260828/production/representation-C/m1y-seed0-m20-10k/checkpoint_000010000_parameters.npz,X,HELD-OUT TRUTH SUPPORT,81,160,POST-HOC CHECKPOINT EVALUATION,source_structure,water_source_defect_RMS,2.1504926745381852e-07,POST-HOC FINAL CHECKPOINT EVALUATION,false
t2b-c-m1y,Test 2B,C,M1-Y,M1-Y,10000,c8da7ea375ced0f692210f97097e069f9d5757b6bead22b7a4a10d9a265d8a65,169eadab27a39916e37a875c27708873595f133cb4ea39e9f23eab14e86d49ee,/Users/arjunsharma/Documents/SandiaProjects/4-LDRDAMDIS/DIMSWE-feature-study-20260828/m1y_test2b_20260828_workspace/external-results/m1y-test2b-20260828/production/representation-C/m1y-seed0-m20-10k/checkpoint_000010000_parameters.npz,X,HELD-OUT TRUTH SUPPORT,81,160,POST-HOC CHECKPOINT EVALUATION,source_structure,S_minus_beta2_Qv_defect_RMS,1.1972386453778144e-05,POST-HOC FINAL CHECKPOINT EVALUATION,false
t2b-c-m1y,Test 2B,C,M1-Y,M1-Y,10000,c8da7ea375ced0f692210f97097e069f9d5757b6bead22b7a4a10d9a265d8a65,169eadab27a39916e37a875c27708873595f133cb4ea39e9f23eab14e86d49ee,/Users/arjunsharma/Documents/SandiaProjects/4-LDRDAMDIS/DIMSWE-feature-study-20260828/m1y_test2b_20260828_workspace/external-results/m1y-test2b-20260828/production/representation-C/m1y-seed0-m20-10k/checkpoint_000010000_parameters.npz,X,HELD-OUT TRUTH SUPPORT,81,160,POST-HOC CHECKPOINT EVALUATION,source_structure,negative_Qr_source_fraction,0.17321548461914063,POST-HOC FINAL CHECKPOINT EVALUATION,false
t2b-c-m1y,Test 2B,C,M1-Y,M1-Y,10000,c8da7ea375ced0f692210f97097e069f9d5757b6bead22b7a4a10d9a265d8a65,169eadab27a39916e37a875c27708873595f133cb4ea39e9f23eab14e86d49ee,/Users/arjunsharma/Documents/SandiaProjects/4-LDRDAMDIS/DIMSWE-feature-study-20260828/m1y_test2b_20260828_workspace/external-results/m1y-test2b-20260828/production/representation-C/m1y-seed0-m20-10k/checkpoint_000010000_parameters.npz,X,HELD-OUT TRUTH SUPPORT,81,160,POST-HOC CHECKPOINT EVALUATION,source_structure,positive_Qr_source_fraction,0.8267845153808594,POST-HOC FINAL CHECKPOINT EVALUATION,false
t2b-c-m1y,Test 2B,C,M1-Y,M1-Y,10000,c8da7ea375ced0f692210f97097e069f9d5757b6bead22b7a4a10d9a265d8a65,169eadab27a39916e37a875c27708873595f133cb4ea39e9f23eab14e86d49ee,/Users/arjunsharma/Documents/SandiaProjects/4-LDRDAMDIS/DIMSWE-feature-study-20260828/m1y_test2b_20260828_workspace/external-results/m1y-test2b-20260828/production/representation-C/m1y-seed0-m20-10k/checkpoint_000010000_parameters.npz,X,HELD-OUT TRUTH SUPPORT,81,160,POST-HOC CHECKPOINT EVALUATION,effective_R_activation,truth_active_sample_count,385820,POST-HOC FINAL CHECKPOINT EVALUATION,false
t2b-c-m1y,Test 2B,C,M1-Y,M1-Y,10000,c8da7ea375ced0f692210f97097e069f9d5757b6bead22b7a4a10d9a265d8a65,169eadab27a39916e37a875c27708873595f133cb4ea39e9f23eab14e86d49ee,/Users/arjunsharma/Documents/SandiaProjects/4-LDRDAMDIS/DIMSWE-feature-study-20260828/m1y_test2b_20260828_workspace/external-results/m1y-test2b-20260828/production/representation-C/m1y-seed0-m20-10k/checkpoint_000010000_parameters.npz,X,HELD-OUT TRUTH SUPPORT,81,160,POST-HOC CHECKPOINT EVALUATION,effective_R_activation,truth_active_sample_fraction,0.07358932495117188,POST-HOC FINAL CHECKPOINT EVALUATION,false
t2b-c-m1y,Test 2B,C,M1-Y,M1-Y,10000,c8da7ea375ced0f692210f97097e069f9d5757b6bead22b7a4a10d9a265d8a65,169eadab27a39916e37a875c27708873595f133cb4ea39e9f23eab14e86d49ee,/Users/arjunsharma/Documents/SandiaProjects/4-LDRDAMDIS/DIMSWE-feature-study-20260828/m1y_test2b_20260828_workspace/external-results/m1y-test2b-20260828/production/representation-C/m1y-seed0-m20-10k/checkpoint_000010000_parameters.npz,X,HELD-OUT TRUTH SUPPORT,81,160,POST-HOC CHECKPOINT EVALUATION,effective_R_activation,predicted_meaningful_positive_fraction,0.8267906188964844,POST-HOC FINAL CHECKPOINT EVALUATION,false
t2b-c-m1y,Test 2B,C,M1-Y,M1-Y,10000,c8da7ea375ced0f692210f97097e069f9d5757b6bead22b7a4a10d9a265d8a65,169eadab27a39916e37a875c27708873595f133cb4ea39e9f23eab14e86d49ee,/Users/arjunsharma/Documents/SandiaProjects/4-LDRDAMDIS/DIMSWE-feature-study-20260828/m1y_test2b_20260828_workspace/external-results/m1y-test2b-20260828/production/representation-C/m1y-seed0-m20-10k/checkpoint_000010000_parameters.npz,X,HELD-OUT TRUTH SUPPORT,81,160,POST-HOC CHECKPOINT EVALUATION,effective_R_activation,predicted_meaningful_negative_fraction,0.17320938110351564,POST-HOC FINAL CHECKPOINT EVALUATION,false
t2b-c-m1y,Test 2B,C,M1-Y,M1-Y,10000,c8da7ea375ced0f692210f97097e069f9d5757b6bead22b7a4a10d9a265d8a65,169eadab27a39916e37a875c27708873595f133cb4ea39e9f23eab14e86d49ee,/Users/arjunsharma/Documents/SandiaProjects/4-LDRDAMDIS/DIMSWE-feature-study-20260828/m1y_test2b_20260828_workspace/external-results/m1y-test2b-20260828/production/representation-C/m1y-seed0-m20-10k/checkpoint_000010000_parameters.npz,X,HELD-OUT TRUTH SUPPORT,81,160,POST-HOC CHECKPOINT EVALUATION,effective_R_activation,false_positive_count,3948944,POST-HOC FINAL CHECKPOINT EVALUATION,false
t2b-c-m1y,Test 2B,C,M1-Y,M1-Y,10000,c8da7ea375ced0f692210f97097e069f9d5757b6bead22b7a4a10d9a265d8a65,169eadab27a39916e37a875c27708873595f133cb4ea39e9f23eab14e86d49ee,/Users/arjunsharma/Documents/SandiaProjects/4-LDRDAMDIS/DIMSWE-feature-study-20260828/m1y_test2b_20260828_workspace/external-results/m1y-test2b-20260828/production/representation-C/m1y-seed0-m20-10k/checkpoint_000010000_parameters.npz,X,HELD-OUT TRUTH SUPPORT,81,160,POST-HOC CHECKPOINT EVALUATION,effective_R_activation,false_positive_rate_given_truth_inactive,0.8130317517181176,POST-HOC FINAL CHECKPOINT EVALUATION,false
t2b-c-m1y,Test 2B,C,M1-Y,M1-Y,10000,c8da7ea375ced0f692210f97097e069f9d5757b6bead22b7a4a10d9a265d8a65,169eadab27a39916e37a875c27708873595f133cb4ea39e9f23eab14e86d49ee,/Users/arjunsharma/Documents/SandiaProjects/4-LDRDAMDIS/DIMSWE-feature-study-20260828/m1y_test2b_20260828_workspace/external-results/m1y-test2b-20260828/production/representation-C/m1y-seed0-m20-10k/checkpoint_000010000_parameters.npz,X,HELD-OUT TRUTH SUPPORT,81,160,POST-HOC CHECKPOINT EVALUATION,effective_R_activation,false_negative_count,0,POST-HOC FINAL CHECKPOINT EVALUATION,false
t2b-c-m1y,Test 2B,C,M1-Y,M1-Y,10000,c8da7ea375ced0f692210f97097e069f9d5757b6bead22b7a4a10d9a265d8a65,169eadab27a39916e37a875c27708873595f133cb4ea39e9f23eab14e86d49ee,/Users/arjunsharma/Documents/SandiaProjects/4-LDRDAMDIS/DIMSWE-feature-study-20260828/m1y_test2b_20260828_workspace/external-results/m1y-test2b-20260828/production/representation-C/m1y-seed0-m20-10k/checkpoint_000010000_parameters.npz,X,HELD-OUT TRUTH SUPPORT,81,160,POST-HOC CHECKPOINT EVALUATION,effective_R_activation,false_negative_rate_given_truth_active,0.0,POST-HOC FINAL CHECKPOINT EVALUATION,false
t2b-c-m1y,Test 2B,C,M1-Y,M1-Y,10000,c8da7ea375ced0f692210f97097e069f9d5757b6bead22b7a4a10d9a265d8a65,169eadab27a39916e37a875c27708873595f133cb4ea39e9f23eab14e86d49ee,/Users/arjunsharma/Documents/SandiaProjects/4-LDRDAMDIS/DIMSWE-feature-study-20260828/m1y_test2b_20260828_workspace/external-results/m1y-test2b-20260828/production/representation-C/m1y-seed0-m20-10k/checkpoint_000010000_parameters.npz,X,HELD-OUT TRUTH SUPPORT,81,160,POST-HOC CHECKPOINT EVALUATION,effective_R_activation,first_meaningful_positive_predicted_step,81,POST-HOC FINAL CHECKPOINT EVALUATION,false
t2b-c-m1y,Test 2B,C,M1-Y,M1-Y,10000,c8da7ea375ced0f692210f97097e069f9d5757b6bead22b7a4a10d9a265d8a65,169eadab27a39916e37a875c27708873595f133cb4ea39e9f23eab14e86d49ee,/Users/arjunsharma/Documents/SandiaProjects/4-LDRDAMDIS/DIMSWE-feature-study-20260828/m1y_test2b_20260828_workspace/external-results/m1y-test2b-20260828/production/representation-C/m1y-seed0-m20-10k/checkpoint_000010000_parameters.npz,X,HELD-OUT TRUTH SUPPORT,81,160,POST-HOC CHECKPOINT EVALUATION,effective_R_activation,first_meaningful_positive_truth_step,81,POST-HOC FINAL CHECKPOINT EVALUATION,false
t2b-c-m1y,Test 2B,C,M1-Y,M1-Y,10000,c8da7ea375ced0f692210f97097e069f9d5757b6bead22b7a4a10d9a265d8a65,169eadab27a39916e37a875c27708873595f133cb4ea39e9f23eab14e86d49ee,/Users/arjunsharma/Documents/SandiaProjects/4-LDRDAMDIS/DIMSWE-feature-study-20260828/m1y_test2b_20260828_workspace/external-results/m1y-test2b-20260828/production/representation-C/m1y-seed0-m20-10k/checkpoint_000010000_parameters.npz,X,HELD-OUT TRUTH SUPPORT,81,160,POST-HOC CHECKPOINT EVALUATION,effective_R_activation,maximum_predicted_effective_R,3.936606223774389e-11,POST-HOC FINAL CHECKPOINT EVALUATION,false
t2b-c-m1y,Test 2B,C,M1-Y,M1-Y,10000,c8da7ea375ced0f692210f97097e069f9d5757b6bead22b7a4a10d9a265d8a65,169eadab27a39916e37a875c27708873595f133cb4ea39e9f23eab14e86d49ee,/Users/arjunsharma/Documents/SandiaProjects/4-LDRDAMDIS/DIMSWE-feature-study-20260828/m1y_test2b_20260828_workspace/external-results/m1y-test2b-20260828/production/representation-C/m1y-seed0-m20-10k/checkpoint_000010000_parameters.npz,X,HELD-OUT TRUTH SUPPORT,81,160,POST-HOC CHECKPOINT EVALUATION,effective_R_activation,minimum_predicted_effective_R,-8.024954877438443e-13,POST-HOC FINAL CHECKPOINT EVALUATION,false
t2b-c-m1y,Test 2B,C,M1-Y,M1-Y,10000,c8da7ea375ced0f692210f97097e069f9d5757b6bead22b7a4a10d9a265d8a65,169eadab27a39916e37a875c27708873595f133cb4ea39e9f23eab14e86d49ee,/Users/arjunsharma/Documents/SandiaProjects/4-LDRDAMDIS/DIMSWE-feature-study-20260828/m1y_test2b_20260828_workspace/external-results/m1y-test2b-20260828/production/representation-C/m1y-seed0-m20-10k/checkpoint_000010000_parameters.npz,X,HELD-OUT TRUTH SUPPORT,81,160,POST-HOC CHECKPOINT EVALUATION,effective_R_activation,activity_numerical_tolerance,1.2119968976504772e-20,POST-HOC FINAL CHECKPOINT EVALUATION,false
t2b-c-m1y,Test 2B,C,M1-Y,M1-Y,10000,c8da7ea375ced0f692210f97097e069f9d5757b6bead22b7a4a10d9a265d8a65,169eadab27a39916e37a875c27708873595f133cb4ea39e9f23eab14e86d49ee,/Users/arjunsharma/Documents/SandiaProjects/4-LDRDAMDIS/DIMSWE-feature-study-20260828/m1y_test2b_20260828_workspace/external-results/m1y-test2b-20260828/production/representation-C/m1y-seed0-m20-10k/checkpoint_000010000_parameters.npz,X,HELD-OUT TRUTH SUPPORT,81,160,POST-HOC CHECKPOINT EVALUATION,effective_R_activation,sample_count,5242880,POST-HOC FINAL CHECKPOINT EVALUATION,false
t2b-a-m1x,Test 2B,A,M1-X,M1-X,10000,471f3ac8a9b84f68bbe14bdc7dee62e3a025ac5cf61503db6644d5a1fa1bb506,e4f8d600fdc9833ab9c0c159a0f7601ec7b162f32c0369d44a82988dbd15908f,/Users/arjunsharma/Documents/SandiaProjects/4-LDRDAMDIS/DIMSWE-study-d0eb615/external-results/test2b-rain-active-learning/production/representation-A/m1-seed0-m20-10k/checkpoint_000010000_parameters.npz,Y,TRAINING TRUTH SUPPORT,0,80,POST-HOC CHECKPOINT EVALUATION,operator,normalized_objective,0.00023105356375001702,POST-HOC FINAL CHECKPOINT EVALUATION,false
t2b-a-m1x,Test 2B,A,M1-X,M1-X,10000,471f3ac8a9b84f68bbe14bdc7dee62e3a025ac5cf61503db6644d5a1fa1bb506,e4f8d600fdc9833ab9c0c159a0f7601ec7b162f32c0369d44a82988dbd15908f,/Users/arjunsharma/Documents/SandiaProjects/4-LDRDAMDIS/DIMSWE-study-d0eb615/external-results/test2b-rain-active-learning/production/representation-A/m1-seed0-m20-10k/checkpoint_000010000_parameters.npz,Y,TRAINING TRUTH SUPPORT,0,80,POST-HOC CHECKPOINT EVALUATION,operator,numerator,468163720373.2202,POST-HOC FINAL CHECKPOINT EVALUATION,false
t2b-a-m1x,Test 2B,A,M1-X,M1-X,10000,471f3ac8a9b84f68bbe14bdc7dee62e3a025ac5cf61503db6644d5a1fa1bb506,e4f8d600fdc9833ab9c0c159a0f7601ec7b162f32c0369d44a82988dbd15908f,/Users/arjunsharma/Documents/SandiaProjects/4-LDRDAMDIS/DIMSWE-study-d0eb615/external-results/test2b-rain-active-learning/production/representation-A/m1-seed0-m20-10k/checkpoint_000010000_parameters.npz,Y,TRAINING TRUTH SUPPORT,0,80,POST-HOC CHECKPOINT EVALUATION,operator,denominator,2026212938570984.2,POST-HOC FINAL CHECKPOINT EVALUATION,false
t2b-a-m1x,Test 2B,A,M1-X,M1-X,10000,471f3ac8a9b84f68bbe14bdc7dee62e3a025ac5cf61503db6644d5a1fa1bb506,e4f8d600fdc9833ab9c0c159a0f7601ec7b162f32c0369d44a82988dbd15908f,/Users/arjunsharma/Documents/SandiaProjects/4-LDRDAMDIS/DIMSWE-study-d0eb615/external-results/test2b-rain-active-learning/production/representation-A/m1-seed0-m20-10k/checkpoint_000010000_parameters.npz,Y,TRAINING TRUTH SUPPORT,0,80,POST-HOC CHECKPOINT EVALUATION,A,normalized_RMS_error,0.015204997884844751,POST-HOC FINAL CHECKPOINT EVALUATION,false
t2b-a-m1x,Test 2B,A,M1-X,M1-X,10000,471f3ac8a9b84f68bbe14bdc7dee62e3a025ac5cf61503db6644d5a1fa1bb506,e4f8d600fdc9833ab9c0c159a0f7601ec7b162f32c0369d44a82988dbd15908f,/Users/arjunsharma/Documents/SandiaProjects/4-LDRDAMDIS/DIMSWE-study-d0eb615/external-results/test2b-rain-active-learning/production/representation-A/m1-seed0-m20-10k/checkpoint_000010000_parameters.npz,Y,TRAINING TRUTH SUPPORT,0,80,POST-HOC CHECKPOINT EVALUATION,A,relative_RMS_error,0.01520044616943914,POST-HOC FINAL CHECKPOINT EVALUATION,false
t2b-a-m1x,Test 2B,A,M1-X,M1-X,10000,471f3ac8a9b84f68bbe14bdc7dee62e3a025ac5cf61503db6644d5a1fa1bb506,e4f8d600fdc9833ab9c0c159a0f7601ec7b162f32c0369d44a82988dbd15908f,/Users/arjunsharma/Documents/SandiaProjects/4-LDRDAMDIS/DIMSWE-study-d0eb615/external-results/test2b-rain-active-learning/production/representation-A/m1-seed0-m20-10k/checkpoint_000010000_parameters.npz,Y,TRAINING TRUTH SUPPORT,0,80,POST-HOC CHECKPOINT EVALUATION,A,physical_RMS_error,1.3763957371524733e-09,POST-HOC FINAL CHECKPOINT EVALUATION,false
t2b-a-m1x,Test 2B,A,M1-X,M1-X,10000,471f3ac8a9b84f68bbe14bdc7dee62e3a025ac5cf61503db6644d5a1fa1bb506,e4f8d600fdc9833ab9c0c159a0f7601ec7b162f32c0369d44a82988dbd15908f,/Users/arjunsharma/Documents/SandiaProjects/4-LDRDAMDIS/DIMSWE-study-d0eb615/external-results/test2b-rain-active-learning/production/representation-A/m1-seed0-m20-10k/checkpoint_000010000_parameters.npz,Y,TRAINING TRUTH SUPPORT,0,80,POST-HOC CHECKPOINT EVALUATION,A,maximum_absolute_error,4.487935893891349e-08,POST-HOC FINAL CHECKPOINT EVALUATION,false
t2b-a-m1x,Test 2B,A,M1-X,M1-X,10000,471f3ac8a9b84f68bbe14bdc7dee62e3a025ac5cf61503db6644d5a1fa1bb506,e4f8d600fdc9833ab9c0c159a0f7601ec7b162f32c0369d44a82988dbd15908f,/Users/arjunsharma/Documents/SandiaProjects/4-LDRDAMDIS/DIMSWE-study-d0eb615/external-results/test2b-rain-active-learning/production/representation-A/m1-seed0-m20-10k/checkpoint_000010000_parameters.npz,Y,TRAINING TRUTH SUPPORT,0,80,POST-HOC CHECKPOINT EVALUATION,A,signed_mass_weighted_bias,-1.3804459726142847e-10,POST-HOC FINAL CHECKPOINT EVALUATION,false
t2b-a-m1x,Test 2B,A,M1-X,M1-X,10000,471f3ac8a9b84f68bbe14bdc7dee62e3a025ac5cf61503db6644d5a1fa1bb506,e4f8d600fdc9833ab9c0c159a0f7601ec7b162f32c0369d44a82988dbd15908f,/Users/arjunsharma/Documents/SandiaProjects/4-LDRDAMDIS/DIMSWE-study-d0eb615/external-results/test2b-rain-active-learning/production/representation-A/m1-seed0-m20-10k/checkpoint_000010000_parameters.npz,Y,TRAINING TRUTH SUPPORT,0,80,POST-HOC CHECKPOINT EVALUATION,A,correlation,0.9998842267471718,POST-HOC FINAL CHECKPOINT EVALUATION,false
t2b-a-m1x,Test 2B,A,M1-X,M1-X,10000,471f3ac8a9b84f68bbe14bdc7dee62e3a025ac5cf61503db6644d5a1fa1bb506,e4f8d600fdc9833ab9c0c159a0f7601ec7b162f32c0369d44a82988dbd15908f,/Users/arjunsharma/Documents/SandiaProjects/4-LDRDAMDIS/DIMSWE-study-d0eb615/external-results/test2b-rain-active-learning/production/representation-A/m1-seed0-m20-10k/checkpoint_000010000_parameters.npz,Y,TRAINING TRUTH SUPPORT,0,80,POST-HOC CHECKPOINT EVALUATION,A,cosine,0.9998844686352836,POST-HOC FINAL CHECKPOINT EVALUATION,false
t2b-a-m1x,Test 2B,A,M1-X,M1-X,10000,471f3ac8a9b84f68bbe14bdc7dee62e3a025ac5cf61503db6644d5a1fa1bb506,e4f8d600fdc9833ab9c0c159a0f7601ec7b162f32c0369d44a82988dbd15908f,/Users/arjunsharma/Documents/SandiaProjects/4-LDRDAMDIS/DIMSWE-study-d0eb615/external-results/test2b-rain-active-learning/production/representation-A/m1-seed0-m20-10k/checkpoint_000010000_parameters.npz,Y,TRAINING TRUTH SUPPORT,0,80,POST-HOC CHECKPOINT EVALUATION,A,target_RMS,9.05496932004371e-08,POST-HOC FINAL CHECKPOINT EVALUATION,false
t2b-a-m1x,Test 2B,A,M1-X,M1-X,10000,471f3ac8a9b84f68bbe14bdc7dee62e3a025ac5cf61503db6644d5a1fa1bb506,e4f8d600fdc9833ab9c0c159a0f7601ec7b162f32c0369d44a82988dbd15908f,/Users/arjunsharma/Documents/SandiaProjects/4-LDRDAMDIS/DIMSWE-study-d0eb615/external-results/test2b-rain-active-learning/production/representation-A/m1-seed0-m20-10k/checkpoint_000010000_parameters.npz,Y,TRAINING TRUTH SUPPORT,0,80,POST-HOC CHECKPOINT EVALUATION,A,prediction_RMS,9.053337629859765e-08,POST-HOC FINAL CHECKPOINT EVALUATION,false
t2b-a-m1x,Test 2B,A,M1-X,M1-X,10000,471f3ac8a9b84f68bbe14bdc7dee62e3a025ac5cf61503db6644d5a1fa1bb506,e4f8d600fdc9833ab9c0c159a0f7601ec7b162f32c0369d44a82988dbd15908f,/Users/arjunsharma/Documents/SandiaProjects/4-LDRDAMDIS/DIMSWE-study-d0eb615/external-results/test2b-rain-active-learning/production/representation-A/m1-seed0-m20-10k/checkpoint_000010000_parameters.npz,Y,TRAINING TRUTH SUPPORT,0,80,POST-HOC CHECKPOINT EVALUATION,A,sample_count,5308416,POST-HOC FINAL CHECKPOINT EVALUATION,false
t2b-a-m1y,Test 2B,A,M1-Y,M1-Y,10000,ed838229022ef2ac38a29bb88c8e98f2c173b89e0573088036ad301f76f4e158,a7f98ffe462a89a00d9d2dedd4efb4531cd0feea6e1d64de0b5359bae5e31db4,/Users/arjunsharma/Documents/SandiaProjects/4-LDRDAMDIS/DIMSWE-feature-study-20260828/m1y_test2b_20260828_workspace/external-results/m1y-test2b-20260828/production/representation-A/m1y-seed0-m20-10k/checkpoint_000010000_parameters.npz,Y,TRAINING TRUTH SUPPORT,0,80,POST-HOC CHECKPOINT EVALUATION,operator,normalized_objective,2.439509618905571e-05,POST-HOC FINAL CHECKPOINT EVALUATION,true
t2b-a-m1y,Test 2B,A,M1-Y,M1-Y,10000,ed838229022ef2ac38a29bb88c8e98f2c173b89e0573088036ad301f76f4e158,a7f98ffe462a89a00d9d2dedd4efb4531cd0feea6e1d64de0b5359bae5e31db4,/Users/arjunsharma/Documents/SandiaProjects/4-LDRDAMDIS/DIMSWE-feature-study-20260828/m1y_test2b_20260828_workspace/external-results/m1y-test2b-20260828/production/representation-A/m1y-seed0-m20-10k/checkpoint_000010000_parameters.npz,Y,TRAINING TRUTH SUPPORT,0,80,POST-HOC CHECKPOINT EVALUATION,operator,numerator,49429659535.94839,POST-HOC FINAL CHECKPOINT EVALUATION,true
t2b-a-m1y,Test 2B,A,M1-Y,M1-Y,10000,ed838229022ef2ac38a29bb88c8e98f2c173b89e0573088036ad301f76f4e158,a7f98ffe462a89a00d9d2dedd4efb4531cd0feea6e1d64de0b5359bae5e31db4,/Users/arjunsharma/Documents/SandiaProjects/4-LDRDAMDIS/DIMSWE-feature-study-20260828/m1y_test2b_20260828_workspace/external-results/m1y-test2b-20260828/production/representation-A/m1y-seed0-m20-10k/checkpoint_000010000_parameters.npz,Y,TRAINING TRUTH SUPPORT,0,80,POST-HOC CHECKPOINT EVALUATION,operator,denominator,2026212938570984.2,POST-HOC FINAL CHECKPOINT EVALUATION,true
t2b-a-m1y,Test 2B,A,M1-Y,M1-Y,10000,ed838229022ef2ac38a29bb88c8e98f2c173b89e0573088036ad301f76f4e158,a7f98ffe462a89a00d9d2dedd4efb4531cd0feea6e1d64de0b5359bae5e31db4,/Users/arjunsharma/Documents/SandiaProjects/4-LDRDAMDIS/DIMSWE-feature-study-20260828/m1y_test2b_20260828_workspace/external-results/m1y-test2b-20260828/production/representation-A/m1y-seed0-m20-10k/checkpoint_000010000_parameters.npz,Y,TRAINING TRUTH SUPPORT,0,80,POST-HOC CHECKPOINT EVALUATION,A,normalized_RMS_error,0.00494061822172226,POST-HOC FINAL CHECKPOINT EVALUATION,true
t2b-a-m1y,Test 2B,A,M1-Y,M1-Y,10000,ed838229022ef2ac38a29bb88c8e98f2c173b89e0573088036ad301f76f4e158,a7f98ffe462a89a00d9d2dedd4efb4531cd0feea6e1d64de0b5359bae5e31db4,/Users/arjunsharma/Documents/SandiaProjects/4-LDRDAMDIS/DIMSWE-feature-study-20260828/m1y_test2b_20260828_workspace/external-results/m1y-test2b-20260828/production/representation-A/m1y-seed0-m20-10k/checkpoint_000010000_parameters.npz,Y,TRAINING TRUTH SUPPORT,0,80,POST-HOC CHECKPOINT EVALUATION,A,relative_RMS_error,0.004939139215395303,POST-HOC FINAL CHECKPOINT EVALUATION,true
t2b-a-m1y,Test 2B,A,M1-Y,M1-Y,10000,ed838229022ef2ac38a29bb88c8e98f2c173b89e0573088036ad301f76f4e158,a7f98ffe462a89a00d9d2dedd4efb4531cd0feea6e1d64de0b5359bae5e31db4,/Users/arjunsharma/Documents/SandiaProjects/4-LDRDAMDIS/DIMSWE-feature-study-20260828/m1y_test2b_20260828_workspace/external-results/m1y-test2b-20260828/production/representation-A/m1y-seed0-m20-10k/checkpoint_000010000_parameters.npz,Y,TRAINING TRUTH SUPPORT,0,80,POST-HOC CHECKPOINT EVALUATION,A,physical_RMS_error,4.472375406282922e-10,POST-HOC FINAL CHECKPOINT EVALUATION,true
t2b-a-m1y,Test 2B,A,M1-Y,M1-Y,10000,ed838229022ef2ac38a29bb88c8e98f2c173b89e0573088036ad301f76f4e158,a7f98ffe462a89a00d9d2dedd4efb4531cd0feea6e1d64de0b5359bae5e31db4,/Users/arjunsharma/Documents/SandiaProjects/4-LDRDAMDIS/DIMSWE-feature-study-20260828/m1y_test2b_20260828_workspace/external-results/m1y-test2b-20260828/production/representation-A/m1y-seed0-m20-10k/checkpoint_000010000_parameters.npz,Y,TRAINING TRUTH SUPPORT,0,80,POST-HOC CHECKPOINT EVALUATION,A,maximum_absolute_error,2.3261996594433437e-08,POST-HOC FINAL CHECKPOINT EVALUATION,true
t2b-a-m1y,Test 2B,A,M1-Y,M1-Y,10000,ed838229022ef2ac38a29bb88c8e98f2c173b89e0573088036ad301f76f4e158,a7f98ffe462a89a00d9d2dedd4efb4531cd0feea6e1d64de0b5359bae5e31db4,/Users/arjunsharma/Documents/SandiaProjects/4-LDRDAMDIS/DIMSWE-feature-study-20260828/m1y_test2b_20260828_workspace/external-results/m1y-test2b-20260828/production/representation-A/m1y-seed0-m20-10k/checkpoint_000010000_parameters.npz,Y,TRAINING TRUTH SUPPORT,0,80,POST-HOC CHECKPOINT EVALUATION,A,signed_mass_weighted_bias,6.600577325107139e-13,POST-HOC FINAL CHECKPOINT EVALUATION,true
t2b-a-m1y,Test 2B,A,M1-Y,M1-Y,10000,ed838229022ef2ac38a29bb88c8e98f2c173b89e0573088036ad301f76f4e158,a7f98ffe462a89a00d9d2dedd4efb4531cd0feea6e1d64de0b5359bae5e31db4,/Users/arjunsharma/Documents/SandiaProjects/4-LDRDAMDIS/DIMSWE-feature-study-20260828/m1y_test2b_20260828_workspace/external-results/m1y-test2b-20260828/production/representation-A/m1y-seed0-m20-10k/checkpoint_000010000_parameters.npz,Y,TRAINING TRUTH SUPPORT,0,80,POST-HOC CHECKPOINT EVALUATION,A,correlation,0.9999876500431831,POST-HOC FINAL CHECKPOINT EVALUATION,true
t2b-a-m1y,Test 2B,A,M1-Y,M1-Y,10000,ed838229022ef2ac38a29bb88c8e98f2c173b89e0573088036ad301f76f4e158,a7f98ffe462a89a00d9d2dedd4efb4531cd0feea6e1d64de0b5359bae5e31db4,/Users/arjunsharma/Documents/SandiaProjects/4-LDRDAMDIS/DIMSWE-feature-study-20260828/m1y_test2b_20260828_workspace/external-results/m1y-test2b-20260828/production/representation-A/m1y-seed0-m20-10k/checkpoint_000010000_parameters.npz,Y,TRAINING TRUTH SUPPORT,0,80,POST-HOC CHECKPOINT EVALUATION,A,cosine,0.9999878026014968,POST-HOC FINAL CHECKPOINT EVALUATION,true
t2b-a-m1y,Test 2B,A,M1-Y,M1-Y,10000,ed838229022ef2ac38a29bb88c8e98f2c173b89e0573088036ad301f76f4e158,a7f98ffe462a89a00d9d2dedd4efb4531cd0feea6e1d64de0b5359bae5e31db4,/Users/arjunsharma/Documents/SandiaProjects/4-LDRDAMDIS/DIMSWE-feature-study-20260828/m1y_test2b_20260828_workspace/external-results/m1y-test2b-20260828/production/representation-A/m1y-seed0-m20-10k/checkpoint_000010000_parameters.npz,Y,TRAINING TRUTH SUPPORT,0,80,POST-HOC CHECKPOINT EVALUATION,A,target_RMS,9.05496932004371e-08,POST-HOC FINAL CHECKPOINT EVALUATION,true
t2b-a-m1y,Test 2B,A,M1-Y,M1-Y,10000,ed838229022ef2ac38a29bb88c8e98f2c173b89e0573088036ad301f76f4e158,a7f98ffe462a89a00d9d2dedd4efb4531cd0feea6e1d64de0b5359bae5e31db4,/Users/arjunsharma/Documents/SandiaProjects/4-LDRDAMDIS/DIMSWE-feature-study-20260828/m1y_test2b_20260828_workspace/external-results/m1y-test2b-20260828/production/representation-A/m1y-seed0-m20-10k/checkpoint_000010000_parameters.npz,Y,TRAINING TRUTH SUPPORT,0,80,POST-HOC CHECKPOINT EVALUATION,A,prediction_RMS,9.054667223892541e-08,POST-HOC FINAL CHECKPOINT EVALUATION,true
t2b-a-m1y,Test 2B,A,M1-Y,M1-Y,10000,ed838229022ef2ac38a29bb88c8e98f2c173b89e0573088036ad301f76f4e158,a7f98ffe462a89a00d9d2dedd4efb4531cd0feea6e1d64de0b5359bae5e31db4,/Users/arjunsharma/Documents/SandiaProjects/4-LDRDAMDIS/DIMSWE-feature-study-20260828/m1y_test2b_20260828_workspace/external-results/m1y-test2b-20260828/production/representation-A/m1y-seed0-m20-10k/checkpoint_000010000_parameters.npz,Y,TRAINING TRUTH SUPPORT,0,80,POST-HOC CHECKPOINT EVALUATION,A,sample_count,5308416,POST-HOC FINAL CHECKPOINT EVALUATION,true
t2b-b-m1x,Test 2B,B,M1-X,M1-X,10000,cfc9d3da6a8d07d74ae17e3d9a5beabe434e63b8005e95df4a1925c3a63c609c,a740fa161ad5ff954beb73b4b44fda51b705ce34a40718bd8912716425aeb459,/Users/arjunsharma/Documents/SandiaProjects/4-LDRDAMDIS/DIMSWE-study-d0eb615/external-results/test2b-rain-active-learning/production/representation-B/m1-seed0-m20-10k/checkpoint_000010000_parameters.npz,Y,TRAINING TRUTH SUPPORT,0,80,POST-HOC CHECKPOINT EVALUATION,operator,normalized_objective,0.00028540368355305025,POST-HOC FINAL CHECKPOINT EVALUATION,false
t2b-b-m1x,Test 2B,B,M1-X,M1-X,10000,cfc9d3da6a8d07d74ae17e3d9a5beabe434e63b8005e95df4a1925c3a63c609c,a740fa161ad5ff954beb73b4b44fda51b705ce34a40718bd8912716425aeb459,/Users/arjunsharma/Documents/SandiaProjects/4-LDRDAMDIS/DIMSWE-study-d0eb615/external-results/test2b-rain-active-learning/production/representation-B/m1-seed0-m20-10k/checkpoint_000010000_parameters.npz,Y,TRAINING TRUTH SUPPORT,0,80,POST-HOC CHECKPOINT EVALUATION,operator,numerator,582593649099.1361,POST-HOC FINAL CHECKPOINT EVALUATION,false
t2b-b-m1x,Test 2B,B,M1-X,M1-X,10000,cfc9d3da6a8d07d74ae17e3d9a5beabe434e63b8005e95df4a1925c3a63c609c,a740fa161ad5ff954beb73b4b44fda51b705ce34a40718bd8912716425aeb459,/Users/arjunsharma/Documents/SandiaProjects/4-LDRDAMDIS/DIMSWE-study-d0eb615/external-results/test2b-rain-active-learning/production/representation-B/m1-seed0-m20-10k/checkpoint_000010000_parameters.npz,Y,TRAINING TRUTH SUPPORT,0,80,POST-HOC CHECKPOINT EVALUATION,operator,denominator,2041296881127481.2,POST-HOC FINAL CHECKPOINT EVALUATION,false
t2b-b-m1x,Test 2B,B,M1-X,M1-X,10000,cfc9d3da6a8d07d74ae17e3d9a5beabe434e63b8005e95df4a1925c3a63c609c,a740fa161ad5ff954beb73b4b44fda51b705ce34a40718bd8912716425aeb459,/Users/arjunsharma/Documents/SandiaProjects/4-LDRDAMDIS/DIMSWE-study-d0eb615/external-results/test2b-rain-active-learning/production/representation-B/m1-seed0-m20-10k/checkpoint_000010000_parameters.npz,Y,TRAINING TRUTH SUPPORT,0,80,POST-HOC CHECKPOINT EVALUATION,A,normalized_RMS_error,0.016917888239260697,POST-HOC FINAL CHECKPOINT EVALUATION,false
t2b-b-m1x,Test 2B,B,M1-X,M1-X,10000,cfc9d3da6a8d07d74ae17e3d9a5beabe434e63b8005e95df4a1925c3a63c609c,a740fa161ad5ff954beb73b4b44fda51b705ce34a40718bd8912716425aeb459,/Users/arjunsharma/Documents/SandiaProjects/4-LDRDAMDIS/DIMSWE-study-d0eb615/external-results/test2b-rain-active-learning/production/representation-B/m1-seed0-m20-10k/checkpoint_000010000_parameters.npz,Y,TRAINING TRUTH SUPPORT,0,80,POST-HOC CHECKPOINT EVALUATION,A,relative_RMS_error,0.0169128237589423,POST-HOC FINAL CHECKPOINT EVALUATION,false
t2b-b-m1x,Test 2B,B,M1-X,M1-X,10000,cfc9d3da6a8d07d74ae17e3d9a5beabe434e63b8005e95df4a1925c3a63c609c,a740fa161ad5ff954beb73b4b44fda51b705ce34a40718bd8912716425aeb459,/Users/arjunsharma/Documents/SandiaProjects/4-LDRDAMDIS/DIMSWE-study-d0eb615/external-results/test2b-rain-active-learning/production/representation-B/m1-seed0-m20-10k/checkpoint_000010000_parameters.npz,Y,TRAINING TRUTH SUPPORT,0,80,POST-HOC CHECKPOINT EVALUATION,A,physical_RMS_error,1.5314510025252883e-09,POST-HOC FINAL CHECKPOINT EVALUATION,false
t2b-b-m1x,Test 2B,B,M1-X,M1-X,10000,cfc9d3da6a8d07d74ae17e3d9a5beabe434e63b8005e95df4a1925c3a63c609c,a740fa161ad5ff954beb73b4b44fda51b705ce34a40718bd8912716425aeb459,/Users/arjunsharma/Documents/SandiaProjects/4-LDRDAMDIS/DIMSWE-study-d0eb615/external-results/test2b-rain-active-learning/production/representation-B/m1-seed0-m20-10k/checkpoint_000010000_parameters.npz,Y,TRAINING TRUTH SUPPORT,0,80,POST-HOC CHECKPOINT EVALUATION,A,maximum_absolute_error,4.6803920495945455e-08,POST-HOC FINAL CHECKPOINT EVALUATION,false
t2b-b-m1x,Test 2B,B,M1-X,M1-X,10000,cfc9d3da6a8d07d74ae17e3d9a5beabe434e63b8005e95df4a1925c3a63c609c,a740fa161ad5ff954beb73b4b44fda51b705ce34a40718bd8912716425aeb459,/Users/arjunsharma/Documents/SandiaProjects/4-LDRDAMDIS/DIMSWE-study-d0eb615/external-results/test2b-rain-active-learning/production/representation-B/m1-seed0-m20-10k/checkpoint_000010000_parameters.npz,Y,TRAINING TRUTH SUPPORT,0,80,POST-HOC CHECKPOINT EVALUATION,A,signed_mass_weighted_bias,-1.7788536584006235e-10,POST-HOC FINAL CHECKPOINT EVALUATION,false
t2b-b-m1x,Test 2B,B,M1-X,M1-X,10000,cfc9d3da6a8d07d74ae17e3d9a5beabe434e63b8005e95df4a1925c3a63c609c,a740fa161ad5ff954beb73b4b44fda51b705ce34a40718bd8912716425aeb459,/Users/arjunsharma/Documents/SandiaProjects/4-LDRDAMDIS/DIMSWE-study-d0eb615/external-results/test2b-rain-active-learning/production/representation-B/m1-seed0-m20-10k/checkpoint_000010000_parameters.npz,Y,TRAINING TRUTH SUPPORT,0,80,POST-HOC CHECKPOINT EVALUATION,A,correlation,0.9998571874165436,POST-HOC FINAL CHECKPOINT EVALUATION,false
t2b-b-m1x,Test 2B,B,M1-X,M1-X,10000,cfc9d3da6a8d07d74ae17e3d9a5beabe434e63b8005e95df4a1925c3a63c609c,a740fa161ad5ff954beb73b4b44fda51b705ce34a40718bd8912716425aeb459,/Users/arjunsharma/Documents/SandiaProjects/4-LDRDAMDIS/DIMSWE-study-d0eb615/external-results/test2b-rain-active-learning/production/representation-B/m1-seed0-m20-10k/checkpoint_000010000_parameters.npz,Y,TRAINING TRUTH SUPPORT,0,80,POST-HOC CHECKPOINT EVALUATION,A,cosine,0.9998569733835891,POST-HOC FINAL CHECKPOINT EVALUATION,false
t2b-b-m1x,Test 2B,B,M1-X,M1-X,10000,cfc9d3da6a8d07d74ae17e3d9a5beabe434e63b8005e95df4a1925c3a63c609c,a740fa161ad5ff954beb73b4b44fda51b705ce34a40718bd8912716425aeb459,/Users/arjunsharma/Documents/SandiaProjects/4-LDRDAMDIS/DIMSWE-study-d0eb615/external-results/test2b-rain-active-learning/production/representation-B/m1-seed0-m20-10k/checkpoint_000010000_parameters.npz,Y,TRAINING TRUTH SUPPORT,0,80,POST-HOC CHECKPOINT EVALUATION,A,target_RMS,9.05496932004371e-08,POST-HOC FINAL CHECKPOINT EVALUATION,false
t2b-b-m1x,Test 2B,B,M1-X,M1-X,10000,cfc9d3da6a8d07d74ae17e3d9a5beabe434e63b8005e95df4a1925c3a63c609c,a740fa161ad5ff954beb73b4b44fda51b705ce34a40718bd8912716425aeb459,/Users/arjunsharma/Documents/SandiaProjects/4-LDRDAMDIS/DIMSWE-study-d0eb615/external-results/test2b-rain-active-learning/production/representation-B/m1-seed0-m20-10k/checkpoint_000010000_parameters.npz,Y,TRAINING TRUTH SUPPORT,0,80,POST-HOC CHECKPOINT EVALUATION,A,prediction_RMS,9.052731836203238e-08,POST-HOC FINAL CHECKPOINT EVALUATION,false
t2b-b-m1x,Test 2B,B,M1-X,M1-X,10000,cfc9d3da6a8d07d74ae17e3d9a5beabe434e63b8005e95df4a1925c3a63c609c,a740fa161ad5ff954beb73b4b44fda51b705ce34a40718bd8912716425aeb459,/Users/arjunsharma/Documents/SandiaProjects/4-LDRDAMDIS/DIMSWE-study-d0eb615/external-results/test2b-rain-active-learning/production/representation-B/m1-seed0-m20-10k/checkpoint_000010000_parameters.npz,Y,TRAINING TRUTH SUPPORT,0,80,POST-HOC CHECKPOINT EVALUATION,A,sample_count,5308416,POST-HOC FINAL CHECKPOINT EVALUATION,false
t2b-b-m1x,Test 2B,B,M1-X,M1-X,10000,cfc9d3da6a8d07d74ae17e3d9a5beabe434e63b8005e95df4a1925c3a63c609c,a740fa161ad5ff954beb73b4b44fda51b705ce34a40718bd8912716425aeb459,/Users/arjunsharma/Documents/SandiaProjects/4-LDRDAMDIS/DIMSWE-study-d0eb615/external-results/test2b-rain-active-learning/production/representation-B/m1-seed0-m20-10k/checkpoint_000010000_parameters.npz,Y,TRAINING TRUTH SUPPORT,0,80,POST-HOC CHECKPOINT EVALUATION,R_all,normalized_RMS_error,0.001218862166222212,POST-HOC FINAL CHECKPOINT EVALUATION,false
t2b-b-m1x,Test 2B,B,M1-X,M1-X,10000,cfc9d3da6a8d07d74ae17e3d9a5beabe434e63b8005e95df4a1925c3a63c609c,a740fa161ad5ff954beb73b4b44fda51b705ce34a40718bd8912716425aeb459,/Users/arjunsharma/Documents/SandiaProjects/4-LDRDAMDIS/DIMSWE-study-d0eb615/external-results/test2b-rain-active-learning/production/representation-B/m1-seed0-m20-10k/checkpoint_000010000_parameters.npz,Y,TRAINING TRUTH SUPPORT,0,80,POST-HOC CHECKPOINT EVALUATION,R_all,relative_RMS_error,0.014122437958544615,POST-HOC FINAL CHECKPOINT EVALUATION,false
t2b-b-m1x,Test 2B,B,M1-X,M1-X,10000,cfc9d3da6a8d07d74ae17e3d9a5beabe434e63b8005e95df4a1925c3a63c609c,a740fa161ad5ff954beb73b4b44fda51b705ce34a40718bd8912716425aeb459,/Users/arjunsharma/Documents/SandiaProjects/4-LDRDAMDIS/DIMSWE-study-d0eb615/external-results/test2b-rain-active-learning/production/representation-B/m1-seed0-m20-10k/checkpoint_000010000_parameters.npz,Y,TRAINING TRUTH SUPPORT,0,80,POST-HOC CHECKPOINT EVALUATION,R_all,physical_RMS_error,2.425885677990683e-14,POST-HOC FINAL CHECKPOINT EVALUATION,false
t2b-b-m1x,Test 2B,B,M1-X,M1-X,10000,cfc9d3da6a8d07d74ae17e3d9a5beabe434e63b8005e95df4a1925c3a63c609c,a740fa161ad5ff954beb73b4b44fda51b705ce34a40718bd8912716425aeb459,/Users/arjunsharma/Documents/SandiaProjects/4-LDRDAMDIS/DIMSWE-study-d0eb615/external-results/test2b-rain-active-learning/production/representation-B/m1-seed0-m20-10k/checkpoint_000010000_parameters.npz,Y,TRAINING TRUTH SUPPORT,0,80,POST-HOC CHECKPOINT EVALUATION,R_all,maximum_absolute_error,2.135381178967364e-12,POST-HOC FINAL CHECKPOINT EVALUATION,false
t2b-b-m1x,Test 2B,B,M1-X,M1-X,10000,cfc9d3da6a8d07d74ae17e3d9a5beabe434e63b8005e95df4a1925c3a63c609c,a740fa161ad5ff954beb73b4b44fda51b705ce34a40718bd8912716425aeb459,/Users/arjunsharma/Documents/SandiaProjects/4-LDRDAMDIS/DIMSWE-study-d0eb615/external-results/test2b-rain-active-learning/production/representation-B/m1-seed0-m20-10k/checkpoint_000010000_parameters.npz,Y,TRAINING TRUTH SUPPORT,0,80,POST-HOC CHECKPOINT EVALUATION,R_all,signed_mass_weighted_bias,3.504671745945781e-16,POST-HOC FINAL CHECKPOINT EVALUATION,false
t2b-b-m1x,Test 2B,B,M1-X,M1-X,10000,cfc9d3da6a8d07d74ae17e3d9a5beabe434e63b8005e95df4a1925c3a63c609c,a740fa161ad5ff954beb73b4b44fda51b705ce34a40718bd8912716425aeb459,/Users/arjunsharma/Documents/SandiaProjects/4-LDRDAMDIS/DIMSWE-study-d0eb615/external-results/test2b-rain-active-learning/production/representation-B/m1-seed0-m20-10k/checkpoint_000010000_parameters.npz,Y,TRAINING TRUTH SUPPORT,0,80,POST-HOC CHECKPOINT EVALUATION,R_all,correlation,0.999899889249066,POST-HOC FINAL CHECKPOINT EVALUATION,false
t2b-b-m1x,Test 2B,B,M1-X,M1-X,10000,cfc9d3da6a8d07d74ae17e3d9a5beabe434e63b8005e95df4a1925c3a63c609c,a740fa161ad5ff954beb73b4b44fda51b705ce34a40718bd8912716425aeb459,/Users/arjunsharma/Documents/SandiaProjects/4-LDRDAMDIS/DIMSWE-study-d0eb615/external-results/test2b-rain-active-learning/production/representation-B/m1-seed0-m20-10k/checkpoint_000010000_parameters.npz,Y,TRAINING TRUTH SUPPORT,0,80,POST-HOC CHECKPOINT EVALUATION,R_all,cosine,0.9999004102111945,POST-HOC FINAL CHECKPOINT EVALUATION,false
t2b-b-m1x,Test 2B,B,M1-X,M1-X,10000,cfc9d3da6a8d07d74ae17e3d9a5beabe434e63b8005e95df4a1925c3a63c609c,a740fa161ad5ff954beb73b4b44fda51b705ce34a40718bd8912716425aeb459,/Users/arjunsharma/Documents/SandiaProjects/4-LDRDAMDIS/DIMSWE-study-d0eb615/external-results/test2b-rain-active-learning/production/representation-B/m1-seed0-m20-10k/checkpoint_000010000_parameters.npz,Y,TRAINING TRUTH SUPPORT,0,80,POST-HOC CHECKPOINT EVALUATION,R_all,target_RMS,1.7177527599071018e-12,POST-HOC FINAL CHECKPOINT EVALUATION,false
t2b-b-m1x,Test 2B,B,M1-X,M1-X,10000,cfc9d3da6a8d07d74ae17e3d9a5beabe434e63b8005e95df4a1925c3a63c609c,a740fa161ad5ff954beb73b4b44fda51b705ce34a40718bd8912716425aeb459,/Users/arjunsharma/Documents/SandiaProjects/4-LDRDAMDIS/DIMSWE-study-d0eb615/external-results/test2b-rain-active-learning/production/representation-B/m1-seed0-m20-10k/checkpoint_000010000_parameters.npz,Y,TRAINING TRUTH SUPPORT,0,80,POST-HOC CHECKPOINT EVALUATION,R_all,prediction_RMS,1.71848018137332e-12,POST-HOC FINAL CHECKPOINT EVALUATION,false
t2b-b-m1x,Test 2B,B,M1-X,M1-X,10000,cfc9d3da6a8d07d74ae17e3d9a5beabe434e63b8005e95df4a1925c3a63c609c,a740fa161ad5ff954beb73b4b44fda51b705ce34a40718bd8912716425aeb459,/Users/arjunsharma/Documents/SandiaProjects/4-LDRDAMDIS/DIMSWE-study-d0eb615/external-results/test2b-rain-active-learning/production/representation-B/m1-seed0-m20-10k/checkpoint_000010000_parameters.npz,Y,TRAINING TRUTH SUPPORT,0,80,POST-HOC CHECKPOINT EVALUATION,R_all,sample_count,5308416,POST-HOC FINAL CHECKPOINT EVALUATION,false
t2b-b-m1x,Test 2B,B,M1-X,M1-X,10000,cfc9d3da6a8d07d74ae17e3d9a5beabe434e63b8005e95df4a1925c3a63c609c,a740fa161ad5ff954beb73b4b44fda51b705ce34a40718bd8912716425aeb459,/Users/arjunsharma/Documents/SandiaProjects/4-LDRDAMDIS/DIMSWE-study-d0eb615/external-results/test2b-rain-active-learning/production/representation-B/m1-seed0-m20-10k/checkpoint_000010000_parameters.npz,Y,TRAINING TRUTH SUPPORT,0,80,POST-HOC CHECKPOINT EVALUATION,R_truth_active,normalized_RMS_error,0.009550929389578373,POST-HOC FINAL CHECKPOINT EVALUATION,false
t2b-b-m1x,Test 2B,B,M1-X,M1-X,10000,cfc9d3da6a8d07d74ae17e3d9a5beabe434e63b8005e95df4a1925c3a63c609c,a740fa161ad5ff954beb73b4b44fda51b705ce34a40718bd8912716425aeb459,/Users/arjunsharma/Documents/SandiaProjects/4-LDRDAMDIS/DIMSWE-study-d0eb615/external-results/test2b-rain-active-learning/production/representation-B/m1-seed0-m20-10k/checkpoint_000010000_parameters.npz,Y,TRAINING TRUTH SUPPORT,0,80,POST-HOC CHECKPOINT EVALUATION,R_truth_active,relative_RMS_error,0.009552715909547715,POST-HOC FINAL CHECKPOINT EVALUATION,false
t2b-b-m1x,Test 2B,B,M1-X,M1-X,10000,cfc9d3da6a8d07d74ae17e3d9a5beabe434e63b8005e95df4a1925c3a63c609c,a740fa161ad5ff954beb73b4b44fda51b705ce34a40718bd8912716425aeb459,/Users/arjunsharma/Documents/SandiaProjects/4-LDRDAMDIS/DIMSWE-study-d0eb615/external-results/test2b-rain-active-learning/production/representation-B/m1-seed0-m20-10k/checkpoint_000010000_parameters.npz,Y,TRAINING TRUTH SUPPORT,0,80,POST-HOC CHECKPOINT EVALUATION,R_truth_active,physical_RMS_error,1.9009091806902816e-13,POST-HOC FINAL CHECKPOINT EVALUATION,false
t2b-b-m1x,Test 2B,B,M1-X,M1-X,10000,cfc9d3da6a8d07d74ae17e3d9a5beabe434e63b8005e95df4a1925c3a63c609c,a740fa161ad5ff954beb73b4b44fda51b705ce34a40718bd8912716425aeb459,/Users/arjunsharma/Documents/SandiaProjects/4-LDRDAMDIS/DIMSWE-study-d0eb615/external-results/test2b-rain-active-learning/production/representation-B/m1-seed0-m20-10k/checkpoint_000010000_parameters.npz,Y,TRAINING TRUTH SUPPORT,0,80,POST-HOC CHECKPOINT EVALUATION,R_truth_active,maximum_absolute_error,2.135381178967364e-12,POST-HOC FINAL CHECKPOINT EVALUATION,false
t2b-b-m1x,Test 2B,B,M1-X,M1-X,10000,cfc9d3da6a8d07d74ae17e3d9a5beabe434e63b8005e95df4a1925c3a63c609c,a740fa161ad5ff954beb73b4b44fda51b705ce34a40718bd8912716425aeb459,/Users/arjunsharma/Documents/SandiaProjects/4-LDRDAMDIS/DIMSWE-study-d0eb615/external-results/test2b-rain-active-learning/production/representation-B/m1-seed0-m20-10k/checkpoint_000010000_parameters.npz,Y,TRAINING TRUTH SUPPORT,0,80,POST-HOC CHECKPOINT EVALUATION,R_truth_active,signed_mass_weighted_bias,-1.2433334273095286e-15,POST-HOC FINAL CHECKPOINT EVALUATION,false
t2b-b-m1x,Test 2B,B,M1-X,M1-X,10000,cfc9d3da6a8d07d74ae17e3d9a5beabe434e63b8005e95df4a1925c3a63c609c,a740fa161ad5ff954beb73b4b44fda51b705ce34a40718bd8912716425aeb459,/Users/arjunsharma/Documents/SandiaProjects/4-LDRDAMDIS/DIMSWE-study-d0eb615/external-results/test2b-rain-active-learning/production/representation-B/m1-seed0-m20-10k/checkpoint_000010000_parameters.npz,Y,TRAINING TRUTH SUPPORT,0,80,POST-HOC CHECKPOINT EVALUATION,R_truth_active,correlation,0.999840231375538,POST-HOC FINAL CHECKPOINT EVALUATION,false
t2b-b-m1x,Test 2B,B,M1-X,M1-X,10000,cfc9d3da6a8d07d74ae17e3d9a5beabe434e63b8005e95df4a1925c3a63c609c,a740fa161ad5ff954beb73b4b44fda51b705ce34a40718bd8912716425aeb459,/Users/arjunsharma/Documents/SandiaProjects/4-LDRDAMDIS/DIMSWE-study-d0eb615/external-results/test2b-rain-active-learning/production/representation-B/m1-seed0-m20-10k/checkpoint_000010000_parameters.npz,Y,TRAINING TRUTH SUPPORT,0,80,POST-HOC CHECKPOINT EVALUATION,R_truth_active,cosine,0.9999544578607137,POST-HOC FINAL CHECKPOINT EVALUATION,false
t2b-b-m1x,Test 2B,B,M1-X,M1-X,10000,cfc9d3da6a8d07d74ae17e3d9a5beabe434e63b8005e95df4a1925c3a63c609c,a740fa161ad5ff954beb73b4b44fda51b705ce34a40718bd8912716425aeb459,/Users/arjunsharma/Documents/SandiaProjects/4-LDRDAMDIS/DIMSWE-study-d0eb615/external-results/test2b-rain-active-learning/production/representation-B/m1-seed0-m20-10k/checkpoint_000010000_parameters.npz,Y,TRAINING TRUTH SUPPORT,0,80,POST-HOC CHECKPOINT EVALUATION,R_truth_active,target_RMS,1.9899149086914304e-11,POST-HOC FINAL CHECKPOINT EVALUATION,false
t2b-b-m1x,Test 2B,B,M1-X,M1-X,10000,cfc9d3da6a8d07d74ae17e3d9a5beabe434e63b8005e95df4a1925c3a63c609c,a740fa161ad5ff954beb73b4b44fda51b705ce34a40718bd8912716425aeb459,/Users/arjunsharma/Documents/SandiaProjects/4-LDRDAMDIS/DIMSWE-study-d0eb615/external-results/test2b-rain-active-learning/production/representation-B/m1-seed0-m20-10k/checkpoint_000010000_parameters.npz,Y,TRAINING TRUTH SUPPORT,0,80,POST-HOC CHECKPOINT EVALUATION,R_truth_active,prediction_RMS,1.990649982739745e-11,POST-HOC FINAL CHECKPOINT EVALUATION,false
t2b-b-m1x,Test 2B,B,M1-X,M1-X,10000,cfc9d3da6a8d07d74ae17e3d9a5beabe434e63b8005e95df4a1925c3a63c609c,a740fa161ad5ff954beb73b4b44fda51b705ce34a40718bd8912716425aeb459,/Users/arjunsharma/Documents/SandiaProjects/4-LDRDAMDIS/DIMSWE-study-d0eb615/external-results/test2b-rain-active-learning/production/representation-B/m1-seed0-m20-10k/checkpoint_000010000_parameters.npz,Y,TRAINING TRUTH SUPPORT,0,80,POST-HOC CHECKPOINT EVALUATION,R_truth_active,sample_count,40776,POST-HOC FINAL CHECKPOINT EVALUATION,false
t2b-b-m1x,Test 2B,B,M1-X,M1-X,10000,cfc9d3da6a8d07d74ae17e3d9a5beabe434e63b8005e95df4a1925c3a63c609c,a740fa161ad5ff954beb73b4b44fda51b705ce34a40718bd8912716425aeb459,/Users/arjunsharma/Documents/SandiaProjects/4-LDRDAMDIS/DIMSWE-study-d0eb615/external-results/test2b-rain-active-learning/production/representation-B/m1-seed0-m20-10k/checkpoint_000010000_parameters.npz,Y,TRAINING TRUTH SUPPORT,0,80,POST-HOC CHECKPOINT EVALUATION,R_activation,truth_active_sample_count,40776,POST-HOC FINAL CHECKPOINT EVALUATION,false
t2b-b-m1x,Test 2B,B,M1-X,M1-X,10000,cfc9d3da6a8d07d74ae17e3d9a5beabe434e63b8005e95df4a1925c3a63c609c,a740fa161ad5ff954beb73b4b44fda51b705ce34a40718bd8912716425aeb459,/Users/arjunsharma/Documents/SandiaProjects/4-LDRDAMDIS/DIMSWE-study-d0eb615/external-results/test2b-rain-active-learning/production/representation-B/m1-seed0-m20-10k/checkpoint_000010000_parameters.npz,Y,TRAINING TRUTH SUPPORT,0,80,POST-HOC CHECKPOINT EVALUATION,R_activation,truth_active_sample_fraction,0.007681387442129629,POST-HOC FINAL CHECKPOINT EVALUATION,false
t2b-b-m1x,Test 2B,B,M1-X,M1-X,10000,cfc9d3da6a8d07d74ae17e3d9a5beabe434e63b8005e95df4a1925c3a63c609c,a740fa161ad5ff954beb73b4b44fda51b705ce34a40718bd8912716425aeb459,/Users/arjunsharma/Documents/SandiaProjects/4-LDRDAMDIS/DIMSWE-study-d0eb615/external-results/test2b-rain-active-learning/production/representation-B/m1-seed0-m20-10k/checkpoint_000010000_parameters.npz,Y,TRAINING TRUTH SUPPORT,0,80,POST-HOC CHECKPOINT EVALUATION,R_activation,predicted_meaningful_positive_fraction,0.3036634657118056,POST-HOC FINAL CHECKPOINT EVALUATION,false
t2b-b-m1x,Test 2B,B,M1-X,M1-X,10000,cfc9d3da6a8d07d74ae17e3d9a5beabe434e63b8005e95df4a1925c3a63c609c,a740fa161ad5ff954beb73b4b44fda51b705ce34a40718bd8912716425aeb459,/Users/arjunsharma/Documents/SandiaProjects/4-LDRDAMDIS/DIMSWE-study-d0eb615/external-results/test2b-rain-active-learning/production/representation-B/m1-seed0-m20-10k/checkpoint_000010000_parameters.npz,Y,TRAINING TRUTH SUPPORT,0,80,POST-HOC CHECKPOINT EVALUATION,R_activation,predicted_meaningful_negative_fraction,0.6963361575279707,POST-HOC FINAL CHECKPOINT EVALUATION,false
t2b-b-m1x,Test 2B,B,M1-X,M1-X,10000,cfc9d3da6a8d07d74ae17e3d9a5beabe434e63b8005e95df4a1925c3a63c609c,a740fa161ad5ff954beb73b4b44fda51b705ce34a40718bd8912716425aeb459,/Users/arjunsharma/Documents/SandiaProjects/4-LDRDAMDIS/DIMSWE-study-d0eb615/external-results/test2b-rain-active-learning/production/representation-B/m1-seed0-m20-10k/checkpoint_000010000_parameters.npz,Y,TRAINING TRUTH SUPPORT,0,80,POST-HOC CHECKPOINT EVALUATION,R_activation,predicted_exact_positive_fraction,0.3036634657118056,POST-HOC FINAL CHECKPOINT EVALUATION,false
t2b-b-m1x,Test 2B,B,M1-X,M1-X,10000,cfc9d3da6a8d07d74ae17e3d9a5beabe434e63b8005e95df4a1925c3a63c609c,a740fa161ad5ff954beb73b4b44fda51b705ce34a40718bd8912716425aeb459,/Users/arjunsharma/Documents/SandiaProjects/4-LDRDAMDIS/DIMSWE-study-d0eb615/external-results/test2b-rain-active-learning/production/representation-B/m1-seed0-m20-10k/checkpoint_000010000_parameters.npz,Y,TRAINING TRUTH SUPPORT,0,80,POST-HOC CHECKPOINT EVALUATION,R_activation,predicted_exact_negative_fraction,0.6963365342881944,POST-HOC FINAL CHECKPOINT EVALUATION,false
t2b-b-m1x,Test 2B,B,M1-X,M1-X,10000,cfc9d3da6a8d07d74ae17e3d9a5beabe434e63b8005e95df4a1925c3a63c609c,a740fa161ad5ff954beb73b4b44fda51b705ce34a40718bd8912716425aeb459,/Users/arjunsharma/Documents/SandiaProjects/4-LDRDAMDIS/DIMSWE-study-d0eb615/external-results/test2b-rain-active-learning/production/representation-B/m1-seed0-m20-10k/checkpoint_000010000_parameters.npz,Y,TRAINING TRUTH SUPPORT,0,80,POST-HOC CHECKPOINT EVALUATION,R_activation,false_positive_count,1571196,POST-HOC FINAL CHECKPOINT EVALUATION,false
t2b-b-m1x,Test 2B,B,M1-X,M1-X,10000,cfc9d3da6a8d07d74ae17e3d9a5beabe434e63b8005e95df4a1925c3a63c609c,a740fa161ad5ff954beb73b4b44fda51b705ce34a40718bd8912716425aeb459,/Users/arjunsharma/Documents/SandiaProjects/4-LDRDAMDIS/DIMSWE-study-d0eb615/external-results/test2b-rain-active-learning/production/representation-B/m1-seed0-m20-10k/checkpoint_000010000_parameters.npz,Y,TRAINING TRUTH SUPPORT,0,80,POST-HOC CHECKPOINT EVALUATION,R_activation,false_positive_fraction_all_samples,0.29598207826967593,POST-HOC FINAL CHECKPOINT EVALUATION,false
t2b-b-m1x,Test 2B,B,M1-X,M1-X,10000,cfc9d3da6a8d07d74ae17e3d9a5beabe434e63b8005e95df4a1925c3a63c609c,a740fa161ad5ff954beb73b4b44fda51b705ce34a40718bd8912716425aeb459,/Users/arjunsharma/Documents/SandiaProjects/4-LDRDAMDIS/DIMSWE-study-d0eb615/external-results/test2b-rain-active-learning/production/representation-B/m1-seed0-m20-10k/checkpoint_000010000_parameters.npz,Y,TRAINING TRUTH SUPPORT,0,80,POST-HOC CHECKPOINT EVALUATION,R_activation,false_positive_rate_given_truth_inactive,0.2982732305168918,POST-HOC FINAL CHECKPOINT EVALUATION,false
t2b-b-m1x,Test 2B,B,M1-X,M1-X,10000,cfc9d3da6a8d07d74ae17e3d9a5beabe434e63b8005e95df4a1925c3a63c609c,a740fa161ad5ff954beb73b4b44fda51b705ce34a40718bd8912716425aeb459,/Users/arjunsharma/Documents/SandiaProjects/4-LDRDAMDIS/DIMSWE-study-d0eb615/external-results/test2b-rain-active-learning/production/representation-B/m1-seed0-m20-10k/checkpoint_000010000_parameters.npz,Y,TRAINING TRUTH SUPPORT,0,80,POST-HOC CHECKPOINT EVALUATION,R_activation,false_negative_count,0,POST-HOC FINAL CHECKPOINT EVALUATION,false
t2b-b-m1x,Test 2B,B,M1-X,M1-X,10000,cfc9d3da6a8d07d74ae17e3d9a5beabe434e63b8005e95df4a1925c3a63c609c,a740fa161ad5ff954beb73b4b44fda51b705ce34a40718bd8912716425aeb459,/Users/arjunsharma/Documents/SandiaProjects/4-LDRDAMDIS/DIMSWE-study-d0eb615/external-results/test2b-rain-active-learning/production/representation-B/m1-seed0-m20-10k/checkpoint_000010000_parameters.npz,Y,TRAINING TRUTH SUPPORT,0,80,POST-HOC CHECKPOINT EVALUATION,R_activation,false_negative_fraction_all_samples,0.0,POST-HOC FINAL CHECKPOINT EVALUATION,false
t2b-b-m1x,Test 2B,B,M1-X,M1-X,10000,cfc9d3da6a8d07d74ae17e3d9a5beabe434e63b8005e95df4a1925c3a63c609c,a740fa161ad5ff954beb73b4b44fda51b705ce34a40718bd8912716425aeb459,/Users/arjunsharma/Documents/SandiaProjects/4-LDRDAMDIS/DIMSWE-study-d0eb615/external-results/test2b-rain-active-learning/production/representation-B/m1-seed0-m20-10k/checkpoint_000010000_parameters.npz,Y,TRAINING TRUTH SUPPORT,0,80,POST-HOC CHECKPOINT EVALUATION,R_activation,false_negative_rate_given_truth_active,0.0,POST-HOC FINAL CHECKPOINT EVALUATION,false
t2b-b-m1x,Test 2B,B,M1-X,M1-X,10000,cfc9d3da6a8d07d74ae17e3d9a5beabe434e63b8005e95df4a1925c3a63c609c,a740fa161ad5ff954beb73b4b44fda51b705ce34a40718bd8912716425aeb459,/Users/arjunsharma/Documents/SandiaProjects/4-LDRDAMDIS/DIMSWE-study-d0eb615/external-results/test2b-rain-active-learning/production/representation-B/m1-seed0-m20-10k/checkpoint_000010000_parameters.npz,Y,TRAINING TRUTH SUPPORT,0,80,POST-HOC CHECKPOINT EVALUATION,R_activation,first_meaningful_positive_predicted_step,0,POST-HOC FINAL CHECKPOINT EVALUATION,false
t2b-b-m1x,Test 2B,B,M1-X,M1-X,10000,cfc9d3da6a8d07d74ae17e3d9a5beabe434e63b8005e95df4a1925c3a63c609c,a740fa161ad5ff954beb73b4b44fda51b705ce34a40718bd8912716425aeb459,/Users/arjunsharma/Documents/SandiaProjects/4-LDRDAMDIS/DIMSWE-study-d0eb615/external-results/test2b-rain-active-learning/production/representation-B/m1-seed0-m20-10k/checkpoint_000010000_parameters.npz,Y,TRAINING TRUTH SUPPORT,0,80,POST-HOC CHECKPOINT EVALUATION,R_activation,first_meaningful_positive_truth_step,51,POST-HOC FINAL CHECKPOINT EVALUATION,false
t2b-b-m1x,Test 2B,B,M1-X,M1-X,10000,cfc9d3da6a8d07d74ae17e3d9a5beabe434e63b8005e95df4a1925c3a63c609c,a740fa161ad5ff954beb73b4b44fda51b705ce34a40718bd8912716425aeb459,/Users/arjunsharma/Documents/SandiaProjects/4-LDRDAMDIS/DIMSWE-study-d0eb615/external-results/test2b-rain-active-learning/production/representation-B/m1-seed0-m20-10k/checkpoint_000010000_parameters.npz,Y,TRAINING TRUTH SUPPORT,0,80,POST-HOC CHECKPOINT EVALUATION,R_activation,maximum_predicted_R,4.796755245354119e-11,POST-HOC FINAL CHECKPOINT EVALUATION,false
t2b-b-m1x,Test 2B,B,M1-X,M1-X,10000,cfc9d3da6a8d07d74ae17e3d9a5beabe434e63b8005e95df4a1925c3a63c609c,a740fa161ad5ff954beb73b4b44fda51b705ce34a40718bd8912716425aeb459,/Users/arjunsharma/Documents/SandiaProjects/4-LDRDAMDIS/DIMSWE-study-d0eb615/external-results/test2b-rain-active-learning/production/representation-B/m1-seed0-m20-10k/checkpoint_000010000_parameters.npz,Y,TRAINING TRUTH SUPPORT,0,80,POST-HOC CHECKPOINT EVALUATION,R_activation,minimum_predicted_R,-3.955894519488494e-13,POST-HOC FINAL CHECKPOINT EVALUATION,false
t2b-b-m1x,Test 2B,B,M1-X,M1-X,10000,cfc9d3da6a8d07d74ae17e3d9a5beabe434e63b8005e95df4a1925c3a63c609c,a740fa161ad5ff954beb73b4b44fda51b705ce34a40718bd8912716425aeb459,/Users/arjunsharma/Documents/SandiaProjects/4-LDRDAMDIS/DIMSWE-study-d0eb615/external-results/test2b-rain-active-learning/production/representation-B/m1-seed0-m20-10k/checkpoint_000010000_parameters.npz,Y,TRAINING TRUTH SUPPORT,0,80,POST-HOC CHECKPOINT EVALUATION,R_activation,activity_numerical_tolerance,1.2119968976504772e-20,POST-HOC FINAL CHECKPOINT EVALUATION,false
t2b-b-m1x,Test 2B,B,M1-X,M1-X,10000,cfc9d3da6a8d07d74ae17e3d9a5beabe434e63b8005e95df4a1925c3a63c609c,a740fa161ad5ff954beb73b4b44fda51b705ce34a40718bd8912716425aeb459,/Users/arjunsharma/Documents/SandiaProjects/4-LDRDAMDIS/DIMSWE-study-d0eb615/external-results/test2b-rain-active-learning/production/representation-B/m1-seed0-m20-10k/checkpoint_000010000_parameters.npz,Y,TRAINING TRUTH SUPPORT,0,80,POST-HOC CHECKPOINT EVALUATION,R_activation,sample_count,5308416,POST-HOC FINAL CHECKPOINT EVALUATION,false
t2b-b-m1y,Test 2B,B,M1-Y,M1-Y,10000,1adbd173137cbf10928ee4b25865258fc97f74b3c2c4c0a09cfd8629020566ab,3a829ffff2c2ee96946c197e18a7bd7d7495c255212c61bec1b3d24d788a71ee,/Users/arjunsharma/Documents/SandiaProjects/4-LDRDAMDIS/DIMSWE-feature-study-20260828/m1y_test2b_20260828_workspace/external-results/m1y-test2b-20260828/production/representation-B/m1y-seed0-m20-10k/checkpoint_000010000_parameters.npz,Y,TRAINING TRUTH SUPPORT,0,80,POST-HOC CHECKPOINT EVALUATION,operator,normalized_objective,3.261043519805743e-05,POST-HOC FINAL CHECKPOINT EVALUATION,true
t2b-b-m1y,Test 2B,B,M1-Y,M1-Y,10000,1adbd173137cbf10928ee4b25865258fc97f74b3c2c4c0a09cfd8629020566ab,3a829ffff2c2ee96946c197e18a7bd7d7495c255212c61bec1b3d24d788a71ee,/Users/arjunsharma/Documents/SandiaProjects/4-LDRDAMDIS/DIMSWE-feature-study-20260828/m1y_test2b_20260828_workspace/external-results/m1y-test2b-20260828/production/representation-B/m1y-seed0-m20-10k/checkpoint_000010000_parameters.npz,Y,TRAINING TRUTH SUPPORT,0,80,POST-HOC CHECKPOINT EVALUATION,operator,numerator,66567579662.00447,POST-HOC FINAL CHECKPOINT EVALUATION,true
t2b-b-m1y,Test 2B,B,M1-Y,M1-Y,10000,1adbd173137cbf10928ee4b25865258fc97f74b3c2c4c0a09cfd8629020566ab,3a829ffff2c2ee96946c197e18a7bd7d7495c255212c61bec1b3d24d788a71ee,/Users/arjunsharma/Documents/SandiaProjects/4-LDRDAMDIS/DIMSWE-feature-study-20260828/m1y_test2b_20260828_workspace/external-results/m1y-test2b-20260828/production/representation-B/m1y-seed0-m20-10k/checkpoint_000010000_parameters.npz,Y,TRAINING TRUTH SUPPORT,0,80,POST-HOC CHECKPOINT EVALUATION,operator,denominator,2041296881127481.2,POST-HOC FINAL CHECKPOINT EVALUATION,true
t2b-b-m1y,Test 2B,B,M1-Y,M1-Y,10000,1adbd173137cbf10928ee4b25865258fc97f74b3c2c4c0a09cfd8629020566ab,3a829ffff2c2ee96946c197e18a7bd7d7495c255212c61bec1b3d24d788a71ee,/Users/arjunsharma/Documents/SandiaProjects/4-LDRDAMDIS/DIMSWE-feature-study-20260828/m1y_test2b_20260828_workspace/external-results/m1y-test2b-20260828/production/representation-B/m1y-seed0-m20-10k/checkpoint_000010000_parameters.npz,Y,TRAINING TRUTH SUPPORT,0,80,POST-HOC CHECKPOINT EVALUATION,A,normalized_RMS_error,0.005342753130992312,POST-HOC FINAL CHECKPOINT EVALUATION,true
t2b-b-m1y,Test 2B,B,M1-Y,M1-Y,10000,1adbd173137cbf10928ee4b25865258fc97f74b3c2c4c0a09cfd8629020566ab,3a829ffff2c2ee96946c197e18a7bd7d7495c255212c61bec1b3d24d788a71ee,/Users/arjunsharma/Documents/SandiaProjects/4-LDRDAMDIS/DIMSWE-feature-study-20260828/m1y_test2b_20260828_workspace/external-results/m1y-test2b-20260828/production/representation-B/m1y-seed0-m20-10k/checkpoint_000010000_parameters.npz,Y,TRAINING TRUTH SUPPORT,0,80,POST-HOC CHECKPOINT EVALUATION,A,relative_RMS_error,0.005341153742954319,POST-HOC FINAL CHECKPOINT EVALUATION,true
t2b-b-m1y,Test 2B,B,M1-Y,M1-Y,10000,1adbd173137cbf10928ee4b25865258fc97f74b3c2c4c0a09cfd8629020566ab,3a829ffff2c2ee96946c197e18a7bd7d7495c255212c61bec1b3d24d788a71ee,/Users/arjunsharma/Documents/SandiaProjects/4-LDRDAMDIS/DIMSWE-feature-study-20260828/m1y_test2b_20260828_workspace/external-results/m1y-test2b-20260828/production/representation-B/m1y-seed0-m20-10k/checkpoint_000010000_parameters.npz,Y,TRAINING TRUTH SUPPORT,0,80,POST-HOC CHECKPOINT EVALUATION,A,physical_RMS_error,4.836398327608799e-10,POST-HOC FINAL CHECKPOINT EVALUATION,true
t2b-b-m1y,Test 2B,B,M1-Y,M1-Y,10000,1adbd173137cbf10928ee4b25865258fc97f74b3c2c4c0a09cfd8629020566ab,3a829ffff2c2ee96946c197e18a7bd7d7495c255212c61bec1b3d24d788a71ee,/Users/arjunsharma/Documents/SandiaProjects/4-LDRDAMDIS/DIMSWE-feature-study-20260828/m1y_test2b_20260828_workspace/external-results/m1y-test2b-20260828/production/representation-B/m1y-seed0-m20-10k/checkpoint_000010000_parameters.npz,Y,TRAINING TRUTH SUPPORT,0,80,POST-HOC CHECKPOINT EVALUATION,A,maximum_absolute_error,2.3531460513312582e-08,POST-HOC FINAL CHECKPOINT EVALUATION,true
t2b-b-m1y,Test 2B,B,M1-Y,M1-Y,10000,1adbd173137cbf10928ee4b25865258fc97f74b3c2c4c0a09cfd8629020566ab,3a829ffff2c2ee96946c197e18a7bd7d7495c255212c61bec1b3d24d788a71ee,/Users/arjunsharma/Documents/SandiaProjects/4-LDRDAMDIS/DIMSWE-feature-study-20260828/m1y_test2b_20260828_workspace/external-results/m1y-test2b-20260828/production/representation-B/m1y-seed0-m20-10k/checkpoint_000010000_parameters.npz,Y,TRAINING TRUTH SUPPORT,0,80,POST-HOC CHECKPOINT EVALUATION,A,signed_mass_weighted_bias,-1.28016191529639e-13,POST-HOC FINAL CHECKPOINT EVALUATION,true
t2b-b-m1y,Test 2B,B,M1-Y,M1-Y,10000,1adbd173137cbf10928ee4b25865258fc97f74b3c2c4c0a09cfd8629020566ab,3a829ffff2c2ee96946c197e18a7bd7d7495c255212c61bec1b3d24d788a71ee,/Users/arjunsharma/Documents/SandiaProjects/4-LDRDAMDIS/DIMSWE-feature-study-20260828/m1y_test2b_20260828_workspace/external-results/m1y-test2b-20260828/production/representation-B/m1y-seed0-m20-10k/checkpoint_000010000_parameters.npz,Y,TRAINING TRUTH SUPPORT,0,80,POST-HOC CHECKPOINT EVALUATION,A,correlation,0.9999855578039787,POST-HOC FINAL CHECKPOINT EVALUATION,true
t2b-b-m1y,Test 2B,B,M1-Y,M1-Y,10000,1adbd173137cbf10928ee4b25865258fc97f74b3c2c4c0a09cfd8629020566ab,3a829ffff2c2ee96946c197e18a7bd7d7495c255212c61bec1b3d24d788a71ee,/Users/arjunsharma/Documents/SandiaProjects/4-LDRDAMDIS/DIMSWE-feature-study-20260828/m1y_test2b_20260828_workspace/external-results/m1y-test2b-20260828/production/representation-B/m1y-seed0-m20-10k/checkpoint_000010000_parameters.npz,Y,TRAINING TRUTH SUPPORT,0,80,POST-HOC CHECKPOINT EVALUATION,A,cosine,0.9999857362214415,POST-HOC FINAL CHECKPOINT EVALUATION,true
t2b-b-m1y,Test 2B,B,M1-Y,M1-Y,10000,1adbd173137cbf10928ee4b25865258fc97f74b3c2c4c0a09cfd8629020566ab,3a829ffff2c2ee96946c197e18a7bd7d7495c255212c61bec1b3d24d788a71ee,/Users/arjunsharma/Documents/SandiaProjects/4-LDRDAMDIS/DIMSWE-feature-study-20260828/m1y_test2b_20260828_workspace/external-results/m1y-test2b-20260828/production/representation-B/m1y-seed0-m20-10k/checkpoint_000010000_parameters.npz,Y,TRAINING TRUTH SUPPORT,0,80,POST-HOC CHECKPOINT EVALUATION,A,target_RMS,9.05496932004371e-08,POST-HOC FINAL CHECKPOINT EVALUATION,true
t2b-b-m1y,Test 2B,B,M1-Y,M1-Y,10000,1adbd173137cbf10928ee4b25865258fc97f74b3c2c4c0a09cfd8629020566ab,3a829ffff2c2ee96946c197e18a7bd7d7495c255212c61bec1b3d24d788a71ee,/Users/arjunsharma/Documents/SandiaProjects/4-LDRDAMDIS/DIMSWE-feature-study-20260828/m1y_test2b_20260828_workspace/external-results/m1y-test2b-20260828/production/representation-B/m1y-seed0-m20-10k/checkpoint_000010000_parameters.npz,Y,TRAINING TRUTH SUPPORT,0,80,POST-HOC CHECKPOINT EVALUATION,A,prediction_RMS,9.055056279292205e-08,POST-HOC FINAL CHECKPOINT EVALUATION,true
t2b-b-m1y,Test 2B,B,M1-Y,M1-Y,10000,1adbd173137cbf10928ee4b25865258fc97f74b3c2c4c0a09cfd8629020566ab,3a829ffff2c2ee96946c197e18a7bd7d7495c255212c61bec1b3d24d788a71ee,/Users/arjunsharma/Documents/SandiaProjects/4-LDRDAMDIS/DIMSWE-feature-study-20260828/m1y_test2b_20260828_workspace/external-results/m1y-test2b-20260828/production/representation-B/m1y-seed0-m20-10k/checkpoint_000010000_parameters.npz,Y,TRAINING TRUTH SUPPORT,0,80,POST-HOC CHECKPOINT EVALUATION,A,sample_count,5308416,POST-HOC FINAL CHECKPOINT EVALUATION,true
t2b-b-m1y,Test 2B,B,M1-Y,M1-Y,10000,1adbd173137cbf10928ee4b25865258fc97f74b3c2c4c0a09cfd8629020566ab,3a829ffff2c2ee96946c197e18a7bd7d7495c255212c61bec1b3d24d788a71ee,/Users/arjunsharma/Documents/SandiaProjects/4-LDRDAMDIS/DIMSWE-feature-study-20260828/m1y_test2b_20260828_workspace/external-results/m1y-test2b-20260828/production/representation-B/m1y-seed0-m20-10k/checkpoint_000010000_parameters.npz,Y,TRAINING TRUTH SUPPORT,0,80,POST-HOC CHECKPOINT EVALUATION,R_all,normalized_RMS_error,0.0020803528130358484,POST-HOC FINAL CHECKPOINT EVALUATION,true
t2b-b-m1y,Test 2B,B,M1-Y,M1-Y,10000,1adbd173137cbf10928ee4b25865258fc97f74b3c2c4c0a09cfd8629020566ab,3a829ffff2c2ee96946c197e18a7bd7d7495c255212c61bec1b3d24d788a71ee,/Users/arjunsharma/Documents/SandiaProjects/4-LDRDAMDIS/DIMSWE-feature-study-20260828/m1y_test2b_20260828_workspace/external-results/m1y-test2b-20260828/production/representation-B/m1y-seed0-m20-10k/checkpoint_000010000_parameters.npz,Y,TRAINING TRUTH SUPPORT,0,80,POST-HOC CHECKPOINT EVALUATION,R_all,relative_RMS_error,0.024104163988486863,POST-HOC FINAL CHECKPOINT EVALUATION,true
t2b-b-m1y,Test 2B,B,M1-Y,M1-Y,10000,1adbd173137cbf10928ee4b25865258fc97f74b3c2c4c0a09cfd8629020566ab,3a829ffff2c2ee96946c197e18a7bd7d7495c255212c61bec1b3d24d788a71ee,/Users/arjunsharma/Documents/SandiaProjects/4-LDRDAMDIS/DIMSWE-feature-study-20260828/m1y_test2b_20260828_workspace/external-results/m1y-test2b-20260828/production/representation-B/m1y-seed0-m20-10k/checkpoint_000010000_parameters.npz,Y,TRAINING TRUTH SUPPORT,0,80,POST-HOC CHECKPOINT EVALUATION,R_all,physical_RMS_error,4.140499421647668e-14,POST-HOC FINAL CHECKPOINT EVALUATION,true
t2b-b-m1y,Test 2B,B,M1-Y,M1-Y,10000,1adbd173137cbf10928ee4b25865258fc97f74b3c2c4c0a09cfd8629020566ab,3a829ffff2c2ee96946c197e18a7bd7d7495c255212c61bec1b3d24d788a71ee,/Users/arjunsharma/Documents/SandiaProjects/4-LDRDAMDIS/DIMSWE-feature-study-20260828/m1y_test2b_20260828_workspace/external-results/m1y-test2b-20260828/production/representation-B/m1y-seed0-m20-10k/checkpoint_000010000_parameters.npz,Y,TRAINING TRUTH SUPPORT,0,80,POST-HOC CHECKPOINT EVALUATION,R_all,maximum_absolute_error,2.4111126407302414e-12,POST-HOC FINAL CHECKPOINT EVALUATION,true
t2b-b-m1y,Test 2B,B,M1-Y,M1-Y,10000,1adbd173137cbf10928ee4b25865258fc97f74b3c2c4c0a09cfd8629020566ab,3a829ffff2c2ee96946c197e18a7bd7d7495c255212c61bec1b3d24d788a71ee,/Users/arjunsharma/Documents/SandiaProjects/4-LDRDAMDIS/DIMSWE-feature-study-20260828/m1y_test2b_20260828_workspace/external-results/m1y-test2b-20260828/production/representation-B/m1y-seed0-m20-10k/checkpoint_000010000_parameters.npz,Y,TRAINING TRUTH SUPPORT,0,80,POST-HOC CHECKPOINT EVALUATION,R_all,signed_mass_weighted_bias,-6.321034376692915e-16,POST-HOC FINAL CHECKPOINT EVALUATION,true
t2b-b-m1y,Test 2B,B,M1-Y,M1-Y,10000,1adbd173137cbf10928ee4b25865258fc97f74b3c2c4c0a09cfd8629020566ab,3a829ffff2c2ee96946c197e18a7bd7d7495c255212c61bec1b3d24d788a71ee,/Users/arjunsharma/Documents/SandiaProjects/4-LDRDAMDIS/DIMSWE-feature-study-20260828/m1y_test2b_20260828_workspace/external-results/m1y-test2b-20260828/production/representation-B/m1y-seed0-m20-10k/checkpoint_000010000_parameters.npz,Y,TRAINING TRUTH SUPPORT,0,80,POST-HOC CHECKPOINT EVALUATION,R_all,correlation,0.9997080161700259,POST-HOC FINAL CHECKPOINT EVALUATION,true
t2b-b-m1y,Test 2B,B,M1-Y,M1-Y,10000,1adbd173137cbf10928ee4b25865258fc97f74b3c2c4c0a09cfd8629020566ab,3a829ffff2c2ee96946c197e18a7bd7d7495c255212c61bec1b3d24d788a71ee,/Users/arjunsharma/Documents/SandiaProjects/4-LDRDAMDIS/DIMSWE-feature-study-20260828/m1y_test2b_20260828_workspace/external-results/m1y-test2b-20260828/production/representation-B/m1y-seed0-m20-10k/checkpoint_000010000_parameters.npz,Y,TRAINING TRUTH SUPPORT,0,80,POST-HOC CHECKPOINT EVALUATION,R_all,cosine,0.9997095172906264,POST-HOC FINAL CHECKPOINT EVALUATION,true
t2b-b-m1y,Test 2B,B,M1-Y,M1-Y,10000,1adbd173137cbf10928ee4b25865258fc97f74b3c2c4c0a09cfd8629020566ab,3a829ffff2c2ee96946c197e18a7bd7d7495c255212c61bec1b3d24d788a71ee,/Users/arjunsharma/Documents/SandiaProjects/4-LDRDAMDIS/DIMSWE-feature-study-20260828/m1y_test2b_20260828_workspace/external-results/m1y-test2b-20260828/production/representation-B/m1y-seed0-m20-10k/checkpoint_000010000_parameters.npz,Y,TRAINING TRUTH SUPPORT,0,80,POST-HOC CHECKPOINT EVALUATION,R_all,target_RMS,1.7177527599071018e-12,POST-HOC FINAL CHECKPOINT EVALUATION,true
t2b-b-m1y,Test 2B,B,M1-Y,M1-Y,10000,1adbd173137cbf10928ee4b25865258fc97f74b3c2c4c0a09cfd8629020566ab,3a829ffff2c2ee96946c197e18a7bd7d7495c255212c61bec1b3d24d788a71ee,/Users/arjunsharma/Documents/SandiaProjects/4-LDRDAMDIS/DIMSWE-feature-study-20260828/m1y_test2b_20260828_workspace/external-results/m1y-test2b-20260828/production/representation-B/m1y-seed0-m20-10k/checkpoint_000010000_parameters.npz,Y,TRAINING TRUTH SUPPORT,0,80,POST-HOC CHECKPOINT EVALUATION,R_all,prediction_RMS,1.7166351933531543e-12,POST-HOC FINAL CHECKPOINT EVALUATION,true
t2b-b-m1y,Test 2B,B,M1-Y,M1-Y,10000,1adbd173137cbf10928ee4b25865258fc97f74b3c2c4c0a09cfd8629020566ab,3a829ffff2c2ee96946c197e18a7bd7d7495c255212c61bec1b3d24d788a71ee,/Users/arjunsharma/Documents/SandiaProjects/4-LDRDAMDIS/DIMSWE-feature-study-20260828/m1y_test2b_20260828_workspace/external-results/m1y-test2b-20260828/production/representation-B/m1y-seed0-m20-10k/checkpoint_000010000_parameters.npz,Y,TRAINING TRUTH SUPPORT,0,80,POST-HOC CHECKPOINT EVALUATION,R_all,sample_count,5308416,POST-HOC FINAL CHECKPOINT EVALUATION,true
t2b-b-m1y,Test 2B,B,M1-Y,M1-Y,10000,1adbd173137cbf10928ee4b25865258fc97f74b3c2c4c0a09cfd8629020566ab,3a829ffff2c2ee96946c197e18a7bd7d7495c255212c61bec1b3d24d788a71ee,/Users/arjunsharma/Documents/SandiaProjects/4-LDRDAMDIS/DIMSWE-feature-study-20260828/m1y_test2b_20260828_workspace/external-results/m1y-test2b-20260828/production/representation-B/m1y-seed0-m20-10k/checkpoint_000010000_parameters.npz,Y,TRAINING TRUTH SUPPORT,0,80,POST-HOC CHECKPOINT EVALUATION,R_truth_active,normalized_RMS_error,0.016274768180036123,POST-HOC FINAL CHECKPOINT EVALUATION,true
t2b-b-m1y,Test 2B,B,M1-Y,M1-Y,10000,1adbd173137cbf10928ee4b25865258fc97f74b3c2c4c0a09cfd8629020566ab,3a829ffff2c2ee96946c197e18a7bd7d7495c255212c61bec1b3d24d788a71ee,/Users/arjunsharma/Documents/SandiaProjects/4-LDRDAMDIS/DIMSWE-feature-study-20260828/m1y_test2b_20260828_workspace/external-results/m1y-test2b-20260828/production/representation-B/m1y-seed0-m20-10k/checkpoint_000010000_parameters.npz,Y,TRAINING TRUTH SUPPORT,0,80,POST-HOC CHECKPOINT EVALUATION,R_truth_active,relative_RMS_error,0.016277812407164614,POST-HOC FINAL CHECKPOINT EVALUATION,true
t2b-b-m1y,Test 2B,B,M1-Y,M1-Y,10000,1adbd173137cbf10928ee4b25865258fc97f74b3c2c4c0a09cfd8629020566ab,3a829ffff2c2ee96946c197e18a7bd7d7495c255212c61bec1b3d24d788a71ee,/Users/arjunsharma/Documents/SandiaProjects/4-LDRDAMDIS/DIMSWE-feature-study-20260828/m1y_test2b_20260828_workspace/external-results/m1y-test2b-20260828/production/representation-B/m1y-seed0-m20-10k/checkpoint_000010000_parameters.npz,Y,TRAINING TRUTH SUPPORT,0,80,POST-HOC CHECKPOINT EVALUATION,R_truth_active,physical_RMS_error,3.2391461589899204e-13,POST-HOC FINAL CHECKPOINT EVALUATION,true
t2b-b-m1y,Test 2B,B,M1-Y,M1-Y,10000,1adbd173137cbf10928ee4b25865258fc97f74b3c2c4c0a09cfd8629020566ab,3a829ffff2c2ee96946c197e18a7bd7d7495c255212c61bec1b3d24d788a71ee,/Users/arjunsharma/Documents/SandiaProjects/4-LDRDAMDIS/DIMSWE-feature-study-20260828/m1y_test2b_20260828_workspace/external-results/m1y-test2b-20260828/production/representation-B/m1y-seed0-m20-10k/checkpoint_000010000_parameters.npz,Y,TRAINING TRUTH SUPPORT,0,80,POST-HOC CHECKPOINT EVALUATION,R_truth_active,maximum_absolute_error,2.4111126407302414e-12,POST-HOC FINAL CHECKPOINT EVALUATION,true
t2b-b-m1y,Test 2B,B,M1-Y,M1-Y,10000,1adbd173137cbf10928ee4b25865258fc97f74b3c2c4c0a09cfd8629020566ab,3a829ffff2c2ee96946c197e18a7bd7d7495c255212c61bec1b3d24d788a71ee,/Users/arjunsharma/Documents/SandiaProjects/4-LDRDAMDIS/DIMSWE-feature-study-20260828/m1y_test2b_20260828_workspace/external-results/m1y-test2b-20260828/production/representation-B/m1y-seed0-m20-10k/checkpoint_000010000_parameters.npz,Y,TRAINING TRUTH SUPPORT,0,80,POST-HOC CHECKPOINT EVALUATION,R_truth_active,signed_mass_weighted_bias,-5.625326446429167e-15,POST-HOC FINAL CHECKPOINT EVALUATION,true
t2b-b-m1y,Test 2B,B,M1-Y,M1-Y,10000,1adbd173137cbf10928ee4b25865258fc97f74b3c2c4c0a09cfd8629020566ab,3a829ffff2c2ee96946c197e18a7bd7d7495c255212c61bec1b3d24d788a71ee,/Users/arjunsharma/Documents/SandiaProjects/4-LDRDAMDIS/DIMSWE-feature-study-20260828/m1y_test2b_20260828_workspace/external-results/m1y-test2b-20260828/production/representation-B/m1y-seed0-m20-10k/checkpoint_000010000_parameters.npz,Y,TRAINING TRUTH SUPPORT,0,80,POST-HOC CHECKPOINT EVALUATION,R_truth_active,correlation,0.999533383754553,POST-HOC FINAL CHECKPOINT EVALUATION,true
t2b-b-m1y,Test 2B,B,M1-Y,M1-Y,10000,1adbd173137cbf10928ee4b25865258fc97f74b3c2c4c0a09cfd8629020566ab,3a829ffff2c2ee96946c197e18a7bd7d7495c255212c61bec1b3d24d788a71ee,/Users/arjunsharma/Documents/SandiaProjects/4-LDRDAMDIS/DIMSWE-feature-study-20260828/m1y_test2b_20260828_workspace/external-results/m1y-test2b-20260828/production/representation-B/m1y-seed0-m20-10k/checkpoint_000010000_parameters.npz,Y,TRAINING TRUTH SUPPORT,0,80,POST-HOC CHECKPOINT EVALUATION,R_truth_active,cosine,0.9998677364717496,POST-HOC FINAL CHECKPOINT EVALUATION,true
t2b-b-m1y,Test 2B,B,M1-Y,M1-Y,10000,1adbd173137cbf10928ee4b25865258fc97f74b3c2c4c0a09cfd8629020566ab,3a829ffff2c2ee96946c197e18a7bd7d7495c255212c61bec1b3d24d788a71ee,/Users/arjunsharma/Documents/SandiaProjects/4-LDRDAMDIS/DIMSWE-feature-study-20260828/m1y_test2b_20260828_workspace/external-results/m1y-test2b-20260828/production/representation-B/m1y-seed0-m20-10k/checkpoint_000010000_parameters.npz,Y,TRAINING TRUTH SUPPORT,0,80,POST-HOC CHECKPOINT EVALUATION,R_truth_active,target_RMS,1.9899149086914304e-11,POST-HOC FINAL CHECKPOINT EVALUATION,true
t2b-b-m1y,Test 2B,B,M1-Y,M1-Y,10000,1adbd173137cbf10928ee4b25865258fc97f74b3c2c4c0a09cfd8629020566ab,3a829ffff2c2ee96946c197e18a7bd7d7495c255212c61bec1b3d24d788a71ee,/Users/arjunsharma/Documents/SandiaProjects/4-LDRDAMDIS/DIMSWE-feature-study-20260828/m1y_test2b_20260828_workspace/external-results/m1y-test2b-20260828/production/representation-B/m1y-seed0-m20-10k/checkpoint_000010000_parameters.npz,Y,TRAINING TRUTH SUPPORT,0,80,POST-HOC CHECKPOINT EVALUATION,R_truth_active,prediction_RMS,1.9883055944889253e-11,POST-HOC FINAL CHECKPOINT EVALUATION,true
t2b-b-m1y,Test 2B,B,M1-Y,M1-Y,10000,1adbd173137cbf10928ee4b25865258fc97f74b3c2c4c0a09cfd8629020566ab,3a829ffff2c2ee96946c197e18a7bd7d7495c255212c61bec1b3d24d788a71ee,/Users/arjunsharma/Documents/SandiaProjects/4-LDRDAMDIS/DIMSWE-feature-study-20260828/m1y_test2b_20260828_workspace/external-results/m1y-test2b-20260828/production/representation-B/m1y-seed0-m20-10k/checkpoint_000010000_parameters.npz,Y,TRAINING TRUTH SUPPORT,0,80,POST-HOC CHECKPOINT EVALUATION,R_truth_active,sample_count,40776,POST-HOC FINAL CHECKPOINT EVALUATION,true
t2b-b-m1y,Test 2B,B,M1-Y,M1-Y,10000,1adbd173137cbf10928ee4b25865258fc97f74b3c2c4c0a09cfd8629020566ab,3a829ffff2c2ee96946c197e18a7bd7d7495c255212c61bec1b3d24d788a71ee,/Users/arjunsharma/Documents/SandiaProjects/4-LDRDAMDIS/DIMSWE-feature-study-20260828/m1y_test2b_20260828_workspace/external-results/m1y-test2b-20260828/production/representation-B/m1y-seed0-m20-10k/checkpoint_000010000_parameters.npz,Y,TRAINING TRUTH SUPPORT,0,80,POST-HOC CHECKPOINT EVALUATION,R_activation,truth_active_sample_count,40776,POST-HOC FINAL CHECKPOINT EVALUATION,true
t2b-b-m1y,Test 2B,B,M1-Y,M1-Y,10000,1adbd173137cbf10928ee4b25865258fc97f74b3c2c4c0a09cfd8629020566ab,3a829ffff2c2ee96946c197e18a7bd7d7495c255212c61bec1b3d24d788a71ee,/Users/arjunsharma/Documents/SandiaProjects/4-LDRDAMDIS/DIMSWE-feature-study-20260828/m1y_test2b_20260828_workspace/external-results/m1y-test2b-20260828/production/representation-B/m1y-seed0-m20-10k/checkpoint_000010000_parameters.npz,Y,TRAINING TRUTH SUPPORT,0,80,POST-HOC CHECKPOINT EVALUATION,R_activation,truth_active_sample_fraction,0.007681387442129629,POST-HOC FINAL CHECKPOINT EVALUATION,true
t2b-b-m1y,Test 2B,B,M1-Y,M1-Y,10000,1adbd173137cbf10928ee4b25865258fc97f74b3c2c4c0a09cfd8629020566ab,3a829ffff2c2ee96946c197e18a7bd7d7495c255212c61bec1b3d24d788a71ee,/Users/arjunsharma/Documents/SandiaProjects/4-LDRDAMDIS/DIMSWE-feature-study-20260828/m1y_test2b_20260828_workspace/external-results/m1y-test2b-20260828/production/representation-B/m1y-seed0-m20-10k/checkpoint_000010000_parameters.npz,Y,TRAINING TRUTH SUPPORT,0,80,POST-HOC CHECKPOINT EVALUATION,R_activation,predicted_meaningful_positive_fraction,0.2853077076099537,POST-HOC FINAL CHECKPOINT EVALUATION,true
t2b-b-m1y,Test 2B,B,M1-Y,M1-Y,10000,1adbd173137cbf10928ee4b25865258fc97f74b3c2c4c0a09cfd8629020566ab,3a829ffff2c2ee96946c197e18a7bd7d7495c255212c61bec1b3d24d788a71ee,/Users/arjunsharma/Documents/SandiaProjects/4-LDRDAMDIS/DIMSWE-feature-study-20260828/m1y_test2b_20260828_workspace/external-results/m1y-test2b-20260828/production/representation-B/m1y-seed0-m20-10k/checkpoint_000010000_parameters.npz,Y,TRAINING TRUTH SUPPORT,0,80,POST-HOC CHECKPOINT EVALUATION,R_activation,predicted_meaningful_negative_fraction,0.7146915388695988,POST-HOC FINAL CHECKPOINT EVALUATION,true
t2b-b-m1y,Test 2B,B,M1-Y,M1-Y,10000,1adbd173137cbf10928ee4b25865258fc97f74b3c2c4c0a09cfd8629020566ab,3a829ffff2c2ee96946c197e18a7bd7d7495c255212c61bec1b3d24d788a71ee,/Users/arjunsharma/Documents/SandiaProjects/4-LDRDAMDIS/DIMSWE-feature-study-20260828/m1y_test2b_20260828_workspace/external-results/m1y-test2b-20260828/production/representation-B/m1y-seed0-m20-10k/checkpoint_000010000_parameters.npz,Y,TRAINING TRUTH SUPPORT,0,80,POST-HOC CHECKPOINT EVALUATION,R_activation,predicted_exact_positive_fraction,0.28530808437017746,POST-HOC FINAL CHECKPOINT EVALUATION,true
t2b-b-m1y,Test 2B,B,M1-Y,M1-Y,10000,1adbd173137cbf10928ee4b25865258fc97f74b3c2c4c0a09cfd8629020566ab,3a829ffff2c2ee96946c197e18a7bd7d7495c255212c61bec1b3d24d788a71ee,/Users/arjunsharma/Documents/SandiaProjects/4-LDRDAMDIS/DIMSWE-feature-study-20260828/m1y_test2b_20260828_workspace/external-results/m1y-test2b-20260828/production/representation-B/m1y-seed0-m20-10k/checkpoint_000010000_parameters.npz,Y,TRAINING TRUTH SUPPORT,0,80,POST-HOC CHECKPOINT EVALUATION,R_activation,predicted_exact_negative_fraction,0.7146919156298225,POST-HOC FINAL CHECKPOINT EVALUATION,true
t2b-b-m1y,Test 2B,B,M1-Y,M1-Y,10000,1adbd173137cbf10928ee4b25865258fc97f74b3c2c4c0a09cfd8629020566ab,3a829ffff2c2ee96946c197e18a7bd7d7495c255212c61bec1b3d24d788a71ee,/Users/arjunsharma/Documents/SandiaProjects/4-LDRDAMDIS/DIMSWE-feature-study-20260828/m1y_test2b_20260828_workspace/external-results/m1y-test2b-20260828/production/representation-B/m1y-seed0-m20-10k/checkpoint_000010000_parameters.npz,Y,TRAINING TRUTH SUPPORT,0,80,POST-HOC CHECKPOINT EVALUATION,R_activation,false_positive_count,1473756,POST-HOC FINAL CHECKPOINT EVALUATION,true
t2b-b-m1y,Test 2B,B,M1-Y,M1-Y,10000,1adbd173137cbf10928ee4b25865258fc97f74b3c2c4c0a09cfd8629020566ab,3a829ffff2c2ee96946c197e18a7bd7d7495c255212c61bec1b3d24d788a71ee,/Users/arjunsharma/Documents/SandiaProjects/4-LDRDAMDIS/DIMSWE-feature-study-20260828/m1y_test2b_20260828_workspace/external-results/m1y-test2b-20260828/production/representation-B/m1y-seed0-m20-10k/checkpoint_000010000_parameters.npz,Y,TRAINING TRUTH SUPPORT,0,80,POST-HOC CHECKPOINT EVALUATION,R_activation,false_positive_fraction_all_samples,0.27762632016782407,POST-HOC FINAL CHECKPOINT EVALUATION,true
t2b-b-m1y,Test 2B,B,M1-Y,M1-Y,10000,1adbd173137cbf10928ee4b25865258fc97f74b3c2c4c0a09cfd8629020566ab,3a829ffff2c2ee96946c197e18a7bd7d7495c255212c61bec1b3d24d788a71ee,/Users/arjunsharma/Documents/SandiaProjects/4-LDRDAMDIS/DIMSWE-feature-study-20260828/m1y_test2b_20260828_workspace/external-results/m1y-test2b-20260828/production/representation-B/m1y-seed0-m20-10k/checkpoint_000010000_parameters.npz,Y,TRAINING TRUTH SUPPORT,0,80,POST-HOC CHECKPOINT EVALUATION,R_activation,false_positive_rate_given_truth_inactive,0.2797753832835957,POST-HOC FINAL CHECKPOINT EVALUATION,true
t2b-b-m1y,Test 2B,B,M1-Y,M1-Y,10000,1adbd173137cbf10928ee4b25865258fc97f74b3c2c4c0a09cfd8629020566ab,3a829ffff2c2ee96946c197e18a7bd7d7495c255212c61bec1b3d24d788a71ee,/Users/arjunsharma/Documents/SandiaProjects/4-LDRDAMDIS/DIMSWE-feature-study-20260828/m1y_test2b_20260828_workspace/external-results/m1y-test2b-20260828/production/representation-B/m1y-seed0-m20-10k/checkpoint_000010000_parameters.npz,Y,TRAINING TRUTH SUPPORT,0,80,POST-HOC CHECKPOINT EVALUATION,R_activation,false_negative_count,0,POST-HOC FINAL CHECKPOINT EVALUATION,true
t2b-b-m1y,Test 2B,B,M1-Y,M1-Y,10000,1adbd173137cbf10928ee4b25865258fc97f74b3c2c4c0a09cfd8629020566ab,3a829ffff2c2ee96946c197e18a7bd7d7495c255212c61bec1b3d24d788a71ee,/Users/arjunsharma/Documents/SandiaProjects/4-LDRDAMDIS/DIMSWE-feature-study-20260828/m1y_test2b_20260828_workspace/external-results/m1y-test2b-20260828/production/representation-B/m1y-seed0-m20-10k/checkpoint_000010000_parameters.npz,Y,TRAINING TRUTH SUPPORT,0,80,POST-HOC CHECKPOINT EVALUATION,R_activation,false_negative_fraction_all_samples,0.0,POST-HOC FINAL CHECKPOINT EVALUATION,true
t2b-b-m1y,Test 2B,B,M1-Y,M1-Y,10000,1adbd173137cbf10928ee4b25865258fc97f74b3c2c4c0a09cfd8629020566ab,3a829ffff2c2ee96946c197e18a7bd7d7495c255212c61bec1b3d24d788a71ee,/Users/arjunsharma/Documents/SandiaProjects/4-LDRDAMDIS/DIMSWE-feature-study-20260828/m1y_test2b_20260828_workspace/external-results/m1y-test2b-20260828/production/representation-B/m1y-seed0-m20-10k/checkpoint_000010000_parameters.npz,Y,TRAINING TRUTH SUPPORT,0,80,POST-HOC CHECKPOINT EVALUATION,R_activation,false_negative_rate_given_truth_active,0.0,POST-HOC FINAL CHECKPOINT EVALUATION,true
t2b-b-m1y,Test 2B,B,M1-Y,M1-Y,10000,1adbd173137cbf10928ee4b25865258fc97f74b3c2c4c0a09cfd8629020566ab,3a829ffff2c2ee96946c197e18a7bd7d7495c255212c61bec1b3d24d788a71ee,/Users/arjunsharma/Documents/SandiaProjects/4-LDRDAMDIS/DIMSWE-feature-study-20260828/m1y_test2b_20260828_workspace/external-results/m1y-test2b-20260828/production/representation-B/m1y-seed0-m20-10k/checkpoint_000010000_parameters.npz,Y,TRAINING TRUTH SUPPORT,0,80,POST-HOC CHECKPOINT EVALUATION,R_activation,first_meaningful_positive_predicted_step,0,POST-HOC FINAL CHECKPOINT EVALUATION,true
t2b-b-m1y,Test 2B,B,M1-Y,M1-Y,10000,1adbd173137cbf10928ee4b25865258fc97f74b3c2c4c0a09cfd8629020566ab,3a829ffff2c2ee96946c197e18a7bd7d7495c255212c61bec1b3d24d788a71ee,/Users/arjunsharma/Documents/SandiaProjects/4-LDRDAMDIS/DIMSWE-feature-study-20260828/m1y_test2b_20260828_workspace/external-results/m1y-test2b-20260828/production/representation-B/m1y-seed0-m20-10k/checkpoint_000010000_parameters.npz,Y,TRAINING TRUTH SUPPORT,0,80,POST-HOC CHECKPOINT EVALUATION,R_activation,first_meaningful_positive_truth_step,51,POST-HOC FINAL CHECKPOINT EVALUATION,true
t2b-b-m1y,Test 2B,B,M1-Y,M1-Y,10000,1adbd173137cbf10928ee4b25865258fc97f74b3c2c4c0a09cfd8629020566ab,3a829ffff2c2ee96946c197e18a7bd7d7495c255212c61bec1b3d24d788a71ee,/Users/arjunsharma/Documents/SandiaProjects/4-LDRDAMDIS/DIMSWE-feature-study-20260828/m1y_test2b_20260828_workspace/external-results/m1y-test2b-20260828/production/representation-B/m1y-seed0-m20-10k/checkpoint_000010000_parameters.npz,Y,TRAINING TRUTH SUPPORT,0,80,POST-HOC CHECKPOINT EVALUATION,R_activation,maximum_predicted_R,5.2514046273238795e-11,POST-HOC FINAL CHECKPOINT EVALUATION,true
t2b-b-m1y,Test 2B,B,M1-Y,M1-Y,10000,1adbd173137cbf10928ee4b25865258fc97f74b3c2c4c0a09cfd8629020566ab,3a829ffff2c2ee96946c197e18a7bd7d7495c255212c61bec1b3d24d788a71ee,/Users/arjunsharma/Documents/SandiaProjects/4-LDRDAMDIS/DIMSWE-feature-study-20260828/m1y_test2b_20260828_workspace/external-results/m1y-test2b-20260828/production/representation-B/m1y-seed0-m20-10k/checkpoint_000010000_parameters.npz,Y,TRAINING TRUTH SUPPORT,0,80,POST-HOC CHECKPOINT EVALUATION,R_activation,minimum_predicted_R,-5.582174781737687e-13,POST-HOC FINAL CHECKPOINT EVALUATION,true
t2b-b-m1y,Test 2B,B,M1-Y,M1-Y,10000,1adbd173137cbf10928ee4b25865258fc97f74b3c2c4c0a09cfd8629020566ab,3a829ffff2c2ee96946c197e18a7bd7d7495c255212c61bec1b3d24d788a71ee,/Users/arjunsharma/Documents/SandiaProjects/4-LDRDAMDIS/DIMSWE-feature-study-20260828/m1y_test2b_20260828_workspace/external-results/m1y-test2b-20260828/production/representation-B/m1y-seed0-m20-10k/checkpoint_000010000_parameters.npz,Y,TRAINING TRUTH SUPPORT,0,80,POST-HOC CHECKPOINT EVALUATION,R_activation,activity_numerical_tolerance,1.2119968976504772e-20,POST-HOC FINAL CHECKPOINT EVALUATION,true
t2b-b-m1y,Test 2B,B,M1-Y,M1-Y,10000,1adbd173137cbf10928ee4b25865258fc97f74b3c2c4c0a09cfd8629020566ab,3a829ffff2c2ee96946c197e18a7bd7d7495c255212c61bec1b3d24d788a71ee,/Users/arjunsharma/Documents/SandiaProjects/4-LDRDAMDIS/DIMSWE-feature-study-20260828/m1y_test2b_20260828_workspace/external-results/m1y-test2b-20260828/production/representation-B/m1y-seed0-m20-10k/checkpoint_000010000_parameters.npz,Y,TRAINING TRUTH SUPPORT,0,80,POST-HOC CHECKPOINT EVALUATION,R_activation,sample_count,5308416,POST-HOC FINAL CHECKPOINT EVALUATION,true
t2b-c-m1x,Test 2B,C,M1-X,M1-X,10000,8ad9c8017c9304827d8e9e73392c3a9503f7de05a38b86baf52f4351c35615e4,e13a7bd42f3f773d068a6cc0c1344a3a8db0caef74a269ce7980b0b50f91e3b0,/Users/arjunsharma/Documents/SandiaProjects/4-LDRDAMDIS/DIMSWE-study-d0eb615/external-results/test2b-rain-active-learning/production/representation-C/m1-seed0-m20-10k/checkpoint_000010000_parameters.npz,Y,TRAINING TRUTH SUPPORT,0,80,POST-HOC CHECKPOINT EVALUATION,operator,normalized_objective,0.0002848690637274083,POST-HOC FINAL CHECKPOINT EVALUATION,false
t2b-c-m1x,Test 2B,C,M1-X,M1-X,10000,8ad9c8017c9304827d8e9e73392c3a9503f7de05a38b86baf52f4351c35615e4,e13a7bd42f3f773d068a6cc0c1344a3a8db0caef74a269ce7980b0b50f91e3b0,/Users/arjunsharma/Documents/SandiaProjects/4-LDRDAMDIS/DIMSWE-study-d0eb615/external-results/test2b-rain-active-learning/production/representation-C/m1-seed0-m20-10k/checkpoint_000010000_parameters.npz,Y,TRAINING TRUTH SUPPORT,0,80,POST-HOC CHECKPOINT EVALUATION,operator,numerator,1735795760587.676,POST-HOC FINAL CHECKPOINT EVALUATION,false
t2b-c-m1x,Test 2B,C,M1-X,M1-X,10000,8ad9c8017c9304827d8e9e73392c3a9503f7de05a38b86baf52f4351c35615e4,e13a7bd42f3f773d068a6cc0c1344a3a8db0caef74a269ce7980b0b50f91e3b0,/Users/arjunsharma/Documents/SandiaProjects/4-LDRDAMDIS/DIMSWE-study-d0eb615/external-results/test2b-rain-active-learning/production/representation-C/m1-seed0-m20-10k/checkpoint_000010000_parameters.npz,Y,TRAINING TRUTH SUPPORT,0,80,POST-HOC CHECKPOINT EVALUATION,operator,denominator,6093310863157334.0,POST-HOC FINAL CHECKPOINT EVALUATION,false
t2b-c-m1x,Test 2B,C,M1-X,M1-X,10000,8ad9c8017c9304827d8e9e73392c3a9503f7de05a38b86baf52f4351c35615e4,e13a7bd42f3f773d068a6cc0c1344a3a8db0caef74a269ce7980b0b50f91e3b0,/Users/arjunsharma/Documents/SandiaProjects/4-LDRDAMDIS/DIMSWE-study-d0eb615/external-results/test2b-rain-active-learning/production/representation-C/m1-seed0-m20-10k/checkpoint_000010000_parameters.npz,Y,TRAINING TRUTH SUPPORT,0,80,POST-HOC CHECKPOINT EVALUATION,source_components.S,normalized_RMS_error,0.016775666600981898,POST-HOC FINAL CHECKPOINT EVALUATION,false
t2b-c-m1x,Test 2B,C,M1-X,M1-X,10000,8ad9c8017c9304827d8e9e73392c3a9503f7de05a38b86baf52f4351c35615e4,e13a7bd42f3f773d068a6cc0c1344a3a8db0caef74a269ce7980b0b50f91e3b0,/Users/arjunsharma/Documents/SandiaProjects/4-LDRDAMDIS/DIMSWE-study-d0eb615/external-results/test2b-rain-active-learning/production/representation-C/m1-seed0-m20-10k/checkpoint_000010000_parameters.npz,Y,TRAINING TRUTH SUPPORT,0,80,POST-HOC CHECKPOINT EVALUATION,source_components.S,relative_RMS_error,0.0167712163481893,POST-HOC FINAL CHECKPOINT EVALUATION,false
t2b-c-m1x,Test 2B,C,M1-X,M1-X,10000,8ad9c8017c9304827d8e9e73392c3a9503f7de05a38b86baf52f4351c35615e4,e13a7bd42f3f773d068a6cc0c1344a3a8db0caef74a269ce7980b0b50f91e3b0,/Users/arjunsharma/Documents/SandiaProjects/4-LDRDAMDIS/DIMSWE-study-d0eb615/external-results/test2b-rain-active-learning/production/representation-C/m1-seed0-m20-10k/checkpoint_000010000_parameters.npz,Y,TRAINING TRUTH SUPPORT,0,80,POST-HOC CHECKPOINT EVALUATION,source_components.S,physical_RMS_error,0.00011191848672990762,POST-HOC FINAL CHECKPOINT EVALUATION,false
t2b-c-m1x,Test 2B,C,M1-X,M1-X,10000,8ad9c8017c9304827d8e9e73392c3a9503f7de05a38b86baf52f4351c35615e4,e13a7bd42f3f773d068a6cc0c1344a3a8db0caef74a269ce7980b0b50f91e3b0,/Users/arjunsharma/Documents/SandiaProjects/4-LDRDAMDIS/DIMSWE-study-d0eb615/external-results/test2b-rain-active-learning/production/representation-C/m1-seed0-m20-10k/checkpoint_000010000_parameters.npz,Y,TRAINING TRUTH SUPPORT,0,80,POST-HOC CHECKPOINT EVALUATION,source_components.S,maximum_absolute_error,0.0028553883307587363,POST-HOC FINAL CHECKPOINT EVALUATION,false
t2b-c-m1x,Test 2B,C,M1-X,M1-X,10000,8ad9c8017c9304827d8e9e73392c3a9503f7de05a38b86baf52f4351c35615e4,e13a7bd42f3f773d068a6cc0c1344a3a8db0caef74a269ce7980b0b50f91e3b0,/Users/arjunsharma/Documents/SandiaProjects/4-LDRDAMDIS/DIMSWE-study-d0eb615/external-results/test2b-rain-active-learning/production/representation-C/m1-seed0-m20-10k/checkpoint_000010000_parameters.npz,Y,TRAINING TRUTH SUPPORT,0,80,POST-HOC CHECKPOINT EVALUATION,source_components.S,signed_mass_weighted_bias,-4.732853656451703e-06,POST-HOC FINAL CHECKPOINT EVALUATION,false
t2b-c-m1x,Test 2B,C,M1-X,M1-X,10000,8ad9c8017c9304827d8e9e73392c3a9503f7de05a38b86baf52f4351c35615e4,e13a7bd42f3f773d068a6cc0c1344a3a8db0caef74a269ce7980b0b50f91e3b0,/Users/arjunsharma/Documents/SandiaProjects/4-LDRDAMDIS/DIMSWE-study-d0eb615/external-results/test2b-rain-active-learning/production/representation-C/m1-seed0-m20-10k/checkpoint_000010000_parameters.npz,Y,TRAINING TRUTH SUPPORT,0,80,POST-HOC CHECKPOINT EVALUATION,source_components.S,correlation,0.9998578468115122,POST-HOC FINAL CHECKPOINT EVALUATION,false
t2b-c-m1x,Test 2B,C,M1-X,M1-X,10000,8ad9c8017c9304827d8e9e73392c3a9503f7de05a38b86baf52f4351c35615e4,e13a7bd42f3f773d068a6cc0c1344a3a8db0caef74a269ce7980b0b50f91e3b0,/Users/arjunsharma/Documents/SandiaProjects/4-LDRDAMDIS/DIMSWE-study-d0eb615/external-results/test2b-rain-active-learning/production/representation-C/m1-seed0-m20-10k/checkpoint_000010000_parameters.npz,Y,TRAINING TRUTH SUPPORT,0,80,POST-HOC CHECKPOINT EVALUATION,source_components.S,cosine,0.9998593533608133,POST-HOC FINAL CHECKPOINT EVALUATION,false
t2b-c-m1x,Test 2B,C,M1-X,M1-X,10000,8ad9c8017c9304827d8e9e73392c3a9503f7de05a38b86baf52f4351c35615e4,e13a7bd42f3f773d068a6cc0c1344a3a8db0caef74a269ce7980b0b50f91e3b0,/Users/arjunsharma/Documents/SandiaProjects/4-LDRDAMDIS/DIMSWE-study-d0eb615/external-results/test2b-rain-active-learning/production/representation-C/m1-seed0-m20-10k/checkpoint_000010000_parameters.npz,Y,TRAINING TRUTH SUPPORT,0,80,POST-HOC CHECKPOINT EVALUATION,source_components.S,target_RMS,0.006673248046316622,POST-HOC FINAL CHECKPOINT EVALUATION,false
t2b-c-m1x,Test 2B,C,M1-X,M1-X,10000,8ad9c8017c9304827d8e9e73392c3a9503f7de05a38b86baf52f4351c35615e4,e13a7bd42f3f773d068a6cc0c1344a3a8db0caef74a269ce7980b0b50f91e3b0,/Users/arjunsharma/Documents/SandiaProjects/4-LDRDAMDIS/DIMSWE-study-d0eb615/external-results/test2b-rain-active-learning/production/representation-C/m1-seed0-m20-10k/checkpoint_000010000_parameters.npz,Y,TRAINING TRUTH SUPPORT,0,80,POST-HOC CHECKPOINT EVALUATION,source_components.S,prediction_RMS,0.006672214889738774,POST-HOC FINAL CHECKPOINT EVALUATION,false
t2b-c-m1x,Test 2B,C,M1-X,M1-X,10000,8ad9c8017c9304827d8e9e73392c3a9503f7de05a38b86baf52f4351c35615e4,e13a7bd42f3f773d068a6cc0c1344a3a8db0caef74a269ce7980b0b50f91e3b0,/Users/arjunsharma/Documents/SandiaProjects/4-LDRDAMDIS/DIMSWE-study-d0eb615/external-results/test2b-rain-active-learning/production/representation-C/m1-seed0-m20-10k/checkpoint_000010000_parameters.npz,Y,TRAINING TRUTH SUPPORT,0,80,POST-HOC CHECKPOINT EVALUATION,source_components.S,sample_count,5308416,POST-HOC FINAL CHECKPOINT EVALUATION,false
t2b-c-m1x,Test 2B,C,M1-X,M1-X,10000,8ad9c8017c9304827d8e9e73392c3a9503f7de05a38b86baf52f4351c35615e4,e13a7bd42f3f773d068a6cc0c1344a3a8db0caef74a269ce7980b0b50f91e3b0,/Users/arjunsharma/Documents/SandiaProjects/4-LDRDAMDIS/DIMSWE-study-d0eb615/external-results/test2b-rain-active-learning/production/representation-C/m1-seed0-m20-10k/checkpoint_000010000_parameters.npz,Y,TRAINING TRUTH SUPPORT,0,80,POST-HOC CHECKPOINT EVALUATION,source_components.Qv,normalized_RMS_error,0.01663035427866684,POST-HOC FINAL CHECKPOINT EVALUATION,false
t2b-c-m1x,Test 2B,C,M1-X,M1-X,10000,8ad9c8017c9304827d8e9e73392c3a9503f7de05a38b86baf52f4351c35615e4,e13a7bd42f3f773d068a6cc0c1344a3a8db0caef74a269ce7980b0b50f91e3b0,/Users/arjunsharma/Documents/SandiaProjects/4-LDRDAMDIS/DIMSWE-study-d0eb615/external-results/test2b-rain-active-learning/production/representation-C/m1-seed0-m20-10k/checkpoint_000010000_parameters.npz,Y,TRAINING TRUTH SUPPORT,0,80,POST-HOC CHECKPOINT EVALUATION,source_components.Qv,relative_RMS_error,0.016625942574361372,POST-HOC FINAL CHECKPOINT EVALUATION,false
t2b-c-m1x,Test 2B,C,M1-X,M1-X,10000,8ad9c8017c9304827d8e9e73392c3a9503f7de05a38b86baf52f4351c35615e4,e13a7bd42f3f773d068a6cc0c1344a3a8db0caef74a269ce7980b0b50f91e3b0,/Users/arjunsharma/Documents/SandiaProjects/4-LDRDAMDIS/DIMSWE-study-d0eb615/external-results/test2b-rain-active-learning/production/representation-C/m1-seed0-m20-10k/checkpoint_000010000_parameters.npz,Y,TRAINING TRUTH SUPPORT,0,80,POST-HOC CHECKPOINT EVALUATION,source_components.Qv,physical_RMS_error,1.1314218695445457e-06,POST-HOC FINAL CHECKPOINT EVALUATION,false
t2b-c-m1x,Test 2B,C,M1-X,M1-X,10000,8ad9c8017c9304827d8e9e73392c3a9503f7de05a38b86baf52f4351c35615e4,e13a7bd42f3f773d068a6cc0c1344a3a8db0caef74a269ce7980b0b50f91e3b0,/Users/arjunsharma/Documents/SandiaProjects/4-LDRDAMDIS/DIMSWE-study-d0eb615/external-results/test2b-rain-active-learning/production/representation-C/m1-seed0-m20-10k/checkpoint_000010000_parameters.npz,Y,TRAINING TRUTH SUPPORT,0,80,POST-HOC CHECKPOINT EVALUATION,source_components.Qv,maximum_absolute_error,2.9453616226380227e-05,POST-HOC FINAL CHECKPOINT EVALUATION,false
t2b-c-m1x,Test 2B,C,M1-X,M1-X,10000,8ad9c8017c9304827d8e9e73392c3a9503f7de05a38b86baf52f4351c35615e4,e13a7bd42f3f773d068a6cc0c1344a3a8db0caef74a269ce7980b0b50f91e3b0,/Users/arjunsharma/Documents/SandiaProjects/4-LDRDAMDIS/DIMSWE-study-d0eb615/external-results/test2b-rain-active-learning/production/representation-C/m1-seed0-m20-10k/checkpoint_000010000_parameters.npz,Y,TRAINING TRUTH SUPPORT,0,80,POST-HOC CHECKPOINT EVALUATION,source_components.Qv,signed_mass_weighted_bias,-5.0960025619754565e-08,POST-HOC FINAL CHECKPOINT EVALUATION,false
t2b-c-m1x,Test 2B,C,M1-X,M1-X,10000,8ad9c8017c9304827d8e9e73392c3a9503f7de05a38b86baf52f4351c35615e4,e13a7bd42f3f773d068a6cc0c1344a3a8db0caef74a269ce7980b0b50f91e3b0,/Users/arjunsharma/Documents/SandiaProjects/4-LDRDAMDIS/DIMSWE-study-d0eb615/external-results/test2b-rain-active-learning/production/representation-C/m1-seed0-m20-10k/checkpoint_000010000_parameters.npz,Y,TRAINING TRUTH SUPPORT,0,80,POST-HOC CHECKPOINT EVALUATION,source_components.Qv,correlation,0.9998603801149869,POST-HOC FINAL CHECKPOINT EVALUATION,false
t2b-c-m1x,Test 2B,C,M1-X,M1-X,10000,8ad9c8017c9304827d8e9e73392c3a9503f7de05a38b86baf52f4351c35615e4,e13a7bd42f3f773d068a6cc0c1344a3a8db0caef74a269ce7980b0b50f91e3b0,/Users/arjunsharma/Documents/SandiaProjects/4-LDRDAMDIS/DIMSWE-study-d0eb615/external-results/test2b-rain-active-learning/production/representation-C/m1-seed0-m20-10k/checkpoint_000010000_parameters.npz,Y,TRAINING TRUTH SUPPORT,0,80,POST-HOC CHECKPOINT EVALUATION,source_components.Qv,cosine,0.9998618068774066,POST-HOC FINAL CHECKPOINT EVALUATION,false
t2b-c-m1x,Test 2B,C,M1-X,M1-X,10000,8ad9c8017c9304827d8e9e73392c3a9503f7de05a38b86baf52f4351c35615e4,e13a7bd42f3f773d068a6cc0c1344a3a8db0caef74a269ce7980b0b50f91e3b0,/Users/arjunsharma/Documents/SandiaProjects/4-LDRDAMDIS/DIMSWE-study-d0eb615/external-results/test2b-rain-active-learning/production/representation-C/m1-seed0-m20-10k/checkpoint_000010000_parameters.npz,Y,TRAINING TRUTH SUPPORT,0,80,POST-HOC CHECKPOINT EVALUATION,source_components.Qv,target_RMS,6.805159253282248e-05,POST-HOC FINAL CHECKPOINT EVALUATION,false
t2b-c-m1x,Test 2B,C,M1-X,M1-X,10000,8ad9c8017c9304827d8e9e73392c3a9503f7de05a38b86baf52f4351c35615e4,e13a7bd42f3f773d068a6cc0c1344a3a8db0caef74a269ce7980b0b50f91e3b0,/Users/arjunsharma/Documents/SandiaProjects/4-LDRDAMDIS/DIMSWE-study-d0eb615/external-results/test2b-rain-active-learning/production/representation-C/m1-seed0-m20-10k/checkpoint_000010000_parameters.npz,Y,TRAINING TRUTH SUPPORT,0,80,POST-HOC CHECKPOINT EVALUATION,source_components.Qv,prediction_RMS,6.802625509250897e-05,POST-HOC FINAL CHECKPOINT EVALUATION,false
t2b-c-m1x,Test 2B,C,M1-X,M1-X,10000,8ad9c8017c9304827d8e9e73392c3a9503f7de05a38b86baf52f4351c35615e4,e13a7bd42f3f773d068a6cc0c1344a3a8db0caef74a269ce7980b0b50f91e3b0,/Users/arjunsharma/Documents/SandiaProjects/4-LDRDAMDIS/DIMSWE-study-d0eb615/external-results/test2b-rain-active-learning/production/representation-C/m1-seed0-m20-10k/checkpoint_000010000_parameters.npz,Y,TRAINING TRUTH SUPPORT,0,80,POST-HOC CHECKPOINT EVALUATION,source_components.Qv,sample_count,5308416,POST-HOC FINAL CHECKPOINT EVALUATION,false
t2b-c-m1x,Test 2B,C,M1-X,M1-X,10000,8ad9c8017c9304827d8e9e73392c3a9503f7de05a38b86baf52f4351c35615e4,e13a7bd42f3f773d068a6cc0c1344a3a8db0caef74a269ce7980b0b50f91e3b0,/Users/arjunsharma/Documents/SandiaProjects/4-LDRDAMDIS/DIMSWE-study-d0eb615/external-results/test2b-rain-active-learning/production/representation-C/m1-seed0-m20-10k/checkpoint_000010000_parameters.npz,Y,TRAINING TRUTH SUPPORT,0,80,POST-HOC CHECKPOINT EVALUATION,source_components.Qc,normalized_RMS_error,0.016928921072307642,POST-HOC FINAL CHECKPOINT EVALUATION,false
t2b-c-m1x,Test 2B,C,M1-X,M1-X,10000,8ad9c8017c9304827d8e9e73392c3a9503f7de05a38b86baf52f4351c35615e4,e13a7bd42f3f773d068a6cc0c1344a3a8db0caef74a269ce7980b0b50f91e3b0,/Users/arjunsharma/Documents/SandiaProjects/4-LDRDAMDIS/DIMSWE-study-d0eb615/external-results/test2b-rain-active-learning/production/representation-C/m1-seed0-m20-10k/checkpoint_000010000_parameters.npz,Y,TRAINING TRUTH SUPPORT,0,80,POST-HOC CHECKPOINT EVALUATION,source_components.Qc,relative_RMS_error,0.016924430469619188,POST-HOC FINAL CHECKPOINT EVALUATION,false
t2b-c-m1x,Test 2B,C,M1-X,M1-X,10000,8ad9c8017c9304827d8e9e73392c3a9503f7de05a38b86baf52f4351c35615e4,e13a7bd42f3f773d068a6cc0c1344a3a8db0caef74a269ce7980b0b50f91e3b0,/Users/arjunsharma/Documents/SandiaProjects/4-LDRDAMDIS/DIMSWE-study-d0eb615/external-results/test2b-rain-active-learning/production/representation-C/m1-seed0-m20-10k/checkpoint_000010000_parameters.npz,Y,TRAINING TRUTH SUPPORT,0,80,POST-HOC CHECKPOINT EVALUATION,source_components.Qc,physical_RMS_error,1.1517344248353694e-06,POST-HOC FINAL CHECKPOINT EVALUATION,false
t2b-c-m1x,Test 2B,C,M1-X,M1-X,10000,8ad9c8017c9304827d8e9e73392c3a9503f7de05a38b86baf52f4351c35615e4,e13a7bd42f3f773d068a6cc0c1344a3a8db0caef74a269ce7980b0b50f91e3b0,/Users/arjunsharma/Documents/SandiaProjects/4-LDRDAMDIS/DIMSWE-study-d0eb615/external-results/test2b-rain-active-learning/production/representation-C/m1-seed0-m20-10k/checkpoint_000010000_parameters.npz,Y,TRAINING TRUTH SUPPORT,0,80,POST-HOC CHECKPOINT EVALUATION,source_components.Qc,maximum_absolute_error,2.9124412246769644e-05,POST-HOC FINAL CHECKPOINT EVALUATION,false
t2b-c-m1x,Test 2B,C,M1-X,M1-X,10000,8ad9c8017c9304827d8e9e73392c3a9503f7de05a38b86baf52f4351c35615e4,e13a7bd42f3f773d068a6cc0c1344a3a8db0caef74a269ce7980b0b50f91e3b0,/Users/arjunsharma/Documents/SandiaProjects/4-LDRDAMDIS/DIMSWE-study-d0eb615/external-results/test2b-rain-active-learning/production/representation-C/m1-seed0-m20-10k/checkpoint_000010000_parameters.npz,Y,TRAINING TRUTH SUPPORT,0,80,POST-HOC CHECKPOINT EVALUATION,source_components.Qc,signed_mass_weighted_bias,5.9049795103135294e-08,POST-HOC FINAL CHECKPOINT EVALUATION,false
t2b-c-m1x,Test 2B,C,M1-X,M1-X,10000,8ad9c8017c9304827d8e9e73392c3a9503f7de05a38b86baf52f4351c35615e4,e13a7bd42f3f773d068a6cc0c1344a3a8db0caef74a269ce7980b0b50f91e3b0,/Users/arjunsharma/Documents/SandiaProjects/4-LDRDAMDIS/DIMSWE-study-d0eb615/external-results/test2b-rain-active-learning/production/representation-C/m1-seed0-m20-10k/checkpoint_000010000_parameters.npz,Y,TRAINING TRUTH SUPPORT,0,80,POST-HOC CHECKPOINT EVALUATION,source_components.Qc,correlation,0.9998553589126273,POST-HOC FINAL CHECKPOINT EVALUATION,false
t2b-c-m1x,Test 2B,C,M1-X,M1-X,10000,8ad9c8017c9304827d8e9e73392c3a9503f7de05a38b86baf52f4351c35615e4,e13a7bd42f3f773d068a6cc0c1344a3a8db0caef74a269ce7980b0b50f91e3b0,/Users/arjunsharma/Documents/SandiaProjects/4-LDRDAMDIS/DIMSWE-study-d0eb615/external-results/test2b-rain-active-learning/production/representation-C/m1-seed0-m20-10k/checkpoint_000010000_parameters.npz,Y,TRAINING TRUTH SUPPORT,0,80,POST-HOC CHECKPOINT EVALUATION,source_components.Qc,cosine,0.9998567716010511,POST-HOC FINAL CHECKPOINT EVALUATION,false
t2b-c-m1x,Test 2B,C,M1-X,M1-X,10000,8ad9c8017c9304827d8e9e73392c3a9503f7de05a38b86baf52f4351c35615e4,e13a7bd42f3f773d068a6cc0c1344a3a8db0caef74a269ce7980b0b50f91e3b0,/Users/arjunsharma/Documents/SandiaProjects/4-LDRDAMDIS/DIMSWE-study-d0eb615/external-results/test2b-rain-active-learning/production/representation-C/m1-seed0-m20-10k/checkpoint_000010000_parameters.npz,Y,TRAINING TRUTH SUPPORT,0,80,POST-HOC CHECKPOINT EVALUATION,source_components.Qc,target_RMS,6.805159127232269e-05,POST-HOC FINAL CHECKPOINT EVALUATION,false
t2b-c-m1x,Test 2B,C,M1-X,M1-X,10000,8ad9c8017c9304827d8e9e73392c3a9503f7de05a38b86baf52f4351c35615e4,e13a7bd42f3f773d068a6cc0c1344a3a8db0caef74a269ce7980b0b50f91e3b0,/Users/arjunsharma/Documents/SandiaProjects/4-LDRDAMDIS/DIMSWE-study-d0eb615/external-results/test2b-rain-active-learning/production/representation-C/m1-seed0-m20-10k/checkpoint_000010000_parameters.npz,Y,TRAINING TRUTH SUPPORT,0,80,POST-HOC CHECKPOINT EVALUATION,source_components.Qc,prediction_RMS,6.804238534373966e-05,POST-HOC FINAL CHECKPOINT EVALUATION,false
t2b-c-m1x,Test 2B,C,M1-X,M1-X,10000,8ad9c8017c9304827d8e9e73392c3a9503f7de05a38b86baf52f4351c35615e4,e13a7bd42f3f773d068a6cc0c1344a3a8db0caef74a269ce7980b0b50f91e3b0,/Users/arjunsharma/Documents/SandiaProjects/4-LDRDAMDIS/DIMSWE-study-d0eb615/external-results/test2b-rain-active-learning/production/representation-C/m1-seed0-m20-10k/checkpoint_000010000_parameters.npz,Y,TRAINING TRUTH SUPPORT,0,80,POST-HOC CHECKPOINT EVALUATION,source_components.Qc,sample_count,5308416,POST-HOC FINAL CHECKPOINT EVALUATION,false
t2b-c-m1x,Test 2B,C,M1-X,M1-X,10000,8ad9c8017c9304827d8e9e73392c3a9503f7de05a38b86baf52f4351c35615e4,e13a7bd42f3f773d068a6cc0c1344a3a8db0caef74a269ce7980b0b50f91e3b0,/Users/arjunsharma/Documents/SandiaProjects/4-LDRDAMDIS/DIMSWE-study-d0eb615/external-results/test2b-rain-active-learning/production/representation-C/m1-seed0-m20-10k/checkpoint_000010000_parameters.npz,Y,TRAINING TRUTH SUPPORT,0,80,POST-HOC CHECKPOINT EVALUATION,source_components.Qr,normalized_RMS_error,0.003550077412471635,POST-HOC FINAL CHECKPOINT EVALUATION,false
t2b-c-m1x,Test 2B,C,M1-X,M1-X,10000,8ad9c8017c9304827d8e9e73392c3a9503f7de05a38b86baf52f4351c35615e4,e13a7bd42f3f773d068a6cc0c1344a3a8db0caef74a269ce7980b0b50f91e3b0,/Users/arjunsharma/Documents/SandiaProjects/4-LDRDAMDIS/DIMSWE-study-d0eb615/external-results/test2b-rain-active-learning/production/representation-C/m1-seed0-m20-10k/checkpoint_000010000_parameters.npz,Y,TRAINING TRUTH SUPPORT,0,80,POST-HOC CHECKPOINT EVALUATION,source_components.Qr,relative_RMS_error,0.041129753934927155,POST-HOC FINAL CHECKPOINT EVALUATION,false
t2b-c-m1x,Test 2B,C,M1-X,M1-X,10000,8ad9c8017c9304827d8e9e73392c3a9503f7de05a38b86baf52f4351c35615e4,e13a7bd42f3f773d068a6cc0c1344a3a8db0caef74a269ce7980b0b50f91e3b0,/Users/arjunsharma/Documents/SandiaProjects/4-LDRDAMDIS/DIMSWE-study-d0eb615/external-results/test2b-rain-active-learning/production/representation-C/m1-seed0-m20-10k/checkpoint_000010000_parameters.npz,Y,TRAINING TRUTH SUPPORT,0,80,POST-HOC CHECKPOINT EVALUATION,source_components.Qr,physical_RMS_error,5.352273570778899e-11,POST-HOC FINAL CHECKPOINT EVALUATION,false
t2b-c-m1x,Test 2B,C,M1-X,M1-X,10000,8ad9c8017c9304827d8e9e73392c3a9503f7de05a38b86baf52f4351c35615e4,e13a7bd42f3f773d068a6cc0c1344a3a8db0caef74a269ce7980b0b50f91e3b0,/Users/arjunsharma/Documents/SandiaProjects/4-LDRDAMDIS/DIMSWE-study-d0eb615/external-results/test2b-rain-active-learning/production/representation-C/m1-seed0-m20-10k/checkpoint_000010000_parameters.npz,Y,TRAINING TRUTH SUPPORT,0,80,POST-HOC CHECKPOINT EVALUATION,source_components.Qr,maximum_absolute_error,4.165463471156707e-09,POST-HOC FINAL CHECKPOINT EVALUATION,false
t2b-c-m1x,Test 2B,C,M1-X,M1-X,10000,8ad9c8017c9304827d8e9e73392c3a9503f7de05a38b86baf52f4351c35615e4,e13a7bd42f3f773d068a6cc0c1344a3a8db0caef74a269ce7980b0b50f91e3b0,/Users/arjunsharma/Documents/SandiaProjects/4-LDRDAMDIS/DIMSWE-study-d0eb615/external-results/test2b-rain-active-learning/production/representation-C/m1-seed0-m20-10k/checkpoint_000010000_parameters.npz,Y,TRAINING TRUTH SUPPORT,0,80,POST-HOC CHECKPOINT EVALUATION,source_components.Qr,signed_mass_weighted_bias,1.7868713441397136e-12,POST-HOC FINAL CHECKPOINT EVALUATION,false
t2b-c-m1x,Test 2B,C,M1-X,M1-X,10000,8ad9c8017c9304827d8e9e73392c3a9503f7de05a38b86baf52f4351c35615e4,e13a7bd42f3f773d068a6cc0c1344a3a8db0caef74a269ce7980b0b50f91e3b0,/Users/arjunsharma/Documents/SandiaProjects/4-LDRDAMDIS/DIMSWE-study-d0eb615/external-results/test2b-rain-active-learning/production/representation-C/m1-seed0-m20-10k/checkpoint_000010000_parameters.npz,Y,TRAINING TRUTH SUPPORT,0,80,POST-HOC CHECKPOINT EVALUATION,source_components.Qr,correlation,0.9991504104161909,POST-HOC FINAL CHECKPOINT EVALUATION,false
t2b-c-m1x,Test 2B,C,M1-X,M1-X,10000,8ad9c8017c9304827d8e9e73392c3a9503f7de05a38b86baf52f4351c35615e4,e13a7bd42f3f773d068a6cc0c1344a3a8db0caef74a269ce7980b0b50f91e3b0,/Users/arjunsharma/Documents/SandiaProjects/4-LDRDAMDIS/DIMSWE-study-d0eb615/external-results/test2b-rain-active-learning/production/representation-C/m1-seed0-m20-10k/checkpoint_000010000_parameters.npz,Y,TRAINING TRUTH SUPPORT,0,80,POST-HOC CHECKPOINT EVALUATION,source_components.Qr,cosine,0.9991540685972803,POST-HOC FINAL CHECKPOINT EVALUATION,false
t2b-c-m1x,Test 2B,C,M1-X,M1-X,10000,8ad9c8017c9304827d8e9e73392c3a9503f7de05a38b86baf52f4351c35615e4,e13a7bd42f3f773d068a6cc0c1344a3a8db0caef74a269ce7980b0b50f91e3b0,/Users/arjunsharma/Documents/SandiaProjects/4-LDRDAMDIS/DIMSWE-study-d0eb615/external-results/test2b-rain-active-learning/production/representation-C/m1-seed0-m20-10k/checkpoint_000010000_parameters.npz,Y,TRAINING TRUTH SUPPORT,0,80,POST-HOC CHECKPOINT EVALUATION,source_components.Qr,target_RMS,1.3013142697733911e-09,POST-HOC FINAL CHECKPOINT EVALUATION,false
t2b-c-m1x,Test 2B,C,M1-X,M1-X,10000,8ad9c8017c9304827d8e9e73392c3a9503f7de05a38b86baf52f4351c35615e4,e13a7bd42f3f773d068a6cc0c1344a3a8db0caef74a269ce7980b0b50f91e3b0,/Users/arjunsharma/Documents/SandiaProjects/4-LDRDAMDIS/DIMSWE-study-d0eb615/external-results/test2b-rain-active-learning/production/representation-C/m1-seed0-m20-10k/checkpoint_000010000_parameters.npz,Y,TRAINING TRUTH SUPPORT,0,80,POST-HOC CHECKPOINT EVALUATION,source_components.Qr,prediction_RMS,1.3011422731578829e-09,POST-HOC FINAL CHECKPOINT EVALUATION,false
t2b-c-m1x,Test 2B,C,M1-X,M1-X,10000,8ad9c8017c9304827d8e9e73392c3a9503f7de05a38b86baf52f4351c35615e4,e13a7bd42f3f773d068a6cc0c1344a3a8db0caef74a269ce7980b0b50f91e3b0,/Users/arjunsharma/Documents/SandiaProjects/4-LDRDAMDIS/DIMSWE-study-d0eb615/external-results/test2b-rain-active-learning/production/representation-C/m1-seed0-m20-10k/checkpoint_000010000_parameters.npz,Y,TRAINING TRUTH SUPPORT,0,80,POST-HOC CHECKPOINT EVALUATION,source_components.Qr,sample_count,5308416,POST-HOC FINAL CHECKPOINT EVALUATION,false
t2b-c-m1x,Test 2B,C,M1-X,M1-X,10000,8ad9c8017c9304827d8e9e73392c3a9503f7de05a38b86baf52f4351c35615e4,e13a7bd42f3f773d068a6cc0c1344a3a8db0caef74a269ce7980b0b50f91e3b0,/Users/arjunsharma/Documents/SandiaProjects/4-LDRDAMDIS/DIMSWE-study-d0eb615/external-results/test2b-rain-active-learning/production/representation-C/m1-seed0-m20-10k/checkpoint_000010000_parameters.npz,Y,TRAINING TRUTH SUPPORT,0,80,POST-HOC CHECKPOINT EVALUATION,source_vector,normalized_vector_RMS_error,0.029277689315385446,POST-HOC FINAL CHECKPOINT EVALUATION,false
t2b-c-m1x,Test 2B,C,M1-X,M1-X,10000,8ad9c8017c9304827d8e9e73392c3a9503f7de05a38b86baf52f4351c35615e4,e13a7bd42f3f773d068a6cc0c1344a3a8db0caef74a269ce7980b0b50f91e3b0,/Users/arjunsharma/Documents/SandiaProjects/4-LDRDAMDIS/DIMSWE-study-d0eb615/external-results/test2b-rain-active-learning/production/representation-C/m1-seed0-m20-10k/checkpoint_000010000_parameters.npz,Y,TRAINING TRUTH SUPPORT,0,80,POST-HOC CHECKPOINT EVALUATION,source_vector,normalized_vector_relative_RMS_error,0.01687806457291263,POST-HOC FINAL CHECKPOINT EVALUATION,false
t2b-c-m1x,Test 2B,C,M1-X,M1-X,10000,8ad9c8017c9304827d8e9e73392c3a9503f7de05a38b86baf52f4351c35615e4,e13a7bd42f3f773d068a6cc0c1344a3a8db0caef74a269ce7980b0b50f91e3b0,/Users/arjunsharma/Documents/SandiaProjects/4-LDRDAMDIS/DIMSWE-study-d0eb615/external-results/test2b-rain-active-learning/production/representation-C/m1-seed0-m20-10k/checkpoint_000010000_parameters.npz,Y,TRAINING TRUTH SUPPORT,0,80,POST-HOC CHECKPOINT EVALUATION,source_vector,normalized_source_vector_cosine,0.9998575583764062,POST-HOC FINAL CHECKPOINT EVALUATION,false
t2b-c-m1x,Test 2B,C,M1-X,M1-X,10000,8ad9c8017c9304827d8e9e73392c3a9503f7de05a38b86baf52f4351c35615e4,e13a7bd42f3f773d068a6cc0c1344a3a8db0caef74a269ce7980b0b50f91e3b0,/Users/arjunsharma/Documents/SandiaProjects/4-LDRDAMDIS/DIMSWE-study-d0eb615/external-results/test2b-rain-active-learning/production/representation-C/m1-seed0-m20-10k/checkpoint_000010000_parameters.npz,Y,TRAINING TRUTH SUPPORT,0,80,POST-HOC CHECKPOINT EVALUATION,effective_A,normalized_RMS_error,0.01851625098127355,POST-HOC FINAL CHECKPOINT EVALUATION,false
t2b-c-m1x,Test 2B,C,M1-X,M1-X,10000,8ad9c8017c9304827d8e9e73392c3a9503f7de05a38b86baf52f4351c35615e4,e13a7bd42f3f773d068a6cc0c1344a3a8db0caef74a269ce7980b0b50f91e3b0,/Users/arjunsharma/Documents/SandiaProjects/4-LDRDAMDIS/DIMSWE-study-d0eb615/external-results/test2b-rain-active-learning/production/representation-C/m1-seed0-m20-10k/checkpoint_000010000_parameters.npz,Y,TRAINING TRUTH SUPPORT,0,80,POST-HOC CHECKPOINT EVALUATION,effective_A,relative_RMS_error,0.018510708020631005,POST-HOC FINAL CHECKPOINT EVALUATION,false
t2b-c-m1x,Test 2B,C,M1-X,M1-X,10000,8ad9c8017c9304827d8e9e73392c3a9503f7de05a38b86baf52f4351c35615e4,e13a7bd42f3f773d068a6cc0c1344a3a8db0caef74a269ce7980b0b50f91e3b0,/Users/arjunsharma/Documents/SandiaProjects/4-LDRDAMDIS/DIMSWE-study-d0eb615/external-results/test2b-rain-active-learning/production/representation-C/m1-seed0-m20-10k/checkpoint_000010000_parameters.npz,Y,TRAINING TRUTH SUPPORT,0,80,POST-HOC CHECKPOINT EVALUATION,effective_A,physical_RMS_error,1.6761389321910078e-09,POST-HOC FINAL CHECKPOINT EVALUATION,false
t2b-c-m1x,Test 2B,C,M1-X,M1-X,10000,8ad9c8017c9304827d8e9e73392c3a9503f7de05a38b86baf52f4351c35615e4,e13a7bd42f3f773d068a6cc0c1344a3a8db0caef74a269ce7980b0b50f91e3b0,/Users/arjunsharma/Documents/SandiaProjects/4-LDRDAMDIS/DIMSWE-study-d0eb615/external-results/test2b-rain-active-learning/production/representation-C/m1-seed0-m20-10k/checkpoint_000010000_parameters.npz,Y,TRAINING TRUTH SUPPORT,0,80,POST-HOC CHECKPOINT EVALUATION,effective_A,maximum_absolute_error,4.5350540453321974e-08,POST-HOC FINAL CHECKPOINT EVALUATION,false
t2b-c-m1x,Test 2B,C,M1-X,M1-X,10000,8ad9c8017c9304827d8e9e73392c3a9503f7de05a38b86baf52f4351c35615e4,e13a7bd42f3f773d068a6cc0c1344a3a8db0caef74a269ce7980b0b50f91e3b0,/Users/arjunsharma/Documents/SandiaProjects/4-LDRDAMDIS/DIMSWE-study-d0eb615/external-results/test2b-rain-active-learning/production/representation-C/m1-seed0-m20-10k/checkpoint_000010000_parameters.npz,Y,TRAINING TRUTH SUPPORT,0,80,POST-HOC CHECKPOINT EVALUATION,effective_A,signed_mass_weighted_bias,-9.173570202308306e-11,POST-HOC FINAL CHECKPOINT EVALUATION,false
t2b-c-m1x,Test 2B,C,M1-X,M1-X,10000,8ad9c8017c9304827d8e9e73392c3a9503f7de05a38b86baf52f4351c35615e4,e13a7bd42f3f773d068a6cc0c1344a3a8db0caef74a269ce7980b0b50f91e3b0,/Users/arjunsharma/Documents/SandiaProjects/4-LDRDAMDIS/DIMSWE-study-d0eb615/external-results/test2b-rain-active-learning/production/representation-C/m1-seed0-m20-10k/checkpoint_000010000_parameters.npz,Y,TRAINING TRUTH SUPPORT,0,80,POST-HOC CHECKPOINT EVALUATION,effective_A,correlation,0.9998270592652531,POST-HOC FINAL CHECKPOINT EVALUATION,false
t2b-c-m1x,Test 2B,C,M1-X,M1-X,10000,8ad9c8017c9304827d8e9e73392c3a9503f7de05a38b86baf52f4351c35615e4,e13a7bd42f3f773d068a6cc0c1344a3a8db0caef74a269ce7980b0b50f91e3b0,/Users/arjunsharma/Documents/SandiaProjects/4-LDRDAMDIS/DIMSWE-study-d0eb615/external-results/test2b-rain-active-learning/production/representation-C/m1-seed0-m20-10k/checkpoint_000010000_parameters.npz,Y,TRAINING TRUTH SUPPORT,0,80,POST-HOC CHECKPOINT EVALUATION,effective_A,cosine,0.9998286659960965,POST-HOC FINAL CHECKPOINT EVALUATION,false
t2b-c-m1x,Test 2B,C,M1-X,M1-X,10000,8ad9c8017c9304827d8e9e73392c3a9503f7de05a38b86baf52f4351c35615e4,e13a7bd42f3f773d068a6cc0c1344a3a8db0caef74a269ce7980b0b50f91e3b0,/Users/arjunsharma/Documents/SandiaProjects/4-LDRDAMDIS/DIMSWE-study-d0eb615/external-results/test2b-rain-active-learning/production/representation-C/m1-seed0-m20-10k/checkpoint_000010000_parameters.npz,Y,TRAINING TRUTH SUPPORT,0,80,POST-HOC CHECKPOINT EVALUATION,effective_A,target_RMS,9.05496932004371e-08,POST-HOC FINAL CHECKPOINT EVALUATION,false
t2b-c-m1x,Test 2B,C,M1-X,M1-X,10000,8ad9c8017c9304827d8e9e73392c3a9503f7de05a38b86baf52f4351c35615e4,e13a7bd42f3f773d068a6cc0c1344a3a8db0caef74a269ce7980b0b50f91e3b0,/Users/arjunsharma/Documents/SandiaProjects/4-LDRDAMDIS/DIMSWE-study-d0eb615/external-results/test2b-rain-active-learning/production/representation-C/m1-seed0-m20-10k/checkpoint_000010000_parameters.npz,Y,TRAINING TRUTH SUPPORT,0,80,POST-HOC CHECKPOINT EVALUATION,effective_A,prediction_RMS,9.052625445913522e-08,POST-HOC FINAL CHECKPOINT EVALUATION,false
t2b-c-m1x,Test 2B,C,M1-X,M1-X,10000,8ad9c8017c9304827d8e9e73392c3a9503f7de05a38b86baf52f4351c35615e4,e13a7bd42f3f773d068a6cc0c1344a3a8db0caef74a269ce7980b0b50f91e3b0,/Users/arjunsharma/Documents/SandiaProjects/4-LDRDAMDIS/DIMSWE-study-d0eb615/external-results/test2b-rain-active-learning/production/representation-C/m1-seed0-m20-10k/checkpoint_000010000_parameters.npz,Y,TRAINING TRUTH SUPPORT,0,80,POST-HOC CHECKPOINT EVALUATION,effective_A,sample_count,5308416,POST-HOC FINAL CHECKPOINT EVALUATION,false
t2b-c-m1x,Test 2B,C,M1-X,M1-X,10000,8ad9c8017c9304827d8e9e73392c3a9503f7de05a38b86baf52f4351c35615e4,e13a7bd42f3f773d068a6cc0c1344a3a8db0caef74a269ce7980b0b50f91e3b0,/Users/arjunsharma/Documents/SandiaProjects/4-LDRDAMDIS/DIMSWE-study-d0eb615/external-results/test2b-rain-active-learning/production/representation-C/m1-seed0-m20-10k/checkpoint_000010000_parameters.npz,Y,TRAINING TRUTH SUPPORT,0,80,POST-HOC CHECKPOINT EVALUATION,effective_R,normalized_RMS_error,0.00358508142539926,POST-HOC FINAL CHECKPOINT EVALUATION,false
t2b-c-m1x,Test 2B,C,M1-X,M1-X,10000,8ad9c8017c9304827d8e9e73392c3a9503f7de05a38b86baf52f4351c35615e4,e13a7bd42f3f773d068a6cc0c1344a3a8db0caef74a269ce7980b0b50f91e3b0,/Users/arjunsharma/Documents/SandiaProjects/4-LDRDAMDIS/DIMSWE-study-d0eb615/external-results/test2b-rain-active-learning/production/representation-C/m1-seed0-m20-10k/checkpoint_000010000_parameters.npz,Y,TRAINING TRUTH SUPPORT,0,80,POST-HOC CHECKPOINT EVALUATION,effective_R,relative_RMS_error,0.04153881497811732,POST-HOC FINAL CHECKPOINT EVALUATION,false
t2b-c-m1x,Test 2B,C,M1-X,M1-X,10000,8ad9c8017c9304827d8e9e73392c3a9503f7de05a38b86baf52f4351c35615e4,e13a7bd42f3f773d068a6cc0c1344a3a8db0caef74a269ce7980b0b50f91e3b0,/Users/arjunsharma/Documents/SandiaProjects/4-LDRDAMDIS/DIMSWE-study-d0eb615/external-results/test2b-rain-active-learning/production/representation-C/m1-seed0-m20-10k/checkpoint_000010000_parameters.npz,Y,TRAINING TRUTH SUPPORT,0,80,POST-HOC CHECKPOINT EVALUATION,effective_R,physical_RMS_error,7.135341407193148e-14,POST-HOC FINAL CHECKPOINT EVALUATION,false
t2b-c-m1x,Test 2B,C,M1-X,M1-X,10000,8ad9c8017c9304827d8e9e73392c3a9503f7de05a38b86baf52f4351c35615e4,e13a7bd42f3f773d068a6cc0c1344a3a8db0caef74a269ce7980b0b50f91e3b0,/Users/arjunsharma/Documents/SandiaProjects/4-LDRDAMDIS/DIMSWE-study-d0eb615/external-results/test2b-rain-active-learning/production/representation-C/m1-seed0-m20-10k/checkpoint_000010000_parameters.npz,Y,TRAINING TRUTH SUPPORT,0,80,POST-HOC CHECKPOINT EVALUATION,effective_R,maximum_absolute_error,5.484200742088509e-12,POST-HOC FINAL CHECKPOINT EVALUATION,false
t2b-c-m1x,Test 2B,C,M1-X,M1-X,10000,8ad9c8017c9304827d8e9e73392c3a9503f7de05a38b86baf52f4351c35615e4,e13a7bd42f3f773d068a6cc0c1344a3a8db0caef74a269ce7980b0b50f91e3b0,/Users/arjunsharma/Documents/SandiaProjects/4-LDRDAMDIS/DIMSWE-study-d0eb615/external-results/test2b-rain-active-learning/production/representation-C/m1-seed0-m20-10k/checkpoint_000010000_parameters.npz,Y,TRAINING TRUTH SUPPORT,0,80,POST-HOC CHECKPOINT EVALUATION,effective_R,signed_mass_weighted_bias,2.351731326985424e-15,POST-HOC FINAL CHECKPOINT EVALUATION,false
t2b-c-m1x,Test 2B,C,M1-X,M1-X,10000,8ad9c8017c9304827d8e9e73392c3a9503f7de05a38b86baf52f4351c35615e4,e13a7bd42f3f773d068a6cc0c1344a3a8db0caef74a269ce7980b0b50f91e3b0,/Users/arjunsharma/Documents/SandiaProjects/4-LDRDAMDIS/DIMSWE-study-d0eb615/external-results/test2b-rain-active-learning/production/representation-C/m1-seed0-m20-10k/checkpoint_000010000_parameters.npz,Y,TRAINING TRUTH SUPPORT,0,80,POST-HOC CHECKPOINT EVALUATION,effective_R,correlation,0.999133419771306,POST-HOC FINAL CHECKPOINT EVALUATION,false
t2b-c-m1x,Test 2B,C,M1-X,M1-X,10000,8ad9c8017c9304827d8e9e73392c3a9503f7de05a38b86baf52f4351c35615e4,e13a7bd42f3f773d068a6cc0c1344a3a8db0caef74a269ce7980b0b50f91e3b0,/Users/arjunsharma/Documents/SandiaProjects/4-LDRDAMDIS/DIMSWE-study-d0eb615/external-results/test2b-rain-active-learning/production/representation-C/m1-seed0-m20-10k/checkpoint_000010000_parameters.npz,Y,TRAINING TRUTH SUPPORT,0,80,POST-HOC CHECKPOINT EVALUATION,effective_R,cosine,0.9991371842944156,POST-HOC FINAL CHECKPOINT EVALUATION,false
t2b-c-m1x,Test 2B,C,M1-X,M1-X,10000,8ad9c8017c9304827d8e9e73392c3a9503f7de05a38b86baf52f4351c35615e4,e13a7bd42f3f773d068a6cc0c1344a3a8db0caef74a269ce7980b0b50f91e3b0,/Users/arjunsharma/Documents/SandiaProjects/4-LDRDAMDIS/DIMSWE-study-d0eb615/external-results/test2b-rain-active-learning/production/representation-C/m1-seed0-m20-10k/checkpoint_000010000_parameters.npz,Y,TRAINING TRUTH SUPPORT,0,80,POST-HOC CHECKPOINT EVALUATION,effective_R,target_RMS,1.7177527599071018e-12,POST-HOC FINAL CHECKPOINT EVALUATION,false
t2b-c-m1x,Test 2B,C,M1-X,M1-X,10000,8ad9c8017c9304827d8e9e73392c3a9503f7de05a38b86baf52f4351c35615e4,e13a7bd42f3f773d068a6cc0c1344a3a8db0caef74a269ce7980b0b50f91e3b0,/Users/arjunsharma/Documents/SandiaProjects/4-LDRDAMDIS/DIMSWE-study-d0eb615/external-results/test2b-rain-active-learning/production/representation-C/m1-seed0-m20-10k/checkpoint_000010000_parameters.npz,Y,TRAINING TRUTH SUPPORT,0,80,POST-HOC CHECKPOINT EVALUATION,effective_R,prediction_RMS,1.717585819186743e-12,POST-HOC FINAL CHECKPOINT EVALUATION,false
t2b-c-m1x,Test 2B,C,M1-X,M1-X,10000,8ad9c8017c9304827d8e9e73392c3a9503f7de05a38b86baf52f4351c35615e4,e13a7bd42f3f773d068a6cc0c1344a3a8db0caef74a269ce7980b0b50f91e3b0,/Users/arjunsharma/Documents/SandiaProjects/4-LDRDAMDIS/DIMSWE-study-d0eb615/external-results/test2b-rain-active-learning/production/representation-C/m1-seed0-m20-10k/checkpoint_000010000_parameters.npz,Y,TRAINING TRUTH SUPPORT,0,80,POST-HOC CHECKPOINT EVALUATION,effective_R,sample_count,5308416,POST-HOC FINAL CHECKPOINT EVALUATION,false
t2b-c-m1x,Test 2B,C,M1-X,M1-X,10000,8ad9c8017c9304827d8e9e73392c3a9503f7de05a38b86baf52f4351c35615e4,e13a7bd42f3f773d068a6cc0c1344a3a8db0caef74a269ce7980b0b50f91e3b0,/Users/arjunsharma/Documents/SandiaProjects/4-LDRDAMDIS/DIMSWE-study-d0eb615/external-results/test2b-rain-active-learning/production/representation-C/m1-seed0-m20-10k/checkpoint_000010000_parameters.npz,Y,TRAINING TRUTH SUPPORT,0,80,POST-HOC CHECKPOINT EVALUATION,source_structure,normalized_off_manifold_RMS,0.0013317351128556243,POST-HOC FINAL CHECKPOINT EVALUATION,false
t2b-c-m1x,Test 2B,C,M1-X,M1-X,10000,8ad9c8017c9304827d8e9e73392c3a9503f7de05a38b86baf52f4351c35615e4,e13a7bd42f3f773d068a6cc0c1344a3a8db0caef74a269ce7980b0b50f91e3b0,/Users/arjunsharma/Documents/SandiaProjects/4-LDRDAMDIS/DIMSWE-study-d0eb615/external-results/test2b-rain-active-learning/production/representation-C/m1-seed0-m20-10k/checkpoint_000010000_parameters.npz,Y,TRAINING TRUTH SUPPORT,0,80,POST-HOC CHECKPOINT EVALUATION,source_structure,water_source_defect_RMS,1.0088897562723797e-07,POST-HOC FINAL CHECKPOINT EVALUATION,false
t2b-c-m1x,Test 2B,C,M1-X,M1-X,10000,8ad9c8017c9304827d8e9e73392c3a9503f7de05a38b86baf52f4351c35615e4,e13a7bd42f3f773d068a6cc0c1344a3a8db0caef74a269ce7980b0b50f91e3b0,/Users/arjunsharma/Documents/SandiaProjects/4-LDRDAMDIS/DIMSWE-study-d0eb615/external-results/test2b-rain-active-learning/production/representation-C/m1-seed0-m20-10k/checkpoint_000010000_parameters.npz,Y,TRAINING TRUTH SUPPORT,0,80,POST-HOC CHECKPOINT EVALUATION,source_structure,S_minus_beta2_Qv_defect_RMS,8.844038521379922e-06,POST-HOC FINAL CHECKPOINT EVALUATION,false
t2b-c-m1x,Test 2B,C,M1-X,M1-X,10000,8ad9c8017c9304827d8e9e73392c3a9503f7de05a38b86baf52f4351c35615e4,e13a7bd42f3f773d068a6cc0c1344a3a8db0caef74a269ce7980b0b50f91e3b0,/Users/arjunsharma/Documents/SandiaProjects/4-LDRDAMDIS/DIMSWE-study-d0eb615/external-results/test2b-rain-active-learning/production/representation-C/m1-seed0-m20-10k/checkpoint_000010000_parameters.npz,Y,TRAINING TRUTH SUPPORT,0,80,POST-HOC CHECKPOINT EVALUATION,source_structure,negative_Qr_source_fraction,0.2770536446277006,POST-HOC FINAL CHECKPOINT EVALUATION,false
t2b-c-m1x,Test 2B,C,M1-X,M1-X,10000,8ad9c8017c9304827d8e9e73392c3a9503f7de05a38b86baf52f4351c35615e4,e13a7bd42f3f773d068a6cc0c1344a3a8db0caef74a269ce7980b0b50f91e3b0,/Users/arjunsharma/Documents/SandiaProjects/4-LDRDAMDIS/DIMSWE-study-d0eb615/external-results/test2b-rain-active-learning/production/representation-C/m1-seed0-m20-10k/checkpoint_000010000_parameters.npz,Y,TRAINING TRUTH SUPPORT,0,80,POST-HOC CHECKPOINT EVALUATION,source_structure,positive_Qr_source_fraction,0.7229463553722993,POST-HOC FINAL CHECKPOINT EVALUATION,false
t2b-c-m1x,Test 2B,C,M1-X,M1-X,10000,8ad9c8017c9304827d8e9e73392c3a9503f7de05a38b86baf52f4351c35615e4,e13a7bd42f3f773d068a6cc0c1344a3a8db0caef74a269ce7980b0b50f91e3b0,/Users/arjunsharma/Documents/SandiaProjects/4-LDRDAMDIS/DIMSWE-study-d0eb615/external-results/test2b-rain-active-learning/production/representation-C/m1-seed0-m20-10k/checkpoint_000010000_parameters.npz,Y,TRAINING TRUTH SUPPORT,0,80,POST-HOC CHECKPOINT EVALUATION,effective_R_activation,truth_active_sample_count,40776,POST-HOC FINAL CHECKPOINT EVALUATION,false
t2b-c-m1x,Test 2B,C,M1-X,M1-X,10000,8ad9c8017c9304827d8e9e73392c3a9503f7de05a38b86baf52f4351c35615e4,e13a7bd42f3f773d068a6cc0c1344a3a8db0caef74a269ce7980b0b50f91e3b0,/Users/arjunsharma/Documents/SandiaProjects/4-LDRDAMDIS/DIMSWE-study-d0eb615/external-results/test2b-rain-active-learning/production/representation-C/m1-seed0-m20-10k/checkpoint_000010000_parameters.npz,Y,TRAINING TRUTH SUPPORT,0,80,POST-HOC CHECKPOINT EVALUATION,effective_R_activation,truth_active_sample_fraction,0.007681387442129629,POST-HOC FINAL CHECKPOINT EVALUATION,false
t2b-c-m1x,Test 2B,C,M1-X,M1-X,10000,8ad9c8017c9304827d8e9e73392c3a9503f7de05a38b86baf52f4351c35615e4,e13a7bd42f3f773d068a6cc0c1344a3a8db0caef74a269ce7980b0b50f91e3b0,/Users/arjunsharma/Documents/SandiaProjects/4-LDRDAMDIS/DIMSWE-study-d0eb615/external-results/test2b-rain-active-learning/production/representation-C/m1-seed0-m20-10k/checkpoint_000010000_parameters.npz,Y,TRAINING TRUTH SUPPORT,0,80,POST-HOC CHECKPOINT EVALUATION,effective_R_activation,predicted_meaningful_positive_fraction,0.7229531370563271,POST-HOC FINAL CHECKPOINT EVALUATION,false
t2b-c-m1x,Test 2B,C,M1-X,M1-X,10000,8ad9c8017c9304827d8e9e73392c3a9503f7de05a38b86baf52f4351c35615e4,e13a7bd42f3f773d068a6cc0c1344a3a8db0caef74a269ce7980b0b50f91e3b0,/Users/arjunsharma/Documents/SandiaProjects/4-LDRDAMDIS/DIMSWE-study-d0eb615/external-results/test2b-rain-active-learning/production/representation-C/m1-seed0-m20-10k/checkpoint_000010000_parameters.npz,Y,TRAINING TRUTH SUPPORT,0,80,POST-HOC CHECKPOINT EVALUATION,effective_R_activation,predicted_meaningful_negative_fraction,0.27704648618344907,POST-HOC FINAL CHECKPOINT EVALUATION,false
t2b-c-m1x,Test 2B,C,M1-X,M1-X,10000,8ad9c8017c9304827d8e9e73392c3a9503f7de05a38b86baf52f4351c35615e4,e13a7bd42f3f773d068a6cc0c1344a3a8db0caef74a269ce7980b0b50f91e3b0,/Users/arjunsharma/Documents/SandiaProjects/4-LDRDAMDIS/DIMSWE-study-d0eb615/external-results/test2b-rain-active-learning/production/representation-C/m1-seed0-m20-10k/checkpoint_000010000_parameters.npz,Y,TRAINING TRUTH SUPPORT,0,80,POST-HOC CHECKPOINT EVALUATION,effective_R_activation,false_positive_count,3796960,POST-HOC FINAL CHECKPOINT EVALUATION,false
t2b-c-m1x,Test 2B,C,M1-X,M1-X,10000,8ad9c8017c9304827d8e9e73392c3a9503f7de05a38b86baf52f4351c35615e4,e13a7bd42f3f773d068a6cc0c1344a3a8db0caef74a269ce7980b0b50f91e3b0,/Users/arjunsharma/Documents/SandiaProjects/4-LDRDAMDIS/DIMSWE-study-d0eb615/external-results/test2b-rain-active-learning/production/representation-C/m1-seed0-m20-10k/checkpoint_000010000_parameters.npz,Y,TRAINING TRUTH SUPPORT,0,80,POST-HOC CHECKPOINT EVALUATION,effective_R_activation,false_positive_rate_given_truth_inactive,0.7208085594307887,POST-HOC FINAL CHECKPOINT EVALUATION,false
t2b-c-m1x,Test 2B,C,M1-X,M1-X,10000,8ad9c8017c9304827d8e9e73392c3a9503f7de05a38b86baf52f4351c35615e4,e13a7bd42f3f773d068a6cc0c1344a3a8db0caef74a269ce7980b0b50f91e3b0,/Users/arjunsharma/Documents/SandiaProjects/4-LDRDAMDIS/DIMSWE-study-d0eb615/external-results/test2b-rain-active-learning/production/representation-C/m1-seed0-m20-10k/checkpoint_000010000_parameters.npz,Y,TRAINING TRUTH SUPPORT,0,80,POST-HOC CHECKPOINT EVALUATION,effective_R_activation,false_negative_count,0,POST-HOC FINAL CHECKPOINT EVALUATION,false
t2b-c-m1x,Test 2B,C,M1-X,M1-X,10000,8ad9c8017c9304827d8e9e73392c3a9503f7de05a38b86baf52f4351c35615e4,e13a7bd42f3f773d068a6cc0c1344a3a8db0caef74a269ce7980b0b50f91e3b0,/Users/arjunsharma/Documents/SandiaProjects/4-LDRDAMDIS/DIMSWE-study-d0eb615/external-results/test2b-rain-active-learning/production/representation-C/m1-seed0-m20-10k/checkpoint_000010000_parameters.npz,Y,TRAINING TRUTH SUPPORT,0,80,POST-HOC CHECKPOINT EVALUATION,effective_R_activation,false_negative_rate_given_truth_active,0.0,POST-HOC FINAL CHECKPOINT EVALUATION,false
t2b-c-m1x,Test 2B,C,M1-X,M1-X,10000,8ad9c8017c9304827d8e9e73392c3a9503f7de05a38b86baf52f4351c35615e4,e13a7bd42f3f773d068a6cc0c1344a3a8db0caef74a269ce7980b0b50f91e3b0,/Users/arjunsharma/Documents/SandiaProjects/4-LDRDAMDIS/DIMSWE-study-d0eb615/external-results/test2b-rain-active-learning/production/representation-C/m1-seed0-m20-10k/checkpoint_000010000_parameters.npz,Y,TRAINING TRUTH SUPPORT,0,80,POST-HOC CHECKPOINT EVALUATION,effective_R_activation,first_meaningful_positive_predicted_step,0,POST-HOC FINAL CHECKPOINT EVALUATION,false
t2b-c-m1x,Test 2B,C,M1-X,M1-X,10000,8ad9c8017c9304827d8e9e73392c3a9503f7de05a38b86baf52f4351c35615e4,e13a7bd42f3f773d068a6cc0c1344a3a8db0caef74a269ce7980b0b50f91e3b0,/Users/arjunsharma/Documents/SandiaProjects/4-LDRDAMDIS/DIMSWE-study-d0eb615/external-results/test2b-rain-active-learning/production/representation-C/m1-seed0-m20-10k/checkpoint_000010000_parameters.npz,Y,TRAINING TRUTH SUPPORT,0,80,POST-HOC CHECKPOINT EVALUATION,effective_R_activation,first_meaningful_positive_truth_step,51,POST-HOC FINAL CHECKPOINT EVALUATION,false
t2b-c-m1x,Test 2B,C,M1-X,M1-X,10000,8ad9c8017c9304827d8e9e73392c3a9503f7de05a38b86baf52f4351c35615e4,e13a7bd42f3f773d068a6cc0c1344a3a8db0caef74a269ce7980b0b50f91e3b0,/Users/arjunsharma/Documents/SandiaProjects/4-LDRDAMDIS/DIMSWE-study-d0eb615/external-results/test2b-rain-active-learning/production/representation-C/m1-seed0-m20-10k/checkpoint_000010000_parameters.npz,Y,TRAINING TRUTH SUPPORT,0,80,POST-HOC CHECKPOINT EVALUATION,effective_R_activation,maximum_predicted_effective_R,4.4618732890420045e-11,POST-HOC FINAL CHECKPOINT EVALUATION,false
t2b-c-m1x,Test 2B,C,M1-X,M1-X,10000,8ad9c8017c9304827d8e9e73392c3a9503f7de05a38b86baf52f4351c35615e4,e13a7bd42f3f773d068a6cc0c1344a3a8db0caef74a269ce7980b0b50f91e3b0,/Users/arjunsharma/Documents/SandiaProjects/4-LDRDAMDIS/DIMSWE-study-d0eb615/external-results/test2b-rain-active-learning/production/representation-C/m1-seed0-m20-10k/checkpoint_000010000_parameters.npz,Y,TRAINING TRUTH SUPPORT,0,80,POST-HOC CHECKPOINT EVALUATION,effective_R_activation,minimum_predicted_effective_R,-1.3917117052726135e-12,POST-HOC FINAL CHECKPOINT EVALUATION,false
t2b-c-m1x,Test 2B,C,M1-X,M1-X,10000,8ad9c8017c9304827d8e9e73392c3a9503f7de05a38b86baf52f4351c35615e4,e13a7bd42f3f773d068a6cc0c1344a3a8db0caef74a269ce7980b0b50f91e3b0,/Users/arjunsharma/Documents/SandiaProjects/4-LDRDAMDIS/DIMSWE-study-d0eb615/external-results/test2b-rain-active-learning/production/representation-C/m1-seed0-m20-10k/checkpoint_000010000_parameters.npz,Y,TRAINING TRUTH SUPPORT,0,80,POST-HOC CHECKPOINT EVALUATION,effective_R_activation,activity_numerical_tolerance,1.2119968976504772e-20,POST-HOC FINAL CHECKPOINT EVALUATION,false
t2b-c-m1x,Test 2B,C,M1-X,M1-X,10000,8ad9c8017c9304827d8e9e73392c3a9503f7de05a38b86baf52f4351c35615e4,e13a7bd42f3f773d068a6cc0c1344a3a8db0caef74a269ce7980b0b50f91e3b0,/Users/arjunsharma/Documents/SandiaProjects/4-LDRDAMDIS/DIMSWE-study-d0eb615/external-results/test2b-rain-active-learning/production/representation-C/m1-seed0-m20-10k/checkpoint_000010000_parameters.npz,Y,TRAINING TRUTH SUPPORT,0,80,POST-HOC CHECKPOINT EVALUATION,effective_R_activation,sample_count,5308416,POST-HOC FINAL CHECKPOINT EVALUATION,false
t2b-c-m1y,Test 2B,C,M1-Y,M1-Y,10000,c8da7ea375ced0f692210f97097e069f9d5757b6bead22b7a4a10d9a265d8a65,169eadab27a39916e37a875c27708873595f133cb4ea39e9f23eab14e86d49ee,/Users/arjunsharma/Documents/SandiaProjects/4-LDRDAMDIS/DIMSWE-feature-study-20260828/m1y_test2b_20260828_workspace/external-results/m1y-test2b-20260828/production/representation-C/m1y-seed0-m20-10k/checkpoint_000010000_parameters.npz,Y,TRAINING TRUTH SUPPORT,0,80,POST-HOC CHECKPOINT EVALUATION,operator,normalized_objective,3.8058600673884094e-05,POST-HOC FINAL CHECKPOINT EVALUATION,true
t2b-c-m1y,Test 2B,C,M1-Y,M1-Y,10000,c8da7ea375ced0f692210f97097e069f9d5757b6bead22b7a4a10d9a265d8a65,169eadab27a39916e37a875c27708873595f133cb4ea39e9f23eab14e86d49ee,/Users/arjunsharma/Documents/SandiaProjects/4-LDRDAMDIS/DIMSWE-feature-study-20260828/m1y_test2b_20260828_workspace/external-results/m1y-test2b-20260828/production/representation-C/m1y-seed0-m20-10k/checkpoint_000010000_parameters.npz,Y,TRAINING TRUTH SUPPORT,0,80,POST-HOC CHECKPOINT EVALUATION,operator,numerator,231902884922.74496,POST-HOC FINAL CHECKPOINT EVALUATION,true
t2b-c-m1y,Test 2B,C,M1-Y,M1-Y,10000,c8da7ea375ced0f692210f97097e069f9d5757b6bead22b7a4a10d9a265d8a65,169eadab27a39916e37a875c27708873595f133cb4ea39e9f23eab14e86d49ee,/Users/arjunsharma/Documents/SandiaProjects/4-LDRDAMDIS/DIMSWE-feature-study-20260828/m1y_test2b_20260828_workspace/external-results/m1y-test2b-20260828/production/representation-C/m1y-seed0-m20-10k/checkpoint_000010000_parameters.npz,Y,TRAINING TRUTH SUPPORT,0,80,POST-HOC CHECKPOINT EVALUATION,operator,denominator,6093310863157334.0,POST-HOC FINAL CHECKPOINT EVALUATION,true
t2b-c-m1y,Test 2B,C,M1-Y,M1-Y,10000,c8da7ea375ced0f692210f97097e069f9d5757b6bead22b7a4a10d9a265d8a65,169eadab27a39916e37a875c27708873595f133cb4ea39e9f23eab14e86d49ee,/Users/arjunsharma/Documents/SandiaProjects/4-LDRDAMDIS/DIMSWE-feature-study-20260828/m1y_test2b_20260828_workspace/external-results/m1y-test2b-20260828/production/representation-C/m1y-seed0-m20-10k/checkpoint_000010000_parameters.npz,Y,TRAINING TRUTH SUPPORT,0,80,POST-HOC CHECKPOINT EVALUATION,source_components.S,normalized_RMS_error,0.005142708879469348,POST-HOC FINAL CHECKPOINT EVALUATION,true
t2b-c-m1y,Test 2B,C,M1-Y,M1-Y,10000,c8da7ea375ced0f692210f97097e069f9d5757b6bead22b7a4a10d9a265d8a65,169eadab27a39916e37a875c27708873595f133cb4ea39e9f23eab14e86d49ee,/Users/arjunsharma/Documents/SandiaProjects/4-LDRDAMDIS/DIMSWE-feature-study-20260828/m1y_test2b_20260828_workspace/external-results/m1y-test2b-20260828/production/representation-C/m1y-seed0-m20-10k/checkpoint_000010000_parameters.npz,Y,TRAINING TRUTH SUPPORT,0,80,POST-HOC CHECKPOINT EVALUATION,source_components.S,relative_RMS_error,0.005141344620444848,POST-HOC FINAL CHECKPOINT EVALUATION,true
t2b-c-m1y,Test 2B,C,M1-Y,M1-Y,10000,c8da7ea375ced0f692210f97097e069f9d5757b6bead22b7a4a10d9a265d8a65,169eadab27a39916e37a875c27708873595f133cb4ea39e9f23eab14e86d49ee,/Users/arjunsharma/Documents/SandiaProjects/4-LDRDAMDIS/DIMSWE-feature-study-20260828/m1y_test2b_20260828_workspace/external-results/m1y-test2b-20260828/production/representation-C/m1y-seed0-m20-10k/checkpoint_000010000_parameters.npz,Y,TRAINING TRUTH SUPPORT,0,80,POST-HOC CHECKPOINT EVALUATION,source_components.S,physical_RMS_error,3.4309467943824057e-05,POST-HOC FINAL CHECKPOINT EVALUATION,true
t2b-c-m1y,Test 2B,C,M1-Y,M1-Y,10000,c8da7ea375ced0f692210f97097e069f9d5757b6bead22b7a4a10d9a265d8a65,169eadab27a39916e37a875c27708873595f133cb4ea39e9f23eab14e86d49ee,/Users/arjunsharma/Documents/SandiaProjects/4-LDRDAMDIS/DIMSWE-feature-study-20260828/m1y_test2b_20260828_workspace/external-results/m1y-test2b-20260828/production/representation-C/m1y-seed0-m20-10k/checkpoint_000010000_parameters.npz,Y,TRAINING TRUTH SUPPORT,0,80,POST-HOC CHECKPOINT EVALUATION,source_components.S,maximum_absolute_error,0.002078265207586437,POST-HOC FINAL CHECKPOINT EVALUATION,true
t2b-c-m1y,Test 2B,C,M1-Y,M1-Y,10000,c8da7ea375ced0f692210f97097e069f9d5757b6bead22b7a4a10d9a265d8a65,169eadab27a39916e37a875c27708873595f133cb4ea39e9f23eab14e86d49ee,/Users/arjunsharma/Documents/SandiaProjects/4-LDRDAMDIS/DIMSWE-feature-study-20260828/m1y_test2b_20260828_workspace/external-results/m1y-test2b-20260828/production/representation-C/m1y-seed0-m20-10k/checkpoint_000010000_parameters.npz,Y,TRAINING TRUTH SUPPORT,0,80,POST-HOC CHECKPOINT EVALUATION,source_components.S,signed_mass_weighted_bias,1.822576281057099e-08,POST-HOC FINAL CHECKPOINT EVALUATION,true
t2b-c-m1y,Test 2B,C,M1-Y,M1-Y,10000,c8da7ea375ced0f692210f97097e069f9d5757b6bead22b7a4a10d9a265d8a65,169eadab27a39916e37a875c27708873595f133cb4ea39e9f23eab14e86d49ee,/Users/arjunsharma/Documents/SandiaProjects/4-LDRDAMDIS/DIMSWE-feature-study-20260828/m1y_test2b_20260828_workspace/external-results/m1y-test2b-20260828/production/representation-C/m1y-seed0-m20-10k/checkpoint_000010000_parameters.npz,Y,TRAINING TRUTH SUPPORT,0,80,POST-HOC CHECKPOINT EVALUATION,source_components.S,correlation,0.9999866248397116,POST-HOC FINAL CHECKPOINT EVALUATION,true
t2b-c-m1y,Test 2B,C,M1-Y,M1-Y,10000,c8da7ea375ced0f692210f97097e069f9d5757b6bead22b7a4a10d9a265d8a65,169eadab27a39916e37a875c27708873595f133cb4ea39e9f23eab14e86d49ee,/Users/arjunsharma/Documents/SandiaProjects/4-LDRDAMDIS/DIMSWE-feature-study-20260828/m1y_test2b_20260828_workspace/external-results/m1y-test2b-20260828/production/representation-C/m1y-seed0-m20-10k/checkpoint_000010000_parameters.npz,Y,TRAINING TRUTH SUPPORT,0,80,POST-HOC CHECKPOINT EVALUATION,source_components.S,cosine,0.999986790596465,POST-HOC FINAL CHECKPOINT EVALUATION,true
t2b-c-m1y,Test 2B,C,M1-Y,M1-Y,10000,c8da7ea375ced0f692210f97097e069f9d5757b6bead22b7a4a10d9a265d8a65,169eadab27a39916e37a875c27708873595f133cb4ea39e9f23eab14e86d49ee,/Users/arjunsharma/Documents/SandiaProjects/4-LDRDAMDIS/DIMSWE-feature-study-20260828/m1y_test2b_20260828_workspace/external-results/m1y-test2b-20260828/production/representation-C/m1y-seed0-m20-10k/checkpoint_000010000_parameters.npz,Y,TRAINING TRUTH SUPPORT,0,80,POST-HOC CHECKPOINT EVALUATION,source_components.S,target_RMS,0.006673248046316622,POST-HOC FINAL CHECKPOINT EVALUATION,true
t2b-c-m1y,Test 2B,C,M1-Y,M1-Y,10000,c8da7ea375ced0f692210f97097e069f9d5757b6bead22b7a4a10d9a265d8a65,169eadab27a39916e37a875c27708873595f133cb4ea39e9f23eab14e86d49ee,/Users/arjunsharma/Documents/SandiaProjects/4-LDRDAMDIS/DIMSWE-feature-study-20260828/m1y_test2b_20260828_workspace/external-results/m1y-test2b-20260828/production/representation-C/m1y-seed0-m20-10k/checkpoint_000010000_parameters.npz,Y,TRAINING TRUTH SUPPORT,0,80,POST-HOC CHECKPOINT EVALUATION,source_components.S,prediction_RMS,0.006672348282540631,POST-HOC FINAL CHECKPOINT EVALUATION,true
t2b-c-m1y,Test 2B,C,M1-Y,M1-Y,10000,c8da7ea375ced0f692210f97097e069f9d5757b6bead22b7a4a10d9a265d8a65,169eadab27a39916e37a875c27708873595f133cb4ea39e9f23eab14e86d49ee,/Users/arjunsharma/Documents/SandiaProjects/4-LDRDAMDIS/DIMSWE-feature-study-20260828/m1y_test2b_20260828_workspace/external-results/m1y-test2b-20260828/production/representation-C/m1y-seed0-m20-10k/checkpoint_000010000_parameters.npz,Y,TRAINING TRUTH SUPPORT,0,80,POST-HOC CHECKPOINT EVALUATION,source_components.S,sample_count,5308416,POST-HOC FINAL CHECKPOINT EVALUATION,true
t2b-c-m1y,Test 2B,C,M1-Y,M1-Y,10000,c8da7ea375ced0f692210f97097e069f9d5757b6bead22b7a4a10d9a265d8a65,169eadab27a39916e37a875c27708873595f133cb4ea39e9f23eab14e86d49ee,/Users/arjunsharma/Documents/SandiaProjects/4-LDRDAMDIS/DIMSWE-feature-study-20260828/m1y_test2b_20260828_workspace/external-results/m1y-test2b-20260828/production/representation-C/m1y-seed0-m20-10k/checkpoint_000010000_parameters.npz,Y,TRAINING TRUTH SUPPORT,0,80,POST-HOC CHECKPOINT EVALUATION,source_components.Qv,normalized_RMS_error,0.005150293461263635,POST-HOC FINAL CHECKPOINT EVALUATION,true
t2b-c-m1y,Test 2B,C,M1-Y,M1-Y,10000,c8da7ea375ced0f692210f97097e069f9d5757b6bead22b7a4a10d9a265d8a65,169eadab27a39916e37a875c27708873595f133cb4ea39e9f23eab14e86d49ee,/Users/arjunsharma/Documents/SandiaProjects/4-LDRDAMDIS/DIMSWE-feature-study-20260828/m1y_test2b_20260828_workspace/external-results/m1y-test2b-20260828/production/representation-C/m1y-seed0-m20-10k/checkpoint_000010000_parameters.npz,Y,TRAINING TRUTH SUPPORT,0,80,POST-HOC CHECKPOINT EVALUATION,source_components.Qv,relative_RMS_error,0.0051489271901994866,POST-HOC FINAL CHECKPOINT EVALUATION,true
t2b-c-m1y,Test 2B,C,M1-Y,M1-Y,10000,c8da7ea375ced0f692210f97097e069f9d5757b6bead22b7a4a10d9a265d8a65,169eadab27a39916e37a875c27708873595f133cb4ea39e9f23eab14e86d49ee,/Users/arjunsharma/Documents/SandiaProjects/4-LDRDAMDIS/DIMSWE-feature-study-20260828/m1y_test2b_20260828_workspace/external-results/m1y-test2b-20260828/production/representation-C/m1y-seed0-m20-10k/checkpoint_000010000_parameters.npz,Y,TRAINING TRUTH SUPPORT,0,80,POST-HOC CHECKPOINT EVALUATION,source_components.Qv,physical_RMS_error,3.50392695128626e-07,POST-HOC FINAL CHECKPOINT EVALUATION,true
t2b-c-m1y,Test 2B,C,M1-Y,M1-Y,10000,c8da7ea375ced0f692210f97097e069f9d5757b6bead22b7a4a10d9a265d8a65,169eadab27a39916e37a875c27708873595f133cb4ea39e9f23eab14e86d49ee,/Users/arjunsharma/Documents/SandiaProjects/4-LDRDAMDIS/DIMSWE-feature-study-20260828/m1y_test2b_20260828_workspace/external-results/m1y-test2b-20260828/production/representation-C/m1y-seed0-m20-10k/checkpoint_000010000_parameters.npz,Y,TRAINING TRUTH SUPPORT,0,80,POST-HOC CHECKPOINT EVALUATION,source_components.Qv,maximum_absolute_error,2.0439864387715287e-05,POST-HOC FINAL CHECKPOINT EVALUATION,true
t2b-c-m1y,Test 2B,C,M1-Y,M1-Y,10000,c8da7ea375ced0f692210f97097e069f9d5757b6bead22b7a4a10d9a265d8a65,169eadab27a39916e37a875c27708873595f133cb4ea39e9f23eab14e86d49ee,/Users/arjunsharma/Documents/SandiaProjects/4-LDRDAMDIS/DIMSWE-feature-study-20260828/m1y_test2b_20260828_workspace/external-results/m1y-test2b-20260828/production/representation-C/m1y-seed0-m20-10k/checkpoint_000010000_parameters.npz,Y,TRAINING TRUTH SUPPORT,0,80,POST-HOC CHECKPOINT EVALUATION,source_components.Qv,signed_mass_weighted_bias,-2.3881855088278692e-09,POST-HOC FINAL CHECKPOINT EVALUATION,true
t2b-c-m1y,Test 2B,C,M1-Y,M1-Y,10000,c8da7ea375ced0f692210f97097e069f9d5757b6bead22b7a4a10d9a265d8a65,169eadab27a39916e37a875c27708873595f133cb4ea39e9f23eab14e86d49ee,/Users/arjunsharma/Documents/SandiaProjects/4-LDRDAMDIS/DIMSWE-feature-study-20260828/m1y_test2b_20260828_workspace/external-results/m1y-test2b-20260828/production/representation-C/m1y-seed0-m20-10k/checkpoint_000010000_parameters.npz,Y,TRAINING TRUTH SUPPORT,0,80,POST-HOC CHECKPOINT EVALUATION,source_components.Qv,correlation,0.9999865820994885,POST-HOC FINAL CHECKPOINT EVALUATION,true
t2b-c-m1y,Test 2B,C,M1-Y,M1-Y,10000,c8da7ea375ced0f692210f97097e069f9d5757b6bead22b7a4a10d9a265d8a65,169eadab27a39916e37a875c27708873595f133cb4ea39e9f23eab14e86d49ee,/Users/arjunsharma/Documents/SandiaProjects/4-LDRDAMDIS/DIMSWE-feature-study-20260828/m1y_test2b_20260828_workspace/external-results/m1y-test2b-20260828/production/representation-C/m1y-seed0-m20-10k/checkpoint_000010000_parameters.npz,Y,TRAINING TRUTH SUPPORT,0,80,POST-HOC CHECKPOINT EVALUATION,source_components.Qv,cosine,0.9999867481234904,POST-HOC FINAL CHECKPOINT EVALUATION,true
t2b-c-m1y,Test 2B,C,M1-Y,M1-Y,10000,c8da7ea375ced0f692210f97097e069f9d5757b6bead22b7a4a10d9a265d8a65,169eadab27a39916e37a875c27708873595f133cb4ea39e9f23eab14e86d49ee,/Users/arjunsharma/Documents/SandiaProjects/4-LDRDAMDIS/DIMSWE-feature-study-20260828/m1y_test2b_20260828_workspace/external-results/m1y-test2b-20260828/production/representation-C/m1y-seed0-m20-10k/checkpoint_000010000_parameters.npz,Y,TRAINING TRUTH SUPPORT,0,80,POST-HOC CHECKPOINT EVALUATION,source_components.Qv,target_RMS,6.805159253282248e-05,POST-HOC FINAL CHECKPOINT EVALUATION,true
t2b-c-m1y,Test 2B,C,M1-Y,M1-Y,10000,c8da7ea375ced0f692210f97097e069f9d5757b6bead22b7a4a10d9a265d8a65,169eadab27a39916e37a875c27708873595f133cb4ea39e9f23eab14e86d49ee,/Users/arjunsharma/Documents/SandiaProjects/4-LDRDAMDIS/DIMSWE-feature-study-20260828/m1y_test2b_20260828_workspace/external-results/m1y-test2b-20260828/production/representation-C/m1y-seed0-m20-10k/checkpoint_000010000_parameters.npz,Y,TRAINING TRUTH SUPPORT,0,80,POST-HOC CHECKPOINT EVALUATION,source_components.Qv,prediction_RMS,6.805672924313783e-05,POST-HOC FINAL CHECKPOINT EVALUATION,true
t2b-c-m1y,Test 2B,C,M1-Y,M1-Y,10000,c8da7ea375ced0f692210f97097e069f9d5757b6bead22b7a4a10d9a265d8a65,169eadab27a39916e37a875c27708873595f133cb4ea39e9f23eab14e86d49ee,/Users/arjunsharma/Documents/SandiaProjects/4-LDRDAMDIS/DIMSWE-feature-study-20260828/m1y_test2b_20260828_workspace/external-results/m1y-test2b-20260828/production/representation-C/m1y-seed0-m20-10k/checkpoint_000010000_parameters.npz,Y,TRAINING TRUTH SUPPORT,0,80,POST-HOC CHECKPOINT EVALUATION,source_components.Qv,sample_count,5308416,POST-HOC FINAL CHECKPOINT EVALUATION,true
t2b-c-m1y,Test 2B,C,M1-Y,M1-Y,10000,c8da7ea375ced0f692210f97097e069f9d5757b6bead22b7a4a10d9a265d8a65,169eadab27a39916e37a875c27708873595f133cb4ea39e9f23eab14e86d49ee,/Users/arjunsharma/Documents/SandiaProjects/4-LDRDAMDIS/DIMSWE-feature-study-20260828/m1y_test2b_20260828_workspace/external-results/m1y-test2b-20260828/production/representation-C/m1y-seed0-m20-10k/checkpoint_000010000_parameters.npz,Y,TRAINING TRUTH SUPPORT,0,80,POST-HOC CHECKPOINT EVALUATION,source_components.Qc,normalized_RMS_error,0.005149144437250053,POST-HOC FINAL CHECKPOINT EVALUATION,true
t2b-c-m1y,Test 2B,C,M1-Y,M1-Y,10000,c8da7ea375ced0f692210f97097e069f9d5757b6bead22b7a4a10d9a265d8a65,169eadab27a39916e37a875c27708873595f133cb4ea39e9f23eab14e86d49ee,/Users/arjunsharma/Documents/SandiaProjects/4-LDRDAMDIS/DIMSWE-feature-study-20260828/m1y_test2b_20260828_workspace/external-results/m1y-test2b-20260828/production/representation-C/m1y-seed0-m20-10k/checkpoint_000010000_parameters.npz,Y,TRAINING TRUTH SUPPORT,0,80,POST-HOC CHECKPOINT EVALUATION,source_components.Qc,relative_RMS_error,0.005147778563916815,POST-HOC FINAL CHECKPOINT EVALUATION,true
t2b-c-m1y,Test 2B,C,M1-Y,M1-Y,10000,c8da7ea375ced0f692210f97097e069f9d5757b6bead22b7a4a10d9a265d8a65,169eadab27a39916e37a875c27708873595f133cb4ea39e9f23eab14e86d49ee,/Users/arjunsharma/Documents/SandiaProjects/4-LDRDAMDIS/DIMSWE-feature-study-20260828/m1y_test2b_20260828_workspace/external-results/m1y-test2b-20260828/production/representation-C/m1y-seed0-m20-10k/checkpoint_000010000_parameters.npz,Y,TRAINING TRUTH SUPPORT,0,80,POST-HOC CHECKPOINT EVALUATION,source_components.Qc,physical_RMS_error,3.5031452279209133e-07,POST-HOC FINAL CHECKPOINT EVALUATION,true
t2b-c-m1y,Test 2B,C,M1-Y,M1-Y,10000,c8da7ea375ced0f692210f97097e069f9d5757b6bead22b7a4a10d9a265d8a65,169eadab27a39916e37a875c27708873595f133cb4ea39e9f23eab14e86d49ee,/Users/arjunsharma/Documents/SandiaProjects/4-LDRDAMDIS/DIMSWE-feature-study-20260828/m1y_test2b_20260828_workspace/external-results/m1y-test2b-20260828/production/representation-C/m1y-seed0-m20-10k/checkpoint_000010000_parameters.npz,Y,TRAINING TRUTH SUPPORT,0,80,POST-HOC CHECKPOINT EVALUATION,source_components.Qc,maximum_absolute_error,2.090171967807911e-05,POST-HOC FINAL CHECKPOINT EVALUATION,true
t2b-c-m1y,Test 2B,C,M1-Y,M1-Y,10000,c8da7ea375ced0f692210f97097e069f9d5757b6bead22b7a4a10d9a265d8a65,169eadab27a39916e37a875c27708873595f133cb4ea39e9f23eab14e86d49ee,/Users/arjunsharma/Documents/SandiaProjects/4-LDRDAMDIS/DIMSWE-feature-study-20260828/m1y_test2b_20260828_workspace/external-results/m1y-test2b-20260828/production/representation-C/m1y-seed0-m20-10k/checkpoint_000010000_parameters.npz,Y,TRAINING TRUTH SUPPORT,0,80,POST-HOC CHECKPOINT EVALUATION,source_components.Qc,signed_mass_weighted_bias,-1.039676447198185e-09,POST-HOC FINAL CHECKPOINT EVALUATION,true
t2b-c-m1y,Test 2B,C,M1-Y,M1-Y,10000,c8da7ea375ced0f692210f97097e069f9d5757b6bead22b7a4a10d9a265d8a65,169eadab27a39916e37a875c27708873595f133cb4ea39e9f23eab14e86d49ee,/Users/arjunsharma/Documents/SandiaProjects/4-LDRDAMDIS/DIMSWE-feature-study-20260828/m1y_test2b_20260828_workspace/external-results/m1y-test2b-20260828/production/representation-C/m1y-seed0-m20-10k/checkpoint_000010000_parameters.npz,Y,TRAINING TRUTH SUPPORT,0,80,POST-HOC CHECKPOINT EVALUATION,source_components.Qc,correlation,0.9999865855617888,POST-HOC FINAL CHECKPOINT EVALUATION,true
t2b-c-m1y,Test 2B,C,M1-Y,M1-Y,10000,c8da7ea375ced0f692210f97097e069f9d5757b6bead22b7a4a10d9a265d8a65,169eadab27a39916e37a875c27708873595f133cb4ea39e9f23eab14e86d49ee,/Users/arjunsharma/Documents/SandiaProjects/4-LDRDAMDIS/DIMSWE-feature-study-20260828/m1y_test2b_20260828_workspace/external-results/m1y-test2b-20260828/production/representation-C/m1y-seed0-m20-10k/checkpoint_000010000_parameters.npz,Y,TRAINING TRUTH SUPPORT,0,80,POST-HOC CHECKPOINT EVALUATION,source_components.Qc,cosine,0.9999867516279687,POST-HOC FINAL CHECKPOINT EVALUATION,true
t2b-c-m1y,Test 2B,C,M1-Y,M1-Y,10000,c8da7ea375ced0f692210f97097e069f9d5757b6bead22b7a4a10d9a265d8a65,169eadab27a39916e37a875c27708873595f133cb4ea39e9f23eab14e86d49ee,/Users/arjunsharma/Documents/SandiaProjects/4-LDRDAMDIS/DIMSWE-feature-study-20260828/m1y_test2b_20260828_workspace/external-results/m1y-test2b-20260828/production/representation-C/m1y-seed0-m20-10k/checkpoint_000010000_parameters.npz,Y,TRAINING TRUTH SUPPORT,0,80,POST-HOC CHECKPOINT EVALUATION,source_components.Qc,target_RMS,6.805159127232269e-05,POST-HOC FINAL CHECKPOINT EVALUATION,true
t2b-c-m1y,Test 2B,C,M1-Y,M1-Y,10000,c8da7ea375ced0f692210f97097e069f9d5757b6bead22b7a4a10d9a265d8a65,169eadab27a39916e37a875c27708873595f133cb4ea39e9f23eab14e86d49ee,/Users/arjunsharma/Documents/SandiaProjects/4-LDRDAMDIS/DIMSWE-feature-study-20260828/m1y_test2b_20260828_workspace/external-results/m1y-test2b-20260828/production/representation-C/m1y-seed0-m20-10k/checkpoint_000010000_parameters.npz,Y,TRAINING TRUTH SUPPORT,0,80,POST-HOC CHECKPOINT EVALUATION,source_components.Qc,prediction_RMS,6.805445141995451e-05,POST-HOC FINAL CHECKPOINT EVALUATION,true
t2b-c-m1y,Test 2B,C,M1-Y,M1-Y,10000,c8da7ea375ced0f692210f97097e069f9d5757b6bead22b7a4a10d9a265d8a65,169eadab27a39916e37a875c27708873595f133cb4ea39e9f23eab14e86d49ee,/Users/arjunsharma/Documents/SandiaProjects/4-LDRDAMDIS/DIMSWE-feature-study-20260828/m1y_test2b_20260828_workspace/external-results/m1y-test2b-20260828/production/representation-C/m1y-seed0-m20-10k/checkpoint_000010000_parameters.npz,Y,TRAINING TRUTH SUPPORT,0,80,POST-HOC CHECKPOINT EVALUATION,source_components.Qc,sample_count,5308416,POST-HOC FINAL CHECKPOINT EVALUATION,true
t2b-c-m1y,Test 2B,C,M1-Y,M1-Y,10000,c8da7ea375ced0f692210f97097e069f9d5757b6bead22b7a4a10d9a265d8a65,169eadab27a39916e37a875c27708873595f133cb4ea39e9f23eab14e86d49ee,/Users/arjunsharma/Documents/SandiaProjects/4-LDRDAMDIS/DIMSWE-feature-study-20260828/m1y_test2b_20260828_workspace/external-results/m1y-test2b-20260828/production/representation-C/m1y-seed0-m20-10k/checkpoint_000010000_parameters.npz,Y,TRAINING TRUTH SUPPORT,0,80,POST-HOC CHECKPOINT EVALUATION,source_components.Qr,normalized_RMS_error,0.005918891566835375,POST-HOC FINAL CHECKPOINT EVALUATION,true
t2b-c-m1y,Test 2B,C,M1-Y,M1-Y,10000,c8da7ea375ced0f692210f97097e069f9d5757b6bead22b7a4a10d9a265d8a65,169eadab27a39916e37a875c27708873595f133cb4ea39e9f23eab14e86d49ee,/Users/arjunsharma/Documents/SandiaProjects/4-LDRDAMDIS/DIMSWE-feature-study-20260828/m1y_test2b_20260828_workspace/external-results/m1y-test2b-20260828/production/representation-C/m1y-seed0-m20-10k/checkpoint_000010000_parameters.npz,Y,TRAINING TRUTH SUPPORT,0,80,POST-HOC CHECKPOINT EVALUATION,source_components.Qr,relative_RMS_error,0.06857387189818062,POST-HOC FINAL CHECKPOINT EVALUATION,true
t2b-c-m1y,Test 2B,C,M1-Y,M1-Y,10000,c8da7ea375ced0f692210f97097e069f9d5757b6bead22b7a4a10d9a265d8a65,169eadab27a39916e37a875c27708873595f133cb4ea39e9f23eab14e86d49ee,/Users/arjunsharma/Documents/SandiaProjects/4-LDRDAMDIS/DIMSWE-feature-study-20260828/m1y_test2b_20260828_workspace/external-results/m1y-test2b-20260828/production/representation-C/m1y-seed0-m20-10k/checkpoint_000010000_parameters.npz,Y,TRAINING TRUTH SUPPORT,0,80,POST-HOC CHECKPOINT EVALUATION,source_components.Qr,physical_RMS_error,8.923615803471499e-11,POST-HOC FINAL CHECKPOINT EVALUATION,true
t2b-c-m1y,Test 2B,C,M1-Y,M1-Y,10000,c8da7ea375ced0f692210f97097e069f9d5757b6bead22b7a4a10d9a265d8a65,169eadab27a39916e37a875c27708873595f133cb4ea39e9f23eab14e86d49ee,/Users/arjunsharma/Documents/SandiaProjects/4-LDRDAMDIS/DIMSWE-feature-study-20260828/m1y_test2b_20260828_workspace/external-results/m1y-test2b-20260828/production/representation-C/m1y-seed0-m20-10k/checkpoint_000010000_parameters.npz,Y,TRAINING TRUTH SUPPORT,0,80,POST-HOC CHECKPOINT EVALUATION,source_components.Qr,maximum_absolute_error,8.168051560553385e-09,POST-HOC FINAL CHECKPOINT EVALUATION,true
t2b-c-m1y,Test 2B,C,M1-Y,M1-Y,10000,c8da7ea375ced0f692210f97097e069f9d5757b6bead22b7a4a10d9a265d8a65,169eadab27a39916e37a875c27708873595f133cb4ea39e9f23eab14e86d49ee,/Users/arjunsharma/Documents/SandiaProjects/4-LDRDAMDIS/DIMSWE-feature-study-20260828/m1y_test2b_20260828_workspace/external-results/m1y-test2b-20260828/production/representation-C/m1y-seed0-m20-10k/checkpoint_000010000_parameters.npz,Y,TRAINING TRUTH SUPPORT,0,80,POST-HOC CHECKPOINT EVALUATION,source_components.Qr,signed_mass_weighted_bias,1.6694660864362241e-13,POST-HOC FINAL CHECKPOINT EVALUATION,true
t2b-c-m1y,Test 2B,C,M1-Y,M1-Y,10000,c8da7ea375ced0f692210f97097e069f9d5757b6bead22b7a4a10d9a265d8a65,169eadab27a39916e37a875c27708873595f133cb4ea39e9f23eab14e86d49ee,/Users/arjunsharma/Documents/SandiaProjects/4-LDRDAMDIS/DIMSWE-feature-study-20260828/m1y_test2b_20260828_workspace/external-results/m1y-test2b-20260828/production/representation-C/m1y-seed0-m20-10k/checkpoint_000010000_parameters.npz,Y,TRAINING TRUTH SUPPORT,0,80,POST-HOC CHECKPOINT EVALUATION,source_components.Qr,correlation,0.997633439490515,POST-HOC FINAL CHECKPOINT EVALUATION,true
t2b-c-m1y,Test 2B,C,M1-Y,M1-Y,10000,c8da7ea375ced0f692210f97097e069f9d5757b6bead22b7a4a10d9a265d8a65,169eadab27a39916e37a875c27708873595f133cb4ea39e9f23eab14e86d49ee,/Users/arjunsharma/Documents/SandiaProjects/4-LDRDAMDIS/DIMSWE-feature-study-20260828/m1y_test2b_20260828_workspace/external-results/m1y-test2b-20260828/production/representation-C/m1y-seed0-m20-10k/checkpoint_000010000_parameters.npz,Y,TRAINING TRUTH SUPPORT,0,80,POST-HOC CHECKPOINT EVALUATION,source_components.Qr,cosine,0.9976460706515763,POST-HOC FINAL CHECKPOINT EVALUATION,true
t2b-c-m1y,Test 2B,C,M1-Y,M1-Y,10000,c8da7ea375ced0f692210f97097e069f9d5757b6bead22b7a4a10d9a265d8a65,169eadab27a39916e37a875c27708873595f133cb4ea39e9f23eab14e86d49ee,/Users/arjunsharma/Documents/SandiaProjects/4-LDRDAMDIS/DIMSWE-feature-study-20260828/m1y_test2b_20260828_workspace/external-results/m1y-test2b-20260828/production/representation-C/m1y-seed0-m20-10k/checkpoint_000010000_parameters.npz,Y,TRAINING TRUTH SUPPORT,0,80,POST-HOC CHECKPOINT EVALUATION,source_components.Qr,target_RMS,1.3013142697733911e-09,POST-HOC FINAL CHECKPOINT EVALUATION,true
t2b-c-m1y,Test 2B,C,M1-Y,M1-Y,10000,c8da7ea375ced0f692210f97097e069f9d5757b6bead22b7a4a10d9a265d8a65,169eadab27a39916e37a875c27708873595f133cb4ea39e9f23eab14e86d49ee,/Users/arjunsharma/Documents/SandiaProjects/4-LDRDAMDIS/DIMSWE-feature-study-20260828/m1y_test2b_20260828_workspace/external-results/m1y-test2b-20260828/production/representation-C/m1y-seed0-m20-10k/checkpoint_000010000_parameters.npz,Y,TRAINING TRUTH SUPPORT,0,80,POST-HOC CHECKPOINT EVALUATION,source_components.Qr,prediction_RMS,1.2979371472284738e-09,POST-HOC FINAL CHECKPOINT EVALUATION,true
t2b-c-m1y,Test 2B,C,M1-Y,M1-Y,10000,c8da7ea375ced0f692210f97097e069f9d5757b6bead22b7a4a10d9a265d8a65,169eadab27a39916e37a875c27708873595f133cb4ea39e9f23eab14e86d49ee,/Users/arjunsharma/Documents/SandiaProjects/4-LDRDAMDIS/DIMSWE-feature-study-20260828/m1y_test2b_20260828_workspace/external-results/m1y-test2b-20260828/production/representation-C/m1y-seed0-m20-10k/checkpoint_000010000_parameters.npz,Y,TRAINING TRUTH SUPPORT,0,80,POST-HOC CHECKPOINT EVALUATION,source_components.Qr,sample_count,5308416,POST-HOC FINAL CHECKPOINT EVALUATION,true
t2b-c-m1y,Test 2B,C,M1-Y,M1-Y,10000,c8da7ea375ced0f692210f97097e069f9d5757b6bead22b7a4a10d9a265d8a65,169eadab27a39916e37a875c27708873595f133cb4ea39e9f23eab14e86d49ee,/Users/arjunsharma/Documents/SandiaProjects/4-LDRDAMDIS/DIMSWE-feature-study-20260828/m1y_test2b_20260828_workspace/external-results/m1y-test2b-20260828/production/representation-C/m1y-seed0-m20-10k/checkpoint_000010000_parameters.npz,Y,TRAINING TRUTH SUPPORT,0,80,POST-HOC CHECKPOINT EVALUATION,source_vector,normalized_vector_RMS_error,0.01070139912215809,POST-HOC FINAL CHECKPOINT EVALUATION,true
t2b-c-m1y,Test 2B,C,M1-Y,M1-Y,10000,c8da7ea375ced0f692210f97097e069f9d5757b6bead22b7a4a10d9a265d8a65,169eadab27a39916e37a875c27708873595f133cb4ea39e9f23eab14e86d49ee,/Users/arjunsharma/Documents/SandiaProjects/4-LDRDAMDIS/DIMSWE-feature-study-20260828/m1y_test2b_20260828_workspace/external-results/m1y-test2b-20260828/production/representation-C/m1y-seed0-m20-10k/checkpoint_000010000_parameters.npz,Y,TRAINING TRUTH SUPPORT,0,80,POST-HOC CHECKPOINT EVALUATION,source_vector,normalized_vector_relative_RMS_error,0.00616916531419641,POST-HOC FINAL CHECKPOINT EVALUATION,true
t2b-c-m1y,Test 2B,C,M1-Y,M1-Y,10000,c8da7ea375ced0f692210f97097e069f9d5757b6bead22b7a4a10d9a265d8a65,169eadab27a39916e37a875c27708873595f133cb4ea39e9f23eab14e86d49ee,/Users/arjunsharma/Documents/SandiaProjects/4-LDRDAMDIS/DIMSWE-feature-study-20260828/m1y_test2b_20260828_workspace/external-results/m1y-test2b-20260828/production/representation-C/m1y-seed0-m20-10k/checkpoint_000010000_parameters.npz,Y,TRAINING TRUTH SUPPORT,0,80,POST-HOC CHECKPOINT EVALUATION,source_vector,normalized_source_vector_cosine,0.9999809705421167,POST-HOC FINAL CHECKPOINT EVALUATION,true
t2b-c-m1y,Test 2B,C,M1-Y,M1-Y,10000,c8da7ea375ced0f692210f97097e069f9d5757b6bead22b7a4a10d9a265d8a65,169eadab27a39916e37a875c27708873595f133cb4ea39e9f23eab14e86d49ee,/Users/arjunsharma/Documents/SandiaProjects/4-LDRDAMDIS/DIMSWE-feature-study-20260828/m1y_test2b_20260828_workspace/external-results/m1y-test2b-20260828/production/representation-C/m1y-seed0-m20-10k/checkpoint_000010000_parameters.npz,Y,TRAINING TRUTH SUPPORT,0,80,POST-HOC CHECKPOINT EVALUATION,effective_A,normalized_RMS_error,0.005703411642729768,POST-HOC FINAL CHECKPOINT EVALUATION,true
t2b-c-m1y,Test 2B,C,M1-Y,M1-Y,10000,c8da7ea375ced0f692210f97097e069f9d5757b6bead22b7a4a10d9a265d8a65,169eadab27a39916e37a875c27708873595f133cb4ea39e9f23eab14e86d49ee,/Users/arjunsharma/Documents/SandiaProjects/4-LDRDAMDIS/DIMSWE-feature-study-20260828/m1y_test2b_20260828_workspace/external-results/m1y-test2b-20260828/production/representation-C/m1y-seed0-m20-10k/checkpoint_000010000_parameters.npz,Y,TRAINING TRUTH SUPPORT,0,80,POST-HOC CHECKPOINT EVALUATION,effective_A,relative_RMS_error,0.005701704289211183,POST-HOC FINAL CHECKPOINT EVALUATION,true
t2b-c-m1y,Test 2B,C,M1-Y,M1-Y,10000,c8da7ea375ced0f692210f97097e069f9d5757b6bead22b7a4a10d9a265d8a65,169eadab27a39916e37a875c27708873595f133cb4ea39e9f23eab14e86d49ee,/Users/arjunsharma/Documents/SandiaProjects/4-LDRDAMDIS/DIMSWE-feature-study-20260828/m1y_test2b_20260828_workspace/external-results/m1y-test2b-20260828/production/representation-C/m1y-seed0-m20-10k/checkpoint_000010000_parameters.npz,Y,TRAINING TRUTH SUPPORT,0,80,POST-HOC CHECKPOINT EVALUATION,effective_A,physical_RMS_error,5.162875741076889e-10,POST-HOC FINAL CHECKPOINT EVALUATION,true
t2b-c-m1y,Test 2B,C,M1-Y,M1-Y,10000,c8da7ea375ced0f692210f97097e069f9d5757b6bead22b7a4a10d9a265d8a65,169eadab27a39916e37a875c27708873595f133cb4ea39e9f23eab14e86d49ee,/Users/arjunsharma/Documents/SandiaProjects/4-LDRDAMDIS/DIMSWE-feature-study-20260828/m1y_test2b_20260828_workspace/external-results/m1y-test2b-20260828/production/representation-C/m1y-seed0-m20-10k/checkpoint_000010000_parameters.npz,Y,TRAINING TRUTH SUPPORT,0,80,POST-HOC CHECKPOINT EVALUATION,effective_A,maximum_absolute_error,3.1755865150303776e-08,POST-HOC FINAL CHECKPOINT EVALUATION,true
t2b-c-m1y,Test 2B,C,M1-Y,M1-Y,10000,c8da7ea375ced0f692210f97097e069f9d5757b6bead22b7a4a10d9a265d8a65,169eadab27a39916e37a875c27708873595f133cb4ea39e9f23eab14e86d49ee,/Users/arjunsharma/Documents/SandiaProjects/4-LDRDAMDIS/DIMSWE-feature-study-20260828/m1y_test2b_20260828_workspace/external-results/m1y-test2b-20260828/production/representation-C/m1y-seed0-m20-10k/checkpoint_000010000_parameters.npz,Y,TRAINING TRUTH SUPPORT,0,80,POST-HOC CHECKPOINT EVALUATION,effective_A,signed_mass_weighted_bias,-4.956835530495939e-13,POST-HOC FINAL CHECKPOINT EVALUATION,true
t2b-c-m1y,Test 2B,C,M1-Y,M1-Y,10000,c8da7ea375ced0f692210f97097e069f9d5757b6bead22b7a4a10d9a265d8a65,169eadab27a39916e37a875c27708873595f133cb4ea39e9f23eab14e86d49ee,/Users/arjunsharma/Documents/SandiaProjects/4-LDRDAMDIS/DIMSWE-feature-study-20260828/m1y_test2b_20260828_workspace/external-results/m1y-test2b-20260828/production/representation-C/m1y-seed0-m20-10k/checkpoint_000010000_parameters.npz,Y,TRAINING TRUTH SUPPORT,0,80,POST-HOC CHECKPOINT EVALUATION,effective_A,correlation,0.9999835418642031,POST-HOC FINAL CHECKPOINT EVALUATION,true
t2b-c-m1y,Test 2B,C,M1-Y,M1-Y,10000,c8da7ea375ced0f692210f97097e069f9d5757b6bead22b7a4a10d9a265d8a65,169eadab27a39916e37a875c27708873595f133cb4ea39e9f23eab14e86d49ee,/Users/arjunsharma/Documents/SandiaProjects/4-LDRDAMDIS/DIMSWE-feature-study-20260828/m1y_test2b_20260828_workspace/external-results/m1y-test2b-20260828/production/representation-C/m1y-seed0-m20-10k/checkpoint_000010000_parameters.npz,Y,TRAINING TRUTH SUPPORT,0,80,POST-HOC CHECKPOINT EVALUATION,effective_A,cosine,0.9999837451762954,POST-HOC FINAL CHECKPOINT EVALUATION,true
t2b-c-m1y,Test 2B,C,M1-Y,M1-Y,10000,c8da7ea375ced0f692210f97097e069f9d5757b6bead22b7a4a10d9a265d8a65,169eadab27a39916e37a875c27708873595f133cb4ea39e9f23eab14e86d49ee,/Users/arjunsharma/Documents/SandiaProjects/4-LDRDAMDIS/DIMSWE-feature-study-20260828/m1y_test2b_20260828_workspace/external-results/m1y-test2b-20260828/production/representation-C/m1y-seed0-m20-10k/checkpoint_000010000_parameters.npz,Y,TRAINING TRUTH SUPPORT,0,80,POST-HOC CHECKPOINT EVALUATION,effective_A,target_RMS,9.05496932004371e-08,POST-HOC FINAL CHECKPOINT EVALUATION,true
t2b-c-m1y,Test 2B,C,M1-Y,M1-Y,10000,c8da7ea375ced0f692210f97097e069f9d5757b6bead22b7a4a10d9a265d8a65,169eadab27a39916e37a875c27708873595f133cb4ea39e9f23eab14e86d49ee,/Users/arjunsharma/Documents/SandiaProjects/4-LDRDAMDIS/DIMSWE-feature-study-20260828/m1y_test2b_20260828_workspace/external-results/m1y-test2b-20260828/production/representation-C/m1y-seed0-m20-10k/checkpoint_000010000_parameters.npz,Y,TRAINING TRUTH SUPPORT,0,80,POST-HOC CHECKPOINT EVALUATION,effective_A,prediction_RMS,9.054885264443662e-08,POST-HOC FINAL CHECKPOINT EVALUATION,true
t2b-c-m1y,Test 2B,C,M1-Y,M1-Y,10000,c8da7ea375ced0f692210f97097e069f9d5757b6bead22b7a4a10d9a265d8a65,169eadab27a39916e37a875c27708873595f133cb4ea39e9f23eab14e86d49ee,/Users/arjunsharma/Documents/SandiaProjects/4-LDRDAMDIS/DIMSWE-feature-study-20260828/m1y_test2b_20260828_workspace/external-results/m1y-test2b-20260828/production/representation-C/m1y-seed0-m20-10k/checkpoint_000010000_parameters.npz,Y,TRAINING TRUTH SUPPORT,0,80,POST-HOC CHECKPOINT EVALUATION,effective_A,sample_count,5308416,POST-HOC FINAL CHECKPOINT EVALUATION,true
t2b-c-m1y,Test 2B,C,M1-Y,M1-Y,10000,c8da7ea375ced0f692210f97097e069f9d5757b6bead22b7a4a10d9a265d8a65,169eadab27a39916e37a875c27708873595f133cb4ea39e9f23eab14e86d49ee,/Users/arjunsharma/Documents/SandiaProjects/4-LDRDAMDIS/DIMSWE-feature-study-20260828/m1y_test2b_20260828_workspace/external-results/m1y-test2b-20260828/production/representation-C/m1y-seed0-m20-10k/checkpoint_000010000_parameters.npz,Y,TRAINING TRUTH SUPPORT,0,80,POST-HOC CHECKPOINT EVALUATION,effective_R,normalized_RMS_error,0.005938369990864841,POST-HOC FINAL CHECKPOINT EVALUATION,true
t2b-c-m1y,Test 2B,C,M1-Y,M1-Y,10000,c8da7ea375ced0f692210f97097e069f9d5757b6bead22b7a4a10d9a265d8a65,169eadab27a39916e37a875c27708873595f133cb4ea39e9f23eab14e86d49ee,/Users/arjunsharma/Documents/SandiaProjects/4-LDRDAMDIS/DIMSWE-feature-study-20260828/m1y_test2b_20260828_workspace/external-results/m1y-test2b-20260828/production/representation-C/m1y-seed0-m20-10k/checkpoint_000010000_parameters.npz,Y,TRAINING TRUTH SUPPORT,0,80,POST-HOC CHECKPOINT EVALUATION,effective_R,relative_RMS_error,0.06880536954461715,POST-HOC FINAL CHECKPOINT EVALUATION,true
t2b-c-m1y,Test 2B,C,M1-Y,M1-Y,10000,c8da7ea375ced0f692210f97097e069f9d5757b6bead22b7a4a10d9a265d8a65,169eadab27a39916e37a875c27708873595f133cb4ea39e9f23eab14e86d49ee,/Users/arjunsharma/Documents/SandiaProjects/4-LDRDAMDIS/DIMSWE-feature-study-20260828/m1y_test2b_20260828_workspace/external-results/m1y-test2b-20260828/production/representation-C/m1y-seed0-m20-10k/checkpoint_000010000_parameters.npz,Y,TRAINING TRUTH SUPPORT,0,80,POST-HOC CHECKPOINT EVALUATION,effective_R,physical_RMS_error,1.1819061343169416e-13,POST-HOC FINAL CHECKPOINT EVALUATION,true
t2b-c-m1y,Test 2B,C,M1-Y,M1-Y,10000,c8da7ea375ced0f692210f97097e069f9d5757b6bead22b7a4a10d9a265d8a65,169eadab27a39916e37a875c27708873595f133cb4ea39e9f23eab14e86d49ee,/Users/arjunsharma/Documents/SandiaProjects/4-LDRDAMDIS/DIMSWE-feature-study-20260828/m1y_test2b_20260828_workspace/external-results/m1y-test2b-20260828/production/representation-C/m1y-seed0-m20-10k/checkpoint_000010000_parameters.npz,Y,TRAINING TRUTH SUPPORT,0,80,POST-HOC CHECKPOINT EVALUATION,effective_R,maximum_absolute_error,1.0754088960739504e-11,POST-HOC FINAL CHECKPOINT EVALUATION,true
t2b-c-m1y,Test 2B,C,M1-Y,M1-Y,10000,c8da7ea375ced0f692210f97097e069f9d5757b6bead22b7a4a10d9a265d8a65,169eadab27a39916e37a875c27708873595f133cb4ea39e9f23eab14e86d49ee,/Users/arjunsharma/Documents/SandiaProjects/4-LDRDAMDIS/DIMSWE-feature-study-20260828/m1y_test2b_20260828_workspace/external-results/m1y-test2b-20260828/production/representation-C/m1y-seed0-m20-10k/checkpoint_000010000_parameters.npz,Y,TRAINING TRUTH SUPPORT,0,80,POST-HOC CHECKPOINT EVALUATION,effective_R,signed_mass_weighted_bias,2.3125545397383466e-16,POST-HOC FINAL CHECKPOINT EVALUATION,true
t2b-c-m1y,Test 2B,C,M1-Y,M1-Y,10000,c8da7ea375ced0f692210f97097e069f9d5757b6bead22b7a4a10d9a265d8a65,169eadab27a39916e37a875c27708873595f133cb4ea39e9f23eab14e86d49ee,/Users/arjunsharma/Documents/SandiaProjects/4-LDRDAMDIS/DIMSWE-feature-study-20260828/m1y_test2b_20260828_workspace/external-results/m1y-test2b-20260828/production/representation-C/m1y-seed0-m20-10k/checkpoint_000010000_parameters.npz,Y,TRAINING TRUTH SUPPORT,0,80,POST-HOC CHECKPOINT EVALUATION,effective_R,correlation,0.9976173901314658,POST-HOC FINAL CHECKPOINT EVALUATION,true
t2b-c-m1y,Test 2B,C,M1-Y,M1-Y,10000,c8da7ea375ced0f692210f97097e069f9d5757b6bead22b7a4a10d9a265d8a65,169eadab27a39916e37a875c27708873595f133cb4ea39e9f23eab14e86d49ee,/Users/arjunsharma/Documents/SandiaProjects/4-LDRDAMDIS/DIMSWE-feature-study-20260828/m1y_test2b_20260828_workspace/external-results/m1y-test2b-20260828/production/representation-C/m1y-seed0-m20-10k/checkpoint_000010000_parameters.npz,Y,TRAINING TRUTH SUPPORT,0,80,POST-HOC CHECKPOINT EVALUATION,effective_R,cosine,0.9976301207894506,POST-HOC FINAL CHECKPOINT EVALUATION,true
t2b-c-m1y,Test 2B,C,M1-Y,M1-Y,10000,c8da7ea375ced0f692210f97097e069f9d5757b6bead22b7a4a10d9a265d8a65,169eadab27a39916e37a875c27708873595f133cb4ea39e9f23eab14e86d49ee,/Users/arjunsharma/Documents/SandiaProjects/4-LDRDAMDIS/DIMSWE-feature-study-20260828/m1y_test2b_20260828_workspace/external-results/m1y-test2b-20260828/production/representation-C/m1y-seed0-m20-10k/checkpoint_000010000_parameters.npz,Y,TRAINING TRUTH SUPPORT,0,80,POST-HOC CHECKPOINT EVALUATION,effective_R,target_RMS,1.7177527599071018e-12,POST-HOC FINAL CHECKPOINT EVALUATION,true
t2b-c-m1y,Test 2B,C,M1-Y,M1-Y,10000,c8da7ea375ced0f692210f97097e069f9d5757b6bead22b7a4a10d9a265d8a65,169eadab27a39916e37a875c27708873595f133cb4ea39e9f23eab14e86d49ee,/Users/arjunsharma/Documents/SandiaProjects/4-LDRDAMDIS/DIMSWE-feature-study-20260828/m1y_test2b_20260828_workspace/external-results/m1y-test2b-20260828/production/representation-C/m1y-seed0-m20-10k/checkpoint_000010000_parameters.npz,Y,TRAINING TRUTH SUPPORT,0,80,POST-HOC CHECKPOINT EVALUATION,effective_R,prediction_RMS,1.7133524404410255e-12,POST-HOC FINAL CHECKPOINT EVALUATION,true
t2b-c-m1y,Test 2B,C,M1-Y,M1-Y,10000,c8da7ea375ced0f692210f97097e069f9d5757b6bead22b7a4a10d9a265d8a65,169eadab27a39916e37a875c27708873595f133cb4ea39e9f23eab14e86d49ee,/Users/arjunsharma/Documents/SandiaProjects/4-LDRDAMDIS/DIMSWE-feature-study-20260828/m1y_test2b_20260828_workspace/external-results/m1y-test2b-20260828/production/representation-C/m1y-seed0-m20-10k/checkpoint_000010000_parameters.npz,Y,TRAINING TRUTH SUPPORT,0,80,POST-HOC CHECKPOINT EVALUATION,effective_R,sample_count,5308416,POST-HOC FINAL CHECKPOINT EVALUATION,true
t2b-c-m1y,Test 2B,C,M1-Y,M1-Y,10000,c8da7ea375ced0f692210f97097e069f9d5757b6bead22b7a4a10d9a265d8a65,169eadab27a39916e37a875c27708873595f133cb4ea39e9f23eab14e86d49ee,/Users/arjunsharma/Documents/SandiaProjects/4-LDRDAMDIS/DIMSWE-feature-study-20260828/m1y_test2b_20260828_workspace/external-results/m1y-test2b-20260828/production/representation-C/m1y-seed0-m20-10k/checkpoint_000010000_parameters.npz,Y,TRAINING TRUTH SUPPORT,0,80,POST-HOC CHECKPOINT EVALUATION,source_structure,normalized_off_manifold_RMS,0.001025257832404904,POST-HOC FINAL CHECKPOINT EVALUATION,true
t2b-c-m1y,Test 2B,C,M1-Y,M1-Y,10000,c8da7ea375ced0f692210f97097e069f9d5757b6bead22b7a4a10d9a265d8a65,169eadab27a39916e37a875c27708873595f133cb4ea39e9f23eab14e86d49ee,/Users/arjunsharma/Documents/SandiaProjects/4-LDRDAMDIS/DIMSWE-feature-study-20260828/m1y_test2b_20260828_workspace/external-results/m1y-test2b-20260828/production/representation-C/m1y-seed0-m20-10k/checkpoint_000010000_parameters.npz,Y,TRAINING TRUTH SUPPORT,0,80,POST-HOC CHECKPOINT EVALUATION,source_structure,water_source_defect_RMS,8.452063702752244e-08,POST-HOC FINAL CHECKPOINT EVALUATION,true
t2b-c-m1y,Test 2B,C,M1-Y,M1-Y,10000,c8da7ea375ced0f692210f97097e069f9d5757b6bead22b7a4a10d9a265d8a65,169eadab27a39916e37a875c27708873595f133cb4ea39e9f23eab14e86d49ee,/Users/arjunsharma/Documents/SandiaProjects/4-LDRDAMDIS/DIMSWE-feature-study-20260828/m1y_test2b_20260828_workspace/external-results/m1y-test2b-20260828/production/representation-C/m1y-seed0-m20-10k/checkpoint_000010000_parameters.npz,Y,TRAINING TRUTH SUPPORT,0,80,POST-HOC CHECKPOINT EVALUATION,source_structure,S_minus_beta2_Qv_defect_RMS,6.13869173246452e-06,POST-HOC FINAL CHECKPOINT EVALUATION,true
t2b-c-m1y,Test 2B,C,M1-Y,M1-Y,10000,c8da7ea375ced0f692210f97097e069f9d5757b6bead22b7a4a10d9a265d8a65,169eadab27a39916e37a875c27708873595f133cb4ea39e9f23eab14e86d49ee,/Users/arjunsharma/Documents/SandiaProjects/4-LDRDAMDIS/DIMSWE-feature-study-20260828/m1y_test2b_20260828_workspace/external-results/m1y-test2b-20260828/production/representation-C/m1y-seed0-m20-10k/checkpoint_000010000_parameters.npz,Y,TRAINING TRUTH SUPPORT,0,80,POST-HOC CHECKPOINT EVALUATION,source_structure,negative_Qr_source_fraction,0.31144130377121915,POST-HOC FINAL CHECKPOINT EVALUATION,true
t2b-c-m1y,Test 2B,C,M1-Y,M1-Y,10000,c8da7ea375ced0f692210f97097e069f9d5757b6bead22b7a4a10d9a265d8a65,169eadab27a39916e37a875c27708873595f133cb4ea39e9f23eab14e86d49ee,/Users/arjunsharma/Documents/SandiaProjects/4-LDRDAMDIS/DIMSWE-feature-study-20260828/m1y_test2b_20260828_workspace/external-results/m1y-test2b-20260828/production/representation-C/m1y-seed0-m20-10k/checkpoint_000010000_parameters.npz,Y,TRAINING TRUTH SUPPORT,0,80,POST-HOC CHECKPOINT EVALUATION,source_structure,positive_Qr_source_fraction,0.6885586962287809,POST-HOC FINAL CHECKPOINT EVALUATION,true
t2b-c-m1y,Test 2B,C,M1-Y,M1-Y,10000,c8da7ea375ced0f692210f97097e069f9d5757b6bead22b7a4a10d9a265d8a65,169eadab27a39916e37a875c27708873595f133cb4ea39e9f23eab14e86d49ee,/Users/arjunsharma/Documents/SandiaProjects/4-LDRDAMDIS/DIMSWE-feature-study-20260828/m1y_test2b_20260828_workspace/external-results/m1y-test2b-20260828/production/representation-C/m1y-seed0-m20-10k/checkpoint_000010000_parameters.npz,Y,TRAINING TRUTH SUPPORT,0,80,POST-HOC CHECKPOINT EVALUATION,effective_R_activation,truth_active_sample_count,40776,POST-HOC FINAL CHECKPOINT EVALUATION,true
t2b-c-m1y,Test 2B,C,M1-Y,M1-Y,10000,c8da7ea375ced0f692210f97097e069f9d5757b6bead22b7a4a10d9a265d8a65,169eadab27a39916e37a875c27708873595f133cb4ea39e9f23eab14e86d49ee,/Users/arjunsharma/Documents/SandiaProjects/4-LDRDAMDIS/DIMSWE-feature-study-20260828/m1y_test2b_20260828_workspace/external-results/m1y-test2b-20260828/production/representation-C/m1y-seed0-m20-10k/checkpoint_000010000_parameters.npz,Y,TRAINING TRUTH SUPPORT,0,80,POST-HOC CHECKPOINT EVALUATION,effective_R_activation,truth_active_sample_fraction,0.007681387442129629,POST-HOC FINAL CHECKPOINT EVALUATION,true
t2b-c-m1y,Test 2B,C,M1-Y,M1-Y,10000,c8da7ea375ced0f692210f97097e069f9d5757b6bead22b7a4a10d9a265d8a65,169eadab27a39916e37a875c27708873595f133cb4ea39e9f23eab14e86d49ee,/Users/arjunsharma/Documents/SandiaProjects/4-LDRDAMDIS/DIMSWE-feature-study-20260828/m1y_test2b_20260828_workspace/external-results/m1y-test2b-20260828/production/representation-C/m1y-seed0-m20-10k/checkpoint_000010000_parameters.npz,Y,TRAINING TRUTH SUPPORT,0,80,POST-HOC CHECKPOINT EVALUATION,effective_R_activation,predicted_meaningful_positive_fraction,0.6885643476321374,POST-HOC FINAL CHECKPOINT EVALUATION,true
t2b-c-m1y,Test 2B,C,M1-Y,M1-Y,10000,c8da7ea375ced0f692210f97097e069f9d5757b6bead22b7a4a10d9a265d8a65,169eadab27a39916e37a875c27708873595f133cb4ea39e9f23eab14e86d49ee,/Users/arjunsharma/Documents/SandiaProjects/4-LDRDAMDIS/DIMSWE-feature-study-20260828/m1y_test2b_20260828_workspace/external-results/m1y-test2b-20260828/production/representation-C/m1y-seed0-m20-10k/checkpoint_000010000_parameters.npz,Y,TRAINING TRUTH SUPPORT,0,80,POST-HOC CHECKPOINT EVALUATION,effective_R_activation,predicted_meaningful_negative_fraction,0.3114348988474151,POST-HOC FINAL CHECKPOINT EVALUATION,true
t2b-c-m1y,Test 2B,C,M1-Y,M1-Y,10000,c8da7ea375ced0f692210f97097e069f9d5757b6bead22b7a4a10d9a265d8a65,169eadab27a39916e37a875c27708873595f133cb4ea39e9f23eab14e86d49ee,/Users/arjunsharma/Documents/SandiaProjects/4-LDRDAMDIS/DIMSWE-feature-study-20260828/m1y_test2b_20260828_workspace/external-results/m1y-test2b-20260828/production/representation-C/m1y-seed0-m20-10k/checkpoint_000010000_parameters.npz,Y,TRAINING TRUTH SUPPORT,0,80,POST-HOC CHECKPOINT EVALUATION,effective_R_activation,false_positive_count,3614410,POST-HOC FINAL CHECKPOINT EVALUATION,true
t2b-c-m1y,Test 2B,C,M1-Y,M1-Y,10000,c8da7ea375ced0f692210f97097e069f9d5757b6bead22b7a4a10d9a265d8a65,169eadab27a39916e37a875c27708873595f133cb4ea39e9f23eab14e86d49ee,/Users/arjunsharma/Documents/SandiaProjects/4-LDRDAMDIS/DIMSWE-feature-study-20260828/m1y_test2b_20260828_workspace/external-results/m1y-test2b-20260828/production/representation-C/m1y-seed0-m20-10k/checkpoint_000010000_parameters.npz,Y,TRAINING TRUTH SUPPORT,0,80,POST-HOC CHECKPOINT EVALUATION,effective_R_activation,false_positive_rate_given_truth_inactive,0.6861535716184097,POST-HOC FINAL CHECKPOINT EVALUATION,true
t2b-c-m1y,Test 2B,C,M1-Y,M1-Y,10000,c8da7ea375ced0f692210f97097e069f9d5757b6bead22b7a4a10d9a265d8a65,169eadab27a39916e37a875c27708873595f133cb4ea39e9f23eab14e86d49ee,/Users/arjunsharma/Documents/SandiaProjects/4-LDRDAMDIS/DIMSWE-feature-study-20260828/m1y_test2b_20260828_workspace/external-results/m1y-test2b-20260828/production/representation-C/m1y-seed0-m20-10k/checkpoint_000010000_parameters.npz,Y,TRAINING TRUTH SUPPORT,0,80,POST-HOC CHECKPOINT EVALUATION,effective_R_activation,false_negative_count,0,POST-HOC FINAL CHECKPOINT EVALUATION,true
t2b-c-m1y,Test 2B,C,M1-Y,M1-Y,10000,c8da7ea375ced0f692210f97097e069f9d5757b6bead22b7a4a10d9a265d8a65,169eadab27a39916e37a875c27708873595f133cb4ea39e9f23eab14e86d49ee,/Users/arjunsharma/Documents/SandiaProjects/4-LDRDAMDIS/DIMSWE-feature-study-20260828/m1y_test2b_20260828_workspace/external-results/m1y-test2b-20260828/production/representation-C/m1y-seed0-m20-10k/checkpoint_000010000_parameters.npz,Y,TRAINING TRUTH SUPPORT,0,80,POST-HOC CHECKPOINT EVALUATION,effective_R_activation,false_negative_rate_given_truth_active,0.0,POST-HOC FINAL CHECKPOINT EVALUATION,true
t2b-c-m1y,Test 2B,C,M1-Y,M1-Y,10000,c8da7ea375ced0f692210f97097e069f9d5757b6bead22b7a4a10d9a265d8a65,169eadab27a39916e37a875c27708873595f133cb4ea39e9f23eab14e86d49ee,/Users/arjunsharma/Documents/SandiaProjects/4-LDRDAMDIS/DIMSWE-feature-study-20260828/m1y_test2b_20260828_workspace/external-results/m1y-test2b-20260828/production/representation-C/m1y-seed0-m20-10k/checkpoint_000010000_parameters.npz,Y,TRAINING TRUTH SUPPORT,0,80,POST-HOC CHECKPOINT EVALUATION,effective_R_activation,first_meaningful_positive_predicted_step,0,POST-HOC FINAL CHECKPOINT EVALUATION,true
t2b-c-m1y,Test 2B,C,M1-Y,M1-Y,10000,c8da7ea375ced0f692210f97097e069f9d5757b6bead22b7a4a10d9a265d8a65,169eadab27a39916e37a875c27708873595f133cb4ea39e9f23eab14e86d49ee,/Users/arjunsharma/Documents/SandiaProjects/4-LDRDAMDIS/DIMSWE-feature-study-20260828/m1y_test2b_20260828_workspace/external-results/m1y-test2b-20260828/production/representation-C/m1y-seed0-m20-10k/checkpoint_000010000_parameters.npz,Y,TRAINING TRUTH SUPPORT,0,80,POST-HOC CHECKPOINT EVALUATION,effective_R_activation,first_meaningful_positive_truth_step,51,POST-HOC FINAL CHECKPOINT EVALUATION,true
t2b-c-m1y,Test 2B,C,M1-Y,M1-Y,10000,c8da7ea375ced0f692210f97097e069f9d5757b6bead22b7a4a10d9a265d8a65,169eadab27a39916e37a875c27708873595f133cb4ea39e9f23eab14e86d49ee,/Users/arjunsharma/Documents/SandiaProjects/4-LDRDAMDIS/DIMSWE-feature-study-20260828/m1y_test2b_20260828_workspace/external-results/m1y-test2b-20260828/production/representation-C/m1y-seed0-m20-10k/checkpoint_000010000_parameters.npz,Y,TRAINING TRUTH SUPPORT,0,80,POST-HOC CHECKPOINT EVALUATION,effective_R_activation,maximum_predicted_effective_R,3.934884467176905e-11,POST-HOC FINAL CHECKPOINT EVALUATION,true
t2b-c-m1y,Test 2B,C,M1-Y,M1-Y,10000,c8da7ea375ced0f692210f97097e069f9d5757b6bead22b7a4a10d9a265d8a65,169eadab27a39916e37a875c27708873595f133cb4ea39e9f23eab14e86d49ee,/Users/arjunsharma/Documents/SandiaProjects/4-LDRDAMDIS/DIMSWE-feature-study-20260828/m1y_test2b_20260828_workspace/external-results/m1y-test2b-20260828/production/representation-C/m1y-seed0-m20-10k/checkpoint_000010000_parameters.npz,Y,TRAINING TRUTH SUPPORT,0,80,POST-HOC CHECKPOINT EVALUATION,effective_R_activation,minimum_predicted_effective_R,-7.138581210190373e-13,POST-HOC FINAL CHECKPOINT EVALUATION,true
t2b-c-m1y,Test 2B,C,M1-Y,M1-Y,10000,c8da7ea375ced0f692210f97097e069f9d5757b6bead22b7a4a10d9a265d8a65,169eadab27a39916e37a875c27708873595f133cb4ea39e9f23eab14e86d49ee,/Users/arjunsharma/Documents/SandiaProjects/4-LDRDAMDIS/DIMSWE-feature-study-20260828/m1y_test2b_20260828_workspace/external-results/m1y-test2b-20260828/production/representation-C/m1y-seed0-m20-10k/checkpoint_000010000_parameters.npz,Y,TRAINING TRUTH SUPPORT,0,80,POST-HOC CHECKPOINT EVALUATION,effective_R_activation,activity_numerical_tolerance,1.2119968976504772e-20,POST-HOC FINAL CHECKPOINT EVALUATION,true
t2b-c-m1y,Test 2B,C,M1-Y,M1-Y,10000,c8da7ea375ced0f692210f97097e069f9d5757b6bead22b7a4a10d9a265d8a65,169eadab27a39916e37a875c27708873595f133cb4ea39e9f23eab14e86d49ee,/Users/arjunsharma/Documents/SandiaProjects/4-LDRDAMDIS/DIMSWE-feature-study-20260828/m1y_test2b_20260828_workspace/external-results/m1y-test2b-20260828/production/representation-C/m1y-seed0-m20-10k/checkpoint_000010000_parameters.npz,Y,TRAINING TRUTH SUPPORT,0,80,POST-HOC CHECKPOINT EVALUATION,effective_R_activation,sample_count,5308416,POST-HOC FINAL CHECKPOINT EVALUATION,true
t2b-a-m1x,Test 2B,A,M1-X,M1-X,10000,471f3ac8a9b84f68bbe14bdc7dee62e3a025ac5cf61503db6644d5a1fa1bb506,e4f8d600fdc9833ab9c0c159a0f7601ec7b162f32c0369d44a82988dbd15908f,/Users/arjunsharma/Documents/SandiaProjects/4-LDRDAMDIS/DIMSWE-study-d0eb615/external-results/test2b-rain-active-learning/production/representation-A/m1-seed0-m20-10k/checkpoint_000010000_parameters.npz,Y,HELD-OUT TRUTH SUPPORT,81,160,POST-HOC CHECKPOINT EVALUATION,operator,normalized_objective,1.0304313503487512,POST-HOC FINAL CHECKPOINT EVALUATION,false
t2b-a-m1x,Test 2B,A,M1-X,M1-X,10000,471f3ac8a9b84f68bbe14bdc7dee62e3a025ac5cf61503db6644d5a1fa1bb506,e4f8d600fdc9833ab9c0c159a0f7601ec7b162f32c0369d44a82988dbd15908f,/Users/arjunsharma/Documents/SandiaProjects/4-LDRDAMDIS/DIMSWE-study-d0eb615/external-results/test2b-rain-active-learning/production/representation-A/m1-seed0-m20-10k/checkpoint_000010000_parameters.npz,Y,HELD-OUT TRUTH SUPPORT,81,160,POST-HOC CHECKPOINT EVALUATION,operator,numerator,1985531862271.427,POST-HOC FINAL CHECKPOINT EVALUATION,false
t2b-a-m1x,Test 2B,A,M1-X,M1-X,10000,471f3ac8a9b84f68bbe14bdc7dee62e3a025ac5cf61503db6644d5a1fa1bb506,e4f8d600fdc9833ab9c0c159a0f7601ec7b162f32c0369d44a82988dbd15908f,/Users/arjunsharma/Documents/SandiaProjects/4-LDRDAMDIS/DIMSWE-study-d0eb615/external-results/test2b-rain-active-learning/production/representation-A/m1-seed0-m20-10k/checkpoint_000010000_parameters.npz,Y,HELD-OUT TRUTH SUPPORT,81,160,POST-HOC CHECKPOINT EVALUATION,operator,denominator,1926893879538.3315,POST-HOC FINAL CHECKPOINT EVALUATION,false
t2b-a-m1x,Test 2B,A,M1-X,M1-X,10000,471f3ac8a9b84f68bbe14bdc7dee62e3a025ac5cf61503db6644d5a1fa1bb506,e4f8d600fdc9833ab9c0c159a0f7601ec7b162f32c0369d44a82988dbd15908f,/Users/arjunsharma/Documents/SandiaProjects/4-LDRDAMDIS/DIMSWE-study-d0eb615/external-results/test2b-rain-active-learning/production/representation-A/m1-seed0-m20-10k/checkpoint_000010000_parameters.npz,Y,HELD-OUT TRUTH SUPPORT,81,160,POST-HOC CHECKPOINT EVALUATION,A,normalized_RMS_error,0.031508188318843625,POST-HOC FINAL CHECKPOINT EVALUATION,false
t2b-a-m1x,Test 2B,A,M1-X,M1-X,10000,471f3ac8a9b84f68bbe14bdc7dee62e3a025ac5cf61503db6644d5a1fa1bb506,e4f8d600fdc9833ab9c0c159a0f7601ec7b162f32c0369d44a82988dbd15908f,/Users/arjunsharma/Documents/SandiaProjects/4-LDRDAMDIS/DIMSWE-study-d0eb615/external-results/test2b-rain-active-learning/production/representation-A/m1-seed0-m20-10k/checkpoint_000010000_parameters.npz,Y,HELD-OUT TRUTH SUPPORT,81,160,POST-HOC CHECKPOINT EVALUATION,A,relative_RMS_error,1.0151016453285613,POST-HOC FINAL CHECKPOINT EVALUATION,false
t2b-a-m1x,Test 2B,A,M1-X,M1-X,10000,471f3ac8a9b84f68bbe14bdc7dee62e3a025ac5cf61503db6644d5a1fa1bb506,e4f8d600fdc9833ab9c0c159a0f7601ec7b162f32c0369d44a82988dbd15908f,/Users/arjunsharma/Documents/SandiaProjects/4-LDRDAMDIS/DIMSWE-study-d0eb615/external-results/test2b-rain-active-learning/production/representation-A/m1-seed0-m20-10k/checkpoint_000010000_parameters.npz,Y,HELD-OUT TRUTH SUPPORT,81,160,POST-HOC CHECKPOINT EVALUATION,A,physical_RMS_error,2.852202704393636e-09,POST-HOC FINAL CHECKPOINT EVALUATION,false
t2b-a-m1x,Test 2B,A,M1-X,M1-X,10000,471f3ac8a9b84f68bbe14bdc7dee62e3a025ac5cf61503db6644d5a1fa1bb506,e4f8d600fdc9833ab9c0c159a0f7601ec7b162f32c0369d44a82988dbd15908f,/Users/arjunsharma/Documents/SandiaProjects/4-LDRDAMDIS/DIMSWE-study-d0eb615/external-results/test2b-rain-active-learning/production/representation-A/m1-seed0-m20-10k/checkpoint_000010000_parameters.npz,Y,HELD-OUT TRUTH SUPPORT,81,160,POST-HOC CHECKPOINT EVALUATION,A,maximum_absolute_error,9.80875118435448e-08,POST-HOC FINAL CHECKPOINT EVALUATION,false
t2b-a-m1x,Test 2B,A,M1-X,M1-X,10000,471f3ac8a9b84f68bbe14bdc7dee62e3a025ac5cf61503db6644d5a1fa1bb506,e4f8d600fdc9833ab9c0c159a0f7601ec7b162f32c0369d44a82988dbd15908f,/Users/arjunsharma/Documents/SandiaProjects/4-LDRDAMDIS/DIMSWE-study-d0eb615/external-results/test2b-rain-active-learning/production/representation-A/m1-seed0-m20-10k/checkpoint_000010000_parameters.npz,Y,HELD-OUT TRUTH SUPPORT,81,160,POST-HOC CHECKPOINT EVALUATION,A,signed_mass_weighted_bias,1.285115821839111e-10,POST-HOC FINAL CHECKPOINT EVALUATION,false
t2b-a-m1x,Test 2B,A,M1-X,M1-X,10000,471f3ac8a9b84f68bbe14bdc7dee62e3a025ac5cf61503db6644d5a1fa1bb506,e4f8d600fdc9833ab9c0c159a0f7601ec7b162f32c0369d44a82988dbd15908f,/Users/arjunsharma/Documents/SandiaProjects/4-LDRDAMDIS/DIMSWE-study-d0eb615/external-results/test2b-rain-active-learning/production/representation-A/m1-seed0-m20-10k/checkpoint_000010000_parameters.npz,Y,HELD-OUT TRUTH SUPPORT,81,160,POST-HOC CHECKPOINT EVALUATION,A,correlation,0.6462451013359599,POST-HOC FINAL CHECKPOINT EVALUATION,false
t2b-a-m1x,Test 2B,A,M1-X,M1-X,10000,471f3ac8a9b84f68bbe14bdc7dee62e3a025ac5cf61503db6644d5a1fa1bb506,e4f8d600fdc9833ab9c0c159a0f7601ec7b162f32c0369d44a82988dbd15908f,/Users/arjunsharma/Documents/SandiaProjects/4-LDRDAMDIS/DIMSWE-study-d0eb615/external-results/test2b-rain-active-learning/production/representation-A/m1-seed0-m20-10k/checkpoint_000010000_parameters.npz,Y,HELD-OUT TRUTH SUPPORT,81,160,POST-HOC CHECKPOINT EVALUATION,A,cosine,0.6455446935274968,POST-HOC FINAL CHECKPOINT EVALUATION,false
t2b-a-m1x,Test 2B,A,M1-X,M1-X,10000,471f3ac8a9b84f68bbe14bdc7dee62e3a025ac5cf61503db6644d5a1fa1bb506,e4f8d600fdc9833ab9c0c159a0f7601ec7b162f32c0369d44a82988dbd15908f,/Users/arjunsharma/Documents/SandiaProjects/4-LDRDAMDIS/DIMSWE-study-d0eb615/external-results/test2b-rain-active-learning/production/representation-A/m1-seed0-m20-10k/checkpoint_000010000_parameters.npz,Y,HELD-OUT TRUTH SUPPORT,81,160,POST-HOC CHECKPOINT EVALUATION,A,target_RMS,2.8097705461510257e-09,POST-HOC FINAL CHECKPOINT EVALUATION,false
t2b-a-m1x,Test 2B,A,M1-X,M1-X,10000,471f3ac8a9b84f68bbe14bdc7dee62e3a025ac5cf61503db6644d5a1fa1bb506,e4f8d600fdc9833ab9c0c159a0f7601ec7b162f32c0369d44a82988dbd15908f,/Users/arjunsharma/Documents/SandiaProjects/4-LDRDAMDIS/DIMSWE-study-d0eb615/external-results/test2b-rain-active-learning/production/representation-A/m1-seed0-m20-10k/checkpoint_000010000_parameters.npz,Y,HELD-OUT TRUTH SUPPORT,81,160,POST-HOC CHECKPOINT EVALUATION,A,prediction_RMS,3.6927252145009303e-09,POST-HOC FINAL CHECKPOINT EVALUATION,false
t2b-a-m1x,Test 2B,A,M1-X,M1-X,10000,471f3ac8a9b84f68bbe14bdc7dee62e3a025ac5cf61503db6644d5a1fa1bb506,e4f8d600fdc9833ab9c0c159a0f7601ec7b162f32c0369d44a82988dbd15908f,/Users/arjunsharma/Documents/SandiaProjects/4-LDRDAMDIS/DIMSWE-study-d0eb615/external-results/test2b-rain-active-learning/production/representation-A/m1-seed0-m20-10k/checkpoint_000010000_parameters.npz,Y,HELD-OUT TRUTH SUPPORT,81,160,POST-HOC CHECKPOINT EVALUATION,A,sample_count,5242880,POST-HOC FINAL CHECKPOINT EVALUATION,false
t2b-a-m1y,Test 2B,A,M1-Y,M1-Y,10000,ed838229022ef2ac38a29bb88c8e98f2c173b89e0573088036ad301f76f4e158,a7f98ffe462a89a00d9d2dedd4efb4531cd0feea6e1d64de0b5359bae5e31db4,/Users/arjunsharma/Documents/SandiaProjects/4-LDRDAMDIS/DIMSWE-feature-study-20260828/m1y_test2b_20260828_workspace/external-results/m1y-test2b-20260828/production/representation-A/m1y-seed0-m20-10k/checkpoint_000010000_parameters.npz,Y,HELD-OUT TRUTH SUPPORT,81,160,POST-HOC CHECKPOINT EVALUATION,operator,normalized_objective,5.000391289097345,POST-HOC FINAL CHECKPOINT EVALUATION,true
t2b-a-m1y,Test 2B,A,M1-Y,M1-Y,10000,ed838229022ef2ac38a29bb88c8e98f2c173b89e0573088036ad301f76f4e158,a7f98ffe462a89a00d9d2dedd4efb4531cd0feea6e1d64de0b5359bae5e31db4,/Users/arjunsharma/Documents/SandiaProjects/4-LDRDAMDIS/DIMSWE-feature-study-20260828/m1y_test2b_20260828_workspace/external-results/m1y-test2b-20260828/production/representation-A/m1y-seed0-m20-10k/checkpoint_000010000_parameters.npz,Y,HELD-OUT TRUTH SUPPORT,81,160,POST-HOC CHECKPOINT EVALUATION,operator,numerator,9635223370258.46,POST-HOC FINAL CHECKPOINT EVALUATION,true
t2b-a-m1y,Test 2B,A,M1-Y,M1-Y,10000,ed838229022ef2ac38a29bb88c8e98f2c173b89e0573088036ad301f76f4e158,a7f98ffe462a89a00d9d2dedd4efb4531cd0feea6e1d64de0b5359bae5e31db4,/Users/arjunsharma/Documents/SandiaProjects/4-LDRDAMDIS/DIMSWE-feature-study-20260828/m1y_test2b_20260828_workspace/external-results/m1y-test2b-20260828/production/representation-A/m1y-seed0-m20-10k/checkpoint_000010000_parameters.npz,Y,HELD-OUT TRUTH SUPPORT,81,160,POST-HOC CHECKPOINT EVALUATION,operator,denominator,1926893879538.3315,POST-HOC FINAL CHECKPOINT EVALUATION,true
t2b-a-m1y,Test 2B,A,M1-Y,M1-Y,10000,ed838229022ef2ac38a29bb88c8e98f2c173b89e0573088036ad301f76f4e158,a7f98ffe462a89a00d9d2dedd4efb4531cd0feea6e1d64de0b5359bae5e31db4,/Users/arjunsharma/Documents/SandiaProjects/4-LDRDAMDIS/DIMSWE-feature-study-20260828/m1y_test2b_20260828_workspace/external-results/m1y-test2b-20260828/production/representation-A/m1y-seed0-m20-10k/checkpoint_000010000_parameters.npz,Y,HELD-OUT TRUTH SUPPORT,81,160,POST-HOC CHECKPOINT EVALUATION,A,normalized_RMS_error,0.0694090173185677,POST-HOC FINAL CHECKPOINT EVALUATION,true
t2b-a-m1y,Test 2B,A,M1-Y,M1-Y,10000,ed838229022ef2ac38a29bb88c8e98f2c173b89e0573088036ad301f76f4e158,a7f98ffe462a89a00d9d2dedd4efb4531cd0feea6e1d64de0b5359bae5e31db4,/Users/arjunsharma/Documents/SandiaProjects/4-LDRDAMDIS/DIMSWE-feature-study-20260828/m1y_test2b_20260828_workspace/external-results/m1y-test2b-20260828/production/representation-A/m1y-seed0-m20-10k/checkpoint_000010000_parameters.npz,Y,HELD-OUT TRUTH SUPPORT,81,160,POST-HOC CHECKPOINT EVALUATION,A,relative_RMS_error,2.236155470690119,POST-HOC FINAL CHECKPOINT EVALUATION,true
t2b-a-m1y,Test 2B,A,M1-Y,M1-Y,10000,ed838229022ef2ac38a29bb88c8e98f2c173b89e0573088036ad301f76f4e158,a7f98ffe462a89a00d9d2dedd4efb4531cd0feea6e1d64de0b5359bae5e31db4,/Users/arjunsharma/Documents/SandiaProjects/4-LDRDAMDIS/DIMSWE-feature-study-20260828/m1y_test2b_20260828_workspace/external-results/m1y-test2b-20260828/production/representation-A/m1y-seed0-m20-10k/checkpoint_000010000_parameters.npz,Y,HELD-OUT TRUTH SUPPORT,81,160,POST-HOC CHECKPOINT EVALUATION,A,physical_RMS_error,6.28308377815958e-09,POST-HOC FINAL CHECKPOINT EVALUATION,true
t2b-a-m1y,Test 2B,A,M1-Y,M1-Y,10000,ed838229022ef2ac38a29bb88c8e98f2c173b89e0573088036ad301f76f4e158,a7f98ffe462a89a00d9d2dedd4efb4531cd0feea6e1d64de0b5359bae5e31db4,/Users/arjunsharma/Documents/SandiaProjects/4-LDRDAMDIS/DIMSWE-feature-study-20260828/m1y_test2b_20260828_workspace/external-results/m1y-test2b-20260828/production/representation-A/m1y-seed0-m20-10k/checkpoint_000010000_parameters.npz,Y,HELD-OUT TRUTH SUPPORT,81,160,POST-HOC CHECKPOINT EVALUATION,A,maximum_absolute_error,8.878932298617488e-08,POST-HOC FINAL CHECKPOINT EVALUATION,true
t2b-a-m1y,Test 2B,A,M1-Y,M1-Y,10000,ed838229022ef2ac38a29bb88c8e98f2c173b89e0573088036ad301f76f4e158,a7f98ffe462a89a00d9d2dedd4efb4531cd0feea6e1d64de0b5359bae5e31db4,/Users/arjunsharma/Documents/SandiaProjects/4-LDRDAMDIS/DIMSWE-feature-study-20260828/m1y_test2b_20260828_workspace/external-results/m1y-test2b-20260828/production/representation-A/m1y-seed0-m20-10k/checkpoint_000010000_parameters.npz,Y,HELD-OUT TRUTH SUPPORT,81,160,POST-HOC CHECKPOINT EVALUATION,A,signed_mass_weighted_bias,7.13280869599951e-10,POST-HOC FINAL CHECKPOINT EVALUATION,true
t2b-a-m1y,Test 2B,A,M1-Y,M1-Y,10000,ed838229022ef2ac38a29bb88c8e98f2c173b89e0573088036ad301f76f4e158,a7f98ffe462a89a00d9d2dedd4efb4531cd0feea6e1d64de0b5359bae5e31db4,/Users/arjunsharma/Documents/SandiaProjects/4-LDRDAMDIS/DIMSWE-feature-study-20260828/m1y_test2b_20260828_workspace/external-results/m1y-test2b-20260828/production/representation-A/m1y-seed0-m20-10k/checkpoint_000010000_parameters.npz,Y,HELD-OUT TRUTH SUPPORT,81,160,POST-HOC CHECKPOINT EVALUATION,A,correlation,0.43684172435499646,POST-HOC FINAL CHECKPOINT EVALUATION,true
t2b-a-m1y,Test 2B,A,M1-Y,M1-Y,10000,ed838229022ef2ac38a29bb88c8e98f2c173b89e0573088036ad301f76f4e158,a7f98ffe462a89a00d9d2dedd4efb4531cd0feea6e1d64de0b5359bae5e31db4,/Users/arjunsharma/Documents/SandiaProjects/4-LDRDAMDIS/DIMSWE-feature-study-20260828/m1y_test2b_20260828_workspace/external-results/m1y-test2b-20260828/production/representation-A/m1y-seed0-m20-10k/checkpoint_000010000_parameters.npz,Y,HELD-OUT TRUTH SUPPORT,81,160,POST-HOC CHECKPOINT EVALUATION,A,cosine,0.4314964094172043,POST-HOC FINAL CHECKPOINT EVALUATION,true
t2b-a-m1y,Test 2B,A,M1-Y,M1-Y,10000,ed838229022ef2ac38a29bb88c8e98f2c173b89e0573088036ad301f76f4e158,a7f98ffe462a89a00d9d2dedd4efb4531cd0feea6e1d64de0b5359bae5e31db4,/Users/arjunsharma/Documents/SandiaProjects/4-LDRDAMDIS/DIMSWE-feature-study-20260828/m1y_test2b_20260828_workspace/external-results/m1y-test2b-20260828/production/representation-A/m1y-seed0-m20-10k/checkpoint_000010000_parameters.npz,Y,HELD-OUT TRUTH SUPPORT,81,160,POST-HOC CHECKPOINT EVALUATION,A,target_RMS,2.8097705461510257e-09,POST-HOC FINAL CHECKPOINT EVALUATION,true
t2b-a-m1y,Test 2B,A,M1-Y,M1-Y,10000,ed838229022ef2ac38a29bb88c8e98f2c173b89e0573088036ad301f76f4e158,a7f98ffe462a89a00d9d2dedd4efb4531cd0feea6e1d64de0b5359bae5e31db4,/Users/arjunsharma/Documents/SandiaProjects/4-LDRDAMDIS/DIMSWE-feature-study-20260828/m1y_test2b_20260828_workspace/external-results/m1y-test2b-20260828/production/representation-A/m1y-seed0-m20-10k/checkpoint_000010000_parameters.npz,Y,HELD-OUT TRUTH SUPPORT,81,160,POST-HOC CHECKPOINT EVALUATION,A,prediction_RMS,6.96151533841429e-09,POST-HOC FINAL CHECKPOINT EVALUATION,true
t2b-a-m1y,Test 2B,A,M1-Y,M1-Y,10000,ed838229022ef2ac38a29bb88c8e98f2c173b89e0573088036ad301f76f4e158,a7f98ffe462a89a00d9d2dedd4efb4531cd0feea6e1d64de0b5359bae5e31db4,/Users/arjunsharma/Documents/SandiaProjects/4-LDRDAMDIS/DIMSWE-feature-study-20260828/m1y_test2b_20260828_workspace/external-results/m1y-test2b-20260828/production/representation-A/m1y-seed0-m20-10k/checkpoint_000010000_parameters.npz,Y,HELD-OUT TRUTH SUPPORT,81,160,POST-HOC CHECKPOINT EVALUATION,A,sample_count,5242880,POST-HOC FINAL CHECKPOINT EVALUATION,true
t2b-b-m1x,Test 2B,B,M1-X,M1-X,10000,cfc9d3da6a8d07d74ae17e3d9a5beabe434e63b8005e95df4a1925c3a63c609c,a740fa161ad5ff954beb73b4b44fda51b705ce34a40718bd8912716425aeb459,/Users/arjunsharma/Documents/SandiaProjects/4-LDRDAMDIS/DIMSWE-study-d0eb615/external-results/test2b-rain-active-learning/production/representation-B/m1-seed0-m20-10k/checkpoint_000010000_parameters.npz,Y,HELD-OUT TRUTH SUPPORT,81,160,POST-HOC CHECKPOINT EVALUATION,operator,normalized_objective,0.019714774602931678,POST-HOC FINAL CHECKPOINT EVALUATION,false
t2b-b-m1x,Test 2B,B,M1-X,M1-X,10000,cfc9d3da6a8d07d74ae17e3d9a5beabe434e63b8005e95df4a1925c3a63c609c,a740fa161ad5ff954beb73b4b44fda51b705ce34a40718bd8912716425aeb459,/Users/arjunsharma/Documents/SandiaProjects/4-LDRDAMDIS/DIMSWE-study-d0eb615/external-results/test2b-rain-active-learning/production/representation-B/m1-seed0-m20-10k/checkpoint_000010000_parameters.npz,Y,HELD-OUT TRUTH SUPPORT,81,160,POST-HOC CHECKPOINT EVALUATION,operator,numerator,3686969390073.598,POST-HOC FINAL CHECKPOINT EVALUATION,false
t2b-b-m1x,Test 2B,B,M1-X,M1-X,10000,cfc9d3da6a8d07d74ae17e3d9a5beabe434e63b8005e95df4a1925c3a63c609c,a740fa161ad5ff954beb73b4b44fda51b705ce34a40718bd8912716425aeb459,/Users/arjunsharma/Documents/SandiaProjects/4-LDRDAMDIS/DIMSWE-study-d0eb615/external-results/test2b-rain-active-learning/production/representation-B/m1-seed0-m20-10k/checkpoint_000010000_parameters.npz,Y,HELD-OUT TRUTH SUPPORT,81,160,POST-HOC CHECKPOINT EVALUATION,operator,denominator,187015548710626.84,POST-HOC FINAL CHECKPOINT EVALUATION,false
t2b-b-m1x,Test 2B,B,M1-X,M1-X,10000,cfc9d3da6a8d07d74ae17e3d9a5beabe434e63b8005e95df4a1925c3a63c609c,a740fa161ad5ff954beb73b4b44fda51b705ce34a40718bd8912716425aeb459,/Users/arjunsharma/Documents/SandiaProjects/4-LDRDAMDIS/DIMSWE-study-d0eb615/external-results/test2b-rain-active-learning/production/representation-B/m1-seed0-m20-10k/checkpoint_000010000_parameters.npz,Y,HELD-OUT TRUTH SUPPORT,81,160,POST-HOC CHECKPOINT EVALUATION,A,normalized_RMS_error,0.042469042984570694,POST-HOC FINAL CHECKPOINT EVALUATION,false
t2b-b-m1x,Test 2B,B,M1-X,M1-X,10000,cfc9d3da6a8d07d74ae17e3d9a5beabe434e63b8005e95df4a1925c3a63c609c,a740fa161ad5ff954beb73b4b44fda51b705ce34a40718bd8912716425aeb459,/Users/arjunsharma/Documents/SandiaProjects/4-LDRDAMDIS/DIMSWE-study-d0eb615/external-results/test2b-rain-active-learning/production/representation-B/m1-seed0-m20-10k/checkpoint_000010000_parameters.npz,Y,HELD-OUT TRUTH SUPPORT,81,160,POST-HOC CHECKPOINT EVALUATION,A,relative_RMS_error,1.3682283149039298,POST-HOC FINAL CHECKPOINT EVALUATION,false
t2b-b-m1x,Test 2B,B,M1-X,M1-X,10000,cfc9d3da6a8d07d74ae17e3d9a5beabe434e63b8005e95df4a1925c3a63c609c,a740fa161ad5ff954beb73b4b44fda51b705ce34a40718bd8912716425aeb459,/Users/arjunsharma/Documents/SandiaProjects/4-LDRDAMDIS/DIMSWE-study-d0eb615/external-results/test2b-rain-active-learning/production/representation-B/m1-seed0-m20-10k/checkpoint_000010000_parameters.npz,Y,HELD-OUT TRUTH SUPPORT,81,160,POST-HOC CHECKPOINT EVALUATION,A,physical_RMS_error,3.844407619626913e-09,POST-HOC FINAL CHECKPOINT EVALUATION,false
t2b-b-m1x,Test 2B,B,M1-X,M1-X,10000,cfc9d3da6a8d07d74ae17e3d9a5beabe434e63b8005e95df4a1925c3a63c609c,a740fa161ad5ff954beb73b4b44fda51b705ce34a40718bd8912716425aeb459,/Users/arjunsharma/Documents/SandiaProjects/4-LDRDAMDIS/DIMSWE-study-d0eb615/external-results/test2b-rain-active-learning/production/representation-B/m1-seed0-m20-10k/checkpoint_000010000_parameters.npz,Y,HELD-OUT TRUTH SUPPORT,81,160,POST-HOC CHECKPOINT EVALUATION,A,maximum_absolute_error,6.797416781854325e-08,POST-HOC FINAL CHECKPOINT EVALUATION,false
t2b-b-m1x,Test 2B,B,M1-X,M1-X,10000,cfc9d3da6a8d07d74ae17e3d9a5beabe434e63b8005e95df4a1925c3a63c609c,a740fa161ad5ff954beb73b4b44fda51b705ce34a40718bd8912716425aeb459,/Users/arjunsharma/Documents/SandiaProjects/4-LDRDAMDIS/DIMSWE-study-d0eb615/external-results/test2b-rain-active-learning/production/representation-B/m1-seed0-m20-10k/checkpoint_000010000_parameters.npz,Y,HELD-OUT TRUTH SUPPORT,81,160,POST-HOC CHECKPOINT EVALUATION,A,signed_mass_weighted_bias,-6.317564581740491e-10,POST-HOC FINAL CHECKPOINT EVALUATION,false
t2b-b-m1x,Test 2B,B,M1-X,M1-X,10000,cfc9d3da6a8d07d74ae17e3d9a5beabe434e63b8005e95df4a1925c3a63c609c,a740fa161ad5ff954beb73b4b44fda51b705ce34a40718bd8912716425aeb459,/Users/arjunsharma/Documents/SandiaProjects/4-LDRDAMDIS/DIMSWE-study-d0eb615/external-results/test2b-rain-active-learning/production/representation-B/m1-seed0-m20-10k/checkpoint_000010000_parameters.npz,Y,HELD-OUT TRUTH SUPPORT,81,160,POST-HOC CHECKPOINT EVALUATION,A,correlation,0.4994847268387066,POST-HOC FINAL CHECKPOINT EVALUATION,false
t2b-b-m1x,Test 2B,B,M1-X,M1-X,10000,cfc9d3da6a8d07d74ae17e3d9a5beabe434e63b8005e95df4a1925c3a63c609c,a740fa161ad5ff954beb73b4b44fda51b705ce34a40718bd8912716425aeb459,/Users/arjunsharma/Documents/SandiaProjects/4-LDRDAMDIS/DIMSWE-study-d0eb615/external-results/test2b-rain-active-learning/production/representation-B/m1-seed0-m20-10k/checkpoint_000010000_parameters.npz,Y,HELD-OUT TRUTH SUPPORT,81,160,POST-HOC CHECKPOINT EVALUATION,A,cosine,0.498473080635497,POST-HOC FINAL CHECKPOINT EVALUATION,false
t2b-b-m1x,Test 2B,B,M1-X,M1-X,10000,cfc9d3da6a8d07d74ae17e3d9a5beabe434e63b8005e95df4a1925c3a63c609c,a740fa161ad5ff954beb73b4b44fda51b705ce34a40718bd8912716425aeb459,/Users/arjunsharma/Documents/SandiaProjects/4-LDRDAMDIS/DIMSWE-study-d0eb615/external-results/test2b-rain-active-learning/production/representation-B/m1-seed0-m20-10k/checkpoint_000010000_parameters.npz,Y,HELD-OUT TRUTH SUPPORT,81,160,POST-HOC CHECKPOINT EVALUATION,A,target_RMS,2.8097705461510257e-09,POST-HOC FINAL CHECKPOINT EVALUATION,false
t2b-b-m1x,Test 2B,B,M1-X,M1-X,10000,cfc9d3da6a8d07d74ae17e3d9a5beabe434e63b8005e95df4a1925c3a63c609c,a740fa161ad5ff954beb73b4b44fda51b705ce34a40718bd8912716425aeb459,/Users/arjunsharma/Documents/SandiaProjects/4-LDRDAMDIS/DIMSWE-study-d0eb615/external-results/test2b-rain-active-learning/production/representation-B/m1-seed0-m20-10k/checkpoint_000010000_parameters.npz,Y,HELD-OUT TRUTH SUPPORT,81,160,POST-HOC CHECKPOINT EVALUATION,A,prediction_RMS,4.3748723244978515e-09,POST-HOC FINAL CHECKPOINT EVALUATION,false
t2b-b-m1x,Test 2B,B,M1-X,M1-X,10000,cfc9d3da6a8d07d74ae17e3d9a5beabe434e63b8005e95df4a1925c3a63c609c,a740fa161ad5ff954beb73b4b44fda51b705ce34a40718bd8912716425aeb459,/Users/arjunsharma/Documents/SandiaProjects/4-LDRDAMDIS/DIMSWE-study-d0eb615/external-results/test2b-rain-active-learning/production/representation-B/m1-seed0-m20-10k/checkpoint_000010000_parameters.npz,Y,HELD-OUT TRUTH SUPPORT,81,160,POST-HOC CHECKPOINT EVALUATION,A,sample_count,5242880,POST-HOC FINAL CHECKPOINT EVALUATION,false
t2b-b-m1x,Test 2B,B,M1-X,M1-X,10000,cfc9d3da6a8d07d74ae17e3d9a5beabe434e63b8005e95df4a1925c3a63c609c,a740fa161ad5ff954beb73b4b44fda51b705ce34a40718bd8912716425aeb459,/Users/arjunsharma/Documents/SandiaProjects/4-LDRDAMDIS/DIMSWE-study-d0eb615/external-results/test2b-rain-active-learning/production/representation-B/m1-seed0-m20-10k/checkpoint_000010000_parameters.npz,Y,HELD-OUT TRUTH SUPPORT,81,160,POST-HOC CHECKPOINT EVALUATION,R_all,normalized_RMS_error,0.006313880186659107,POST-HOC FINAL CHECKPOINT EVALUATION,false
t2b-b-m1x,Test 2B,B,M1-X,M1-X,10000,cfc9d3da6a8d07d74ae17e3d9a5beabe434e63b8005e95df4a1925c3a63c609c,a740fa161ad5ff954beb73b4b44fda51b705ce34a40718bd8912716425aeb459,/Users/arjunsharma/Documents/SandiaProjects/4-LDRDAMDIS/DIMSWE-study-d0eb615/external-results/test2b-rain-active-learning/production/representation-B/m1-seed0-m20-10k/checkpoint_000010000_parameters.npz,Y,HELD-OUT TRUTH SUPPORT,81,160,POST-HOC CHECKPOINT EVALUATION,R_all,relative_RMS_error,0.020754937726841442,POST-HOC FINAL CHECKPOINT EVALUATION,false
t2b-b-m1x,Test 2B,B,M1-X,M1-X,10000,cfc9d3da6a8d07d74ae17e3d9a5beabe434e63b8005e95df4a1925c3a63c609c,a740fa161ad5ff954beb73b4b44fda51b705ce34a40718bd8912716425aeb459,/Users/arjunsharma/Documents/SandiaProjects/4-LDRDAMDIS/DIMSWE-study-d0eb615/external-results/test2b-rain-active-learning/production/representation-B/m1-seed0-m20-10k/checkpoint_000010000_parameters.npz,Y,HELD-OUT TRUTH SUPPORT,81,160,POST-HOC CHECKPOINT EVALUATION,R_all,physical_RMS_error,1.256643445159906e-13,POST-HOC FINAL CHECKPOINT EVALUATION,false
t2b-b-m1x,Test 2B,B,M1-X,M1-X,10000,cfc9d3da6a8d07d74ae17e3d9a5beabe434e63b8005e95df4a1925c3a63c609c,a740fa161ad5ff954beb73b4b44fda51b705ce34a40718bd8912716425aeb459,/Users/arjunsharma/Documents/SandiaProjects/4-LDRDAMDIS/DIMSWE-study-d0eb615/external-results/test2b-rain-active-learning/production/representation-B/m1-seed0-m20-10k/checkpoint_000010000_parameters.npz,Y,HELD-OUT TRUTH SUPPORT,81,160,POST-HOC CHECKPOINT EVALUATION,R_all,maximum_absolute_error,3.4957959767797387e-12,POST-HOC FINAL CHECKPOINT EVALUATION,false
t2b-b-m1x,Test 2B,B,M1-X,M1-X,10000,cfc9d3da6a8d07d74ae17e3d9a5beabe434e63b8005e95df4a1925c3a63c609c,a740fa161ad5ff954beb73b4b44fda51b705ce34a40718bd8912716425aeb459,/Users/arjunsharma/Documents/SandiaProjects/4-LDRDAMDIS/DIMSWE-study-d0eb615/external-results/test2b-rain-active-learning/production/representation-B/m1-seed0-m20-10k/checkpoint_000010000_parameters.npz,Y,HELD-OUT TRUTH SUPPORT,81,160,POST-HOC CHECKPOINT EVALUATION,R_all,signed_mass_weighted_bias,-5.656649002032283e-15,POST-HOC FINAL CHECKPOINT EVALUATION,false
t2b-b-m1x,Test 2B,B,M1-X,M1-X,10000,cfc9d3da6a8d07d74ae17e3d9a5beabe434e63b8005e95df4a1925c3a63c609c,a740fa161ad5ff954beb73b4b44fda51b705ce34a40718bd8912716425aeb459,/Users/arjunsharma/Documents/SandiaProjects/4-LDRDAMDIS/DIMSWE-study-d0eb615/external-results/test2b-rain-active-learning/production/representation-B/m1-seed0-m20-10k/checkpoint_000010000_parameters.npz,Y,HELD-OUT TRUTH SUPPORT,81,160,POST-HOC CHECKPOINT EVALUATION,R_all,correlation,0.9998203002050864,POST-HOC FINAL CHECKPOINT EVALUATION,false
t2b-b-m1x,Test 2B,B,M1-X,M1-X,10000,cfc9d3da6a8d07d74ae17e3d9a5beabe434e63b8005e95df4a1925c3a63c609c,a740fa161ad5ff954beb73b4b44fda51b705ce34a40718bd8912716425aeb459,/Users/arjunsharma/Documents/SandiaProjects/4-LDRDAMDIS/DIMSWE-study-d0eb615/external-results/test2b-rain-active-learning/production/representation-B/m1-seed0-m20-10k/checkpoint_000010000_parameters.npz,Y,HELD-OUT TRUTH SUPPORT,81,160,POST-HOC CHECKPOINT EVALUATION,R_all,cosine,0.9998290834065614,POST-HOC FINAL CHECKPOINT EVALUATION,false
t2b-b-m1x,Test 2B,B,M1-X,M1-X,10000,cfc9d3da6a8d07d74ae17e3d9a5beabe434e63b8005e95df4a1925c3a63c609c,a740fa161ad5ff954beb73b4b44fda51b705ce34a40718bd8912716425aeb459,/Users/arjunsharma/Documents/SandiaProjects/4-LDRDAMDIS/DIMSWE-study-d0eb615/external-results/test2b-rain-active-learning/production/representation-B/m1-seed0-m20-10k/checkpoint_000010000_parameters.npz,Y,HELD-OUT TRUTH SUPPORT,81,160,POST-HOC CHECKPOINT EVALUATION,R_all,target_RMS,6.054672202339324e-12,POST-HOC FINAL CHECKPOINT EVALUATION,false
t2b-b-m1x,Test 2B,B,M1-X,M1-X,10000,cfc9d3da6a8d07d74ae17e3d9a5beabe434e63b8005e95df4a1925c3a63c609c,a740fa161ad5ff954beb73b4b44fda51b705ce34a40718bd8912716425aeb459,/Users/arjunsharma/Documents/SandiaProjects/4-LDRDAMDIS/DIMSWE-study-d0eb615/external-results/test2b-rain-active-learning/production/representation-B/m1-seed0-m20-10k/checkpoint_000010000_parameters.npz,Y,HELD-OUT TRUTH SUPPORT,81,160,POST-HOC CHECKPOINT EVALUATION,R_all,prediction_RMS,5.9965294200409256e-12,POST-HOC FINAL CHECKPOINT EVALUATION,false
t2b-b-m1x,Test 2B,B,M1-X,M1-X,10000,cfc9d3da6a8d07d74ae17e3d9a5beabe434e63b8005e95df4a1925c3a63c609c,a740fa161ad5ff954beb73b4b44fda51b705ce34a40718bd8912716425aeb459,/Users/arjunsharma/Documents/SandiaProjects/4-LDRDAMDIS/DIMSWE-study-d0eb615/external-results/test2b-rain-active-learning/production/representation-B/m1-seed0-m20-10k/checkpoint_000010000_parameters.npz,Y,HELD-OUT TRUTH SUPPORT,81,160,POST-HOC CHECKPOINT EVALUATION,R_all,sample_count,5242880,POST-HOC FINAL CHECKPOINT EVALUATION,false
t2b-b-m1x,Test 2B,B,M1-X,M1-X,10000,cfc9d3da6a8d07d74ae17e3d9a5beabe434e63b8005e95df4a1925c3a63c609c,a740fa161ad5ff954beb73b4b44fda51b705ce34a40718bd8912716425aeb459,/Users/arjunsharma/Documents/SandiaProjects/4-LDRDAMDIS/DIMSWE-study-d0eb615/external-results/test2b-rain-active-learning/production/representation-B/m1-seed0-m20-10k/checkpoint_000010000_parameters.npz,Y,HELD-OUT TRUTH SUPPORT,81,160,POST-HOC CHECKPOINT EVALUATION,R_truth_active,normalized_RMS_error,0.02142570102932709,POST-HOC FINAL CHECKPOINT EVALUATION,false
t2b-b-m1x,Test 2B,B,M1-X,M1-X,10000,cfc9d3da6a8d07d74ae17e3d9a5beabe434e63b8005e95df4a1925c3a63c609c,a740fa161ad5ff954beb73b4b44fda51b705ce34a40718bd8912716425aeb459,/Users/arjunsharma/Documents/SandiaProjects/4-LDRDAMDIS/DIMSWE-study-d0eb615/external-results/test2b-rain-active-learning/production/representation-B/m1-seed0-m20-10k/checkpoint_000010000_parameters.npz,Y,HELD-OUT TRUTH SUPPORT,81,160,POST-HOC CHECKPOINT EVALUATION,R_truth_active,relative_RMS_error,0.01899285961343688,POST-HOC FINAL CHECKPOINT EVALUATION,false
t2b-b-m1x,Test 2B,B,M1-X,M1-X,10000,cfc9d3da6a8d07d74ae17e3d9a5beabe434e63b8005e95df4a1925c3a63c609c,a740fa161ad5ff954beb73b4b44fda51b705ce34a40718bd8912716425aeb459,/Users/arjunsharma/Documents/SandiaProjects/4-LDRDAMDIS/DIMSWE-study-d0eb615/external-results/test2b-rain-active-learning/production/representation-B/m1-seed0-m20-10k/checkpoint_000010000_parameters.npz,Y,HELD-OUT TRUTH SUPPORT,81,160,POST-HOC CHECKPOINT EVALUATION,R_truth_active,physical_RMS_error,4.264329692753706e-13,POST-HOC FINAL CHECKPOINT EVALUATION,false
t2b-b-m1x,Test 2B,B,M1-X,M1-X,10000,cfc9d3da6a8d07d74ae17e3d9a5beabe434e63b8005e95df4a1925c3a63c609c,a740fa161ad5ff954beb73b4b44fda51b705ce34a40718bd8912716425aeb459,/Users/arjunsharma/Documents/SandiaProjects/4-LDRDAMDIS/DIMSWE-study-d0eb615/external-results/test2b-rain-active-learning/production/representation-B/m1-seed0-m20-10k/checkpoint_000010000_parameters.npz,Y,HELD-OUT TRUTH SUPPORT,81,160,POST-HOC CHECKPOINT EVALUATION,R_truth_active,maximum_absolute_error,3.4957959767797387e-12,POST-HOC FINAL CHECKPOINT EVALUATION,false
t2b-b-m1x,Test 2B,B,M1-X,M1-X,10000,cfc9d3da6a8d07d74ae17e3d9a5beabe434e63b8005e95df4a1925c3a63c609c,a740fa161ad5ff954beb73b4b44fda51b705ce34a40718bd8912716425aeb459,/Users/arjunsharma/Documents/SandiaProjects/4-LDRDAMDIS/DIMSWE-study-d0eb615/external-results/test2b-rain-active-learning/production/representation-B/m1-seed0-m20-10k/checkpoint_000010000_parameters.npz,Y,HELD-OUT TRUTH SUPPORT,81,160,POST-HOC CHECKPOINT EVALUATION,R_truth_active,signed_mass_weighted_bias,-7.953893226954235e-14,POST-HOC FINAL CHECKPOINT EVALUATION,false
t2b-b-m1x,Test 2B,B,M1-X,M1-X,10000,cfc9d3da6a8d07d74ae17e3d9a5beabe434e63b8005e95df4a1925c3a63c609c,a740fa161ad5ff954beb73b4b44fda51b705ce34a40718bd8912716425aeb459,/Users/arjunsharma/Documents/SandiaProjects/4-LDRDAMDIS/DIMSWE-study-d0eb615/external-results/test2b-rain-active-learning/production/representation-B/m1-seed0-m20-10k/checkpoint_000010000_parameters.npz,Y,HELD-OUT TRUTH SUPPORT,81,160,POST-HOC CHECKPOINT EVALUATION,R_truth_active,correlation,0.9996481515260868,POST-HOC FINAL CHECKPOINT EVALUATION,false
t2b-b-m1x,Test 2B,B,M1-X,M1-X,10000,cfc9d3da6a8d07d74ae17e3d9a5beabe434e63b8005e95df4a1925c3a63c609c,a740fa161ad5ff954beb73b4b44fda51b705ce34a40718bd8912716425aeb459,/Users/arjunsharma/Documents/SandiaProjects/4-LDRDAMDIS/DIMSWE-study-d0eb615/external-results/test2b-rain-active-learning/production/representation-B/m1-seed0-m20-10k/checkpoint_000010000_parameters.npz,Y,HELD-OUT TRUTH SUPPORT,81,160,POST-HOC CHECKPOINT EVALUATION,R_truth_active,cosine,0.999864780970951,POST-HOC FINAL CHECKPOINT EVALUATION,false
t2b-b-m1x,Test 2B,B,M1-X,M1-X,10000,cfc9d3da6a8d07d74ae17e3d9a5beabe434e63b8005e95df4a1925c3a63c609c,a740fa161ad5ff954beb73b4b44fda51b705ce34a40718bd8912716425aeb459,/Users/arjunsharma/Documents/SandiaProjects/4-LDRDAMDIS/DIMSWE-study-d0eb615/external-results/test2b-rain-active-learning/production/representation-B/m1-seed0-m20-10k/checkpoint_000010000_parameters.npz,Y,HELD-OUT TRUTH SUPPORT,81,160,POST-HOC CHECKPOINT EVALUATION,R_truth_active,target_RMS,2.2452278274814503e-11,POST-HOC FINAL CHECKPOINT EVALUATION,false
t2b-b-m1x,Test 2B,B,M1-X,M1-X,10000,cfc9d3da6a8d07d74ae17e3d9a5beabe434e63b8005e95df4a1925c3a63c609c,a740fa161ad5ff954beb73b4b44fda51b705ce34a40718bd8912716425aeb459,/Users/arjunsharma/Documents/SandiaProjects/4-LDRDAMDIS/DIMSWE-study-d0eb615/external-results/test2b-rain-active-learning/production/representation-B/m1-seed0-m20-10k/checkpoint_000010000_parameters.npz,Y,HELD-OUT TRUTH SUPPORT,81,160,POST-HOC CHECKPOINT EVALUATION,R_truth_active,prediction_RMS,2.223587601515819e-11,POST-HOC FINAL CHECKPOINT EVALUATION,false
t2b-b-m1x,Test 2B,B,M1-X,M1-X,10000,cfc9d3da6a8d07d74ae17e3d9a5beabe434e63b8005e95df4a1925c3a63c609c,a740fa161ad5ff954beb73b4b44fda51b705ce34a40718bd8912716425aeb459,/Users/arjunsharma/Documents/SandiaProjects/4-LDRDAMDIS/DIMSWE-study-d0eb615/external-results/test2b-rain-active-learning/production/representation-B/m1-seed0-m20-10k/checkpoint_000010000_parameters.npz,Y,HELD-OUT TRUTH SUPPORT,81,160,POST-HOC CHECKPOINT EVALUATION,R_truth_active,sample_count,385812,POST-HOC FINAL CHECKPOINT EVALUATION,false
t2b-b-m1x,Test 2B,B,M1-X,M1-X,10000,cfc9d3da6a8d07d74ae17e3d9a5beabe434e63b8005e95df4a1925c3a63c609c,a740fa161ad5ff954beb73b4b44fda51b705ce34a40718bd8912716425aeb459,/Users/arjunsharma/Documents/SandiaProjects/4-LDRDAMDIS/DIMSWE-study-d0eb615/external-results/test2b-rain-active-learning/production/representation-B/m1-seed0-m20-10k/checkpoint_000010000_parameters.npz,Y,HELD-OUT TRUTH SUPPORT,81,160,POST-HOC CHECKPOINT EVALUATION,R_activation,truth_active_sample_count,385812,POST-HOC FINAL CHECKPOINT EVALUATION,false
t2b-b-m1x,Test 2B,B,M1-X,M1-X,10000,cfc9d3da6a8d07d74ae17e3d9a5beabe434e63b8005e95df4a1925c3a63c609c,a740fa161ad5ff954beb73b4b44fda51b705ce34a40718bd8912716425aeb459,/Users/arjunsharma/Documents/SandiaProjects/4-LDRDAMDIS/DIMSWE-study-d0eb615/external-results/test2b-rain-active-learning/production/representation-B/m1-seed0-m20-10k/checkpoint_000010000_parameters.npz,Y,HELD-OUT TRUTH SUPPORT,81,160,POST-HOC CHECKPOINT EVALUATION,R_activation,truth_active_sample_fraction,0.07358779907226562,POST-HOC FINAL CHECKPOINT EVALUATION,false
t2b-b-m1x,Test 2B,B,M1-X,M1-X,10000,cfc9d3da6a8d07d74ae17e3d9a5beabe434e63b8005e95df4a1925c3a63c609c,a740fa161ad5ff954beb73b4b44fda51b705ce34a40718bd8912716425aeb459,/Users/arjunsharma/Documents/SandiaProjects/4-LDRDAMDIS/DIMSWE-study-d0eb615/external-results/test2b-rain-active-learning/production/representation-B/m1-seed0-m20-10k/checkpoint_000010000_parameters.npz,Y,HELD-OUT TRUTH SUPPORT,81,160,POST-HOC CHECKPOINT EVALUATION,R_activation,predicted_meaningful_positive_fraction,0.6020694732666015,POST-HOC FINAL CHECKPOINT EVALUATION,false
t2b-b-m1x,Test 2B,B,M1-X,M1-X,10000,cfc9d3da6a8d07d74ae17e3d9a5beabe434e63b8005e95df4a1925c3a63c609c,a740fa161ad5ff954beb73b4b44fda51b705ce34a40718bd8912716425aeb459,/Users/arjunsharma/Documents/SandiaProjects/4-LDRDAMDIS/DIMSWE-study-d0eb615/external-results/test2b-rain-active-learning/production/representation-B/m1-seed0-m20-10k/checkpoint_000010000_parameters.npz,Y,HELD-OUT TRUTH SUPPORT,81,160,POST-HOC CHECKPOINT EVALUATION,R_activation,predicted_meaningful_negative_fraction,0.3979290008544922,POST-HOC FINAL CHECKPOINT EVALUATION,false
t2b-b-m1x,Test 2B,B,M1-X,M1-X,10000,cfc9d3da6a8d07d74ae17e3d9a5beabe434e63b8005e95df4a1925c3a63c609c,a740fa161ad5ff954beb73b4b44fda51b705ce34a40718bd8912716425aeb459,/Users/arjunsharma/Documents/SandiaProjects/4-LDRDAMDIS/DIMSWE-study-d0eb615/external-results/test2b-rain-active-learning/production/representation-B/m1-seed0-m20-10k/checkpoint_000010000_parameters.npz,Y,HELD-OUT TRUTH SUPPORT,81,160,POST-HOC CHECKPOINT EVALUATION,R_activation,predicted_exact_positive_fraction,0.6020698547363281,POST-HOC FINAL CHECKPOINT EVALUATION,false
t2b-b-m1x,Test 2B,B,M1-X,M1-X,10000,cfc9d3da6a8d07d74ae17e3d9a5beabe434e63b8005e95df4a1925c3a63c609c,a740fa161ad5ff954beb73b4b44fda51b705ce34a40718bd8912716425aeb459,/Users/arjunsharma/Documents/SandiaProjects/4-LDRDAMDIS/DIMSWE-study-d0eb615/external-results/test2b-rain-active-learning/production/representation-B/m1-seed0-m20-10k/checkpoint_000010000_parameters.npz,Y,HELD-OUT TRUTH SUPPORT,81,160,POST-HOC CHECKPOINT EVALUATION,R_activation,predicted_exact_negative_fraction,0.3979301452636719,POST-HOC FINAL CHECKPOINT EVALUATION,false
t2b-b-m1x,Test 2B,B,M1-X,M1-X,10000,cfc9d3da6a8d07d74ae17e3d9a5beabe434e63b8005e95df4a1925c3a63c609c,a740fa161ad5ff954beb73b4b44fda51b705ce34a40718bd8912716425aeb459,/Users/arjunsharma/Documents/SandiaProjects/4-LDRDAMDIS/DIMSWE-study-d0eb615/external-results/test2b-rain-active-learning/production/representation-B/m1-seed0-m20-10k/checkpoint_000010000_parameters.npz,Y,HELD-OUT TRUTH SUPPORT,81,160,POST-HOC CHECKPOINT EVALUATION,R_activation,false_positive_count,2770766,POST-HOC FINAL CHECKPOINT EVALUATION,false
t2b-b-m1x,Test 2B,B,M1-X,M1-X,10000,cfc9d3da6a8d07d74ae17e3d9a5beabe434e63b8005e95df4a1925c3a63c609c,a740fa161ad5ff954beb73b4b44fda51b705ce34a40718bd8912716425aeb459,/Users/arjunsharma/Documents/SandiaProjects/4-LDRDAMDIS/DIMSWE-study-d0eb615/external-results/test2b-rain-active-learning/production/representation-B/m1-seed0-m20-10k/checkpoint_000010000_parameters.npz,Y,HELD-OUT TRUTH SUPPORT,81,160,POST-HOC CHECKPOINT EVALUATION,R_activation,false_positive_fraction_all_samples,0.5284816741943359,POST-HOC FINAL CHECKPOINT EVALUATION,false
t2b-b-m1x,Test 2B,B,M1-X,M1-X,10000,cfc9d3da6a8d07d74ae17e3d9a5beabe434e63b8005e95df4a1925c3a63c609c,a740fa161ad5ff954beb73b4b44fda51b705ce34a40718bd8912716425aeb459,/Users/arjunsharma/Documents/SandiaProjects/4-LDRDAMDIS/DIMSWE-study-d0eb615/external-results/test2b-rain-active-learning/production/representation-B/m1-seed0-m20-10k/checkpoint_000010000_parameters.npz,Y,HELD-OUT TRUTH SUPPORT,81,160,POST-HOC CHECKPOINT EVALUATION,R_activation,false_positive_rate_given_truth_inactive,0.5704606153341892,POST-HOC FINAL CHECKPOINT EVALUATION,false
t2b-b-m1x,Test 2B,B,M1-X,M1-X,10000,cfc9d3da6a8d07d74ae17e3d9a5beabe434e63b8005e95df4a1925c3a63c609c,a740fa161ad5ff954beb73b4b44fda51b705ce34a40718bd8912716425aeb459,/Users/arjunsharma/Documents/SandiaProjects/4-LDRDAMDIS/DIMSWE-study-d0eb615/external-results/test2b-rain-active-learning/production/representation-B/m1-seed0-m20-10k/checkpoint_000010000_parameters.npz,Y,HELD-OUT TRUTH SUPPORT,81,160,POST-HOC CHECKPOINT EVALUATION,R_activation,false_negative_count,0,POST-HOC FINAL CHECKPOINT EVALUATION,false
t2b-b-m1x,Test 2B,B,M1-X,M1-X,10000,cfc9d3da6a8d07d74ae17e3d9a5beabe434e63b8005e95df4a1925c3a63c609c,a740fa161ad5ff954beb73b4b44fda51b705ce34a40718bd8912716425aeb459,/Users/arjunsharma/Documents/SandiaProjects/4-LDRDAMDIS/DIMSWE-study-d0eb615/external-results/test2b-rain-active-learning/production/representation-B/m1-seed0-m20-10k/checkpoint_000010000_parameters.npz,Y,HELD-OUT TRUTH SUPPORT,81,160,POST-HOC CHECKPOINT EVALUATION,R_activation,false_negative_fraction_all_samples,0.0,POST-HOC FINAL CHECKPOINT EVALUATION,false
t2b-b-m1x,Test 2B,B,M1-X,M1-X,10000,cfc9d3da6a8d07d74ae17e3d9a5beabe434e63b8005e95df4a1925c3a63c609c,a740fa161ad5ff954beb73b4b44fda51b705ce34a40718bd8912716425aeb459,/Users/arjunsharma/Documents/SandiaProjects/4-LDRDAMDIS/DIMSWE-study-d0eb615/external-results/test2b-rain-active-learning/production/representation-B/m1-seed0-m20-10k/checkpoint_000010000_parameters.npz,Y,HELD-OUT TRUTH SUPPORT,81,160,POST-HOC CHECKPOINT EVALUATION,R_activation,false_negative_rate_given_truth_active,0.0,POST-HOC FINAL CHECKPOINT EVALUATION,false
t2b-b-m1x,Test 2B,B,M1-X,M1-X,10000,cfc9d3da6a8d07d74ae17e3d9a5beabe434e63b8005e95df4a1925c3a63c609c,a740fa161ad5ff954beb73b4b44fda51b705ce34a40718bd8912716425aeb459,/Users/arjunsharma/Documents/SandiaProjects/4-LDRDAMDIS/DIMSWE-study-d0eb615/external-results/test2b-rain-active-learning/production/representation-B/m1-seed0-m20-10k/checkpoint_000010000_parameters.npz,Y,HELD-OUT TRUTH SUPPORT,81,160,POST-HOC CHECKPOINT EVALUATION,R_activation,first_meaningful_positive_predicted_step,81,POST-HOC FINAL CHECKPOINT EVALUATION,false
t2b-b-m1x,Test 2B,B,M1-X,M1-X,10000,cfc9d3da6a8d07d74ae17e3d9a5beabe434e63b8005e95df4a1925c3a63c609c,a740fa161ad5ff954beb73b4b44fda51b705ce34a40718bd8912716425aeb459,/Users/arjunsharma/Documents/SandiaProjects/4-LDRDAMDIS/DIMSWE-study-d0eb615/external-results/test2b-rain-active-learning/production/representation-B/m1-seed0-m20-10k/checkpoint_000010000_parameters.npz,Y,HELD-OUT TRUTH SUPPORT,81,160,POST-HOC CHECKPOINT EVALUATION,R_activation,first_meaningful_positive_truth_step,81,POST-HOC FINAL CHECKPOINT EVALUATION,false
t2b-b-m1x,Test 2B,B,M1-X,M1-X,10000,cfc9d3da6a8d07d74ae17e3d9a5beabe434e63b8005e95df4a1925c3a63c609c,a740fa161ad5ff954beb73b4b44fda51b705ce34a40718bd8912716425aeb459,/Users/arjunsharma/Documents/SandiaProjects/4-LDRDAMDIS/DIMSWE-study-d0eb615/external-results/test2b-rain-active-learning/production/representation-B/m1-seed0-m20-10k/checkpoint_000010000_parameters.npz,Y,HELD-OUT TRUTH SUPPORT,81,160,POST-HOC CHECKPOINT EVALUATION,R_activation,maximum_predicted_R,4.8643222163037336e-11,POST-HOC FINAL CHECKPOINT EVALUATION,false
t2b-b-m1x,Test 2B,B,M1-X,M1-X,10000,cfc9d3da6a8d07d74ae17e3d9a5beabe434e63b8005e95df4a1925c3a63c609c,a740fa161ad5ff954beb73b4b44fda51b705ce34a40718bd8912716425aeb459,/Users/arjunsharma/Documents/SandiaProjects/4-LDRDAMDIS/DIMSWE-study-d0eb615/external-results/test2b-rain-active-learning/production/representation-B/m1-seed0-m20-10k/checkpoint_000010000_parameters.npz,Y,HELD-OUT TRUTH SUPPORT,81,160,POST-HOC CHECKPOINT EVALUATION,R_activation,minimum_predicted_R,-6.018725414751895e-13,POST-HOC FINAL CHECKPOINT EVALUATION,false
t2b-b-m1x,Test 2B,B,M1-X,M1-X,10000,cfc9d3da6a8d07d74ae17e3d9a5beabe434e63b8005e95df4a1925c3a63c609c,a740fa161ad5ff954beb73b4b44fda51b705ce34a40718bd8912716425aeb459,/Users/arjunsharma/Documents/SandiaProjects/4-LDRDAMDIS/DIMSWE-study-d0eb615/external-results/test2b-rain-active-learning/production/representation-B/m1-seed0-m20-10k/checkpoint_000010000_parameters.npz,Y,HELD-OUT TRUTH SUPPORT,81,160,POST-HOC CHECKPOINT EVALUATION,R_activation,activity_numerical_tolerance,1.2119968976504772e-20,POST-HOC FINAL CHECKPOINT EVALUATION,false
t2b-b-m1x,Test 2B,B,M1-X,M1-X,10000,cfc9d3da6a8d07d74ae17e3d9a5beabe434e63b8005e95df4a1925c3a63c609c,a740fa161ad5ff954beb73b4b44fda51b705ce34a40718bd8912716425aeb459,/Users/arjunsharma/Documents/SandiaProjects/4-LDRDAMDIS/DIMSWE-study-d0eb615/external-results/test2b-rain-active-learning/production/representation-B/m1-seed0-m20-10k/checkpoint_000010000_parameters.npz,Y,HELD-OUT TRUTH SUPPORT,81,160,POST-HOC CHECKPOINT EVALUATION,R_activation,sample_count,5242880,POST-HOC FINAL CHECKPOINT EVALUATION,false
t2b-b-m1y,Test 2B,B,M1-Y,M1-Y,10000,1adbd173137cbf10928ee4b25865258fc97f74b3c2c4c0a09cfd8629020566ab,3a829ffff2c2ee96946c197e18a7bd7d7495c255212c61bec1b3d24d788a71ee,/Users/arjunsharma/Documents/SandiaProjects/4-LDRDAMDIS/DIMSWE-feature-study-20260828/m1y_test2b_20260828_workspace/external-results/m1y-test2b-20260828/production/representation-B/m1y-seed0-m20-10k/checkpoint_000010000_parameters.npz,Y,HELD-OUT TRUTH SUPPORT,81,160,POST-HOC CHECKPOINT EVALUATION,operator,normalized_objective,0.08933673293187334,POST-HOC FINAL CHECKPOINT EVALUATION,true
t2b-b-m1y,Test 2B,B,M1-Y,M1-Y,10000,1adbd173137cbf10928ee4b25865258fc97f74b3c2c4c0a09cfd8629020566ab,3a829ffff2c2ee96946c197e18a7bd7d7495c255212c61bec1b3d24d788a71ee,/Users/arjunsharma/Documents/SandiaProjects/4-LDRDAMDIS/DIMSWE-feature-study-20260828/m1y_test2b_20260828_workspace/external-results/m1y-test2b-20260828/production/representation-B/m1y-seed0-m20-10k/checkpoint_000010000_parameters.npz,Y,HELD-OUT TRUTH SUPPORT,81,160,POST-HOC CHECKPOINT EVALUATION,operator,numerator,16707358129269.021,POST-HOC FINAL CHECKPOINT EVALUATION,true
t2b-b-m1y,Test 2B,B,M1-Y,M1-Y,10000,1adbd173137cbf10928ee4b25865258fc97f74b3c2c4c0a09cfd8629020566ab,3a829ffff2c2ee96946c197e18a7bd7d7495c255212c61bec1b3d24d788a71ee,/Users/arjunsharma/Documents/SandiaProjects/4-LDRDAMDIS/DIMSWE-feature-study-20260828/m1y_test2b_20260828_workspace/external-results/m1y-test2b-20260828/production/representation-B/m1y-seed0-m20-10k/checkpoint_000010000_parameters.npz,Y,HELD-OUT TRUTH SUPPORT,81,160,POST-HOC CHECKPOINT EVALUATION,operator,denominator,187015548710626.84,POST-HOC FINAL CHECKPOINT EVALUATION,true
t2b-b-m1y,Test 2B,B,M1-Y,M1-Y,10000,1adbd173137cbf10928ee4b25865258fc97f74b3c2c4c0a09cfd8629020566ab,3a829ffff2c2ee96946c197e18a7bd7d7495c255212c61bec1b3d24d788a71ee,/Users/arjunsharma/Documents/SandiaProjects/4-LDRDAMDIS/DIMSWE-feature-study-20260828/m1y_test2b_20260828_workspace/external-results/m1y-test2b-20260828/production/representation-B/m1y-seed0-m20-10k/checkpoint_000010000_parameters.npz,Y,HELD-OUT TRUTH SUPPORT,81,160,POST-HOC CHECKPOINT EVALUATION,A,normalized_RMS_error,0.09085403846542286,POST-HOC FINAL CHECKPOINT EVALUATION,true
t2b-b-m1y,Test 2B,B,M1-Y,M1-Y,10000,1adbd173137cbf10928ee4b25865258fc97f74b3c2c4c0a09cfd8629020566ab,3a829ffff2c2ee96946c197e18a7bd7d7495c255212c61bec1b3d24d788a71ee,/Users/arjunsharma/Documents/SandiaProjects/4-LDRDAMDIS/DIMSWE-feature-study-20260828/m1y_test2b_20260828_workspace/external-results/m1y-test2b-20260828/production/representation-B/m1y-seed0-m20-10k/checkpoint_000010000_parameters.npz,Y,HELD-OUT TRUTH SUPPORT,81,160,POST-HOC CHECKPOINT EVALUATION,A,relative_RMS_error,2.9270513111615144,POST-HOC FINAL CHECKPOINT EVALUATION,true
t2b-b-m1y,Test 2B,B,M1-Y,M1-Y,10000,1adbd173137cbf10928ee4b25865258fc97f74b3c2c4c0a09cfd8629020566ab,3a829ffff2c2ee96946c197e18a7bd7d7495c255212c61bec1b3d24d788a71ee,/Users/arjunsharma/Documents/SandiaProjects/4-LDRDAMDIS/DIMSWE-feature-study-20260828/m1y_test2b_20260828_workspace/external-results/m1y-test2b-20260828/production/representation-B/m1y-seed0-m20-10k/checkpoint_000010000_parameters.npz,Y,HELD-OUT TRUTH SUPPORT,81,160,POST-HOC CHECKPOINT EVALUATION,A,physical_RMS_error,8.224342561174364e-09,POST-HOC FINAL CHECKPOINT EVALUATION,true
t2b-b-m1y,Test 2B,B,M1-Y,M1-Y,10000,1adbd173137cbf10928ee4b25865258fc97f74b3c2c4c0a09cfd8629020566ab,3a829ffff2c2ee96946c197e18a7bd7d7495c255212c61bec1b3d24d788a71ee,/Users/arjunsharma/Documents/SandiaProjects/4-LDRDAMDIS/DIMSWE-feature-study-20260828/m1y_test2b_20260828_workspace/external-results/m1y-test2b-20260828/production/representation-B/m1y-seed0-m20-10k/checkpoint_000010000_parameters.npz,Y,HELD-OUT TRUTH SUPPORT,81,160,POST-HOC CHECKPOINT EVALUATION,A,maximum_absolute_error,2.211371321922787e-07,POST-HOC FINAL CHECKPOINT EVALUATION,true
t2b-b-m1y,Test 2B,B,M1-Y,M1-Y,10000,1adbd173137cbf10928ee4b25865258fc97f74b3c2c4c0a09cfd8629020566ab,3a829ffff2c2ee96946c197e18a7bd7d7495c255212c61bec1b3d24d788a71ee,/Users/arjunsharma/Documents/SandiaProjects/4-LDRDAMDIS/DIMSWE-feature-study-20260828/m1y_test2b_20260828_workspace/external-results/m1y-test2b-20260828/production/representation-B/m1y-seed0-m20-10k/checkpoint_000010000_parameters.npz,Y,HELD-OUT TRUTH SUPPORT,81,160,POST-HOC CHECKPOINT EVALUATION,A,signed_mass_weighted_bias,-1.1514622842467021e-09,POST-HOC FINAL CHECKPOINT EVALUATION,true
t2b-b-m1y,Test 2B,B,M1-Y,M1-Y,10000,1adbd173137cbf10928ee4b25865258fc97f74b3c2c4c0a09cfd8629020566ab,3a829ffff2c2ee96946c197e18a7bd7d7495c255212c61bec1b3d24d788a71ee,/Users/arjunsharma/Documents/SandiaProjects/4-LDRDAMDIS/DIMSWE-feature-study-20260828/m1y_test2b_20260828_workspace/external-results/m1y-test2b-20260828/production/representation-B/m1y-seed0-m20-10k/checkpoint_000010000_parameters.npz,Y,HELD-OUT TRUTH SUPPORT,81,160,POST-HOC CHECKPOINT EVALUATION,A,correlation,0.21408478037379045,POST-HOC FINAL CHECKPOINT EVALUATION,true
t2b-b-m1y,Test 2B,B,M1-Y,M1-Y,10000,1adbd173137cbf10928ee4b25865258fc97f74b3c2c4c0a09cfd8629020566ab,3a829ffff2c2ee96946c197e18a7bd7d7495c255212c61bec1b3d24d788a71ee,/Users/arjunsharma/Documents/SandiaProjects/4-LDRDAMDIS/DIMSWE-feature-study-20260828/m1y_test2b_20260828_workspace/external-results/m1y-test2b-20260828/production/representation-B/m1y-seed0-m20-10k/checkpoint_000010000_parameters.npz,Y,HELD-OUT TRUTH SUPPORT,81,160,POST-HOC CHECKPOINT EVALUATION,A,cosine,0.21732961618605004,POST-HOC FINAL CHECKPOINT EVALUATION,true
t2b-b-m1y,Test 2B,B,M1-Y,M1-Y,10000,1adbd173137cbf10928ee4b25865258fc97f74b3c2c4c0a09cfd8629020566ab,3a829ffff2c2ee96946c197e18a7bd7d7495c255212c61bec1b3d24d788a71ee,/Users/arjunsharma/Documents/SandiaProjects/4-LDRDAMDIS/DIMSWE-feature-study-20260828/m1y_test2b_20260828_workspace/external-results/m1y-test2b-20260828/production/representation-B/m1y-seed0-m20-10k/checkpoint_000010000_parameters.npz,Y,HELD-OUT TRUTH SUPPORT,81,160,POST-HOC CHECKPOINT EVALUATION,A,target_RMS,2.8097705461510257e-09,POST-HOC FINAL CHECKPOINT EVALUATION,true
t2b-b-m1y,Test 2B,B,M1-Y,M1-Y,10000,1adbd173137cbf10928ee4b25865258fc97f74b3c2c4c0a09cfd8629020566ab,3a829ffff2c2ee96946c197e18a7bd7d7495c255212c61bec1b3d24d788a71ee,/Users/arjunsharma/Documents/SandiaProjects/4-LDRDAMDIS/DIMSWE-feature-study-20260828/m1y_test2b_20260828_workspace/external-results/m1y-test2b-20260828/production/representation-B/m1y-seed0-m20-10k/checkpoint_000010000_parameters.npz,Y,HELD-OUT TRUTH SUPPORT,81,160,POST-HOC CHECKPOINT EVALUATION,A,prediction_RMS,8.364219015509028e-09,POST-HOC FINAL CHECKPOINT EVALUATION,true
t2b-b-m1y,Test 2B,B,M1-Y,M1-Y,10000,1adbd173137cbf10928ee4b25865258fc97f74b3c2c4c0a09cfd8629020566ab,3a829ffff2c2ee96946c197e18a7bd7d7495c255212c61bec1b3d24d788a71ee,/Users/arjunsharma/Documents/SandiaProjects/4-LDRDAMDIS/DIMSWE-feature-study-20260828/m1y_test2b_20260828_workspace/external-results/m1y-test2b-20260828/production/representation-B/m1y-seed0-m20-10k/checkpoint_000010000_parameters.npz,Y,HELD-OUT TRUTH SUPPORT,81,160,POST-HOC CHECKPOINT EVALUATION,A,sample_count,5242880,POST-HOC FINAL CHECKPOINT EVALUATION,true
t2b-b-m1y,Test 2B,B,M1-Y,M1-Y,10000,1adbd173137cbf10928ee4b25865258fc97f74b3c2c4c0a09cfd8629020566ab,3a829ffff2c2ee96946c197e18a7bd7d7495c255212c61bec1b3d24d788a71ee,/Users/arjunsharma/Documents/SandiaProjects/4-LDRDAMDIS/DIMSWE-feature-study-20260828/m1y_test2b_20260828_workspace/external-results/m1y-test2b-20260828/production/representation-B/m1y-seed0-m20-10k/checkpoint_000010000_parameters.npz,Y,HELD-OUT TRUTH SUPPORT,81,160,POST-HOC CHECKPOINT EVALUATION,R_all,normalized_RMS_error,0.009961062150091026,POST-HOC FINAL CHECKPOINT EVALUATION,true
t2b-b-m1y,Test 2B,B,M1-Y,M1-Y,10000,1adbd173137cbf10928ee4b25865258fc97f74b3c2c4c0a09cfd8629020566ab,3a829ffff2c2ee96946c197e18a7bd7d7495c255212c61bec1b3d24d788a71ee,/Users/arjunsharma/Documents/SandiaProjects/4-LDRDAMDIS/DIMSWE-feature-study-20260828/m1y_test2b_20260828_workspace/external-results/m1y-test2b-20260828/production/representation-B/m1y-seed0-m20-10k/checkpoint_000010000_parameters.npz,Y,HELD-OUT TRUTH SUPPORT,81,160,POST-HOC CHECKPOINT EVALUATION,R_all,relative_RMS_error,0.03274392584375766,POST-HOC FINAL CHECKPOINT EVALUATION,true
t2b-b-m1y,Test 2B,B,M1-Y,M1-Y,10000,1adbd173137cbf10928ee4b25865258fc97f74b3c2c4c0a09cfd8629020566ab,3a829ffff2c2ee96946c197e18a7bd7d7495c255212c61bec1b3d24d788a71ee,/Users/arjunsharma/Documents/SandiaProjects/4-LDRDAMDIS/DIMSWE-feature-study-20260828/m1y_test2b_20260828_workspace/external-results/m1y-test2b-20260828/production/representation-B/m1y-seed0-m20-10k/checkpoint_000010000_parameters.npz,Y,HELD-OUT TRUTH SUPPORT,81,160,POST-HOC CHECKPOINT EVALUATION,R_all,physical_RMS_error,1.982537376016597e-13,POST-HOC FINAL CHECKPOINT EVALUATION,true
t2b-b-m1y,Test 2B,B,M1-Y,M1-Y,10000,1adbd173137cbf10928ee4b25865258fc97f74b3c2c4c0a09cfd8629020566ab,3a829ffff2c2ee96946c197e18a7bd7d7495c255212c61bec1b3d24d788a71ee,/Users/arjunsharma/Documents/SandiaProjects/4-LDRDAMDIS/DIMSWE-feature-study-20260828/m1y_test2b_20260828_workspace/external-results/m1y-test2b-20260828/production/representation-B/m1y-seed0-m20-10k/checkpoint_000010000_parameters.npz,Y,HELD-OUT TRUTH SUPPORT,81,160,POST-HOC CHECKPOINT EVALUATION,R_all,maximum_absolute_error,2.5840082589776022e-12,POST-HOC FINAL CHECKPOINT EVALUATION,true
t2b-b-m1y,Test 2B,B,M1-Y,M1-Y,10000,1adbd173137cbf10928ee4b25865258fc97f74b3c2c4c0a09cfd8629020566ab,3a829ffff2c2ee96946c197e18a7bd7d7495c255212c61bec1b3d24d788a71ee,/Users/arjunsharma/Documents/SandiaProjects/4-LDRDAMDIS/DIMSWE-feature-study-20260828/m1y_test2b_20260828_workspace/external-results/m1y-test2b-20260828/production/representation-B/m1y-seed0-m20-10k/checkpoint_000010000_parameters.npz,Y,HELD-OUT TRUTH SUPPORT,81,160,POST-HOC CHECKPOINT EVALUATION,R_all,signed_mass_weighted_bias,3.2387819653611816e-14,POST-HOC FINAL CHECKPOINT EVALUATION,true
t2b-b-m1y,Test 2B,B,M1-Y,M1-Y,10000,1adbd173137cbf10928ee4b25865258fc97f74b3c2c4c0a09cfd8629020566ab,3a829ffff2c2ee96946c197e18a7bd7d7495c255212c61bec1b3d24d788a71ee,/Users/arjunsharma/Documents/SandiaProjects/4-LDRDAMDIS/DIMSWE-feature-study-20260828/m1y_test2b_20260828_workspace/external-results/m1y-test2b-20260828/production/representation-B/m1y-seed0-m20-10k/checkpoint_000010000_parameters.npz,Y,HELD-OUT TRUTH SUPPORT,81,160,POST-HOC CHECKPOINT EVALUATION,R_all,correlation,0.999507555362506,POST-HOC FINAL CHECKPOINT EVALUATION,true
t2b-b-m1y,Test 2B,B,M1-Y,M1-Y,10000,1adbd173137cbf10928ee4b25865258fc97f74b3c2c4c0a09cfd8629020566ab,3a829ffff2c2ee96946c197e18a7bd7d7495c255212c61bec1b3d24d788a71ee,/Users/arjunsharma/Documents/SandiaProjects/4-LDRDAMDIS/DIMSWE-feature-study-20260828/m1y_test2b_20260828_workspace/external-results/m1y-test2b-20260828/production/representation-B/m1y-seed0-m20-10k/checkpoint_000010000_parameters.npz,Y,HELD-OUT TRUTH SUPPORT,81,160,POST-HOC CHECKPOINT EVALUATION,R_all,cosine,0.9995302126091722,POST-HOC FINAL CHECKPOINT EVALUATION,true
t2b-b-m1y,Test 2B,B,M1-Y,M1-Y,10000,1adbd173137cbf10928ee4b25865258fc97f74b3c2c4c0a09cfd8629020566ab,3a829ffff2c2ee96946c197e18a7bd7d7495c255212c61bec1b3d24d788a71ee,/Users/arjunsharma/Documents/SandiaProjects/4-LDRDAMDIS/DIMSWE-feature-study-20260828/m1y_test2b_20260828_workspace/external-results/m1y-test2b-20260828/production/representation-B/m1y-seed0-m20-10k/checkpoint_000010000_parameters.npz,Y,HELD-OUT TRUTH SUPPORT,81,160,POST-HOC CHECKPOINT EVALUATION,R_all,target_RMS,6.054672202339324e-12,POST-HOC FINAL CHECKPOINT EVALUATION,true
t2b-b-m1y,Test 2B,B,M1-Y,M1-Y,10000,1adbd173137cbf10928ee4b25865258fc97f74b3c2c4c0a09cfd8629020566ab,3a829ffff2c2ee96946c197e18a7bd7d7495c255212c61bec1b3d24d788a71ee,/Users/arjunsharma/Documents/SandiaProjects/4-LDRDAMDIS/DIMSWE-feature-study-20260828/m1y_test2b_20260828_workspace/external-results/m1y-test2b-20260828/production/representation-B/m1y-seed0-m20-10k/checkpoint_000010000_parameters.npz,Y,HELD-OUT TRUTH SUPPORT,81,160,POST-HOC CHECKPOINT EVALUATION,R_all,prediction_RMS,6.121603943529348e-12,POST-HOC FINAL CHECKPOINT EVALUATION,true
t2b-b-m1y,Test 2B,B,M1-Y,M1-Y,10000,1adbd173137cbf10928ee4b25865258fc97f74b3c2c4c0a09cfd8629020566ab,3a829ffff2c2ee96946c197e18a7bd7d7495c255212c61bec1b3d24d788a71ee,/Users/arjunsharma/Documents/SandiaProjects/4-LDRDAMDIS/DIMSWE-feature-study-20260828/m1y_test2b_20260828_workspace/external-results/m1y-test2b-20260828/production/representation-B/m1y-seed0-m20-10k/checkpoint_000010000_parameters.npz,Y,HELD-OUT TRUTH SUPPORT,81,160,POST-HOC CHECKPOINT EVALUATION,R_all,sample_count,5242880,POST-HOC FINAL CHECKPOINT EVALUATION,true
t2b-b-m1y,Test 2B,B,M1-Y,M1-Y,10000,1adbd173137cbf10928ee4b25865258fc97f74b3c2c4c0a09cfd8629020566ab,3a829ffff2c2ee96946c197e18a7bd7d7495c255212c61bec1b3d24d788a71ee,/Users/arjunsharma/Documents/SandiaProjects/4-LDRDAMDIS/DIMSWE-feature-study-20260828/m1y_test2b_20260828_workspace/external-results/m1y-test2b-20260828/production/representation-B/m1y-seed0-m20-10k/checkpoint_000010000_parameters.npz,Y,HELD-OUT TRUTH SUPPORT,81,160,POST-HOC CHECKPOINT EVALUATION,R_truth_active,normalized_RMS_error,0.029451756380958483,POST-HOC FINAL CHECKPOINT EVALUATION,true
t2b-b-m1y,Test 2B,B,M1-Y,M1-Y,10000,1adbd173137cbf10928ee4b25865258fc97f74b3c2c4c0a09cfd8629020566ab,3a829ffff2c2ee96946c197e18a7bd7d7495c255212c61bec1b3d24d788a71ee,/Users/arjunsharma/Documents/SandiaProjects/4-LDRDAMDIS/DIMSWE-feature-study-20260828/m1y_test2b_20260828_workspace/external-results/m1y-test2b-20260828/production/representation-B/m1y-seed0-m20-10k/checkpoint_000010000_parameters.npz,Y,HELD-OUT TRUTH SUPPORT,81,160,POST-HOC CHECKPOINT EVALUATION,R_truth_active,relative_RMS_error,0.02610757396208549,POST-HOC FINAL CHECKPOINT EVALUATION,true
t2b-b-m1y,Test 2B,B,M1-Y,M1-Y,10000,1adbd173137cbf10928ee4b25865258fc97f74b3c2c4c0a09cfd8629020566ab,3a829ffff2c2ee96946c197e18a7bd7d7495c255212c61bec1b3d24d788a71ee,/Users/arjunsharma/Documents/SandiaProjects/4-LDRDAMDIS/DIMSWE-feature-study-20260828/m1y_test2b_20260828_workspace/external-results/m1y-test2b-20260828/production/representation-B/m1y-seed0-m20-10k/checkpoint_000010000_parameters.npz,Y,HELD-OUT TRUTH SUPPORT,81,160,POST-HOC CHECKPOINT EVALUATION,R_truth_active,physical_RMS_error,5.861745156770448e-13,POST-HOC FINAL CHECKPOINT EVALUATION,true
t2b-b-m1y,Test 2B,B,M1-Y,M1-Y,10000,1adbd173137cbf10928ee4b25865258fc97f74b3c2c4c0a09cfd8629020566ab,3a829ffff2c2ee96946c197e18a7bd7d7495c255212c61bec1b3d24d788a71ee,/Users/arjunsharma/Documents/SandiaProjects/4-LDRDAMDIS/DIMSWE-feature-study-20260828/m1y_test2b_20260828_workspace/external-results/m1y-test2b-20260828/production/representation-B/m1y-seed0-m20-10k/checkpoint_000010000_parameters.npz,Y,HELD-OUT TRUTH SUPPORT,81,160,POST-HOC CHECKPOINT EVALUATION,R_truth_active,maximum_absolute_error,2.5840082589776022e-12,POST-HOC FINAL CHECKPOINT EVALUATION,true
t2b-b-m1y,Test 2B,B,M1-Y,M1-Y,10000,1adbd173137cbf10928ee4b25865258fc97f74b3c2c4c0a09cfd8629020566ab,3a829ffff2c2ee96946c197e18a7bd7d7495c255212c61bec1b3d24d788a71ee,/Users/arjunsharma/Documents/SandiaProjects/4-LDRDAMDIS/DIMSWE-feature-study-20260828/m1y_test2b_20260828_workspace/external-results/m1y-test2b-20260828/production/representation-B/m1y-seed0-m20-10k/checkpoint_000010000_parameters.npz,Y,HELD-OUT TRUTH SUPPORT,81,160,POST-HOC CHECKPOINT EVALUATION,R_truth_active,signed_mass_weighted_bias,3.711920340903329e-13,POST-HOC FINAL CHECKPOINT EVALUATION,true
t2b-b-m1y,Test 2B,B,M1-Y,M1-Y,10000,1adbd173137cbf10928ee4b25865258fc97f74b3c2c4c0a09cfd8629020566ab,3a829ffff2c2ee96946c197e18a7bd7d7495c255212c61bec1b3d24d788a71ee,/Users/arjunsharma/Documents/SandiaProjects/4-LDRDAMDIS/DIMSWE-feature-study-20260828/m1y_test2b_20260828_workspace/external-results/m1y-test2b-20260828/production/representation-B/m1y-seed0-m20-10k/checkpoint_000010000_parameters.npz,Y,HELD-OUT TRUTH SUPPORT,81,160,POST-HOC CHECKPOINT EVALUATION,R_truth_active,correlation,0.9993010185272044,POST-HOC FINAL CHECKPOINT EVALUATION,true
t2b-b-m1y,Test 2B,B,M1-Y,M1-Y,10000,1adbd173137cbf10928ee4b25865258fc97f74b3c2c4c0a09cfd8629020566ab,3a829ffff2c2ee96946c197e18a7bd7d7495c255212c61bec1b3d24d788a71ee,/Users/arjunsharma/Documents/SandiaProjects/4-LDRDAMDIS/DIMSWE-feature-study-20260828/m1y_test2b_20260828_workspace/external-results/m1y-test2b-20260828/production/representation-B/m1y-seed0-m20-10k/checkpoint_000010000_parameters.npz,Y,HELD-OUT TRUTH SUPPORT,81,160,POST-HOC CHECKPOINT EVALUATION,R_truth_active,cosine,0.9997212103166828,POST-HOC FINAL CHECKPOINT EVALUATION,true
t2b-b-m1y,Test 2B,B,M1-Y,M1-Y,10000,1adbd173137cbf10928ee4b25865258fc97f74b3c2c4c0a09cfd8629020566ab,3a829ffff2c2ee96946c197e18a7bd7d7495c255212c61bec1b3d24d788a71ee,/Users/arjunsharma/Documents/SandiaProjects/4-LDRDAMDIS/DIMSWE-feature-study-20260828/m1y_test2b_20260828_workspace/external-results/m1y-test2b-20260828/production/representation-B/m1y-seed0-m20-10k/checkpoint_000010000_parameters.npz,Y,HELD-OUT TRUTH SUPPORT,81,160,POST-HOC CHECKPOINT EVALUATION,R_truth_active,target_RMS,2.2452278274814503e-11,POST-HOC FINAL CHECKPOINT EVALUATION,true
t2b-b-m1y,Test 2B,B,M1-Y,M1-Y,10000,1adbd173137cbf10928ee4b25865258fc97f74b3c2c4c0a09cfd8629020566ab,3a829ffff2c2ee96946c197e18a7bd7d7495c255212c61bec1b3d24d788a71ee,/Users/arjunsharma/Documents/SandiaProjects/4-LDRDAMDIS/DIMSWE-feature-study-20260828/m1y_test2b_20260828_workspace/external-results/m1y-test2b-20260828/production/representation-B/m1y-seed0-m20-10k/checkpoint_000010000_parameters.npz,Y,HELD-OUT TRUTH SUPPORT,81,160,POST-HOC CHECKPOINT EVALUATION,R_truth_active,prediction_RMS,2.2696141398734438e-11,POST-HOC FINAL CHECKPOINT EVALUATION,true
t2b-b-m1y,Test 2B,B,M1-Y,M1-Y,10000,1adbd173137cbf10928ee4b25865258fc97f74b3c2c4c0a09cfd8629020566ab,3a829ffff2c2ee96946c197e18a7bd7d7495c255212c61bec1b3d24d788a71ee,/Users/arjunsharma/Documents/SandiaProjects/4-LDRDAMDIS/DIMSWE-feature-study-20260828/m1y_test2b_20260828_workspace/external-results/m1y-test2b-20260828/production/representation-B/m1y-seed0-m20-10k/checkpoint_000010000_parameters.npz,Y,HELD-OUT TRUTH SUPPORT,81,160,POST-HOC CHECKPOINT EVALUATION,R_truth_active,sample_count,385812,POST-HOC FINAL CHECKPOINT EVALUATION,true
t2b-b-m1y,Test 2B,B,M1-Y,M1-Y,10000,1adbd173137cbf10928ee4b25865258fc97f74b3c2c4c0a09cfd8629020566ab,3a829ffff2c2ee96946c197e18a7bd7d7495c255212c61bec1b3d24d788a71ee,/Users/arjunsharma/Documents/SandiaProjects/4-LDRDAMDIS/DIMSWE-feature-study-20260828/m1y_test2b_20260828_workspace/external-results/m1y-test2b-20260828/production/representation-B/m1y-seed0-m20-10k/checkpoint_000010000_parameters.npz,Y,HELD-OUT TRUTH SUPPORT,81,160,POST-HOC CHECKPOINT EVALUATION,R_activation,truth_active_sample_count,385812,POST-HOC FINAL CHECKPOINT EVALUATION,true
t2b-b-m1y,Test 2B,B,M1-Y,M1-Y,10000,1adbd173137cbf10928ee4b25865258fc97f74b3c2c4c0a09cfd8629020566ab,3a829ffff2c2ee96946c197e18a7bd7d7495c255212c61bec1b3d24d788a71ee,/Users/arjunsharma/Documents/SandiaProjects/4-LDRDAMDIS/DIMSWE-feature-study-20260828/m1y_test2b_20260828_workspace/external-results/m1y-test2b-20260828/production/representation-B/m1y-seed0-m20-10k/checkpoint_000010000_parameters.npz,Y,HELD-OUT TRUTH SUPPORT,81,160,POST-HOC CHECKPOINT EVALUATION,R_activation,truth_active_sample_fraction,0.07358779907226562,POST-HOC FINAL CHECKPOINT EVALUATION,true
t2b-b-m1y,Test 2B,B,M1-Y,M1-Y,10000,1adbd173137cbf10928ee4b25865258fc97f74b3c2c4c0a09cfd8629020566ab,3a829ffff2c2ee96946c197e18a7bd7d7495c255212c61bec1b3d24d788a71ee,/Users/arjunsharma/Documents/SandiaProjects/4-LDRDAMDIS/DIMSWE-feature-study-20260828/m1y_test2b_20260828_workspace/external-results/m1y-test2b-20260828/production/representation-B/m1y-seed0-m20-10k/checkpoint_000010000_parameters.npz,Y,HELD-OUT TRUTH SUPPORT,81,160,POST-HOC CHECKPOINT EVALUATION,R_activation,predicted_meaningful_positive_fraction,0.2684024810791016,POST-HOC FINAL CHECKPOINT EVALUATION,true
t2b-b-m1y,Test 2B,B,M1-Y,M1-Y,10000,1adbd173137cbf10928ee4b25865258fc97f74b3c2c4c0a09cfd8629020566ab,3a829ffff2c2ee96946c197e18a7bd7d7495c255212c61bec1b3d24d788a71ee,/Users/arjunsharma/Documents/SandiaProjects/4-LDRDAMDIS/DIMSWE-feature-study-20260828/m1y_test2b_20260828_workspace/external-results/m1y-test2b-20260828/production/representation-B/m1y-seed0-m20-10k/checkpoint_000010000_parameters.npz,Y,HELD-OUT TRUTH SUPPORT,81,160,POST-HOC CHECKPOINT EVALUATION,R_activation,predicted_meaningful_negative_fraction,0.7315975189208984,POST-HOC FINAL CHECKPOINT EVALUATION,true
t2b-b-m1y,Test 2B,B,M1-Y,M1-Y,10000,1adbd173137cbf10928ee4b25865258fc97f74b3c2c4c0a09cfd8629020566ab,3a829ffff2c2ee96946c197e18a7bd7d7495c255212c61bec1b3d24d788a71ee,/Users/arjunsharma/Documents/SandiaProjects/4-LDRDAMDIS/DIMSWE-feature-study-20260828/m1y_test2b_20260828_workspace/external-results/m1y-test2b-20260828/production/representation-B/m1y-seed0-m20-10k/checkpoint_000010000_parameters.npz,Y,HELD-OUT TRUTH SUPPORT,81,160,POST-HOC CHECKPOINT EVALUATION,R_activation,predicted_exact_positive_fraction,0.2684024810791016,POST-HOC FINAL CHECKPOINT EVALUATION,true
t2b-b-m1y,Test 2B,B,M1-Y,M1-Y,10000,1adbd173137cbf10928ee4b25865258fc97f74b3c2c4c0a09cfd8629020566ab,3a829ffff2c2ee96946c197e18a7bd7d7495c255212c61bec1b3d24d788a71ee,/Users/arjunsharma/Documents/SandiaProjects/4-LDRDAMDIS/DIMSWE-feature-study-20260828/m1y_test2b_20260828_workspace/external-results/m1y-test2b-20260828/production/representation-B/m1y-seed0-m20-10k/checkpoint_000010000_parameters.npz,Y,HELD-OUT TRUTH SUPPORT,81,160,POST-HOC CHECKPOINT EVALUATION,R_activation,predicted_exact_negative_fraction,0.7315975189208984,POST-HOC FINAL CHECKPOINT EVALUATION,true
t2b-b-m1y,Test 2B,B,M1-Y,M1-Y,10000,1adbd173137cbf10928ee4b25865258fc97f74b3c2c4c0a09cfd8629020566ab,3a829ffff2c2ee96946c197e18a7bd7d7495c255212c61bec1b3d24d788a71ee,/Users/arjunsharma/Documents/SandiaProjects/4-LDRDAMDIS/DIMSWE-feature-study-20260828/m1y_test2b_20260828_workspace/external-results/m1y-test2b-20260828/production/representation-B/m1y-seed0-m20-10k/checkpoint_000010000_parameters.npz,Y,HELD-OUT TRUTH SUPPORT,81,160,POST-HOC CHECKPOINT EVALUATION,R_activation,false_positive_count,1021390,POST-HOC FINAL CHECKPOINT EVALUATION,true
t2b-b-m1y,Test 2B,B,M1-Y,M1-Y,10000,1adbd173137cbf10928ee4b25865258fc97f74b3c2c4c0a09cfd8629020566ab,3a829ffff2c2ee96946c197e18a7bd7d7495c255212c61bec1b3d24d788a71ee,/Users/arjunsharma/Documents/SandiaProjects/4-LDRDAMDIS/DIMSWE-feature-study-20260828/m1y_test2b_20260828_workspace/external-results/m1y-test2b-20260828/production/representation-B/m1y-seed0-m20-10k/checkpoint_000010000_parameters.npz,Y,HELD-OUT TRUTH SUPPORT,81,160,POST-HOC CHECKPOINT EVALUATION,R_activation,false_positive_fraction_all_samples,0.19481468200683594,POST-HOC FINAL CHECKPOINT EVALUATION,true
t2b-b-m1y,Test 2B,B,M1-Y,M1-Y,10000,1adbd173137cbf10928ee4b25865258fc97f74b3c2c4c0a09cfd8629020566ab,3a829ffff2c2ee96946c197e18a7bd7d7495c255212c61bec1b3d24d788a71ee,/Users/arjunsharma/Documents/SandiaProjects/4-LDRDAMDIS/DIMSWE-feature-study-20260828/m1y_test2b_20260828_workspace/external-results/m1y-test2b-20260828/production/representation-B/m1y-seed0-m20-10k/checkpoint_000010000_parameters.npz,Y,HELD-OUT TRUTH SUPPORT,81,160,POST-HOC CHECKPOINT EVALUATION,R_activation,false_positive_rate_given_truth_inactive,0.21028941740160936,POST-HOC FINAL CHECKPOINT EVALUATION,true
t2b-b-m1y,Test 2B,B,M1-Y,M1-Y,10000,1adbd173137cbf10928ee4b25865258fc97f74b3c2c4c0a09cfd8629020566ab,3a829ffff2c2ee96946c197e18a7bd7d7495c255212c61bec1b3d24d788a71ee,/Users/arjunsharma/Documents/SandiaProjects/4-LDRDAMDIS/DIMSWE-feature-study-20260828/m1y_test2b_20260828_workspace/external-results/m1y-test2b-20260828/production/representation-B/m1y-seed0-m20-10k/checkpoint_000010000_parameters.npz,Y,HELD-OUT TRUTH SUPPORT,81,160,POST-HOC CHECKPOINT EVALUATION,R_activation,false_negative_count,0,POST-HOC FINAL CHECKPOINT EVALUATION,true
t2b-b-m1y,Test 2B,B,M1-Y,M1-Y,10000,1adbd173137cbf10928ee4b25865258fc97f74b3c2c4c0a09cfd8629020566ab,3a829ffff2c2ee96946c197e18a7bd7d7495c255212c61bec1b3d24d788a71ee,/Users/arjunsharma/Documents/SandiaProjects/4-LDRDAMDIS/DIMSWE-feature-study-20260828/m1y_test2b_20260828_workspace/external-results/m1y-test2b-20260828/production/representation-B/m1y-seed0-m20-10k/checkpoint_000010000_parameters.npz,Y,HELD-OUT TRUTH SUPPORT,81,160,POST-HOC CHECKPOINT EVALUATION,R_activation,false_negative_fraction_all_samples,0.0,POST-HOC FINAL CHECKPOINT EVALUATION,true
t2b-b-m1y,Test 2B,B,M1-Y,M1-Y,10000,1adbd173137cbf10928ee4b25865258fc97f74b3c2c4c0a09cfd8629020566ab,3a829ffff2c2ee96946c197e18a7bd7d7495c255212c61bec1b3d24d788a71ee,/Users/arjunsharma/Documents/SandiaProjects/4-LDRDAMDIS/DIMSWE-feature-study-20260828/m1y_test2b_20260828_workspace/external-results/m1y-test2b-20260828/production/representation-B/m1y-seed0-m20-10k/checkpoint_000010000_parameters.npz,Y,HELD-OUT TRUTH SUPPORT,81,160,POST-HOC CHECKPOINT EVALUATION,R_activation,false_negative_rate_given_truth_active,0.0,POST-HOC FINAL CHECKPOINT EVALUATION,true
t2b-b-m1y,Test 2B,B,M1-Y,M1-Y,10000,1adbd173137cbf10928ee4b25865258fc97f74b3c2c4c0a09cfd8629020566ab,3a829ffff2c2ee96946c197e18a7bd7d7495c255212c61bec1b3d24d788a71ee,/Users/arjunsharma/Documents/SandiaProjects/4-LDRDAMDIS/DIMSWE-feature-study-20260828/m1y_test2b_20260828_workspace/external-results/m1y-test2b-20260828/production/representation-B/m1y-seed0-m20-10k/checkpoint_000010000_parameters.npz,Y,HELD-OUT TRUTH SUPPORT,81,160,POST-HOC CHECKPOINT EVALUATION,R_activation,first_meaningful_positive_predicted_step,81,POST-HOC FINAL CHECKPOINT EVALUATION,true
t2b-b-m1y,Test 2B,B,M1-Y,M1-Y,10000,1adbd173137cbf10928ee4b25865258fc97f74b3c2c4c0a09cfd8629020566ab,3a829ffff2c2ee96946c197e18a7bd7d7495c255212c61bec1b3d24d788a71ee,/Users/arjunsharma/Documents/SandiaProjects/4-LDRDAMDIS/DIMSWE-feature-study-20260828/m1y_test2b_20260828_workspace/external-results/m1y-test2b-20260828/production/representation-B/m1y-seed0-m20-10k/checkpoint_000010000_parameters.npz,Y,HELD-OUT TRUTH SUPPORT,81,160,POST-HOC CHECKPOINT EVALUATION,R_activation,first_meaningful_positive_truth_step,81,POST-HOC FINAL CHECKPOINT EVALUATION,true
t2b-b-m1y,Test 2B,B,M1-Y,M1-Y,10000,1adbd173137cbf10928ee4b25865258fc97f74b3c2c4c0a09cfd8629020566ab,3a829ffff2c2ee96946c197e18a7bd7d7495c255212c61bec1b3d24d788a71ee,/Users/arjunsharma/Documents/SandiaProjects/4-LDRDAMDIS/DIMSWE-feature-study-20260828/m1y_test2b_20260828_workspace/external-results/m1y-test2b-20260828/production/representation-B/m1y-seed0-m20-10k/checkpoint_000010000_parameters.npz,Y,HELD-OUT TRUTH SUPPORT,81,160,POST-HOC CHECKPOINT EVALUATION,R_activation,maximum_predicted_R,5.380062737881906e-11,POST-HOC FINAL CHECKPOINT EVALUATION,true
t2b-b-m1y,Test 2B,B,M1-Y,M1-Y,10000,1adbd173137cbf10928ee4b25865258fc97f74b3c2c4c0a09cfd8629020566ab,3a829ffff2c2ee96946c197e18a7bd7d7495c255212c61bec1b3d24d788a71ee,/Users/arjunsharma/Documents/SandiaProjects/4-LDRDAMDIS/DIMSWE-feature-study-20260828/m1y_test2b_20260828_workspace/external-results/m1y-test2b-20260828/production/representation-B/m1y-seed0-m20-10k/checkpoint_000010000_parameters.npz,Y,HELD-OUT TRUTH SUPPORT,81,160,POST-HOC CHECKPOINT EVALUATION,R_activation,minimum_predicted_R,-5.097002259083933e-13,POST-HOC FINAL CHECKPOINT EVALUATION,true
t2b-b-m1y,Test 2B,B,M1-Y,M1-Y,10000,1adbd173137cbf10928ee4b25865258fc97f74b3c2c4c0a09cfd8629020566ab,3a829ffff2c2ee96946c197e18a7bd7d7495c255212c61bec1b3d24d788a71ee,/Users/arjunsharma/Documents/SandiaProjects/4-LDRDAMDIS/DIMSWE-feature-study-20260828/m1y_test2b_20260828_workspace/external-results/m1y-test2b-20260828/production/representation-B/m1y-seed0-m20-10k/checkpoint_000010000_parameters.npz,Y,HELD-OUT TRUTH SUPPORT,81,160,POST-HOC CHECKPOINT EVALUATION,R_activation,activity_numerical_tolerance,1.2119968976504772e-20,POST-HOC FINAL CHECKPOINT EVALUATION,true
t2b-b-m1y,Test 2B,B,M1-Y,M1-Y,10000,1adbd173137cbf10928ee4b25865258fc97f74b3c2c4c0a09cfd8629020566ab,3a829ffff2c2ee96946c197e18a7bd7d7495c255212c61bec1b3d24d788a71ee,/Users/arjunsharma/Documents/SandiaProjects/4-LDRDAMDIS/DIMSWE-feature-study-20260828/m1y_test2b_20260828_workspace/external-results/m1y-test2b-20260828/production/representation-B/m1y-seed0-m20-10k/checkpoint_000010000_parameters.npz,Y,HELD-OUT TRUTH SUPPORT,81,160,POST-HOC CHECKPOINT EVALUATION,R_activation,sample_count,5242880,POST-HOC FINAL CHECKPOINT EVALUATION,true
t2b-c-m1x,Test 2B,C,M1-X,M1-X,10000,8ad9c8017c9304827d8e9e73392c3a9503f7de05a38b86baf52f4351c35615e4,e13a7bd42f3f773d068a6cc0c1344a3a8db0caef74a269ce7980b0b50f91e3b0,/Users/arjunsharma/Documents/SandiaProjects/4-LDRDAMDIS/DIMSWE-study-d0eb615/external-results/test2b-rain-active-learning/production/representation-C/m1-seed0-m20-10k/checkpoint_000010000_parameters.npz,Y,HELD-OUT TRUTH SUPPORT,81,160,POST-HOC CHECKPOINT EVALUATION,operator,normalized_objective,0.039421868418171566,POST-HOC FINAL CHECKPOINT EVALUATION,false
t2b-c-m1x,Test 2B,C,M1-X,M1-X,10000,8ad9c8017c9304827d8e9e73392c3a9503f7de05a38b86baf52f4351c35615e4,e13a7bd42f3f773d068a6cc0c1344a3a8db0caef74a269ce7980b0b50f91e3b0,/Users/arjunsharma/Documents/SandiaProjects/4-LDRDAMDIS/DIMSWE-study-d0eb615/external-results/test2b-rain-active-learning/production/representation-C/m1-seed0-m20-10k/checkpoint_000010000_parameters.npz,Y,HELD-OUT TRUTH SUPPORT,81,160,POST-HOC CHECKPOINT EVALUATION,operator,numerator,7629536360959.073,POST-HOC FINAL CHECKPOINT EVALUATION,false
t2b-c-m1x,Test 2B,C,M1-X,M1-X,10000,8ad9c8017c9304827d8e9e73392c3a9503f7de05a38b86baf52f4351c35615e4,e13a7bd42f3f773d068a6cc0c1344a3a8db0caef74a269ce7980b0b50f91e3b0,/Users/arjunsharma/Documents/SandiaProjects/4-LDRDAMDIS/DIMSWE-study-d0eb615/external-results/test2b-rain-active-learning/production/representation-C/m1-seed0-m20-10k/checkpoint_000010000_parameters.npz,Y,HELD-OUT TRUTH SUPPORT,81,160,POST-HOC CHECKPOINT EVALUATION,operator,denominator,193535635602756.66,POST-HOC FINAL CHECKPOINT EVALUATION,false
t2b-c-m1x,Test 2B,C,M1-X,M1-X,10000,8ad9c8017c9304827d8e9e73392c3a9503f7de05a38b86baf52f4351c35615e4,e13a7bd42f3f773d068a6cc0c1344a3a8db0caef74a269ce7980b0b50f91e3b0,/Users/arjunsharma/Documents/SandiaProjects/4-LDRDAMDIS/DIMSWE-study-d0eb615/external-results/test2b-rain-active-learning/production/representation-C/m1-seed0-m20-10k/checkpoint_000010000_parameters.npz,Y,HELD-OUT TRUTH SUPPORT,81,160,POST-HOC CHECKPOINT EVALUATION,source_components.S,normalized_RMS_error,0.03247375057513597,POST-HOC FINAL CHECKPOINT EVALUATION,false
t2b-c-m1x,Test 2B,C,M1-X,M1-X,10000,8ad9c8017c9304827d8e9e73392c3a9503f7de05a38b86baf52f4351c35615e4,e13a7bd42f3f773d068a6cc0c1344a3a8db0caef74a269ce7980b0b50f91e3b0,/Users/arjunsharma/Documents/SandiaProjects/4-LDRDAMDIS/DIMSWE-study-d0eb615/external-results/test2b-rain-active-learning/production/representation-C/m1-seed0-m20-10k/checkpoint_000010000_parameters.npz,Y,HELD-OUT TRUTH SUPPORT,81,160,POST-HOC CHECKPOINT EVALUATION,source_components.S,relative_RMS_error,1.0728996250403589,POST-HOC FINAL CHECKPOINT EVALUATION,false
t2b-c-m1x,Test 2B,C,M1-X,M1-X,10000,8ad9c8017c9304827d8e9e73392c3a9503f7de05a38b86baf52f4351c35615e4,e13a7bd42f3f773d068a6cc0c1344a3a8db0caef74a269ce7980b0b50f91e3b0,/Users/arjunsharma/Documents/SandiaProjects/4-LDRDAMDIS/DIMSWE-study-d0eb615/external-results/test2b-rain-active-learning/production/representation-C/m1-seed0-m20-10k/checkpoint_000010000_parameters.npz,Y,HELD-OUT TRUTH SUPPORT,81,160,POST-HOC CHECKPOINT EVALUATION,source_components.S,physical_RMS_error,0.00021664790492444328,POST-HOC FINAL CHECKPOINT EVALUATION,false
t2b-c-m1x,Test 2B,C,M1-X,M1-X,10000,8ad9c8017c9304827d8e9e73392c3a9503f7de05a38b86baf52f4351c35615e4,e13a7bd42f3f773d068a6cc0c1344a3a8db0caef74a269ce7980b0b50f91e3b0,/Users/arjunsharma/Documents/SandiaProjects/4-LDRDAMDIS/DIMSWE-study-d0eb615/external-results/test2b-rain-active-learning/production/representation-C/m1-seed0-m20-10k/checkpoint_000010000_parameters.npz,Y,HELD-OUT TRUTH SUPPORT,81,160,POST-HOC CHECKPOINT EVALUATION,source_components.S,maximum_absolute_error,0.0069258468886208785,POST-HOC FINAL CHECKPOINT EVALUATION,false
t2b-c-m1x,Test 2B,C,M1-X,M1-X,10000,8ad9c8017c9304827d8e9e73392c3a9503f7de05a38b86baf52f4351c35615e4,e13a7bd42f3f773d068a6cc0c1344a3a8db0caef74a269ce7980b0b50f91e3b0,/Users/arjunsharma/Documents/SandiaProjects/4-LDRDAMDIS/DIMSWE-study-d0eb615/external-results/test2b-rain-active-learning/production/representation-C/m1-seed0-m20-10k/checkpoint_000010000_parameters.npz,Y,HELD-OUT TRUTH SUPPORT,81,160,POST-HOC CHECKPOINT EVALUATION,source_components.S,signed_mass_weighted_bias,2.890937961710009e-06,POST-HOC FINAL CHECKPOINT EVALUATION,false
t2b-c-m1x,Test 2B,C,M1-X,M1-X,10000,8ad9c8017c9304827d8e9e73392c3a9503f7de05a38b86baf52f4351c35615e4,e13a7bd42f3f773d068a6cc0c1344a3a8db0caef74a269ce7980b0b50f91e3b0,/Users/arjunsharma/Documents/SandiaProjects/4-LDRDAMDIS/DIMSWE-study-d0eb615/external-results/test2b-rain-active-learning/production/representation-C/m1-seed0-m20-10k/checkpoint_000010000_parameters.npz,Y,HELD-OUT TRUTH SUPPORT,81,160,POST-HOC CHECKPOINT EVALUATION,source_components.S,correlation,0.5183974675722125,POST-HOC FINAL CHECKPOINT EVALUATION,false
t2b-c-m1x,Test 2B,C,M1-X,M1-X,10000,8ad9c8017c9304827d8e9e73392c3a9503f7de05a38b86baf52f4351c35615e4,e13a7bd42f3f773d068a6cc0c1344a3a8db0caef74a269ce7980b0b50f91e3b0,/Users/arjunsharma/Documents/SandiaProjects/4-LDRDAMDIS/DIMSWE-study-d0eb615/external-results/test2b-rain-active-learning/production/representation-C/m1-seed0-m20-10k/checkpoint_000010000_parameters.npz,Y,HELD-OUT TRUTH SUPPORT,81,160,POST-HOC CHECKPOINT EVALUATION,source_components.S,cosine,0.5188054184195198,POST-HOC FINAL CHECKPOINT EVALUATION,false
t2b-c-m1x,Test 2B,C,M1-X,M1-X,10000,8ad9c8017c9304827d8e9e73392c3a9503f7de05a38b86baf52f4351c35615e4,e13a7bd42f3f773d068a6cc0c1344a3a8db0caef74a269ce7980b0b50f91e3b0,/Users/arjunsharma/Documents/SandiaProjects/4-LDRDAMDIS/DIMSWE-study-d0eb615/external-results/test2b-rain-active-learning/production/representation-C/m1-seed0-m20-10k/checkpoint_000010000_parameters.npz,Y,HELD-OUT TRUTH SUPPORT,81,160,POST-HOC CHECKPOINT EVALUATION,source_components.S,target_RMS,0.00020192746820681733,POST-HOC FINAL CHECKPOINT EVALUATION,false
t2b-c-m1x,Test 2B,C,M1-X,M1-X,10000,8ad9c8017c9304827d8e9e73392c3a9503f7de05a38b86baf52f4351c35615e4,e13a7bd42f3f773d068a6cc0c1344a3a8db0caef74a269ce7980b0b50f91e3b0,/Users/arjunsharma/Documents/SandiaProjects/4-LDRDAMDIS/DIMSWE-study-d0eb615/external-results/test2b-rain-active-learning/production/representation-C/m1-seed0-m20-10k/checkpoint_000010000_parameters.npz,Y,HELD-OUT TRUTH SUPPORT,81,160,POST-HOC CHECKPOINT EVALUATION,source_components.S,prediction_RMS,0.000235667492874621,POST-HOC FINAL CHECKPOINT EVALUATION,false
t2b-c-m1x,Test 2B,C,M1-X,M1-X,10000,8ad9c8017c9304827d8e9e73392c3a9503f7de05a38b86baf52f4351c35615e4,e13a7bd42f3f773d068a6cc0c1344a3a8db0caef74a269ce7980b0b50f91e3b0,/Users/arjunsharma/Documents/SandiaProjects/4-LDRDAMDIS/DIMSWE-study-d0eb615/external-results/test2b-rain-active-learning/production/representation-C/m1-seed0-m20-10k/checkpoint_000010000_parameters.npz,Y,HELD-OUT TRUTH SUPPORT,81,160,POST-HOC CHECKPOINT EVALUATION,source_components.S,sample_count,5242880,POST-HOC FINAL CHECKPOINT EVALUATION,false
t2b-c-m1x,Test 2B,C,M1-X,M1-X,10000,8ad9c8017c9304827d8e9e73392c3a9503f7de05a38b86baf52f4351c35615e4,e13a7bd42f3f773d068a6cc0c1344a3a8db0caef74a269ce7980b0b50f91e3b0,/Users/arjunsharma/Documents/SandiaProjects/4-LDRDAMDIS/DIMSWE-study-d0eb615/external-results/test2b-rain-active-learning/production/representation-C/m1-seed0-m20-10k/checkpoint_000010000_parameters.npz,Y,HELD-OUT TRUTH SUPPORT,81,160,POST-HOC CHECKPOINT EVALUATION,source_components.Qv,normalized_RMS_error,0.032853490150593065,POST-HOC FINAL CHECKPOINT EVALUATION,false
t2b-c-m1x,Test 2B,C,M1-X,M1-X,10000,8ad9c8017c9304827d8e9e73392c3a9503f7de05a38b86baf52f4351c35615e4,e13a7bd42f3f773d068a6cc0c1344a3a8db0caef74a269ce7980b0b50f91e3b0,/Users/arjunsharma/Documents/SandiaProjects/4-LDRDAMDIS/DIMSWE-study-d0eb615/external-results/test2b-rain-active-learning/production/representation-C/m1-seed0-m20-10k/checkpoint_000010000_parameters.npz,Y,HELD-OUT TRUTH SUPPORT,81,160,POST-HOC CHECKPOINT EVALUATION,source_components.Qv,relative_RMS_error,1.0854458336212938,POST-HOC FINAL CHECKPOINT EVALUATION,false
t2b-c-m1x,Test 2B,C,M1-X,M1-X,10000,8ad9c8017c9304827d8e9e73392c3a9503f7de05a38b86baf52f4351c35615e4,e13a7bd42f3f773d068a6cc0c1344a3a8db0caef74a269ce7980b0b50f91e3b0,/Users/arjunsharma/Documents/SandiaProjects/4-LDRDAMDIS/DIMSWE-study-d0eb615/external-results/test2b-rain-active-learning/production/representation-C/m1-seed0-m20-10k/checkpoint_000010000_parameters.npz,Y,HELD-OUT TRUTH SUPPORT,81,160,POST-HOC CHECKPOINT EVALUATION,source_components.Qv,physical_RMS_error,2.235139229410759e-06,POST-HOC FINAL CHECKPOINT EVALUATION,false
t2b-c-m1x,Test 2B,C,M1-X,M1-X,10000,8ad9c8017c9304827d8e9e73392c3a9503f7de05a38b86baf52f4351c35615e4,e13a7bd42f3f773d068a6cc0c1344a3a8db0caef74a269ce7980b0b50f91e3b0,/Users/arjunsharma/Documents/SandiaProjects/4-LDRDAMDIS/DIMSWE-study-d0eb615/external-results/test2b-rain-active-learning/production/representation-C/m1-seed0-m20-10k/checkpoint_000010000_parameters.npz,Y,HELD-OUT TRUTH SUPPORT,81,160,POST-HOC CHECKPOINT EVALUATION,source_components.Qv,maximum_absolute_error,6.971065128908935e-05,POST-HOC FINAL CHECKPOINT EVALUATION,false
t2b-c-m1x,Test 2B,C,M1-X,M1-X,10000,8ad9c8017c9304827d8e9e73392c3a9503f7de05a38b86baf52f4351c35615e4,e13a7bd42f3f773d068a6cc0c1344a3a8db0caef74a269ce7980b0b50f91e3b0,/Users/arjunsharma/Documents/SandiaProjects/4-LDRDAMDIS/DIMSWE-study-d0eb615/external-results/test2b-rain-active-learning/production/representation-C/m1-seed0-m20-10k/checkpoint_000010000_parameters.npz,Y,HELD-OUT TRUTH SUPPORT,81,160,POST-HOC CHECKPOINT EVALUATION,source_components.Qv,signed_mass_weighted_bias,-6.731927535288365e-09,POST-HOC FINAL CHECKPOINT EVALUATION,false
t2b-c-m1x,Test 2B,C,M1-X,M1-X,10000,8ad9c8017c9304827d8e9e73392c3a9503f7de05a38b86baf52f4351c35615e4,e13a7bd42f3f773d068a6cc0c1344a3a8db0caef74a269ce7980b0b50f91e3b0,/Users/arjunsharma/Documents/SandiaProjects/4-LDRDAMDIS/DIMSWE-study-d0eb615/external-results/test2b-rain-active-learning/production/representation-C/m1-seed0-m20-10k/checkpoint_000010000_parameters.npz,Y,HELD-OUT TRUTH SUPPORT,81,160,POST-HOC CHECKPOINT EVALUATION,source_components.Qv,correlation,0.5244002731735458,POST-HOC FINAL CHECKPOINT EVALUATION,false
t2b-c-m1x,Test 2B,C,M1-X,M1-X,10000,8ad9c8017c9304827d8e9e73392c3a9503f7de05a38b86baf52f4351c35615e4,e13a7bd42f3f773d068a6cc0c1344a3a8db0caef74a269ce7980b0b50f91e3b0,/Users/arjunsharma/Documents/SandiaProjects/4-LDRDAMDIS/DIMSWE-study-d0eb615/external-results/test2b-rain-active-learning/production/representation-C/m1-seed0-m20-10k/checkpoint_000010000_parameters.npz,Y,HELD-OUT TRUTH SUPPORT,81,160,POST-HOC CHECKPOINT EVALUATION,source_components.Qv,cosine,0.5251683055354809,POST-HOC FINAL CHECKPOINT EVALUATION,false
t2b-c-m1x,Test 2B,C,M1-X,M1-X,10000,8ad9c8017c9304827d8e9e73392c3a9503f7de05a38b86baf52f4351c35615e4,e13a7bd42f3f773d068a6cc0c1344a3a8db0caef74a269ce7980b0b50f91e3b0,/Users/arjunsharma/Documents/SandiaProjects/4-LDRDAMDIS/DIMSWE-study-d0eb615/external-results/test2b-rain-active-learning/production/representation-C/m1-seed0-m20-10k/checkpoint_000010000_parameters.npz,Y,HELD-OUT TRUTH SUPPORT,81,160,POST-HOC CHECKPOINT EVALUATION,source_components.Qv,target_RMS,2.0591900214438404e-06,POST-HOC FINAL CHECKPOINT EVALUATION,false
t2b-c-m1x,Test 2B,C,M1-X,M1-X,10000,8ad9c8017c9304827d8e9e73392c3a9503f7de05a38b86baf52f4351c35615e4,e13a7bd42f3f773d068a6cc0c1344a3a8db0caef74a269ce7980b0b50f91e3b0,/Users/arjunsharma/Documents/SandiaProjects/4-LDRDAMDIS/DIMSWE-study-d0eb615/external-results/test2b-rain-active-learning/production/representation-C/m1-seed0-m20-10k/checkpoint_000010000_parameters.npz,Y,HELD-OUT TRUTH SUPPORT,81,160,POST-HOC CHECKPOINT EVALUATION,source_components.Qv,prediction_RMS,2.4688851835227743e-06,POST-HOC FINAL CHECKPOINT EVALUATION,false
t2b-c-m1x,Test 2B,C,M1-X,M1-X,10000,8ad9c8017c9304827d8e9e73392c3a9503f7de05a38b86baf52f4351c35615e4,e13a7bd42f3f773d068a6cc0c1344a3a8db0caef74a269ce7980b0b50f91e3b0,/Users/arjunsharma/Documents/SandiaProjects/4-LDRDAMDIS/DIMSWE-study-d0eb615/external-results/test2b-rain-active-learning/production/representation-C/m1-seed0-m20-10k/checkpoint_000010000_parameters.npz,Y,HELD-OUT TRUTH SUPPORT,81,160,POST-HOC CHECKPOINT EVALUATION,source_components.Qv,sample_count,5242880,POST-HOC FINAL CHECKPOINT EVALUATION,false
t2b-c-m1x,Test 2B,C,M1-X,M1-X,10000,8ad9c8017c9304827d8e9e73392c3a9503f7de05a38b86baf52f4351c35615e4,e13a7bd42f3f773d068a6cc0c1344a3a8db0caef74a269ce7980b0b50f91e3b0,/Users/arjunsharma/Documents/SandiaProjects/4-LDRDAMDIS/DIMSWE-study-d0eb615/external-results/test2b-rain-active-learning/production/representation-C/m1-seed0-m20-10k/checkpoint_000010000_parameters.npz,Y,HELD-OUT TRUTH SUPPORT,81,160,POST-HOC CHECKPOINT EVALUATION,source_components.Qc,normalized_RMS_error,0.03703682079965112,POST-HOC FINAL CHECKPOINT EVALUATION,false
t2b-c-m1x,Test 2B,C,M1-X,M1-X,10000,8ad9c8017c9304827d8e9e73392c3a9503f7de05a38b86baf52f4351c35615e4,e13a7bd42f3f773d068a6cc0c1344a3a8db0caef74a269ce7980b0b50f91e3b0,/Users/arjunsharma/Documents/SandiaProjects/4-LDRDAMDIS/DIMSWE-study-d0eb615/external-results/test2b-rain-active-learning/production/representation-C/m1-seed0-m20-10k/checkpoint_000010000_parameters.npz,Y,HELD-OUT TRUTH SUPPORT,81,160,POST-HOC CHECKPOINT EVALUATION,source_components.Qc,relative_RMS_error,1.2236381253446986,POST-HOC FINAL CHECKPOINT EVALUATION,false
t2b-c-m1x,Test 2B,C,M1-X,M1-X,10000,8ad9c8017c9304827d8e9e73392c3a9503f7de05a38b86baf52f4351c35615e4,e13a7bd42f3f773d068a6cc0c1344a3a8db0caef74a269ce7980b0b50f91e3b0,/Users/arjunsharma/Documents/SandiaProjects/4-LDRDAMDIS/DIMSWE-study-d0eb615/external-results/test2b-rain-active-learning/production/representation-C/m1-seed0-m20-10k/checkpoint_000010000_parameters.npz,Y,HELD-OUT TRUTH SUPPORT,81,160,POST-HOC CHECKPOINT EVALUATION,source_components.Qc,physical_RMS_error,2.519746020388419e-06,POST-HOC FINAL CHECKPOINT EVALUATION,false
t2b-c-m1x,Test 2B,C,M1-X,M1-X,10000,8ad9c8017c9304827d8e9e73392c3a9503f7de05a38b86baf52f4351c35615e4,e13a7bd42f3f773d068a6cc0c1344a3a8db0caef74a269ce7980b0b50f91e3b0,/Users/arjunsharma/Documents/SandiaProjects/4-LDRDAMDIS/DIMSWE-study-d0eb615/external-results/test2b-rain-active-learning/production/representation-C/m1-seed0-m20-10k/checkpoint_000010000_parameters.npz,Y,HELD-OUT TRUTH SUPPORT,81,160,POST-HOC CHECKPOINT EVALUATION,source_components.Qc,maximum_absolute_error,7.481529731472638e-05,POST-HOC FINAL CHECKPOINT EVALUATION,false
t2b-c-m1x,Test 2B,C,M1-X,M1-X,10000,8ad9c8017c9304827d8e9e73392c3a9503f7de05a38b86baf52f4351c35615e4,e13a7bd42f3f773d068a6cc0c1344a3a8db0caef74a269ce7980b0b50f91e3b0,/Users/arjunsharma/Documents/SandiaProjects/4-LDRDAMDIS/DIMSWE-study-d0eb615/external-results/test2b-rain-active-learning/production/representation-C/m1-seed0-m20-10k/checkpoint_000010000_parameters.npz,Y,HELD-OUT TRUTH SUPPORT,81,160,POST-HOC CHECKPOINT EVALUATION,source_components.Qc,signed_mass_weighted_bias,3.9654168361721026e-08,POST-HOC FINAL CHECKPOINT EVALUATION,false
t2b-c-m1x,Test 2B,C,M1-X,M1-X,10000,8ad9c8017c9304827d8e9e73392c3a9503f7de05a38b86baf52f4351c35615e4,e13a7bd42f3f773d068a6cc0c1344a3a8db0caef74a269ce7980b0b50f91e3b0,/Users/arjunsharma/Documents/SandiaProjects/4-LDRDAMDIS/DIMSWE-study-d0eb615/external-results/test2b-rain-active-learning/production/representation-C/m1-seed0-m20-10k/checkpoint_000010000_parameters.npz,Y,HELD-OUT TRUTH SUPPORT,81,160,POST-HOC CHECKPOINT EVALUATION,source_components.Qc,correlation,0.4562874914234049,POST-HOC FINAL CHECKPOINT EVALUATION,false
t2b-c-m1x,Test 2B,C,M1-X,M1-X,10000,8ad9c8017c9304827d8e9e73392c3a9503f7de05a38b86baf52f4351c35615e4,e13a7bd42f3f773d068a6cc0c1344a3a8db0caef74a269ce7980b0b50f91e3b0,/Users/arjunsharma/Documents/SandiaProjects/4-LDRDAMDIS/DIMSWE-study-d0eb615/external-results/test2b-rain-active-learning/production/representation-C/m1-seed0-m20-10k/checkpoint_000010000_parameters.npz,Y,HELD-OUT TRUTH SUPPORT,81,160,POST-HOC CHECKPOINT EVALUATION,source_components.Qc,cosine,0.45735992172659923,POST-HOC FINAL CHECKPOINT EVALUATION,false
t2b-c-m1x,Test 2B,C,M1-X,M1-X,10000,8ad9c8017c9304827d8e9e73392c3a9503f7de05a38b86baf52f4351c35615e4,e13a7bd42f3f773d068a6cc0c1344a3a8db0caef74a269ce7980b0b50f91e3b0,/Users/arjunsharma/Documents/SandiaProjects/4-LDRDAMDIS/DIMSWE-study-d0eb615/external-results/test2b-rain-active-learning/production/representation-C/m1-seed0-m20-10k/checkpoint_000010000_parameters.npz,Y,HELD-OUT TRUTH SUPPORT,81,160,POST-HOC CHECKPOINT EVALUATION,source_components.Qc,target_RMS,2.0592248379631086e-06,POST-HOC FINAL CHECKPOINT EVALUATION,false
t2b-c-m1x,Test 2B,C,M1-X,M1-X,10000,8ad9c8017c9304827d8e9e73392c3a9503f7de05a38b86baf52f4351c35615e4,e13a7bd42f3f773d068a6cc0c1344a3a8db0caef74a269ce7980b0b50f91e3b0,/Users/arjunsharma/Documents/SandiaProjects/4-LDRDAMDIS/DIMSWE-study-d0eb615/external-results/test2b-rain-active-learning/production/representation-C/m1-seed0-m20-10k/checkpoint_000010000_parameters.npz,Y,HELD-OUT TRUTH SUPPORT,81,160,POST-HOC CHECKPOINT EVALUATION,source_components.Qc,prediction_RMS,2.672619821174613e-06,POST-HOC FINAL CHECKPOINT EVALUATION,false
t2b-c-m1x,Test 2B,C,M1-X,M1-X,10000,8ad9c8017c9304827d8e9e73392c3a9503f7de05a38b86baf52f4351c35615e4,e13a7bd42f3f773d068a6cc0c1344a3a8db0caef74a269ce7980b0b50f91e3b0,/Users/arjunsharma/Documents/SandiaProjects/4-LDRDAMDIS/DIMSWE-study-d0eb615/external-results/test2b-rain-active-learning/production/representation-C/m1-seed0-m20-10k/checkpoint_000010000_parameters.npz,Y,HELD-OUT TRUTH SUPPORT,81,160,POST-HOC CHECKPOINT EVALUATION,source_components.Qc,sample_count,5242880,POST-HOC FINAL CHECKPOINT EVALUATION,false
t2b-c-m1x,Test 2B,C,M1-X,M1-X,10000,8ad9c8017c9304827d8e9e73392c3a9503f7de05a38b86baf52f4351c35615e4,e13a7bd42f3f773d068a6cc0c1344a3a8db0caef74a269ce7980b0b50f91e3b0,/Users/arjunsharma/Documents/SandiaProjects/4-LDRDAMDIS/DIMSWE-study-d0eb615/external-results/test2b-rain-active-learning/production/representation-C/m1-seed0-m20-10k/checkpoint_000010000_parameters.npz,Y,HELD-OUT TRUTH SUPPORT,81,160,POST-HOC CHECKPOINT EVALUATION,source_components.Qr,normalized_RMS_error,0.01758254230885874,POST-HOC FINAL CHECKPOINT EVALUATION,false
t2b-c-m1x,Test 2B,C,M1-X,M1-X,10000,8ad9c8017c9304827d8e9e73392c3a9503f7de05a38b86baf52f4351c35615e4,e13a7bd42f3f773d068a6cc0c1344a3a8db0caef74a269ce7980b0b50f91e3b0,/Users/arjunsharma/Documents/SandiaProjects/4-LDRDAMDIS/DIMSWE-study-d0eb615/external-results/test2b-rain-active-learning/production/representation-C/m1-seed0-m20-10k/checkpoint_000010000_parameters.npz,Y,HELD-OUT TRUTH SUPPORT,81,160,POST-HOC CHECKPOINT EVALUATION,source_components.Qr,relative_RMS_error,0.05734199373330898,POST-HOC FINAL CHECKPOINT EVALUATION,false
t2b-c-m1x,Test 2B,C,M1-X,M1-X,10000,8ad9c8017c9304827d8e9e73392c3a9503f7de05a38b86baf52f4351c35615e4,e13a7bd42f3f773d068a6cc0c1344a3a8db0caef74a269ce7980b0b50f91e3b0,/Users/arjunsharma/Documents/SandiaProjects/4-LDRDAMDIS/DIMSWE-study-d0eb615/external-results/test2b-rain-active-learning/production/representation-C/m1-seed0-m20-10k/checkpoint_000010000_parameters.npz,Y,HELD-OUT TRUTH SUPPORT,81,160,POST-HOC CHECKPOINT EVALUATION,source_components.Qr,physical_RMS_error,2.650831674154608e-10,POST-HOC FINAL CHECKPOINT EVALUATION,false
t2b-c-m1x,Test 2B,C,M1-X,M1-X,10000,8ad9c8017c9304827d8e9e73392c3a9503f7de05a38b86baf52f4351c35615e4,e13a7bd42f3f773d068a6cc0c1344a3a8db0caef74a269ce7980b0b50f91e3b0,/Users/arjunsharma/Documents/SandiaProjects/4-LDRDAMDIS/DIMSWE-study-d0eb615/external-results/test2b-rain-active-learning/production/representation-C/m1-seed0-m20-10k/checkpoint_000010000_parameters.npz,Y,HELD-OUT TRUTH SUPPORT,81,160,POST-HOC CHECKPOINT EVALUATION,source_components.Qr,maximum_absolute_error,4.691386593099302e-09,POST-HOC FINAL CHECKPOINT EVALUATION,false
t2b-c-m1x,Test 2B,C,M1-X,M1-X,10000,8ad9c8017c9304827d8e9e73392c3a9503f7de05a38b86baf52f4351c35615e4,e13a7bd42f3f773d068a6cc0c1344a3a8db0caef74a269ce7980b0b50f91e3b0,/Users/arjunsharma/Documents/SandiaProjects/4-LDRDAMDIS/DIMSWE-study-d0eb615/external-results/test2b-rain-active-learning/production/representation-C/m1-seed0-m20-10k/checkpoint_000010000_parameters.npz,Y,HELD-OUT TRUTH SUPPORT,81,160,POST-HOC CHECKPOINT EVALUATION,source_components.Qr,signed_mass_weighted_bias,-1.361229100652272e-12,POST-HOC FINAL CHECKPOINT EVALUATION,false
t2b-c-m1x,Test 2B,C,M1-X,M1-X,10000,8ad9c8017c9304827d8e9e73392c3a9503f7de05a38b86baf52f4351c35615e4,e13a7bd42f3f773d068a6cc0c1344a3a8db0caef74a269ce7980b0b50f91e3b0,/Users/arjunsharma/Documents/SandiaProjects/4-LDRDAMDIS/DIMSWE-study-d0eb615/external-results/test2b-rain-active-learning/production/representation-C/m1-seed0-m20-10k/checkpoint_000010000_parameters.npz,Y,HELD-OUT TRUTH SUPPORT,81,160,POST-HOC CHECKPOINT EVALUATION,source_components.Qr,correlation,0.998321572780864,POST-HOC FINAL CHECKPOINT EVALUATION,false
t2b-c-m1x,Test 2B,C,M1-X,M1-X,10000,8ad9c8017c9304827d8e9e73392c3a9503f7de05a38b86baf52f4351c35615e4,e13a7bd42f3f773d068a6cc0c1344a3a8db0caef74a269ce7980b0b50f91e3b0,/Users/arjunsharma/Documents/SandiaProjects/4-LDRDAMDIS/DIMSWE-study-d0eb615/external-results/test2b-rain-active-learning/production/representation-C/m1-seed0-m20-10k/checkpoint_000010000_parameters.npz,Y,HELD-OUT TRUTH SUPPORT,81,160,POST-HOC CHECKPOINT EVALUATION,source_components.Qr,cosine,0.9984077860516601,POST-HOC FINAL CHECKPOINT EVALUATION,false
t2b-c-m1x,Test 2B,C,M1-X,M1-X,10000,8ad9c8017c9304827d8e9e73392c3a9503f7de05a38b86baf52f4351c35615e4,e13a7bd42f3f773d068a6cc0c1344a3a8db0caef74a269ce7980b0b50f91e3b0,/Users/arjunsharma/Documents/SandiaProjects/4-LDRDAMDIS/DIMSWE-study-d0eb615/external-results/test2b-rain-active-learning/production/representation-C/m1-seed0-m20-10k/checkpoint_000010000_parameters.npz,Y,HELD-OUT TRUTH SUPPORT,81,160,POST-HOC CHECKPOINT EVALUATION,source_components.Qr,target_RMS,4.622845320801578e-09,POST-HOC FINAL CHECKPOINT EVALUATION,false
t2b-c-m1x,Test 2B,C,M1-X,M1-X,10000,8ad9c8017c9304827d8e9e73392c3a9503f7de05a38b86baf52f4351c35615e4,e13a7bd42f3f773d068a6cc0c1344a3a8db0caef74a269ce7980b0b50f91e3b0,/Users/arjunsharma/Documents/SandiaProjects/4-LDRDAMDIS/DIMSWE-study-d0eb615/external-results/test2b-rain-active-learning/production/representation-C/m1-seed0-m20-10k/checkpoint_000010000_parameters.npz,Y,HELD-OUT TRUTH SUPPORT,81,160,POST-HOC CHECKPOINT EVALUATION,source_components.Qr,prediction_RMS,4.663127325443471e-09,POST-HOC FINAL CHECKPOINT EVALUATION,false
t2b-c-m1x,Test 2B,C,M1-X,M1-X,10000,8ad9c8017c9304827d8e9e73392c3a9503f7de05a38b86baf52f4351c35615e4,e13a7bd42f3f773d068a6cc0c1344a3a8db0caef74a269ce7980b0b50f91e3b0,/Users/arjunsharma/Documents/SandiaProjects/4-LDRDAMDIS/DIMSWE-study-d0eb615/external-results/test2b-rain-active-learning/production/representation-C/m1-seed0-m20-10k/checkpoint_000010000_parameters.npz,Y,HELD-OUT TRUTH SUPPORT,81,160,POST-HOC CHECKPOINT EVALUATION,source_components.Qr,sample_count,5242880,POST-HOC FINAL CHECKPOINT EVALUATION,false
t2b-c-m1x,Test 2B,C,M1-X,M1-X,10000,8ad9c8017c9304827d8e9e73392c3a9503f7de05a38b86baf52f4351c35615e4,e13a7bd42f3f773d068a6cc0c1344a3a8db0caef74a269ce7980b0b50f91e3b0,/Users/arjunsharma/Documents/SandiaProjects/4-LDRDAMDIS/DIMSWE-study-d0eb615/external-results/test2b-rain-active-learning/production/representation-C/m1-seed0-m20-10k/checkpoint_000010000_parameters.npz,Y,HELD-OUT TRUTH SUPPORT,81,160,POST-HOC CHECKPOINT EVALUATION,source_vector,normalized_vector_RMS_error,0.061763809633793944,POST-HOC FINAL CHECKPOINT EVALUATION,false
t2b-c-m1x,Test 2B,C,M1-X,M1-X,10000,8ad9c8017c9304827d8e9e73392c3a9503f7de05a38b86baf52f4351c35615e4,e13a7bd42f3f773d068a6cc0c1344a3a8db0caef74a269ce7980b0b50f91e3b0,/Users/arjunsharma/Documents/SandiaProjects/4-LDRDAMDIS/DIMSWE-study-d0eb615/external-results/test2b-rain-active-learning/production/representation-C/m1-seed0-m20-10k/checkpoint_000010000_parameters.npz,Y,HELD-OUT TRUTH SUPPORT,81,160,POST-HOC CHECKPOINT EVALUATION,source_vector,normalized_vector_relative_RMS_error,0.19854941052083627,POST-HOC FINAL CHECKPOINT EVALUATION,false
t2b-c-m1x,Test 2B,C,M1-X,M1-X,10000,8ad9c8017c9304827d8e9e73392c3a9503f7de05a38b86baf52f4351c35615e4,e13a7bd42f3f773d068a6cc0c1344a3a8db0caef74a269ce7980b0b50f91e3b0,/Users/arjunsharma/Documents/SandiaProjects/4-LDRDAMDIS/DIMSWE-study-d0eb615/external-results/test2b-rain-active-learning/production/representation-C/m1-seed0-m20-10k/checkpoint_000010000_parameters.npz,Y,HELD-OUT TRUTH SUPPORT,81,160,POST-HOC CHECKPOINT EVALUATION,source_vector,normalized_source_vector_cosine,0.980705114797785,POST-HOC FINAL CHECKPOINT EVALUATION,false
t2b-c-m1x,Test 2B,C,M1-X,M1-X,10000,8ad9c8017c9304827d8e9e73392c3a9503f7de05a38b86baf52f4351c35615e4,e13a7bd42f3f773d068a6cc0c1344a3a8db0caef74a269ce7980b0b50f91e3b0,/Users/arjunsharma/Documents/SandiaProjects/4-LDRDAMDIS/DIMSWE-study-d0eb615/external-results/test2b-rain-active-learning/production/representation-C/m1-seed0-m20-10k/checkpoint_000010000_parameters.npz,Y,HELD-OUT TRUTH SUPPORT,81,160,POST-HOC CHECKPOINT EVALUATION,effective_A,normalized_RMS_error,0.03578724395515954,POST-HOC FINAL CHECKPOINT EVALUATION,false
t2b-c-m1x,Test 2B,C,M1-X,M1-X,10000,8ad9c8017c9304827d8e9e73392c3a9503f7de05a38b86baf52f4351c35615e4,e13a7bd42f3f773d068a6cc0c1344a3a8db0caef74a269ce7980b0b50f91e3b0,/Users/arjunsharma/Documents/SandiaProjects/4-LDRDAMDIS/DIMSWE-study-d0eb615/external-results/test2b-rain-active-learning/production/representation-C/m1-seed0-m20-10k/checkpoint_000010000_parameters.npz,Y,HELD-OUT TRUTH SUPPORT,81,160,POST-HOC CHECKPOINT EVALUATION,effective_A,relative_RMS_error,1.1529602988608236,POST-HOC FINAL CHECKPOINT EVALUATION,false
t2b-c-m1x,Test 2B,C,M1-X,M1-X,10000,8ad9c8017c9304827d8e9e73392c3a9503f7de05a38b86baf52f4351c35615e4,e13a7bd42f3f773d068a6cc0c1344a3a8db0caef74a269ce7980b0b50f91e3b0,/Users/arjunsharma/Documents/SandiaProjects/4-LDRDAMDIS/DIMSWE-study-d0eb615/external-results/test2b-rain-active-learning/production/representation-C/m1-seed0-m20-10k/checkpoint_000010000_parameters.npz,Y,HELD-OUT TRUTH SUPPORT,81,160,POST-HOC CHECKPOINT EVALUATION,effective_A,physical_RMS_error,3.239553888620626e-09,POST-HOC FINAL CHECKPOINT EVALUATION,false
t2b-c-m1x,Test 2B,C,M1-X,M1-X,10000,8ad9c8017c9304827d8e9e73392c3a9503f7de05a38b86baf52f4351c35615e4,e13a7bd42f3f773d068a6cc0c1344a3a8db0caef74a269ce7980b0b50f91e3b0,/Users/arjunsharma/Documents/SandiaProjects/4-LDRDAMDIS/DIMSWE-study-d0eb615/external-results/test2b-rain-active-learning/production/representation-C/m1-seed0-m20-10k/checkpoint_000010000_parameters.npz,Y,HELD-OUT TRUTH SUPPORT,81,160,POST-HOC CHECKPOINT EVALUATION,effective_A,maximum_absolute_error,1.009495418084075e-07,POST-HOC FINAL CHECKPOINT EVALUATION,false
t2b-c-m1x,Test 2B,C,M1-X,M1-X,10000,8ad9c8017c9304827d8e9e73392c3a9503f7de05a38b86baf52f4351c35615e4,e13a7bd42f3f773d068a6cc0c1344a3a8db0caef74a269ce7980b0b50f91e3b0,/Users/arjunsharma/Documents/SandiaProjects/4-LDRDAMDIS/DIMSWE-study-d0eb615/external-results/test2b-rain-active-learning/production/representation-C/m1-seed0-m20-10k/checkpoint_000010000_parameters.npz,Y,HELD-OUT TRUTH SUPPORT,81,160,POST-HOC CHECKPOINT EVALUATION,effective_A,signed_mass_weighted_bias,-1.8060311756599186e-11,POST-HOC FINAL CHECKPOINT EVALUATION,false
t2b-c-m1x,Test 2B,C,M1-X,M1-X,10000,8ad9c8017c9304827d8e9e73392c3a9503f7de05a38b86baf52f4351c35615e4,e13a7bd42f3f773d068a6cc0c1344a3a8db0caef74a269ce7980b0b50f91e3b0,/Users/arjunsharma/Documents/SandiaProjects/4-LDRDAMDIS/DIMSWE-study-d0eb615/external-results/test2b-rain-active-learning/production/representation-C/m1-seed0-m20-10k/checkpoint_000010000_parameters.npz,Y,HELD-OUT TRUTH SUPPORT,81,160,POST-HOC CHECKPOINT EVALUATION,effective_A,correlation,0.4847081242856937,POST-HOC FINAL CHECKPOINT EVALUATION,false
t2b-c-m1x,Test 2B,C,M1-X,M1-X,10000,8ad9c8017c9304827d8e9e73392c3a9503f7de05a38b86baf52f4351c35615e4,e13a7bd42f3f773d068a6cc0c1344a3a8db0caef74a269ce7980b0b50f91e3b0,/Users/arjunsharma/Documents/SandiaProjects/4-LDRDAMDIS/DIMSWE-study-d0eb615/external-results/test2b-rain-active-learning/production/representation-C/m1-seed0-m20-10k/checkpoint_000010000_parameters.npz,Y,HELD-OUT TRUTH SUPPORT,81,160,POST-HOC CHECKPOINT EVALUATION,effective_A,cosine,0.48543834161095917,POST-HOC FINAL CHECKPOINT EVALUATION,false
t2b-c-m1x,Test 2B,C,M1-X,M1-X,10000,8ad9c8017c9304827d8e9e73392c3a9503f7de05a38b86baf52f4351c35615e4,e13a7bd42f3f773d068a6cc0c1344a3a8db0caef74a269ce7980b0b50f91e3b0,/Users/arjunsharma/Documents/SandiaProjects/4-LDRDAMDIS/DIMSWE-study-d0eb615/external-results/test2b-rain-active-learning/production/representation-C/m1-seed0-m20-10k/checkpoint_000010000_parameters.npz,Y,HELD-OUT TRUTH SUPPORT,81,160,POST-HOC CHECKPOINT EVALUATION,effective_A,target_RMS,2.8097705461510257e-09,POST-HOC FINAL CHECKPOINT EVALUATION,false
t2b-c-m1x,Test 2B,C,M1-X,M1-X,10000,8ad9c8017c9304827d8e9e73392c3a9503f7de05a38b86baf52f4351c35615e4,e13a7bd42f3f773d068a6cc0c1344a3a8db0caef74a269ce7980b0b50f91e3b0,/Users/arjunsharma/Documents/SandiaProjects/4-LDRDAMDIS/DIMSWE-study-d0eb615/external-results/test2b-rain-active-learning/production/representation-C/m1-seed0-m20-10k/checkpoint_000010000_parameters.npz,Y,HELD-OUT TRUTH SUPPORT,81,160,POST-HOC CHECKPOINT EVALUATION,effective_A,prediction_RMS,3.4759159033584716e-09,POST-HOC FINAL CHECKPOINT EVALUATION,false
t2b-c-m1x,Test 2B,C,M1-X,M1-X,10000,8ad9c8017c9304827d8e9e73392c3a9503f7de05a38b86baf52f4351c35615e4,e13a7bd42f3f773d068a6cc0c1344a3a8db0caef74a269ce7980b0b50f91e3b0,/Users/arjunsharma/Documents/SandiaProjects/4-LDRDAMDIS/DIMSWE-study-d0eb615/external-results/test2b-rain-active-learning/production/representation-C/m1-seed0-m20-10k/checkpoint_000010000_parameters.npz,Y,HELD-OUT TRUTH SUPPORT,81,160,POST-HOC CHECKPOINT EVALUATION,effective_A,sample_count,5242880,POST-HOC FINAL CHECKPOINT EVALUATION,false
t2b-c-m1x,Test 2B,C,M1-X,M1-X,10000,8ad9c8017c9304827d8e9e73392c3a9503f7de05a38b86baf52f4351c35615e4,e13a7bd42f3f773d068a6cc0c1344a3a8db0caef74a269ce7980b0b50f91e3b0,/Users/arjunsharma/Documents/SandiaProjects/4-LDRDAMDIS/DIMSWE-study-d0eb615/external-results/test2b-rain-active-learning/production/representation-C/m1-seed0-m20-10k/checkpoint_000010000_parameters.npz,Y,HELD-OUT TRUTH SUPPORT,81,160,POST-HOC CHECKPOINT EVALUATION,effective_R,normalized_RMS_error,0.017909795612980634,POST-HOC FINAL CHECKPOINT EVALUATION,false
t2b-c-m1x,Test 2B,C,M1-X,M1-X,10000,8ad9c8017c9304827d8e9e73392c3a9503f7de05a38b86baf52f4351c35615e4,e13a7bd42f3f773d068a6cc0c1344a3a8db0caef74a269ce7980b0b50f91e3b0,/Users/arjunsharma/Documents/SandiaProjects/4-LDRDAMDIS/DIMSWE-study-d0eb615/external-results/test2b-rain-active-learning/production/representation-C/m1-seed0-m20-10k/checkpoint_000010000_parameters.npz,Y,HELD-OUT TRUTH SUPPORT,81,160,POST-HOC CHECKPOINT EVALUATION,effective_R,relative_RMS_error,0.05887294051497662,POST-HOC FINAL CHECKPOINT EVALUATION,false
t2b-c-m1x,Test 2B,C,M1-X,M1-X,10000,8ad9c8017c9304827d8e9e73392c3a9503f7de05a38b86baf52f4351c35615e4,e13a7bd42f3f773d068a6cc0c1344a3a8db0caef74a269ce7980b0b50f91e3b0,/Users/arjunsharma/Documents/SandiaProjects/4-LDRDAMDIS/DIMSWE-study-d0eb615/external-results/test2b-rain-active-learning/production/representation-C/m1-seed0-m20-10k/checkpoint_000010000_parameters.npz,Y,HELD-OUT TRUTH SUPPORT,81,160,POST-HOC CHECKPOINT EVALUATION,effective_R,physical_RMS_error,3.5645635640600553e-13,POST-HOC FINAL CHECKPOINT EVALUATION,false
t2b-c-m1x,Test 2B,C,M1-X,M1-X,10000,8ad9c8017c9304827d8e9e73392c3a9503f7de05a38b86baf52f4351c35615e4,e13a7bd42f3f773d068a6cc0c1344a3a8db0caef74a269ce7980b0b50f91e3b0,/Users/arjunsharma/Documents/SandiaProjects/4-LDRDAMDIS/DIMSWE-study-d0eb615/external-results/test2b-rain-active-learning/production/representation-C/m1-seed0-m20-10k/checkpoint_000010000_parameters.npz,Y,HELD-OUT TRUTH SUPPORT,81,160,POST-HOC CHECKPOINT EVALUATION,effective_R,maximum_absolute_error,6.148349295065693e-12,POST-HOC FINAL CHECKPOINT EVALUATION,false
t2b-c-m1x,Test 2B,C,M1-X,M1-X,10000,8ad9c8017c9304827d8e9e73392c3a9503f7de05a38b86baf52f4351c35615e4,e13a7bd42f3f773d068a6cc0c1344a3a8db0caef74a269ce7980b0b50f91e3b0,/Users/arjunsharma/Documents/SandiaProjects/4-LDRDAMDIS/DIMSWE-study-d0eb615/external-results/test2b-rain-active-learning/production/representation-C/m1-seed0-m20-10k/checkpoint_000010000_parameters.npz,Y,HELD-OUT TRUTH SUPPORT,81,160,POST-HOC CHECKPOINT EVALUATION,effective_R,signed_mass_weighted_bias,-3.999644899835403e-15,POST-HOC FINAL CHECKPOINT EVALUATION,false
t2b-c-m1x,Test 2B,C,M1-X,M1-X,10000,8ad9c8017c9304827d8e9e73392c3a9503f7de05a38b86baf52f4351c35615e4,e13a7bd42f3f773d068a6cc0c1344a3a8db0caef74a269ce7980b0b50f91e3b0,/Users/arjunsharma/Documents/SandiaProjects/4-LDRDAMDIS/DIMSWE-study-d0eb615/external-results/test2b-rain-active-learning/production/representation-C/m1-seed0-m20-10k/checkpoint_000010000_parameters.npz,Y,HELD-OUT TRUTH SUPPORT,81,160,POST-HOC CHECKPOINT EVALUATION,effective_R,correlation,0.9982303202221251,POST-HOC FINAL CHECKPOINT EVALUATION,false
t2b-c-m1x,Test 2B,C,M1-X,M1-X,10000,8ad9c8017c9304827d8e9e73392c3a9503f7de05a38b86baf52f4351c35615e4,e13a7bd42f3f773d068a6cc0c1344a3a8db0caef74a269ce7980b0b50f91e3b0,/Users/arjunsharma/Documents/SandiaProjects/4-LDRDAMDIS/DIMSWE-study-d0eb615/external-results/test2b-rain-active-learning/production/representation-C/m1-seed0-m20-10k/checkpoint_000010000_parameters.npz,Y,HELD-OUT TRUTH SUPPORT,81,160,POST-HOC CHECKPOINT EVALUATION,effective_R,cosine,0.9983202395014281,POST-HOC FINAL CHECKPOINT EVALUATION,false
t2b-c-m1x,Test 2B,C,M1-X,M1-X,10000,8ad9c8017c9304827d8e9e73392c3a9503f7de05a38b86baf52f4351c35615e4,e13a7bd42f3f773d068a6cc0c1344a3a8db0caef74a269ce7980b0b50f91e3b0,/Users/arjunsharma/Documents/SandiaProjects/4-LDRDAMDIS/DIMSWE-study-d0eb615/external-results/test2b-rain-active-learning/production/representation-C/m1-seed0-m20-10k/checkpoint_000010000_parameters.npz,Y,HELD-OUT TRUTH SUPPORT,81,160,POST-HOC CHECKPOINT EVALUATION,effective_R,target_RMS,6.054672202339324e-12,POST-HOC FINAL CHECKPOINT EVALUATION,false
t2b-c-m1x,Test 2B,C,M1-X,M1-X,10000,8ad9c8017c9304827d8e9e73392c3a9503f7de05a38b86baf52f4351c35615e4,e13a7bd42f3f773d068a6cc0c1344a3a8db0caef74a269ce7980b0b50f91e3b0,/Users/arjunsharma/Documents/SandiaProjects/4-LDRDAMDIS/DIMSWE-study-d0eb615/external-results/test2b-rain-active-learning/production/representation-C/m1-seed0-m20-10k/checkpoint_000010000_parameters.npz,Y,HELD-OUT TRUTH SUPPORT,81,160,POST-HOC CHECKPOINT EVALUATION,effective_R,prediction_RMS,6.10780823590374e-12,POST-HOC FINAL CHECKPOINT EVALUATION,false
t2b-c-m1x,Test 2B,C,M1-X,M1-X,10000,8ad9c8017c9304827d8e9e73392c3a9503f7de05a38b86baf52f4351c35615e4,e13a7bd42f3f773d068a6cc0c1344a3a8db0caef74a269ce7980b0b50f91e3b0,/Users/arjunsharma/Documents/SandiaProjects/4-LDRDAMDIS/DIMSWE-study-d0eb615/external-results/test2b-rain-active-learning/production/representation-C/m1-seed0-m20-10k/checkpoint_000010000_parameters.npz,Y,HELD-OUT TRUTH SUPPORT,81,160,POST-HOC CHECKPOINT EVALUATION,effective_R,sample_count,5242880,POST-HOC FINAL CHECKPOINT EVALUATION,false
t2b-c-m1x,Test 2B,C,M1-X,M1-X,10000,8ad9c8017c9304827d8e9e73392c3a9503f7de05a38b86baf52f4351c35615e4,e13a7bd42f3f773d068a6cc0c1344a3a8db0caef74a269ce7980b0b50f91e3b0,/Users/arjunsharma/Documents/SandiaProjects/4-LDRDAMDIS/DIMSWE-study-d0eb615/external-results/test2b-rain-active-learning/production/representation-C/m1-seed0-m20-10k/checkpoint_000010000_parameters.npz,Y,HELD-OUT TRUTH SUPPORT,81,160,POST-HOC CHECKPOINT EVALUATION,source_structure,normalized_off_manifold_RMS,0.006299433823797882,POST-HOC FINAL CHECKPOINT EVALUATION,false
t2b-c-m1x,Test 2B,C,M1-X,M1-X,10000,8ad9c8017c9304827d8e9e73392c3a9503f7de05a38b86baf52f4351c35615e4,e13a7bd42f3f773d068a6cc0c1344a3a8db0caef74a269ce7980b0b50f91e3b0,/Users/arjunsharma/Documents/SandiaProjects/4-LDRDAMDIS/DIMSWE-study-d0eb615/external-results/test2b-rain-active-learning/production/representation-C/m1-seed0-m20-10k/checkpoint_000010000_parameters.npz,Y,HELD-OUT TRUTH SUPPORT,81,160,POST-HOC CHECKPOINT EVALUATION,source_structure,water_source_defect_RMS,4.754331442636854e-07,POST-HOC FINAL CHECKPOINT EVALUATION,false
t2b-c-m1x,Test 2B,C,M1-X,M1-X,10000,8ad9c8017c9304827d8e9e73392c3a9503f7de05a38b86baf52f4351c35615e4,e13a7bd42f3f773d068a6cc0c1344a3a8db0caef74a269ce7980b0b50f91e3b0,/Users/arjunsharma/Documents/SandiaProjects/4-LDRDAMDIS/DIMSWE-study-d0eb615/external-results/test2b-rain-active-learning/production/representation-C/m1-seed0-m20-10k/checkpoint_000010000_parameters.npz,Y,HELD-OUT TRUTH SUPPORT,81,160,POST-HOC CHECKPOINT EVALUATION,source_structure,S_minus_beta2_Qv_defect_RMS,2.801745105991505e-05,POST-HOC FINAL CHECKPOINT EVALUATION,false
t2b-c-m1x,Test 2B,C,M1-X,M1-X,10000,8ad9c8017c9304827d8e9e73392c3a9503f7de05a38b86baf52f4351c35615e4,e13a7bd42f3f773d068a6cc0c1344a3a8db0caef74a269ce7980b0b50f91e3b0,/Users/arjunsharma/Documents/SandiaProjects/4-LDRDAMDIS/DIMSWE-study-d0eb615/external-results/test2b-rain-active-learning/production/representation-C/m1-seed0-m20-10k/checkpoint_000010000_parameters.npz,Y,HELD-OUT TRUTH SUPPORT,81,160,POST-HOC CHECKPOINT EVALUATION,source_structure,negative_Qr_source_fraction,0.49268646240234376,POST-HOC FINAL CHECKPOINT EVALUATION,false
t2b-c-m1x,Test 2B,C,M1-X,M1-X,10000,8ad9c8017c9304827d8e9e73392c3a9503f7de05a38b86baf52f4351c35615e4,e13a7bd42f3f773d068a6cc0c1344a3a8db0caef74a269ce7980b0b50f91e3b0,/Users/arjunsharma/Documents/SandiaProjects/4-LDRDAMDIS/DIMSWE-study-d0eb615/external-results/test2b-rain-active-learning/production/representation-C/m1-seed0-m20-10k/checkpoint_000010000_parameters.npz,Y,HELD-OUT TRUTH SUPPORT,81,160,POST-HOC CHECKPOINT EVALUATION,source_structure,positive_Qr_source_fraction,0.5073135375976563,POST-HOC FINAL CHECKPOINT EVALUATION,false
t2b-c-m1x,Test 2B,C,M1-X,M1-X,10000,8ad9c8017c9304827d8e9e73392c3a9503f7de05a38b86baf52f4351c35615e4,e13a7bd42f3f773d068a6cc0c1344a3a8db0caef74a269ce7980b0b50f91e3b0,/Users/arjunsharma/Documents/SandiaProjects/4-LDRDAMDIS/DIMSWE-study-d0eb615/external-results/test2b-rain-active-learning/production/representation-C/m1-seed0-m20-10k/checkpoint_000010000_parameters.npz,Y,HELD-OUT TRUTH SUPPORT,81,160,POST-HOC CHECKPOINT EVALUATION,effective_R_activation,truth_active_sample_count,385812,POST-HOC FINAL CHECKPOINT EVALUATION,false
t2b-c-m1x,Test 2B,C,M1-X,M1-X,10000,8ad9c8017c9304827d8e9e73392c3a9503f7de05a38b86baf52f4351c35615e4,e13a7bd42f3f773d068a6cc0c1344a3a8db0caef74a269ce7980b0b50f91e3b0,/Users/arjunsharma/Documents/SandiaProjects/4-LDRDAMDIS/DIMSWE-study-d0eb615/external-results/test2b-rain-active-learning/production/representation-C/m1-seed0-m20-10k/checkpoint_000010000_parameters.npz,Y,HELD-OUT TRUTH SUPPORT,81,160,POST-HOC CHECKPOINT EVALUATION,effective_R_activation,truth_active_sample_fraction,0.07358779907226562,POST-HOC FINAL CHECKPOINT EVALUATION,false
t2b-c-m1x,Test 2B,C,M1-X,M1-X,10000,8ad9c8017c9304827d8e9e73392c3a9503f7de05a38b86baf52f4351c35615e4,e13a7bd42f3f773d068a6cc0c1344a3a8db0caef74a269ce7980b0b50f91e3b0,/Users/arjunsharma/Documents/SandiaProjects/4-LDRDAMDIS/DIMSWE-study-d0eb615/external-results/test2b-rain-active-learning/production/representation-C/m1-seed0-m20-10k/checkpoint_000010000_parameters.npz,Y,HELD-OUT TRUTH SUPPORT,81,160,POST-HOC CHECKPOINT EVALUATION,effective_R_activation,predicted_meaningful_positive_fraction,0.5073066711425781,POST-HOC FINAL CHECKPOINT EVALUATION,false
t2b-c-m1x,Test 2B,C,M1-X,M1-X,10000,8ad9c8017c9304827d8e9e73392c3a9503f7de05a38b86baf52f4351c35615e4,e13a7bd42f3f773d068a6cc0c1344a3a8db0caef74a269ce7980b0b50f91e3b0,/Users/arjunsharma/Documents/SandiaProjects/4-LDRDAMDIS/DIMSWE-study-d0eb615/external-results/test2b-rain-active-learning/production/representation-C/m1-seed0-m20-10k/checkpoint_000010000_parameters.npz,Y,HELD-OUT TRUTH SUPPORT,81,160,POST-HOC CHECKPOINT EVALUATION,effective_R_activation,predicted_meaningful_negative_fraction,0.4926929473876953,POST-HOC FINAL CHECKPOINT EVALUATION,false
t2b-c-m1x,Test 2B,C,M1-X,M1-X,10000,8ad9c8017c9304827d8e9e73392c3a9503f7de05a38b86baf52f4351c35615e4,e13a7bd42f3f773d068a6cc0c1344a3a8db0caef74a269ce7980b0b50f91e3b0,/Users/arjunsharma/Documents/SandiaProjects/4-LDRDAMDIS/DIMSWE-study-d0eb615/external-results/test2b-rain-active-learning/production/representation-C/m1-seed0-m20-10k/checkpoint_000010000_parameters.npz,Y,HELD-OUT TRUTH SUPPORT,81,160,POST-HOC CHECKPOINT EVALUATION,effective_R_activation,false_positive_count,2273936,POST-HOC FINAL CHECKPOINT EVALUATION,false
t2b-c-m1x,Test 2B,C,M1-X,M1-X,10000,8ad9c8017c9304827d8e9e73392c3a9503f7de05a38b86baf52f4351c35615e4,e13a7bd42f3f773d068a6cc0c1344a3a8db0caef74a269ce7980b0b50f91e3b0,/Users/arjunsharma/Documents/SandiaProjects/4-LDRDAMDIS/DIMSWE-study-d0eb615/external-results/test2b-rain-active-learning/production/representation-C/m1-seed0-m20-10k/checkpoint_000010000_parameters.npz,Y,HELD-OUT TRUTH SUPPORT,81,160,POST-HOC CHECKPOINT EVALUATION,effective_R_activation,false_positive_rate_given_truth_inactive,0.46817050945138095,POST-HOC FINAL CHECKPOINT EVALUATION,false
t2b-c-m1x,Test 2B,C,M1-X,M1-X,10000,8ad9c8017c9304827d8e9e73392c3a9503f7de05a38b86baf52f4351c35615e4,e13a7bd42f3f773d068a6cc0c1344a3a8db0caef74a269ce7980b0b50f91e3b0,/Users/arjunsharma/Documents/SandiaProjects/4-LDRDAMDIS/DIMSWE-study-d0eb615/external-results/test2b-rain-active-learning/production/representation-C/m1-seed0-m20-10k/checkpoint_000010000_parameters.npz,Y,HELD-OUT TRUTH SUPPORT,81,160,POST-HOC CHECKPOINT EVALUATION,effective_R_activation,false_negative_count,0,POST-HOC FINAL CHECKPOINT EVALUATION,false
t2b-c-m1x,Test 2B,C,M1-X,M1-X,10000,8ad9c8017c9304827d8e9e73392c3a9503f7de05a38b86baf52f4351c35615e4,e13a7bd42f3f773d068a6cc0c1344a3a8db0caef74a269ce7980b0b50f91e3b0,/Users/arjunsharma/Documents/SandiaProjects/4-LDRDAMDIS/DIMSWE-study-d0eb615/external-results/test2b-rain-active-learning/production/representation-C/m1-seed0-m20-10k/checkpoint_000010000_parameters.npz,Y,HELD-OUT TRUTH SUPPORT,81,160,POST-HOC CHECKPOINT EVALUATION,effective_R_activation,false_negative_rate_given_truth_active,0.0,POST-HOC FINAL CHECKPOINT EVALUATION,false
t2b-c-m1x,Test 2B,C,M1-X,M1-X,10000,8ad9c8017c9304827d8e9e73392c3a9503f7de05a38b86baf52f4351c35615e4,e13a7bd42f3f773d068a6cc0c1344a3a8db0caef74a269ce7980b0b50f91e3b0,/Users/arjunsharma/Documents/SandiaProjects/4-LDRDAMDIS/DIMSWE-study-d0eb615/external-results/test2b-rain-active-learning/production/representation-C/m1-seed0-m20-10k/checkpoint_000010000_parameters.npz,Y,HELD-OUT TRUTH SUPPORT,81,160,POST-HOC CHECKPOINT EVALUATION,effective_R_activation,first_meaningful_positive_predicted_step,81,POST-HOC FINAL CHECKPOINT EVALUATION,false
t2b-c-m1x,Test 2B,C,M1-X,M1-X,10000,8ad9c8017c9304827d8e9e73392c3a9503f7de05a38b86baf52f4351c35615e4,e13a7bd42f3f773d068a6cc0c1344a3a8db0caef74a269ce7980b0b50f91e3b0,/Users/arjunsharma/Documents/SandiaProjects/4-LDRDAMDIS/DIMSWE-study-d0eb615/external-results/test2b-rain-active-learning/production/representation-C/m1-seed0-m20-10k/checkpoint_000010000_parameters.npz,Y,HELD-OUT TRUTH SUPPORT,81,160,POST-HOC CHECKPOINT EVALUATION,effective_R_activation,first_meaningful_positive_truth_step,81,POST-HOC FINAL CHECKPOINT EVALUATION,false
t2b-c-m1x,Test 2B,C,M1-X,M1-X,10000,8ad9c8017c9304827d8e9e73392c3a9503f7de05a38b86baf52f4351c35615e4,e13a7bd42f3f773d068a6cc0c1344a3a8db0caef74a269ce7980b0b50f91e3b0,/Users/arjunsharma/Documents/SandiaProjects/4-LDRDAMDIS/DIMSWE-study-d0eb615/external-results/test2b-rain-active-learning/production/representation-C/m1-seed0-m20-10k/checkpoint_000010000_parameters.npz,Y,HELD-OUT TRUTH SUPPORT,81,160,POST-HOC CHECKPOINT EVALUATION,effective_R_activation,maximum_predicted_effective_R,4.564611196763734e-11,POST-HOC FINAL CHECKPOINT EVALUATION,false
t2b-c-m1x,Test 2B,C,M1-X,M1-X,10000,8ad9c8017c9304827d8e9e73392c3a9503f7de05a38b86baf52f4351c35615e4,e13a7bd42f3f773d068a6cc0c1344a3a8db0caef74a269ce7980b0b50f91e3b0,/Users/arjunsharma/Documents/SandiaProjects/4-LDRDAMDIS/DIMSWE-study-d0eb615/external-results/test2b-rain-active-learning/production/representation-C/m1-seed0-m20-10k/checkpoint_000010000_parameters.npz,Y,HELD-OUT TRUTH SUPPORT,81,160,POST-HOC CHECKPOINT EVALUATION,effective_R_activation,minimum_predicted_effective_R,-3.1583635721781427e-12,POST-HOC FINAL CHECKPOINT EVALUATION,false
t2b-c-m1x,Test 2B,C,M1-X,M1-X,10000,8ad9c8017c9304827d8e9e73392c3a9503f7de05a38b86baf52f4351c35615e4,e13a7bd42f3f773d068a6cc0c1344a3a8db0caef74a269ce7980b0b50f91e3b0,/Users/arjunsharma/Documents/SandiaProjects/4-LDRDAMDIS/DIMSWE-study-d0eb615/external-results/test2b-rain-active-learning/production/representation-C/m1-seed0-m20-10k/checkpoint_000010000_parameters.npz,Y,HELD-OUT TRUTH SUPPORT,81,160,POST-HOC CHECKPOINT EVALUATION,effective_R_activation,activity_numerical_tolerance,1.2119968976504772e-20,POST-HOC FINAL CHECKPOINT EVALUATION,false
t2b-c-m1x,Test 2B,C,M1-X,M1-X,10000,8ad9c8017c9304827d8e9e73392c3a9503f7de05a38b86baf52f4351c35615e4,e13a7bd42f3f773d068a6cc0c1344a3a8db0caef74a269ce7980b0b50f91e3b0,/Users/arjunsharma/Documents/SandiaProjects/4-LDRDAMDIS/DIMSWE-study-d0eb615/external-results/test2b-rain-active-learning/production/representation-C/m1-seed0-m20-10k/checkpoint_000010000_parameters.npz,Y,HELD-OUT TRUTH SUPPORT,81,160,POST-HOC CHECKPOINT EVALUATION,effective_R_activation,sample_count,5242880,POST-HOC FINAL CHECKPOINT EVALUATION,false
t2b-c-m1y,Test 2B,C,M1-Y,M1-Y,10000,c8da7ea375ced0f692210f97097e069f9d5757b6bead22b7a4a10d9a265d8a65,169eadab27a39916e37a875c27708873595f133cb4ea39e9f23eab14e86d49ee,/Users/arjunsharma/Documents/SandiaProjects/4-LDRDAMDIS/DIMSWE-feature-study-20260828/m1y_test2b_20260828_workspace/external-results/m1y-test2b-20260828/production/representation-C/m1y-seed0-m20-10k/checkpoint_000010000_parameters.npz,Y,HELD-OUT TRUTH SUPPORT,81,160,POST-HOC CHECKPOINT EVALUATION,operator,normalized_objective,0.07194794727130588,POST-HOC FINAL CHECKPOINT EVALUATION,true
t2b-c-m1y,Test 2B,C,M1-Y,M1-Y,10000,c8da7ea375ced0f692210f97097e069f9d5757b6bead22b7a4a10d9a265d8a65,169eadab27a39916e37a875c27708873595f133cb4ea39e9f23eab14e86d49ee,/Users/arjunsharma/Documents/SandiaProjects/4-LDRDAMDIS/DIMSWE-feature-study-20260828/m1y_test2b_20260828_workspace/external-results/m1y-test2b-20260828/production/representation-C/m1y-seed0-m20-10k/checkpoint_000010000_parameters.npz,Y,HELD-OUT TRUTH SUPPORT,81,160,POST-HOC CHECKPOINT EVALUATION,operator,numerator,13924491705465.805,POST-HOC FINAL CHECKPOINT EVALUATION,true
t2b-c-m1y,Test 2B,C,M1-Y,M1-Y,10000,c8da7ea375ced0f692210f97097e069f9d5757b6bead22b7a4a10d9a265d8a65,169eadab27a39916e37a875c27708873595f133cb4ea39e9f23eab14e86d49ee,/Users/arjunsharma/Documents/SandiaProjects/4-LDRDAMDIS/DIMSWE-feature-study-20260828/m1y_test2b_20260828_workspace/external-results/m1y-test2b-20260828/production/representation-C/m1y-seed0-m20-10k/checkpoint_000010000_parameters.npz,Y,HELD-OUT TRUTH SUPPORT,81,160,POST-HOC CHECKPOINT EVALUATION,operator,denominator,193535635602756.66,POST-HOC FINAL CHECKPOINT EVALUATION,true
t2b-c-m1y,Test 2B,C,M1-Y,M1-Y,10000,c8da7ea375ced0f692210f97097e069f9d5757b6bead22b7a4a10d9a265d8a65,169eadab27a39916e37a875c27708873595f133cb4ea39e9f23eab14e86d49ee,/Users/arjunsharma/Documents/SandiaProjects/4-LDRDAMDIS/DIMSWE-feature-study-20260828/m1y_test2b_20260828_workspace/external-results/m1y-test2b-20260828/production/representation-C/m1y-seed0-m20-10k/checkpoint_000010000_parameters.npz,Y,HELD-OUT TRUTH SUPPORT,81,160,POST-HOC CHECKPOINT EVALUATION,source_components.S,normalized_RMS_error,0.046519310957237985,POST-HOC FINAL CHECKPOINT EVALUATION,true
t2b-c-m1y,Test 2B,C,M1-Y,M1-Y,10000,c8da7ea375ced0f692210f97097e069f9d5757b6bead22b7a4a10d9a265d8a65,169eadab27a39916e37a875c27708873595f133cb4ea39e9f23eab14e86d49ee,/Users/arjunsharma/Documents/SandiaProjects/4-LDRDAMDIS/DIMSWE-feature-study-20260828/m1y_test2b_20260828_workspace/external-results/m1y-test2b-20260828/production/representation-C/m1y-seed0-m20-10k/checkpoint_000010000_parameters.npz,Y,HELD-OUT TRUTH SUPPORT,81,160,POST-HOC CHECKPOINT EVALUATION,source_components.S,relative_RMS_error,1.5369506262504609,POST-HOC FINAL CHECKPOINT EVALUATION,true
t2b-c-m1y,Test 2B,C,M1-Y,M1-Y,10000,c8da7ea375ced0f692210f97097e069f9d5757b6bead22b7a4a10d9a265d8a65,169eadab27a39916e37a875c27708873595f133cb4ea39e9f23eab14e86d49ee,/Users/arjunsharma/Documents/SandiaProjects/4-LDRDAMDIS/DIMSWE-feature-study-20260828/m1y_test2b_20260828_workspace/external-results/m1y-test2b-20260828/production/representation-C/m1y-seed0-m20-10k/checkpoint_000010000_parameters.npz,Y,HELD-OUT TRUTH SUPPORT,81,160,POST-HOC CHECKPOINT EVALUATION,source_components.S,physical_RMS_error,0.0003103525487176379,POST-HOC FINAL CHECKPOINT EVALUATION,true
t2b-c-m1y,Test 2B,C,M1-Y,M1-Y,10000,c8da7ea375ced0f692210f97097e069f9d5757b6bead22b7a4a10d9a265d8a65,169eadab27a39916e37a875c27708873595f133cb4ea39e9f23eab14e86d49ee,/Users/arjunsharma/Documents/SandiaProjects/4-LDRDAMDIS/DIMSWE-feature-study-20260828/m1y_test2b_20260828_workspace/external-results/m1y-test2b-20260828/production/representation-C/m1y-seed0-m20-10k/checkpoint_000010000_parameters.npz,Y,HELD-OUT TRUTH SUPPORT,81,160,POST-HOC CHECKPOINT EVALUATION,source_components.S,maximum_absolute_error,0.007800721135438239,POST-HOC FINAL CHECKPOINT EVALUATION,true
t2b-c-m1y,Test 2B,C,M1-Y,M1-Y,10000,c8da7ea375ced0f692210f97097e069f9d5757b6bead22b7a4a10d9a265d8a65,169eadab27a39916e37a875c27708873595f133cb4ea39e9f23eab14e86d49ee,/Users/arjunsharma/Documents/SandiaProjects/4-LDRDAMDIS/DIMSWE-feature-study-20260828/m1y_test2b_20260828_workspace/external-results/m1y-test2b-20260828/production/representation-C/m1y-seed0-m20-10k/checkpoint_000010000_parameters.npz,Y,HELD-OUT TRUTH SUPPORT,81,160,POST-HOC CHECKPOINT EVALUATION,source_components.S,signed_mass_weighted_bias,-4.48647277192443e-05,POST-HOC FINAL CHECKPOINT EVALUATION,true
t2b-c-m1y,Test 2B,C,M1-Y,M1-Y,10000,c8da7ea375ced0f692210f97097e069f9d5757b6bead22b7a4a10d9a265d8a65,169eadab27a39916e37a875c27708873595f133cb4ea39e9f23eab14e86d49ee,/Users/arjunsharma/Documents/SandiaProjects/4-LDRDAMDIS/DIMSWE-feature-study-20260828/m1y_test2b_20260828_workspace/external-results/m1y-test2b-20260828/production/representation-C/m1y-seed0-m20-10k/checkpoint_000010000_parameters.npz,Y,HELD-OUT TRUTH SUPPORT,81,160,POST-HOC CHECKPOINT EVALUATION,source_components.S,correlation,0.41997674620893377,POST-HOC FINAL CHECKPOINT EVALUATION,true
t2b-c-m1y,Test 2B,C,M1-Y,M1-Y,10000,c8da7ea375ced0f692210f97097e069f9d5757b6bead22b7a4a10d9a265d8a65,169eadab27a39916e37a875c27708873595f133cb4ea39e9f23eab14e86d49ee,/Users/arjunsharma/Documents/SandiaProjects/4-LDRDAMDIS/DIMSWE-feature-study-20260828/m1y_test2b_20260828_workspace/external-results/m1y-test2b-20260828/production/representation-C/m1y-seed0-m20-10k/checkpoint_000010000_parameters.npz,Y,HELD-OUT TRUTH SUPPORT,81,160,POST-HOC CHECKPOINT EVALUATION,source_components.S,cosine,0.4210148057076657,POST-HOC FINAL CHECKPOINT EVALUATION,true
t2b-c-m1y,Test 2B,C,M1-Y,M1-Y,10000,c8da7ea375ced0f692210f97097e069f9d5757b6bead22b7a4a10d9a265d8a65,169eadab27a39916e37a875c27708873595f133cb4ea39e9f23eab14e86d49ee,/Users/arjunsharma/Documents/SandiaProjects/4-LDRDAMDIS/DIMSWE-feature-study-20260828/m1y_test2b_20260828_workspace/external-results/m1y-test2b-20260828/production/representation-C/m1y-seed0-m20-10k/checkpoint_000010000_parameters.npz,Y,HELD-OUT TRUTH SUPPORT,81,160,POST-HOC CHECKPOINT EVALUATION,source_components.S,target_RMS,0.00020192746820681733,POST-HOC FINAL CHECKPOINT EVALUATION,true
t2b-c-m1y,Test 2B,C,M1-Y,M1-Y,10000,c8da7ea375ced0f692210f97097e069f9d5757b6bead22b7a4a10d9a265d8a65,169eadab27a39916e37a875c27708873595f133cb4ea39e9f23eab14e86d49ee,/Users/arjunsharma/Documents/SandiaProjects/4-LDRDAMDIS/DIMSWE-feature-study-20260828/m1y_test2b_20260828_workspace/external-results/m1y-test2b-20260828/production/representation-C/m1y-seed0-m20-10k/checkpoint_000010000_parameters.npz,Y,HELD-OUT TRUTH SUPPORT,81,160,POST-HOC CHECKPOINT EVALUATION,source_components.S,prediction_RMS,0.0003355567844151961,POST-HOC FINAL CHECKPOINT EVALUATION,true
t2b-c-m1y,Test 2B,C,M1-Y,M1-Y,10000,c8da7ea375ced0f692210f97097e069f9d5757b6bead22b7a4a10d9a265d8a65,169eadab27a39916e37a875c27708873595f133cb4ea39e9f23eab14e86d49ee,/Users/arjunsharma/Documents/SandiaProjects/4-LDRDAMDIS/DIMSWE-feature-study-20260828/m1y_test2b_20260828_workspace/external-results/m1y-test2b-20260828/production/representation-C/m1y-seed0-m20-10k/checkpoint_000010000_parameters.npz,Y,HELD-OUT TRUTH SUPPORT,81,160,POST-HOC CHECKPOINT EVALUATION,source_components.S,sample_count,5242880,POST-HOC FINAL CHECKPOINT EVALUATION,true
t2b-c-m1y,Test 2B,C,M1-Y,M1-Y,10000,c8da7ea375ced0f692210f97097e069f9d5757b6bead22b7a4a10d9a265d8a65,169eadab27a39916e37a875c27708873595f133cb4ea39e9f23eab14e86d49ee,/Users/arjunsharma/Documents/SandiaProjects/4-LDRDAMDIS/DIMSWE-feature-study-20260828/m1y_test2b_20260828_workspace/external-results/m1y-test2b-20260828/production/representation-C/m1y-seed0-m20-10k/checkpoint_000010000_parameters.npz,Y,HELD-OUT TRUTH SUPPORT,81,160,POST-HOC CHECKPOINT EVALUATION,source_components.Qv,normalized_RMS_error,0.045847595236092865,POST-HOC FINAL CHECKPOINT EVALUATION,true
t2b-c-m1y,Test 2B,C,M1-Y,M1-Y,10000,c8da7ea375ced0f692210f97097e069f9d5757b6bead22b7a4a10d9a265d8a65,169eadab27a39916e37a875c27708873595f133cb4ea39e9f23eab14e86d49ee,/Users/arjunsharma/Documents/SandiaProjects/4-LDRDAMDIS/DIMSWE-feature-study-20260828/m1y_test2b_20260828_workspace/external-results/m1y-test2b-20260828/production/representation-C/m1y-seed0-m20-10k/checkpoint_000010000_parameters.npz,Y,HELD-OUT TRUTH SUPPORT,81,160,POST-HOC CHECKPOINT EVALUATION,source_components.Qv,relative_RMS_error,1.5147578233685508,POST-HOC FINAL CHECKPOINT EVALUATION,true
t2b-c-m1y,Test 2B,C,M1-Y,M1-Y,10000,c8da7ea375ced0f692210f97097e069f9d5757b6bead22b7a4a10d9a265d8a65,169eadab27a39916e37a875c27708873595f133cb4ea39e9f23eab14e86d49ee,/Users/arjunsharma/Documents/SandiaProjects/4-LDRDAMDIS/DIMSWE-feature-study-20260828/m1y_test2b_20260828_workspace/external-results/m1y-test2b-20260828/production/representation-C/m1y-seed0-m20-10k/checkpoint_000010000_parameters.npz,Y,HELD-OUT TRUTH SUPPORT,81,160,POST-HOC CHECKPOINT EVALUATION,source_components.Qv,physical_RMS_error,3.1191741947845112e-06,POST-HOC FINAL CHECKPOINT EVALUATION,true
t2b-c-m1y,Test 2B,C,M1-Y,M1-Y,10000,c8da7ea375ced0f692210f97097e069f9d5757b6bead22b7a4a10d9a265d8a65,169eadab27a39916e37a875c27708873595f133cb4ea39e9f23eab14e86d49ee,/Users/arjunsharma/Documents/SandiaProjects/4-LDRDAMDIS/DIMSWE-feature-study-20260828/m1y_test2b_20260828_workspace/external-results/m1y-test2b-20260828/production/representation-C/m1y-seed0-m20-10k/checkpoint_000010000_parameters.npz,Y,HELD-OUT TRUTH SUPPORT,81,160,POST-HOC CHECKPOINT EVALUATION,source_components.Qv,maximum_absolute_error,7.905584954527292e-05,POST-HOC FINAL CHECKPOINT EVALUATION,true
t2b-c-m1y,Test 2B,C,M1-Y,M1-Y,10000,c8da7ea375ced0f692210f97097e069f9d5757b6bead22b7a4a10d9a265d8a65,169eadab27a39916e37a875c27708873595f133cb4ea39e9f23eab14e86d49ee,/Users/arjunsharma/Documents/SandiaProjects/4-LDRDAMDIS/DIMSWE-feature-study-20260828/m1y_test2b_20260828_workspace/external-results/m1y-test2b-20260828/production/representation-C/m1y-seed0-m20-10k/checkpoint_000010000_parameters.npz,Y,HELD-OUT TRUTH SUPPORT,81,160,POST-HOC CHECKPOINT EVALUATION,source_components.Qv,signed_mass_weighted_bias,-4.781740002104003e-07,POST-HOC FINAL CHECKPOINT EVALUATION,true
t2b-c-m1y,Test 2B,C,M1-Y,M1-Y,10000,c8da7ea375ced0f692210f97097e069f9d5757b6bead22b7a4a10d9a265d8a65,169eadab27a39916e37a875c27708873595f133cb4ea39e9f23eab14e86d49ee,/Users/arjunsharma/Documents/SandiaProjects/4-LDRDAMDIS/DIMSWE-feature-study-20260828/m1y_test2b_20260828_workspace/external-results/m1y-test2b-20260828/production/representation-C/m1y-seed0-m20-10k/checkpoint_000010000_parameters.npz,Y,HELD-OUT TRUTH SUPPORT,81,160,POST-HOC CHECKPOINT EVALUATION,source_components.Qv,correlation,0.43189439550002234,POST-HOC FINAL CHECKPOINT EVALUATION,true
t2b-c-m1y,Test 2B,C,M1-Y,M1-Y,10000,c8da7ea375ced0f692210f97097e069f9d5757b6bead22b7a4a10d9a265d8a65,169eadab27a39916e37a875c27708873595f133cb4ea39e9f23eab14e86d49ee,/Users/arjunsharma/Documents/SandiaProjects/4-LDRDAMDIS/DIMSWE-feature-study-20260828/m1y_test2b_20260828_workspace/external-results/m1y-test2b-20260828/production/representation-C/m1y-seed0-m20-10k/checkpoint_000010000_parameters.npz,Y,HELD-OUT TRUTH SUPPORT,81,160,POST-HOC CHECKPOINT EVALUATION,source_components.Qv,cosine,0.432561741842066,POST-HOC FINAL CHECKPOINT EVALUATION,true
t2b-c-m1y,Test 2B,C,M1-Y,M1-Y,10000,c8da7ea375ced0f692210f97097e069f9d5757b6bead22b7a4a10d9a265d8a65,169eadab27a39916e37a875c27708873595f133cb4ea39e9f23eab14e86d49ee,/Users/arjunsharma/Documents/SandiaProjects/4-LDRDAMDIS/DIMSWE-feature-study-20260828/m1y_test2b_20260828_workspace/external-results/m1y-test2b-20260828/production/representation-C/m1y-seed0-m20-10k/checkpoint_000010000_parameters.npz,Y,HELD-OUT TRUTH SUPPORT,81,160,POST-HOC CHECKPOINT EVALUATION,source_components.Qv,target_RMS,2.0591900214438404e-06,POST-HOC FINAL CHECKPOINT EVALUATION,true
t2b-c-m1y,Test 2B,C,M1-Y,M1-Y,10000,c8da7ea375ced0f692210f97097e069f9d5757b6bead22b7a4a10d9a265d8a65,169eadab27a39916e37a875c27708873595f133cb4ea39e9f23eab14e86d49ee,/Users/arjunsharma/Documents/SandiaProjects/4-LDRDAMDIS/DIMSWE-feature-study-20260828/m1y_test2b_20260828_workspace/external-results/m1y-test2b-20260828/production/representation-C/m1y-seed0-m20-10k/checkpoint_000010000_parameters.npz,Y,HELD-OUT TRUTH SUPPORT,81,160,POST-HOC CHECKPOINT EVALUATION,source_components.Qv,prediction_RMS,3.3971941342840224e-06,POST-HOC FINAL CHECKPOINT EVALUATION,true
t2b-c-m1y,Test 2B,C,M1-Y,M1-Y,10000,c8da7ea375ced0f692210f97097e069f9d5757b6bead22b7a4a10d9a265d8a65,169eadab27a39916e37a875c27708873595f133cb4ea39e9f23eab14e86d49ee,/Users/arjunsharma/Documents/SandiaProjects/4-LDRDAMDIS/DIMSWE-feature-study-20260828/m1y_test2b_20260828_workspace/external-results/m1y-test2b-20260828/production/representation-C/m1y-seed0-m20-10k/checkpoint_000010000_parameters.npz,Y,HELD-OUT TRUTH SUPPORT,81,160,POST-HOC CHECKPOINT EVALUATION,source_components.Qv,sample_count,5242880,POST-HOC FINAL CHECKPOINT EVALUATION,true
t2b-c-m1y,Test 2B,C,M1-Y,M1-Y,10000,c8da7ea375ced0f692210f97097e069f9d5757b6bead22b7a4a10d9a265d8a65,169eadab27a39916e37a875c27708873595f133cb4ea39e9f23eab14e86d49ee,/Users/arjunsharma/Documents/SandiaProjects/4-LDRDAMDIS/DIMSWE-feature-study-20260828/m1y_test2b_20260828_workspace/external-results/m1y-test2b-20260828/production/representation-C/m1y-seed0-m20-10k/checkpoint_000010000_parameters.npz,Y,HELD-OUT TRUTH SUPPORT,81,160,POST-HOC CHECKPOINT EVALUATION,source_components.Qc,normalized_RMS_error,0.04539795289692898,POST-HOC FINAL CHECKPOINT EVALUATION,true
t2b-c-m1y,Test 2B,C,M1-Y,M1-Y,10000,c8da7ea375ced0f692210f97097e069f9d5757b6bead22b7a4a10d9a265d8a65,169eadab27a39916e37a875c27708873595f133cb4ea39e9f23eab14e86d49ee,/Users/arjunsharma/Documents/SandiaProjects/4-LDRDAMDIS/DIMSWE-feature-study-20260828/m1y_test2b_20260828_workspace/external-results/m1y-test2b-20260828/production/representation-C/m1y-seed0-m20-10k/checkpoint_000010000_parameters.npz,Y,HELD-OUT TRUTH SUPPORT,81,160,POST-HOC CHECKPOINT EVALUATION,source_components.Qc,relative_RMS_error,1.4998767382811753,POST-HOC FINAL CHECKPOINT EVALUATION,true
t2b-c-m1y,Test 2B,C,M1-Y,M1-Y,10000,c8da7ea375ced0f692210f97097e069f9d5757b6bead22b7a4a10d9a265d8a65,169eadab27a39916e37a875c27708873595f133cb4ea39e9f23eab14e86d49ee,/Users/arjunsharma/Documents/SandiaProjects/4-LDRDAMDIS/DIMSWE-feature-study-20260828/m1y_test2b_20260828_workspace/external-results/m1y-test2b-20260828/production/representation-C/m1y-seed0-m20-10k/checkpoint_000010000_parameters.npz,Y,HELD-OUT TRUTH SUPPORT,81,160,POST-HOC CHECKPOINT EVALUATION,source_components.Qc,physical_RMS_error,3.088583433351689e-06,POST-HOC FINAL CHECKPOINT EVALUATION,true
t2b-c-m1y,Test 2B,C,M1-Y,M1-Y,10000,c8da7ea375ced0f692210f97097e069f9d5757b6bead22b7a4a10d9a265d8a65,169eadab27a39916e37a875c27708873595f133cb4ea39e9f23eab14e86d49ee,/Users/arjunsharma/Documents/SandiaProjects/4-LDRDAMDIS/DIMSWE-feature-study-20260828/m1y_test2b_20260828_workspace/external-results/m1y-test2b-20260828/production/representation-C/m1y-seed0-m20-10k/checkpoint_000010000_parameters.npz,Y,HELD-OUT TRUTH SUPPORT,81,160,POST-HOC CHECKPOINT EVALUATION,source_components.Qc,maximum_absolute_error,7.724168491289008e-05,POST-HOC FINAL CHECKPOINT EVALUATION,true
t2b-c-m1y,Test 2B,C,M1-Y,M1-Y,10000,c8da7ea375ced0f692210f97097e069f9d5757b6bead22b7a4a10d9a265d8a65,169eadab27a39916e37a875c27708873595f133cb4ea39e9f23eab14e86d49ee,/Users/arjunsharma/Documents/SandiaProjects/4-LDRDAMDIS/DIMSWE-feature-study-20260828/m1y_test2b_20260828_workspace/external-results/m1y-test2b-20260828/production/representation-C/m1y-seed0-m20-10k/checkpoint_000010000_parameters.npz,Y,HELD-OUT TRUTH SUPPORT,81,160,POST-HOC CHECKPOINT EVALUATION,source_components.Qc,signed_mass_weighted_bias,3.9246030372762846e-07,POST-HOC FINAL CHECKPOINT EVALUATION,true
t2b-c-m1y,Test 2B,C,M1-Y,M1-Y,10000,c8da7ea375ced0f692210f97097e069f9d5757b6bead22b7a4a10d9a265d8a65,169eadab27a39916e37a875c27708873595f133cb4ea39e9f23eab14e86d49ee,/Users/arjunsharma/Documents/SandiaProjects/4-LDRDAMDIS/DIMSWE-feature-study-20260828/m1y_test2b_20260828_workspace/external-results/m1y-test2b-20260828/production/representation-C/m1y-seed0-m20-10k/checkpoint_000010000_parameters.npz,Y,HELD-OUT TRUTH SUPPORT,81,160,POST-HOC CHECKPOINT EVALUATION,source_components.Qc,correlation,0.43397035531371475,POST-HOC FINAL CHECKPOINT EVALUATION,true
t2b-c-m1y,Test 2B,C,M1-Y,M1-Y,10000,c8da7ea375ced0f692210f97097e069f9d5757b6bead22b7a4a10d9a265d8a65,169eadab27a39916e37a875c27708873595f133cb4ea39e9f23eab14e86d49ee,/Users/arjunsharma/Documents/SandiaProjects/4-LDRDAMDIS/DIMSWE-feature-study-20260828/m1y_test2b_20260828_workspace/external-results/m1y-test2b-20260828/production/representation-C/m1y-seed0-m20-10k/checkpoint_000010000_parameters.npz,Y,HELD-OUT TRUTH SUPPORT,81,160,POST-HOC CHECKPOINT EVALUATION,source_components.Qc,cosine,0.43515415038608407,POST-HOC FINAL CHECKPOINT EVALUATION,true
t2b-c-m1y,Test 2B,C,M1-Y,M1-Y,10000,c8da7ea375ced0f692210f97097e069f9d5757b6bead22b7a4a10d9a265d8a65,169eadab27a39916e37a875c27708873595f133cb4ea39e9f23eab14e86d49ee,/Users/arjunsharma/Documents/SandiaProjects/4-LDRDAMDIS/DIMSWE-feature-study-20260828/m1y_test2b_20260828_workspace/external-results/m1y-test2b-20260828/production/representation-C/m1y-seed0-m20-10k/checkpoint_000010000_parameters.npz,Y,HELD-OUT TRUTH SUPPORT,81,160,POST-HOC CHECKPOINT EVALUATION,source_components.Qc,target_RMS,2.0592248379631086e-06,POST-HOC FINAL CHECKPOINT EVALUATION,true
t2b-c-m1y,Test 2B,C,M1-Y,M1-Y,10000,c8da7ea375ced0f692210f97097e069f9d5757b6bead22b7a4a10d9a265d8a65,169eadab27a39916e37a875c27708873595f133cb4ea39e9f23eab14e86d49ee,/Users/arjunsharma/Documents/SandiaProjects/4-LDRDAMDIS/DIMSWE-feature-study-20260828/m1y_test2b_20260828_workspace/external-results/m1y-test2b-20260828/production/representation-C/m1y-seed0-m20-10k/checkpoint_000010000_parameters.npz,Y,HELD-OUT TRUTH SUPPORT,81,160,POST-HOC CHECKPOINT EVALUATION,source_components.Qc,prediction_RMS,3.3662827525723977e-06,POST-HOC FINAL CHECKPOINT EVALUATION,true
t2b-c-m1y,Test 2B,C,M1-Y,M1-Y,10000,c8da7ea375ced0f692210f97097e069f9d5757b6bead22b7a4a10d9a265d8a65,169eadab27a39916e37a875c27708873595f133cb4ea39e9f23eab14e86d49ee,/Users/arjunsharma/Documents/SandiaProjects/4-LDRDAMDIS/DIMSWE-feature-study-20260828/m1y_test2b_20260828_workspace/external-results/m1y-test2b-20260828/production/representation-C/m1y-seed0-m20-10k/checkpoint_000010000_parameters.npz,Y,HELD-OUT TRUTH SUPPORT,81,160,POST-HOC CHECKPOINT EVALUATION,source_components.Qc,sample_count,5242880,POST-HOC FINAL CHECKPOINT EVALUATION,true
t2b-c-m1y,Test 2B,C,M1-Y,M1-Y,10000,c8da7ea375ced0f692210f97097e069f9d5757b6bead22b7a4a10d9a265d8a65,169eadab27a39916e37a875c27708873595f133cb4ea39e9f23eab14e86d49ee,/Users/arjunsharma/Documents/SandiaProjects/4-LDRDAMDIS/DIMSWE-feature-study-20260828/m1y_test2b_20260828_workspace/external-results/m1y-test2b-20260828/production/representation-C/m1y-seed0-m20-10k/checkpoint_000010000_parameters.npz,Y,HELD-OUT TRUTH SUPPORT,81,160,POST-HOC CHECKPOINT EVALUATION,source_components.Qr,normalized_RMS_error,0.025203639511632313,POST-HOC FINAL CHECKPOINT EVALUATION,true
t2b-c-m1y,Test 2B,C,M1-Y,M1-Y,10000,c8da7ea375ced0f692210f97097e069f9d5757b6bead22b7a4a10d9a265d8a65,169eadab27a39916e37a875c27708873595f133cb4ea39e9f23eab14e86d49ee,/Users/arjunsharma/Documents/SandiaProjects/4-LDRDAMDIS/DIMSWE-feature-study-20260828/m1y_test2b_20260828_workspace/external-results/m1y-test2b-20260828/production/representation-C/m1y-seed0-m20-10k/checkpoint_000010000_parameters.npz,Y,HELD-OUT TRUTH SUPPORT,81,160,POST-HOC CHECKPOINT EVALUATION,source_components.Qr,relative_RMS_error,0.08219669906350457,POST-HOC FINAL CHECKPOINT EVALUATION,true
t2b-c-m1y,Test 2B,C,M1-Y,M1-Y,10000,c8da7ea375ced0f692210f97097e069f9d5757b6bead22b7a4a10d9a265d8a65,169eadab27a39916e37a875c27708873595f133cb4ea39e9f23eab14e86d49ee,/Users/arjunsharma/Documents/SandiaProjects/4-LDRDAMDIS/DIMSWE-feature-study-20260828/m1y_test2b_20260828_workspace/external-results/m1y-test2b-20260828/production/representation-C/m1y-seed0-m20-10k/checkpoint_000010000_parameters.npz,Y,HELD-OUT TRUTH SUPPORT,81,160,POST-HOC CHECKPOINT EVALUATION,source_components.Qr,physical_RMS_error,3.7998262565105755e-10,POST-HOC FINAL CHECKPOINT EVALUATION,true
t2b-c-m1y,Test 2B,C,M1-Y,M1-Y,10000,c8da7ea375ced0f692210f97097e069f9d5757b6bead22b7a4a10d9a265d8a65,169eadab27a39916e37a875c27708873595f133cb4ea39e9f23eab14e86d49ee,/Users/arjunsharma/Documents/SandiaProjects/4-LDRDAMDIS/DIMSWE-feature-study-20260828/m1y_test2b_20260828_workspace/external-results/m1y-test2b-20260828/production/representation-C/m1y-seed0-m20-10k/checkpoint_000010000_parameters.npz,Y,HELD-OUT TRUTH SUPPORT,81,160,POST-HOC CHECKPOINT EVALUATION,source_components.Qr,maximum_absolute_error,9.600939586044684e-09,POST-HOC FINAL CHECKPOINT EVALUATION,true
t2b-c-m1y,Test 2B,C,M1-Y,M1-Y,10000,c8da7ea375ced0f692210f97097e069f9d5757b6bead22b7a4a10d9a265d8a65,169eadab27a39916e37a875c27708873595f133cb4ea39e9f23eab14e86d49ee,/Users/arjunsharma/Documents/SandiaProjects/4-LDRDAMDIS/DIMSWE-feature-study-20260828/m1y_test2b_20260828_workspace/external-results/m1y-test2b-20260828/production/representation-C/m1y-seed0-m20-10k/checkpoint_000010000_parameters.npz,Y,HELD-OUT TRUTH SUPPORT,81,160,POST-HOC CHECKPOINT EVALUATION,source_components.Qr,signed_mass_weighted_bias,-3.698785875674489e-11,POST-HOC FINAL CHECKPOINT EVALUATION,true
t2b-c-m1y,Test 2B,C,M1-Y,M1-Y,10000,c8da7ea375ced0f692210f97097e069f9d5757b6bead22b7a4a10d9a265d8a65,169eadab27a39916e37a875c27708873595f133cb4ea39e9f23eab14e86d49ee,/Users/arjunsharma/Documents/SandiaProjects/4-LDRDAMDIS/DIMSWE-feature-study-20260828/m1y_test2b_20260828_workspace/external-results/m1y-test2b-20260828/production/representation-C/m1y-seed0-m20-10k/checkpoint_000010000_parameters.npz,Y,HELD-OUT TRUTH SUPPORT,81,160,POST-HOC CHECKPOINT EVALUATION,source_components.Qr,correlation,0.9972734142210706,POST-HOC FINAL CHECKPOINT EVALUATION,true
t2b-c-m1y,Test 2B,C,M1-Y,M1-Y,10000,c8da7ea375ced0f692210f97097e069f9d5757b6bead22b7a4a10d9a265d8a65,169eadab27a39916e37a875c27708873595f133cb4ea39e9f23eab14e86d49ee,/Users/arjunsharma/Documents/SandiaProjects/4-LDRDAMDIS/DIMSWE-feature-study-20260828/m1y_test2b_20260828_workspace/external-results/m1y-test2b-20260828/production/representation-C/m1y-seed0-m20-10k/checkpoint_000010000_parameters.npz,Y,HELD-OUT TRUTH SUPPORT,81,160,POST-HOC CHECKPOINT EVALUATION,source_components.Qr,cosine,0.9974186525268166,POST-HOC FINAL CHECKPOINT EVALUATION,true
t2b-c-m1y,Test 2B,C,M1-Y,M1-Y,10000,c8da7ea375ced0f692210f97097e069f9d5757b6bead22b7a4a10d9a265d8a65,169eadab27a39916e37a875c27708873595f133cb4ea39e9f23eab14e86d49ee,/Users/arjunsharma/Documents/SandiaProjects/4-LDRDAMDIS/DIMSWE-feature-study-20260828/m1y_test2b_20260828_workspace/external-results/m1y-test2b-20260828/production/representation-C/m1y-seed0-m20-10k/checkpoint_000010000_parameters.npz,Y,HELD-OUT TRUTH SUPPORT,81,160,POST-HOC CHECKPOINT EVALUATION,source_components.Qr,target_RMS,4.622845320801578e-09,POST-HOC FINAL CHECKPOINT EVALUATION,true
t2b-c-m1y,Test 2B,C,M1-Y,M1-Y,10000,c8da7ea375ced0f692210f97097e069f9d5757b6bead22b7a4a10d9a265d8a65,169eadab27a39916e37a875c27708873595f133cb4ea39e9f23eab14e86d49ee,/Users/arjunsharma/Documents/SandiaProjects/4-LDRDAMDIS/DIMSWE-feature-study-20260828/m1y_test2b_20260828_workspace/external-results/m1y-test2b-20260828/production/representation-C/m1y-seed0-m20-10k/checkpoint_000010000_parameters.npz,Y,HELD-OUT TRUTH SUPPORT,81,160,POST-HOC CHECKPOINT EVALUATION,source_components.Qr,prediction_RMS,4.4259829822738964e-09,POST-HOC FINAL CHECKPOINT EVALUATION,true
t2b-c-m1y,Test 2B,C,M1-Y,M1-Y,10000,c8da7ea375ced0f692210f97097e069f9d5757b6bead22b7a4a10d9a265d8a65,169eadab27a39916e37a875c27708873595f133cb4ea39e9f23eab14e86d49ee,/Users/arjunsharma/Documents/SandiaProjects/4-LDRDAMDIS/DIMSWE-feature-study-20260828/m1y_test2b_20260828_workspace/external-results/m1y-test2b-20260828/production/representation-C/m1y-seed0-m20-10k/checkpoint_000010000_parameters.npz,Y,HELD-OUT TRUTH SUPPORT,81,160,POST-HOC CHECKPOINT EVALUATION,source_components.Qr,sample_count,5242880,POST-HOC FINAL CHECKPOINT EVALUATION,true
t2b-c-m1y,Test 2B,C,M1-Y,M1-Y,10000,c8da7ea375ced0f692210f97097e069f9d5757b6bead22b7a4a10d9a265d8a65,169eadab27a39916e37a875c27708873595f133cb4ea39e9f23eab14e86d49ee,/Users/arjunsharma/Documents/SandiaProjects/4-LDRDAMDIS/DIMSWE-feature-study-20260828/m1y_test2b_20260828_workspace/external-results/m1y-test2b-20260828/production/representation-C/m1y-seed0-m20-10k/checkpoint_000010000_parameters.npz,Y,HELD-OUT TRUTH SUPPORT,81,160,POST-HOC CHECKPOINT EVALUATION,source_vector,normalized_vector_RMS_error,0.08344007342238442,POST-HOC FINAL CHECKPOINT EVALUATION,true
t2b-c-m1y,Test 2B,C,M1-Y,M1-Y,10000,c8da7ea375ced0f692210f97097e069f9d5757b6bead22b7a4a10d9a265d8a65,169eadab27a39916e37a875c27708873595f133cb4ea39e9f23eab14e86d49ee,/Users/arjunsharma/Documents/SandiaProjects/4-LDRDAMDIS/DIMSWE-feature-study-20260828/m1y_test2b_20260828_workspace/external-results/m1y-test2b-20260828/production/representation-C/m1y-seed0-m20-10k/checkpoint_000010000_parameters.npz,Y,HELD-OUT TRUTH SUPPORT,81,160,POST-HOC CHECKPOINT EVALUATION,source_vector,normalized_vector_relative_RMS_error,0.2682311452298295,POST-HOC FINAL CHECKPOINT EVALUATION,true
t2b-c-m1y,Test 2B,C,M1-Y,M1-Y,10000,c8da7ea375ced0f692210f97097e069f9d5757b6bead22b7a4a10d9a265d8a65,169eadab27a39916e37a875c27708873595f133cb4ea39e9f23eab14e86d49ee,/Users/arjunsharma/Documents/SandiaProjects/4-LDRDAMDIS/DIMSWE-feature-study-20260828/m1y_test2b_20260828_workspace/external-results/m1y-test2b-20260828/production/representation-C/m1y-seed0-m20-10k/checkpoint_000010000_parameters.npz,Y,HELD-OUT TRUTH SUPPORT,81,160,POST-HOC CHECKPOINT EVALUATION,source_vector,normalized_source_vector_cosine,0.9635665920575122,POST-HOC FINAL CHECKPOINT EVALUATION,true
t2b-c-m1y,Test 2B,C,M1-Y,M1-Y,10000,c8da7ea375ced0f692210f97097e069f9d5757b6bead22b7a4a10d9a265d8a65,169eadab27a39916e37a875c27708873595f133cb4ea39e9f23eab14e86d49ee,/Users/arjunsharma/Documents/SandiaProjects/4-LDRDAMDIS/DIMSWE-feature-study-20260828/m1y_test2b_20260828_workspace/external-results/m1y-test2b-20260828/production/representation-C/m1y-seed0-m20-10k/checkpoint_000010000_parameters.npz,Y,HELD-OUT TRUTH SUPPORT,81,160,POST-HOC CHECKPOINT EVALUATION,effective_A,normalized_RMS_error,0.048761450490350466,POST-HOC FINAL CHECKPOINT EVALUATION,true
t2b-c-m1y,Test 2B,C,M1-Y,M1-Y,10000,c8da7ea375ced0f692210f97097e069f9d5757b6bead22b7a4a10d9a265d8a65,169eadab27a39916e37a875c27708873595f133cb4ea39e9f23eab14e86d49ee,/Users/arjunsharma/Documents/SandiaProjects/4-LDRDAMDIS/DIMSWE-feature-study-20260828/m1y_test2b_20260828_workspace/external-results/m1y-test2b-20260828/production/representation-C/m1y-seed0-m20-10k/checkpoint_000010000_parameters.npz,Y,HELD-OUT TRUTH SUPPORT,81,160,POST-HOC CHECKPOINT EVALUATION,effective_A,relative_RMS_error,1.570951275283559,POST-HOC FINAL CHECKPOINT EVALUATION,true
t2b-c-m1y,Test 2B,C,M1-Y,M1-Y,10000,c8da7ea375ced0f692210f97097e069f9d5757b6bead22b7a4a10d9a265d8a65,169eadab27a39916e37a875c27708873595f133cb4ea39e9f23eab14e86d49ee,/Users/arjunsharma/Documents/SandiaProjects/4-LDRDAMDIS/DIMSWE-feature-study-20260828/m1y_test2b_20260828_workspace/external-results/m1y-test2b-20260828/production/representation-C/m1y-seed0-m20-10k/checkpoint_000010000_parameters.npz,Y,HELD-OUT TRUTH SUPPORT,81,160,POST-HOC CHECKPOINT EVALUATION,effective_A,physical_RMS_error,4.414012622730136e-09,POST-HOC FINAL CHECKPOINT EVALUATION,true
t2b-c-m1y,Test 2B,C,M1-Y,M1-Y,10000,c8da7ea375ced0f692210f97097e069f9d5757b6bead22b7a4a10d9a265d8a65,169eadab27a39916e37a875c27708873595f133cb4ea39e9f23eab14e86d49ee,/Users/arjunsharma/Documents/SandiaProjects/4-LDRDAMDIS/DIMSWE-feature-study-20260828/m1y_test2b_20260828_workspace/external-results/m1y-test2b-20260828/production/representation-C/m1y-seed0-m20-10k/checkpoint_000010000_parameters.npz,Y,HELD-OUT TRUTH SUPPORT,81,160,POST-HOC CHECKPOINT EVALUATION,effective_A,maximum_absolute_error,1.1018071397222746e-07,POST-HOC FINAL CHECKPOINT EVALUATION,true
t2b-c-m1y,Test 2B,C,M1-Y,M1-Y,10000,c8da7ea375ced0f692210f97097e069f9d5757b6bead22b7a4a10d9a265d8a65,169eadab27a39916e37a875c27708873595f133cb4ea39e9f23eab14e86d49ee,/Users/arjunsharma/Documents/SandiaProjects/4-LDRDAMDIS/DIMSWE-feature-study-20260828/m1y_test2b_20260828_workspace/external-results/m1y-test2b-20260828/production/representation-C/m1y-seed0-m20-10k/checkpoint_000010000_parameters.npz,Y,HELD-OUT TRUTH SUPPORT,81,160,POST-HOC CHECKPOINT EVALUATION,effective_A,signed_mass_weighted_bias,-5.964673117942796e-10,POST-HOC FINAL CHECKPOINT EVALUATION,true
t2b-c-m1y,Test 2B,C,M1-Y,M1-Y,10000,c8da7ea375ced0f692210f97097e069f9d5757b6bead22b7a4a10d9a265d8a65,169eadab27a39916e37a875c27708873595f133cb4ea39e9f23eab14e86d49ee,/Users/arjunsharma/Documents/SandiaProjects/4-LDRDAMDIS/DIMSWE-feature-study-20260828/m1y_test2b_20260828_workspace/external-results/m1y-test2b-20260828/production/representation-C/m1y-seed0-m20-10k/checkpoint_000010000_parameters.npz,Y,HELD-OUT TRUTH SUPPORT,81,160,POST-HOC CHECKPOINT EVALUATION,effective_A,correlation,0.4058142151995244,POST-HOC FINAL CHECKPOINT EVALUATION,true
t2b-c-m1y,Test 2B,C,M1-Y,M1-Y,10000,c8da7ea375ced0f692210f97097e069f9d5757b6bead22b7a4a10d9a265d8a65,169eadab27a39916e37a875c27708873595f133cb4ea39e9f23eab14e86d49ee,/Users/arjunsharma/Documents/SandiaProjects/4-LDRDAMDIS/DIMSWE-feature-study-20260828/m1y_test2b_20260828_workspace/external-results/m1y-test2b-20260828/production/representation-C/m1y-seed0-m20-10k/checkpoint_000010000_parameters.npz,Y,HELD-OUT TRUTH SUPPORT,81,160,POST-HOC CHECKPOINT EVALUATION,effective_A,cosine,0.40676421881318103,POST-HOC FINAL CHECKPOINT EVALUATION,true
t2b-c-m1y,Test 2B,C,M1-Y,M1-Y,10000,c8da7ea375ced0f692210f97097e069f9d5757b6bead22b7a4a10d9a265d8a65,169eadab27a39916e37a875c27708873595f133cb4ea39e9f23eab14e86d49ee,/Users/arjunsharma/Documents/SandiaProjects/4-LDRDAMDIS/DIMSWE-feature-study-20260828/m1y_test2b_20260828_workspace/external-results/m1y-test2b-20260828/production/representation-C/m1y-seed0-m20-10k/checkpoint_000010000_parameters.npz,Y,HELD-OUT TRUTH SUPPORT,81,160,POST-HOC CHECKPOINT EVALUATION,effective_A,target_RMS,2.8097705461510257e-09,POST-HOC FINAL CHECKPOINT EVALUATION,true
t2b-c-m1y,Test 2B,C,M1-Y,M1-Y,10000,c8da7ea375ced0f692210f97097e069f9d5757b6bead22b7a4a10d9a265d8a65,169eadab27a39916e37a875c27708873595f133cb4ea39e9f23eab14e86d49ee,/Users/arjunsharma/Documents/SandiaProjects/4-LDRDAMDIS/DIMSWE-feature-study-20260828/m1y_test2b_20260828_workspace/external-results/m1y-test2b-20260828/production/representation-C/m1y-seed0-m20-10k/checkpoint_000010000_parameters.npz,Y,HELD-OUT TRUTH SUPPORT,81,160,POST-HOC CHECKPOINT EVALUATION,effective_A,prediction_RMS,4.73386797783883e-09,POST-HOC FINAL CHECKPOINT EVALUATION,true
t2b-c-m1y,Test 2B,C,M1-Y,M1-Y,10000,c8da7ea375ced0f692210f97097e069f9d5757b6bead22b7a4a10d9a265d8a65,169eadab27a39916e37a875c27708873595f133cb4ea39e9f23eab14e86d49ee,/Users/arjunsharma/Documents/SandiaProjects/4-LDRDAMDIS/DIMSWE-feature-study-20260828/m1y_test2b_20260828_workspace/external-results/m1y-test2b-20260828/production/representation-C/m1y-seed0-m20-10k/checkpoint_000010000_parameters.npz,Y,HELD-OUT TRUTH SUPPORT,81,160,POST-HOC CHECKPOINT EVALUATION,effective_A,sample_count,5242880,POST-HOC FINAL CHECKPOINT EVALUATION,true
t2b-c-m1y,Test 2B,C,M1-Y,M1-Y,10000,c8da7ea375ced0f692210f97097e069f9d5757b6bead22b7a4a10d9a265d8a65,169eadab27a39916e37a875c27708873595f133cb4ea39e9f23eab14e86d49ee,/Users/arjunsharma/Documents/SandiaProjects/4-LDRDAMDIS/DIMSWE-feature-study-20260828/m1y_test2b_20260828_workspace/external-results/m1y-test2b-20260828/production/representation-C/m1y-seed0-m20-10k/checkpoint_000010000_parameters.npz,Y,HELD-OUT TRUTH SUPPORT,81,160,POST-HOC CHECKPOINT EVALUATION,effective_R,normalized_RMS_error,0.02506752698916668,POST-HOC FINAL CHECKPOINT EVALUATION,true
t2b-c-m1y,Test 2B,C,M1-Y,M1-Y,10000,c8da7ea375ced0f692210f97097e069f9d5757b6bead22b7a4a10d9a265d8a65,169eadab27a39916e37a875c27708873595f133cb4ea39e9f23eab14e86d49ee,/Users/arjunsharma/Documents/SandiaProjects/4-LDRDAMDIS/DIMSWE-feature-study-20260828/m1y_test2b_20260828_workspace/external-results/m1y-test2b-20260828/production/representation-C/m1y-seed0-m20-10k/checkpoint_000010000_parameters.npz,Y,HELD-OUT TRUTH SUPPORT,81,160,POST-HOC CHECKPOINT EVALUATION,effective_R,relative_RMS_error,0.08240177929340264,POST-HOC FINAL CHECKPOINT EVALUATION,true
t2b-c-m1y,Test 2B,C,M1-Y,M1-Y,10000,c8da7ea375ced0f692210f97097e069f9d5757b6bead22b7a4a10d9a265d8a65,169eadab27a39916e37a875c27708873595f133cb4ea39e9f23eab14e86d49ee,/Users/arjunsharma/Documents/SandiaProjects/4-LDRDAMDIS/DIMSWE-feature-study-20260828/m1y_test2b_20260828_workspace/external-results/m1y-test2b-20260828/production/representation-C/m1y-seed0-m20-10k/checkpoint_000010000_parameters.npz,Y,HELD-OUT TRUTH SUPPORT,81,160,POST-HOC CHECKPOINT EVALUATION,effective_R,physical_RMS_error,4.989157625110651e-13,POST-HOC FINAL CHECKPOINT EVALUATION,true
t2b-c-m1y,Test 2B,C,M1-Y,M1-Y,10000,c8da7ea375ced0f692210f97097e069f9d5757b6bead22b7a4a10d9a265d8a65,169eadab27a39916e37a875c27708873595f133cb4ea39e9f23eab14e86d49ee,/Users/arjunsharma/Documents/SandiaProjects/4-LDRDAMDIS/DIMSWE-feature-study-20260828/m1y_test2b_20260828_workspace/external-results/m1y-test2b-20260828/production/representation-C/m1y-seed0-m20-10k/checkpoint_000010000_parameters.npz,Y,HELD-OUT TRUTH SUPPORT,81,160,POST-HOC CHECKPOINT EVALUATION,effective_R,maximum_absolute_error,1.2603497231813408e-11,POST-HOC FINAL CHECKPOINT EVALUATION,true
t2b-c-m1y,Test 2B,C,M1-Y,M1-Y,10000,c8da7ea375ced0f692210f97097e069f9d5757b6bead22b7a4a10d9a265d8a65,169eadab27a39916e37a875c27708873595f133cb4ea39e9f23eab14e86d49ee,/Users/arjunsharma/Documents/SandiaProjects/4-LDRDAMDIS/DIMSWE-feature-study-20260828/m1y_test2b_20260828_workspace/external-results/m1y-test2b-20260828/production/representation-C/m1y-seed0-m20-10k/checkpoint_000010000_parameters.npz,Y,HELD-OUT TRUTH SUPPORT,81,160,POST-HOC CHECKPOINT EVALUATION,effective_R,signed_mass_weighted_bias,-4.7212980360202215e-14,POST-HOC FINAL CHECKPOINT EVALUATION,true
t2b-c-m1y,Test 2B,C,M1-Y,M1-Y,10000,c8da7ea375ced0f692210f97097e069f9d5757b6bead22b7a4a10d9a265d8a65,169eadab27a39916e37a875c27708873595f133cb4ea39e9f23eab14e86d49ee,/Users/arjunsharma/Documents/SandiaProjects/4-LDRDAMDIS/DIMSWE-feature-study-20260828/m1y_test2b_20260828_workspace/external-results/m1y-test2b-20260828/production/representation-C/m1y-seed0-m20-10k/checkpoint_000010000_parameters.npz,Y,HELD-OUT TRUTH SUPPORT,81,160,POST-HOC CHECKPOINT EVALUATION,effective_R,correlation,0.9972532724820286,POST-HOC FINAL CHECKPOINT EVALUATION,true
t2b-c-m1y,Test 2B,C,M1-Y,M1-Y,10000,c8da7ea375ced0f692210f97097e069f9d5757b6bead22b7a4a10d9a265d8a65,169eadab27a39916e37a875c27708873595f133cb4ea39e9f23eab14e86d49ee,/Users/arjunsharma/Documents/SandiaProjects/4-LDRDAMDIS/DIMSWE-feature-study-20260828/m1y_test2b_20260828_workspace/external-results/m1y-test2b-20260828/production/representation-C/m1y-seed0-m20-10k/checkpoint_000010000_parameters.npz,Y,HELD-OUT TRUTH SUPPORT,81,160,POST-HOC CHECKPOINT EVALUATION,effective_R,cosine,0.9973993044238816,POST-HOC FINAL CHECKPOINT EVALUATION,true
t2b-c-m1y,Test 2B,C,M1-Y,M1-Y,10000,c8da7ea375ced0f692210f97097e069f9d5757b6bead22b7a4a10d9a265d8a65,169eadab27a39916e37a875c27708873595f133cb4ea39e9f23eab14e86d49ee,/Users/arjunsharma/Documents/SandiaProjects/4-LDRDAMDIS/DIMSWE-feature-study-20260828/m1y_test2b_20260828_workspace/external-results/m1y-test2b-20260828/production/representation-C/m1y-seed0-m20-10k/checkpoint_000010000_parameters.npz,Y,HELD-OUT TRUTH SUPPORT,81,160,POST-HOC CHECKPOINT EVALUATION,effective_R,target_RMS,6.054672202339324e-12,POST-HOC FINAL CHECKPOINT EVALUATION,true
t2b-c-m1y,Test 2B,C,M1-Y,M1-Y,10000,c8da7ea375ced0f692210f97097e069f9d5757b6bead22b7a4a10d9a265d8a65,169eadab27a39916e37a875c27708873595f133cb4ea39e9f23eab14e86d49ee,/Users/arjunsharma/Documents/SandiaProjects/4-LDRDAMDIS/DIMSWE-feature-study-20260828/m1y_test2b_20260828_workspace/external-results/m1y-test2b-20260828/production/representation-C/m1y-seed0-m20-10k/checkpoint_000010000_parameters.npz,Y,HELD-OUT TRUTH SUPPORT,81,160,POST-HOC CHECKPOINT EVALUATION,effective_R,prediction_RMS,5.79708540172292e-12,POST-HOC FINAL CHECKPOINT EVALUATION,true
t2b-c-m1y,Test 2B,C,M1-Y,M1-Y,10000,c8da7ea375ced0f692210f97097e069f9d5757b6bead22b7a4a10d9a265d8a65,169eadab27a39916e37a875c27708873595f133cb4ea39e9f23eab14e86d49ee,/Users/arjunsharma/Documents/SandiaProjects/4-LDRDAMDIS/DIMSWE-feature-study-20260828/m1y_test2b_20260828_workspace/external-results/m1y-test2b-20260828/production/representation-C/m1y-seed0-m20-10k/checkpoint_000010000_parameters.npz,Y,HELD-OUT TRUTH SUPPORT,81,160,POST-HOC CHECKPOINT EVALUATION,effective_R,sample_count,5242880,POST-HOC FINAL CHECKPOINT EVALUATION,true
t2b-c-m1y,Test 2B,C,M1-Y,M1-Y,10000,c8da7ea375ced0f692210f97097e069f9d5757b6bead22b7a4a10d9a265d8a65,169eadab27a39916e37a875c27708873595f133cb4ea39e9f23eab14e86d49ee,/Users/arjunsharma/Documents/SandiaProjects/4-LDRDAMDIS/DIMSWE-feature-study-20260828/m1y_test2b_20260828_workspace/external-results/m1y-test2b-20260828/production/representation-C/m1y-seed0-m20-10k/checkpoint_000010000_parameters.npz,Y,HELD-OUT TRUTH SUPPORT,81,160,POST-HOC CHECKPOINT EVALUATION,source_structure,normalized_off_manifold_RMS,0.0025373412858147116,POST-HOC FINAL CHECKPOINT EVALUATION,true
t2b-c-m1y,Test 2B,C,M1-Y,M1-Y,10000,c8da7ea375ced0f692210f97097e069f9d5757b6bead22b7a4a10d9a265d8a65,169eadab27a39916e37a875c27708873595f133cb4ea39e9f23eab14e86d49ee,/Users/arjunsharma/Documents/SandiaProjects/4-LDRDAMDIS/DIMSWE-feature-study-20260828/m1y_test2b_20260828_workspace/external-results/m1y-test2b-20260828/production/representation-C/m1y-seed0-m20-10k/checkpoint_000010000_parameters.npz,Y,HELD-OUT TRUTH SUPPORT,81,160,POST-HOC CHECKPOINT EVALUATION,source_structure,water_source_defect_RMS,2.127779756630032e-07,POST-HOC FINAL CHECKPOINT EVALUATION,true
t2b-c-m1y,Test 2B,C,M1-Y,M1-Y,10000,c8da7ea375ced0f692210f97097e069f9d5757b6bead22b7a4a10d9a265d8a65,169eadab27a39916e37a875c27708873595f133cb4ea39e9f23eab14e86d49ee,/Users/arjunsharma/Documents/SandiaProjects/4-LDRDAMDIS/DIMSWE-feature-study-20260828/m1y_test2b_20260828_workspace/external-results/m1y-test2b-20260828/production/representation-C/m1y-seed0-m20-10k/checkpoint_000010000_parameters.npz,Y,HELD-OUT TRUTH SUPPORT,81,160,POST-HOC CHECKPOINT EVALUATION,source_structure,S_minus_beta2_Qv_defect_RMS,1.2249904574847965e-05,POST-HOC FINAL CHECKPOINT EVALUATION,true
t2b-c-m1y,Test 2B,C,M1-Y,M1-Y,10000,c8da7ea375ced0f692210f97097e069f9d5757b6bead22b7a4a10d9a265d8a65,169eadab27a39916e37a875c27708873595f133cb4ea39e9f23eab14e86d49ee,/Users/arjunsharma/Documents/SandiaProjects/4-LDRDAMDIS/DIMSWE-feature-study-20260828/m1y_test2b_20260828_workspace/external-results/m1y-test2b-20260828/production/representation-C/m1y-seed0-m20-10k/checkpoint_000010000_parameters.npz,Y,HELD-OUT TRUTH SUPPORT,81,160,POST-HOC CHECKPOINT EVALUATION,source_structure,negative_Qr_source_fraction,0.1722431182861328,POST-HOC FINAL CHECKPOINT EVALUATION,true
t2b-c-m1y,Test 2B,C,M1-Y,M1-Y,10000,c8da7ea375ced0f692210f97097e069f9d5757b6bead22b7a4a10d9a265d8a65,169eadab27a39916e37a875c27708873595f133cb4ea39e9f23eab14e86d49ee,/Users/arjunsharma/Documents/SandiaProjects/4-LDRDAMDIS/DIMSWE-feature-study-20260828/m1y_test2b_20260828_workspace/external-results/m1y-test2b-20260828/production/representation-C/m1y-seed0-m20-10k/checkpoint_000010000_parameters.npz,Y,HELD-OUT TRUTH SUPPORT,81,160,POST-HOC CHECKPOINT EVALUATION,source_structure,positive_Qr_source_fraction,0.8277568817138672,POST-HOC FINAL CHECKPOINT EVALUATION,true
t2b-c-m1y,Test 2B,C,M1-Y,M1-Y,10000,c8da7ea375ced0f692210f97097e069f9d5757b6bead22b7a4a10d9a265d8a65,169eadab27a39916e37a875c27708873595f133cb4ea39e9f23eab14e86d49ee,/Users/arjunsharma/Documents/SandiaProjects/4-LDRDAMDIS/DIMSWE-feature-study-20260828/m1y_test2b_20260828_workspace/external-results/m1y-test2b-20260828/production/representation-C/m1y-seed0-m20-10k/checkpoint_000010000_parameters.npz,Y,HELD-OUT TRUTH SUPPORT,81,160,POST-HOC CHECKPOINT EVALUATION,effective_R_activation,truth_active_sample_count,385812,POST-HOC FINAL CHECKPOINT EVALUATION,true
t2b-c-m1y,Test 2B,C,M1-Y,M1-Y,10000,c8da7ea375ced0f692210f97097e069f9d5757b6bead22b7a4a10d9a265d8a65,169eadab27a39916e37a875c27708873595f133cb4ea39e9f23eab14e86d49ee,/Users/arjunsharma/Documents/SandiaProjects/4-LDRDAMDIS/DIMSWE-feature-study-20260828/m1y_test2b_20260828_workspace/external-results/m1y-test2b-20260828/production/representation-C/m1y-seed0-m20-10k/checkpoint_000010000_parameters.npz,Y,HELD-OUT TRUTH SUPPORT,81,160,POST-HOC CHECKPOINT EVALUATION,effective_R_activation,truth_active_sample_fraction,0.07358779907226562,POST-HOC FINAL CHECKPOINT EVALUATION,true
t2b-c-m1y,Test 2B,C,M1-Y,M1-Y,10000,c8da7ea375ced0f692210f97097e069f9d5757b6bead22b7a4a10d9a265d8a65,169eadab27a39916e37a875c27708873595f133cb4ea39e9f23eab14e86d49ee,/Users/arjunsharma/Documents/SandiaProjects/4-LDRDAMDIS/DIMSWE-feature-study-20260828/m1y_test2b_20260828_workspace/external-results/m1y-test2b-20260828/production/representation-C/m1y-seed0-m20-10k/checkpoint_000010000_parameters.npz,Y,HELD-OUT TRUTH SUPPORT,81,160,POST-HOC CHECKPOINT EVALUATION,effective_R_activation,predicted_meaningful_positive_fraction,0.8277641296386719,POST-HOC FINAL CHECKPOINT EVALUATION,true
t2b-c-m1y,Test 2B,C,M1-Y,M1-Y,10000,c8da7ea375ced0f692210f97097e069f9d5757b6bead22b7a4a10d9a265d8a65,169eadab27a39916e37a875c27708873595f133cb4ea39e9f23eab14e86d49ee,/Users/arjunsharma/Documents/SandiaProjects/4-LDRDAMDIS/DIMSWE-feature-study-20260828/m1y_test2b_20260828_workspace/external-results/m1y-test2b-20260828/production/representation-C/m1y-seed0-m20-10k/checkpoint_000010000_parameters.npz,Y,HELD-OUT TRUTH SUPPORT,81,160,POST-HOC CHECKPOINT EVALUATION,effective_R_activation,predicted_meaningful_negative_fraction,0.17223548889160156,POST-HOC FINAL CHECKPOINT EVALUATION,true
t2b-c-m1y,Test 2B,C,M1-Y,M1-Y,10000,c8da7ea375ced0f692210f97097e069f9d5757b6bead22b7a4a10d9a265d8a65,169eadab27a39916e37a875c27708873595f133cb4ea39e9f23eab14e86d49ee,/Users/arjunsharma/Documents/SandiaProjects/4-LDRDAMDIS/DIMSWE-feature-study-20260828/m1y_test2b_20260828_workspace/external-results/m1y-test2b-20260828/production/representation-C/m1y-seed0-m20-10k/checkpoint_000010000_parameters.npz,Y,HELD-OUT TRUTH SUPPORT,81,160,POST-HOC CHECKPOINT EVALUATION,effective_R_activation,false_positive_count,3954056,POST-HOC FINAL CHECKPOINT EVALUATION,true
t2b-c-m1y,Test 2B,C,M1-Y,M1-Y,10000,c8da7ea375ced0f692210f97097e069f9d5757b6bead22b7a4a10d9a265d8a65,169eadab27a39916e37a875c27708873595f133cb4ea39e9f23eab14e86d49ee,/Users/arjunsharma/Documents/SandiaProjects/4-LDRDAMDIS/DIMSWE-feature-study-20260828/m1y_test2b_20260828_workspace/external-results/m1y-test2b-20260828/production/representation-C/m1y-seed0-m20-10k/checkpoint_000010000_parameters.npz,Y,HELD-OUT TRUTH SUPPORT,81,160,POST-HOC CHECKPOINT EVALUATION,effective_R_activation,false_positive_rate_given_truth_inactive,0.814082899395273,POST-HOC FINAL CHECKPOINT EVALUATION,true
t2b-c-m1y,Test 2B,C,M1-Y,M1-Y,10000,c8da7ea375ced0f692210f97097e069f9d5757b6bead22b7a4a10d9a265d8a65,169eadab27a39916e37a875c27708873595f133cb4ea39e9f23eab14e86d49ee,/Users/arjunsharma/Documents/SandiaProjects/4-LDRDAMDIS/DIMSWE-feature-study-20260828/m1y_test2b_20260828_workspace/external-results/m1y-test2b-20260828/production/representation-C/m1y-seed0-m20-10k/checkpoint_000010000_parameters.npz,Y,HELD-OUT TRUTH SUPPORT,81,160,POST-HOC CHECKPOINT EVALUATION,effective_R_activation,false_negative_count,0,POST-HOC FINAL CHECKPOINT EVALUATION,true
t2b-c-m1y,Test 2B,C,M1-Y,M1-Y,10000,c8da7ea375ced0f692210f97097e069f9d5757b6bead22b7a4a10d9a265d8a65,169eadab27a39916e37a875c27708873595f133cb4ea39e9f23eab14e86d49ee,/Users/arjunsharma/Documents/SandiaProjects/4-LDRDAMDIS/DIMSWE-feature-study-20260828/m1y_test2b_20260828_workspace/external-results/m1y-test2b-20260828/production/representation-C/m1y-seed0-m20-10k/checkpoint_000010000_parameters.npz,Y,HELD-OUT TRUTH SUPPORT,81,160,POST-HOC CHECKPOINT EVALUATION,effective_R_activation,false_negative_rate_given_truth_active,0.0,POST-HOC FINAL CHECKPOINT EVALUATION,true
t2b-c-m1y,Test 2B,C,M1-Y,M1-Y,10000,c8da7ea375ced0f692210f97097e069f9d5757b6bead22b7a4a10d9a265d8a65,169eadab27a39916e37a875c27708873595f133cb4ea39e9f23eab14e86d49ee,/Users/arjunsharma/Documents/SandiaProjects/4-LDRDAMDIS/DIMSWE-feature-study-20260828/m1y_test2b_20260828_workspace/external-results/m1y-test2b-20260828/production/representation-C/m1y-seed0-m20-10k/checkpoint_000010000_parameters.npz,Y,HELD-OUT TRUTH SUPPORT,81,160,POST-HOC CHECKPOINT EVALUATION,effective_R_activation,first_meaningful_positive_predicted_step,81,POST-HOC FINAL CHECKPOINT EVALUATION,true
t2b-c-m1y,Test 2B,C,M1-Y,M1-Y,10000,c8da7ea375ced0f692210f97097e069f9d5757b6bead22b7a4a10d9a265d8a65,169eadab27a39916e37a875c27708873595f133cb4ea39e9f23eab14e86d49ee,/Users/arjunsharma/Documents/SandiaProjects/4-LDRDAMDIS/DIMSWE-feature-study-20260828/m1y_test2b_20260828_workspace/external-results/m1y-test2b-20260828/production/representation-C/m1y-seed0-m20-10k/checkpoint_000010000_parameters.npz,Y,HELD-OUT TRUTH SUPPORT,81,160,POST-HOC CHECKPOINT EVALUATION,effective_R_activation,first_meaningful_positive_truth_step,81,POST-HOC FINAL CHECKPOINT EVALUATION,true
t2b-c-m1y,Test 2B,C,M1-Y,M1-Y,10000,c8da7ea375ced0f692210f97097e069f9d5757b6bead22b7a4a10d9a265d8a65,169eadab27a39916e37a875c27708873595f133cb4ea39e9f23eab14e86d49ee,/Users/arjunsharma/Documents/SandiaProjects/4-LDRDAMDIS/DIMSWE-feature-study-20260828/m1y_test2b_20260828_workspace/external-results/m1y-test2b-20260828/production/representation-C/m1y-seed0-m20-10k/checkpoint_000010000_parameters.npz,Y,HELD-OUT TRUTH SUPPORT,81,160,POST-HOC CHECKPOINT EVALUATION,effective_R_activation,maximum_predicted_effective_R,3.9362166985598815e-11,POST-HOC FINAL CHECKPOINT EVALUATION,true
t2b-c-m1y,Test 2B,C,M1-Y,M1-Y,10000,c8da7ea375ced0f692210f97097e069f9d5757b6bead22b7a4a10d9a265d8a65,169eadab27a39916e37a875c27708873595f133cb4ea39e9f23eab14e86d49ee,/Users/arjunsharma/Documents/SandiaProjects/4-LDRDAMDIS/DIMSWE-feature-study-20260828/m1y_test2b_20260828_workspace/external-results/m1y-test2b-20260828/production/representation-C/m1y-seed0-m20-10k/checkpoint_000010000_parameters.npz,Y,HELD-OUT TRUTH SUPPORT,81,160,POST-HOC CHECKPOINT EVALUATION,effective_R_activation,minimum_predicted_effective_R,-8.100846934794673e-13,POST-HOC FINAL CHECKPOINT EVALUATION,true
t2b-c-m1y,Test 2B,C,M1-Y,M1-Y,10000,c8da7ea375ced0f692210f97097e069f9d5757b6bead22b7a4a10d9a265d8a65,169eadab27a39916e37a875c27708873595f133cb4ea39e9f23eab14e86d49ee,/Users/arjunsharma/Documents/SandiaProjects/4-LDRDAMDIS/DIMSWE-feature-study-20260828/m1y_test2b_20260828_workspace/external-results/m1y-test2b-20260828/production/representation-C/m1y-seed0-m20-10k/checkpoint_000010000_parameters.npz,Y,HELD-OUT TRUTH SUPPORT,81,160,POST-HOC CHECKPOINT EVALUATION,effective_R_activation,activity_numerical_tolerance,1.2119968976504772e-20,POST-HOC FINAL CHECKPOINT EVALUATION,true
t2b-c-m1y,Test 2B,C,M1-Y,M1-Y,10000,c8da7ea375ced0f692210f97097e069f9d5757b6bead22b7a4a10d9a265d8a65,169eadab27a39916e37a875c27708873595f133cb4ea39e9f23eab14e86d49ee,/Users/arjunsharma/Documents/SandiaProjects/4-LDRDAMDIS/DIMSWE-feature-study-20260828/m1y_test2b_20260828_workspace/external-results/m1y-test2b-20260828/production/representation-C/m1y-seed0-m20-10k/checkpoint_000010000_parameters.npz,Y,HELD-OUT TRUTH SUPPORT,81,160,POST-HOC CHECKPOINT EVALUATION,effective_R_activation,sample_count,5242880,POST-HOC FINAL CHECKPOINT EVALUATION,true
