run_id,physical_case,representation,model_label,trained_objective,checkpoint_iteration,checkpoint_parameter_pytree_sha256,checkpoint_npz_sha256,checkpoint_path,evaluation_state,support,state_first,state_last,support_use,quantity,metric,value,context
t2b-a-m1x,Test 2B,A,M1-X,M1-X,0,6d4ac7bafe775b90a70e2a199ef3305308c3d02333f7daeac1c870b6f18e0975,fd3824949aa2a8ce09fe2b7ad9527a97bddd603e30434adeac7097933428cba3,/Users/arjunsharma/Documents/SandiaProjects/4-LDRDAMDIS/DIMSWE-study-d0eb615/external-results/test2b-rain-active-learning/production/representation-A/m1-seed0-m20-10k/checkpoint_000000000_parameters.npz,X,TRAINING TRUTH SUPPORT,0,80,POST-HOC CHECKPOINT EVALUATION,A,relative_RMS_error,1.0661397083028723,X training
t2b-a-m1x,Test 2B,A,M1-X,M1-X,1,a7a536b3976f64801487bd8feaadc01feec3092a5910d0c8937ae48cbdb0913d,1d5c4607d5243bdd9049670f6f985f144f83442008d109879730ae98eba0bb67,/Users/arjunsharma/Documents/SandiaProjects/4-LDRDAMDIS/DIMSWE-study-d0eb615/external-results/test2b-rain-active-learning/production/representation-A/m1-seed0-m20-10k/checkpoint_000000001_parameters.npz,X,TRAINING TRUTH SUPPORT,0,80,POST-HOC CHECKPOINT EVALUATION,A,relative_RMS_error,0.9658615061903608,X training
t2b-a-m1x,Test 2B,A,M1-X,M1-X,5,779129058c0257d5ccb6e6261dd14bde7ab1ef793ebde427f4c4c55603d65668,3b532e1074082160dfa1a56d3739b8a2d7b3a3b6c5d3cc0bd35780498c54edd8,/Users/arjunsharma/Documents/SandiaProjects/4-LDRDAMDIS/DIMSWE-study-d0eb615/external-results/test2b-rain-active-learning/production/representation-A/m1-seed0-m20-10k/checkpoint_000000005_parameters.npz,X,TRAINING TRUTH SUPPORT,0,80,POST-HOC CHECKPOINT EVALUATION,A,relative_RMS_error,0.6339793186126598,X training
t2b-a-m1x,Test 2B,A,M1-X,M1-X,10,73ece265e51904f6662c8cdfa710831d94ae38d891309a55725cfe93a325acfc,7f20757262bcd9a3a7d865bfd09d0d0da5e49d7889c8f3b5baa980c99e009e11,/Users/arjunsharma/Documents/SandiaProjects/4-LDRDAMDIS/DIMSWE-study-d0eb615/external-results/test2b-rain-active-learning/production/representation-A/m1-seed0-m20-10k/checkpoint_000000010_parameters.npz,X,TRAINING TRUTH SUPPORT,0,80,POST-HOC CHECKPOINT EVALUATION,A,relative_RMS_error,0.4446267763321826,X training
t2b-a-m1x,Test 2B,A,M1-X,M1-X,20,e163adcc5ccfd96bac75a2defcfecab8dd365039e8a6e27d397f83e72fc47f22,d57de763e01d8969f3fcb34cc8276d7c2f36858971ab5a2a39748384d9f27f08,/Users/arjunsharma/Documents/SandiaProjects/4-LDRDAMDIS/DIMSWE-study-d0eb615/external-results/test2b-rain-active-learning/production/representation-A/m1-seed0-m20-10k/checkpoint_000000020_parameters.npz,X,TRAINING TRUTH SUPPORT,0,80,POST-HOC CHECKPOINT EVALUATION,A,relative_RMS_error,0.2982648335094083,X training
t2b-a-m1x,Test 2B,A,M1-X,M1-X,100,f23a77fdf271fa4d1173965aa97c420b4b087cef6a9a34cf4a4c357e51dc25b6,f614f1b9c01bdfe99a4106f81532cb70d4f9ec2dfe5d2f11b1d96b8da9836901,/Users/arjunsharma/Documents/SandiaProjects/4-LDRDAMDIS/DIMSWE-study-d0eb615/external-results/test2b-rain-active-learning/production/representation-A/m1-seed0-m20-10k/checkpoint_000000100_parameters.npz,X,TRAINING TRUTH SUPPORT,0,80,POST-HOC CHECKPOINT EVALUATION,A,relative_RMS_error,0.0594635071463687,X training
t2b-a-m1x,Test 2B,A,M1-X,M1-X,500,69302d4b361a04f6d8531e844e128b551e6a941533ab8e9fea0375cf93bb1109,a4757f982055bb2222b548801469ba8db8ae0f43be2067b70bae93c36179d5e3,/Users/arjunsharma/Documents/SandiaProjects/4-LDRDAMDIS/DIMSWE-study-d0eb615/external-results/test2b-rain-active-learning/production/representation-A/m1-seed0-m20-10k/checkpoint_000000500_parameters.npz,X,TRAINING TRUTH SUPPORT,0,80,POST-HOC CHECKPOINT EVALUATION,A,relative_RMS_error,0.0113762558381471,X training
t2b-a-m1x,Test 2B,A,M1-X,M1-X,1000,3a18b2ae4d4ad45a05588e4c32c642e8f3880296b55509a0b10acfd8baaffd8d,9baf94468e0a9e4f870a6f8758def2615ca9dc6ec1afd82461cf88d75ecccfa9,/Users/arjunsharma/Documents/SandiaProjects/4-LDRDAMDIS/DIMSWE-study-d0eb615/external-results/test2b-rain-active-learning/production/representation-A/m1-seed0-m20-10k/checkpoint_000001000_parameters.npz,X,TRAINING TRUTH SUPPORT,0,80,POST-HOC CHECKPOINT EVALUATION,A,relative_RMS_error,0.0109359460383115,X training
t2b-a-m1x,Test 2B,A,M1-X,M1-X,5000,b921911072ce1787f8694cc72fd928c0584010fa6ca7ae3ff187b817bcbdd263,27d3402136829c78adac13f2dcb775c655279f15d7b6c1f65f84b9deea184673,/Users/arjunsharma/Documents/SandiaProjects/4-LDRDAMDIS/DIMSWE-study-d0eb615/external-results/test2b-rain-active-learning/production/representation-A/m1-seed0-m20-10k/checkpoint_000005000_parameters.npz,X,TRAINING TRUTH SUPPORT,0,80,POST-HOC CHECKPOINT EVALUATION,A,relative_RMS_error,0.0083159193865833,X training
t2b-a-m1x,Test 2B,A,M1-X,M1-X,10000,471f3ac8a9b84f68bbe14bdc7dee62e3a025ac5cf61503db6644d5a1fa1bb506,e4f8d600fdc9833ab9c0c159a0f7601ec7b162f32c0369d44a82988dbd15908f,/Users/arjunsharma/Documents/SandiaProjects/4-LDRDAMDIS/DIMSWE-study-d0eb615/external-results/test2b-rain-active-learning/production/representation-A/m1-seed0-m20-10k/checkpoint_000010000_parameters.npz,X,TRAINING TRUTH SUPPORT,0,80,POST-HOC CHECKPOINT EVALUATION,A,relative_RMS_error,0.0054678457893129,X training
t2b-a-m1x,Test 2B,A,M1-X,M1-X,0,6d4ac7bafe775b90a70e2a199ef3305308c3d02333f7daeac1c870b6f18e0975,fd3824949aa2a8ce09fe2b7ad9527a97bddd603e30434adeac7097933428cba3,/Users/arjunsharma/Documents/SandiaProjects/4-LDRDAMDIS/DIMSWE-study-d0eb615/external-results/test2b-rain-active-learning/production/representation-A/m1-seed0-m20-10k/checkpoint_000000000_parameters.npz,X,HELD-OUT TRUTH SUPPORT,81,160,POST-HOC CHECKPOINT EVALUATION,A,relative_RMS_error,22.697230973541817,X held-out
t2b-a-m1x,Test 2B,A,M1-X,M1-X,1,a7a536b3976f64801487bd8feaadc01feec3092a5910d0c8937ae48cbdb0913d,1d5c4607d5243bdd9049670f6f985f144f83442008d109879730ae98eba0bb67,/Users/arjunsharma/Documents/SandiaProjects/4-LDRDAMDIS/DIMSWE-study-d0eb615/external-results/test2b-rain-active-learning/production/representation-A/m1-seed0-m20-10k/checkpoint_000000001_parameters.npz,X,HELD-OUT TRUTH SUPPORT,81,160,POST-HOC CHECKPOINT EVALUATION,A,relative_RMS_error,59.05045600852498,X held-out
t2b-a-m1x,Test 2B,A,M1-X,M1-X,5,779129058c0257d5ccb6e6261dd14bde7ab1ef793ebde427f4c4c55603d65668,3b532e1074082160dfa1a56d3739b8a2d7b3a3b6c5d3cc0bd35780498c54edd8,/Users/arjunsharma/Documents/SandiaProjects/4-LDRDAMDIS/DIMSWE-study-d0eb615/external-results/test2b-rain-active-learning/production/representation-A/m1-seed0-m20-10k/checkpoint_000000005_parameters.npz,X,HELD-OUT TRUTH SUPPORT,81,160,POST-HOC CHECKPOINT EVALUATION,A,relative_RMS_error,48.69743920833997,X held-out
t2b-a-m1x,Test 2B,A,M1-X,M1-X,10,73ece265e51904f6662c8cdfa710831d94ae38d891309a55725cfe93a325acfc,7f20757262bcd9a3a7d865bfd09d0d0da5e49d7889c8f3b5baa980c99e009e11,/Users/arjunsharma/Documents/SandiaProjects/4-LDRDAMDIS/DIMSWE-study-d0eb615/external-results/test2b-rain-active-learning/production/representation-A/m1-seed0-m20-10k/checkpoint_000000010_parameters.npz,X,HELD-OUT TRUTH SUPPORT,81,160,POST-HOC CHECKPOINT EVALUATION,A,relative_RMS_error,47.43312441892554,X held-out
t2b-a-m1x,Test 2B,A,M1-X,M1-X,20,e163adcc5ccfd96bac75a2defcfecab8dd365039e8a6e27d397f83e72fc47f22,d57de763e01d8969f3fcb34cc8276d7c2f36858971ab5a2a39748384d9f27f08,/Users/arjunsharma/Documents/SandiaProjects/4-LDRDAMDIS/DIMSWE-study-d0eb615/external-results/test2b-rain-active-learning/production/representation-A/m1-seed0-m20-10k/checkpoint_000000020_parameters.npz,X,HELD-OUT TRUTH SUPPORT,81,160,POST-HOC CHECKPOINT EVALUATION,A,relative_RMS_error,26.191659448983568,X held-out
t2b-a-m1x,Test 2B,A,M1-X,M1-X,100,f23a77fdf271fa4d1173965aa97c420b4b087cef6a9a34cf4a4c357e51dc25b6,f614f1b9c01bdfe99a4106f81532cb70d4f9ec2dfe5d2f11b1d96b8da9836901,/Users/arjunsharma/Documents/SandiaProjects/4-LDRDAMDIS/DIMSWE-study-d0eb615/external-results/test2b-rain-active-learning/production/representation-A/m1-seed0-m20-10k/checkpoint_000000100_parameters.npz,X,HELD-OUT TRUTH SUPPORT,81,160,POST-HOC CHECKPOINT EVALUATION,A,relative_RMS_error,17.2196777182884,X held-out
t2b-a-m1x,Test 2B,A,M1-X,M1-X,500,69302d4b361a04f6d8531e844e128b551e6a941533ab8e9fea0375cf93bb1109,a4757f982055bb2222b548801469ba8db8ae0f43be2067b70bae93c36179d5e3,/Users/arjunsharma/Documents/SandiaProjects/4-LDRDAMDIS/DIMSWE-study-d0eb615/external-results/test2b-rain-active-learning/production/representation-A/m1-seed0-m20-10k/checkpoint_000000500_parameters.npz,X,HELD-OUT TRUTH SUPPORT,81,160,POST-HOC CHECKPOINT EVALUATION,A,relative_RMS_error,13.508587911822536,X held-out
t2b-a-m1x,Test 2B,A,M1-X,M1-X,1000,3a18b2ae4d4ad45a05588e4c32c642e8f3880296b55509a0b10acfd8baaffd8d,9baf94468e0a9e4f870a6f8758def2615ca9dc6ec1afd82461cf88d75ecccfa9,/Users/arjunsharma/Documents/SandiaProjects/4-LDRDAMDIS/DIMSWE-study-d0eb615/external-results/test2b-rain-active-learning/production/representation-A/m1-seed0-m20-10k/checkpoint_000001000_parameters.npz,X,HELD-OUT TRUTH SUPPORT,81,160,POST-HOC CHECKPOINT EVALUATION,A,relative_RMS_error,13.069856764454563,X held-out
t2b-a-m1x,Test 2B,A,M1-X,M1-X,5000,b921911072ce1787f8694cc72fd928c0584010fa6ca7ae3ff187b817bcbdd263,27d3402136829c78adac13f2dcb775c655279f15d7b6c1f65f84b9deea184673,/Users/arjunsharma/Documents/SandiaProjects/4-LDRDAMDIS/DIMSWE-study-d0eb615/external-results/test2b-rain-active-learning/production/representation-A/m1-seed0-m20-10k/checkpoint_000005000_parameters.npz,X,HELD-OUT TRUTH SUPPORT,81,160,POST-HOC CHECKPOINT EVALUATION,A,relative_RMS_error,6.334805396370176,X held-out
t2b-a-m1x,Test 2B,A,M1-X,M1-X,10000,471f3ac8a9b84f68bbe14bdc7dee62e3a025ac5cf61503db6644d5a1fa1bb506,e4f8d600fdc9833ab9c0c159a0f7601ec7b162f32c0369d44a82988dbd15908f,/Users/arjunsharma/Documents/SandiaProjects/4-LDRDAMDIS/DIMSWE-study-d0eb615/external-results/test2b-rain-active-learning/production/representation-A/m1-seed0-m20-10k/checkpoint_000010000_parameters.npz,X,HELD-OUT TRUTH SUPPORT,81,160,POST-HOC CHECKPOINT EVALUATION,A,relative_RMS_error,2.2330676044621636,X held-out
t2b-a-m1x,Test 2B,A,M1-X,M1-X,0,6d4ac7bafe775b90a70e2a199ef3305308c3d02333f7daeac1c870b6f18e0975,fd3824949aa2a8ce09fe2b7ad9527a97bddd603e30434adeac7097933428cba3,/Users/arjunsharma/Documents/SandiaProjects/4-LDRDAMDIS/DIMSWE-study-d0eb615/external-results/test2b-rain-active-learning/production/representation-A/m1-seed0-m20-10k/checkpoint_000000000_parameters.npz,Y,TRAINING TRUTH SUPPORT,0,80,POST-HOC CHECKPOINT EVALUATION,A,relative_RMS_error,1.06484634709963,Y training
t2b-a-m1x,Test 2B,A,M1-X,M1-X,1,a7a536b3976f64801487bd8feaadc01feec3092a5910d0c8937ae48cbdb0913d,1d5c4607d5243bdd9049670f6f985f144f83442008d109879730ae98eba0bb67,/Users/arjunsharma/Documents/SandiaProjects/4-LDRDAMDIS/DIMSWE-study-d0eb615/external-results/test2b-rain-active-learning/production/representation-A/m1-seed0-m20-10k/checkpoint_000000001_parameters.npz,Y,TRAINING TRUTH SUPPORT,0,80,POST-HOC CHECKPOINT EVALUATION,A,relative_RMS_error,0.972638814895373,Y training
t2b-a-m1x,Test 2B,A,M1-X,M1-X,5,779129058c0257d5ccb6e6261dd14bde7ab1ef793ebde427f4c4c55603d65668,3b532e1074082160dfa1a56d3739b8a2d7b3a3b6c5d3cc0bd35780498c54edd8,/Users/arjunsharma/Documents/SandiaProjects/4-LDRDAMDIS/DIMSWE-study-d0eb615/external-results/test2b-rain-active-learning/production/representation-A/m1-seed0-m20-10k/checkpoint_000000005_parameters.npz,Y,TRAINING TRUTH SUPPORT,0,80,POST-HOC CHECKPOINT EVALUATION,A,relative_RMS_error,0.6377079711441765,Y training
t2b-a-m1x,Test 2B,A,M1-X,M1-X,10,73ece265e51904f6662c8cdfa710831d94ae38d891309a55725cfe93a325acfc,7f20757262bcd9a3a7d865bfd09d0d0da5e49d7889c8f3b5baa980c99e009e11,/Users/arjunsharma/Documents/SandiaProjects/4-LDRDAMDIS/DIMSWE-study-d0eb615/external-results/test2b-rain-active-learning/production/representation-A/m1-seed0-m20-10k/checkpoint_000000010_parameters.npz,Y,TRAINING TRUTH SUPPORT,0,80,POST-HOC CHECKPOINT EVALUATION,A,relative_RMS_error,0.4487034091649715,Y training
t2b-a-m1x,Test 2B,A,M1-X,M1-X,20,e163adcc5ccfd96bac75a2defcfecab8dd365039e8a6e27d397f83e72fc47f22,d57de763e01d8969f3fcb34cc8276d7c2f36858971ab5a2a39748384d9f27f08,/Users/arjunsharma/Documents/SandiaProjects/4-LDRDAMDIS/DIMSWE-study-d0eb615/external-results/test2b-rain-active-learning/production/representation-A/m1-seed0-m20-10k/checkpoint_000000020_parameters.npz,Y,TRAINING TRUTH SUPPORT,0,80,POST-HOC CHECKPOINT EVALUATION,A,relative_RMS_error,0.3023702704368415,Y training
t2b-a-m1x,Test 2B,A,M1-X,M1-X,100,f23a77fdf271fa4d1173965aa97c420b4b087cef6a9a34cf4a4c357e51dc25b6,f614f1b9c01bdfe99a4106f81532cb70d4f9ec2dfe5d2f11b1d96b8da9836901,/Users/arjunsharma/Documents/SandiaProjects/4-LDRDAMDIS/DIMSWE-study-d0eb615/external-results/test2b-rain-active-learning/production/representation-A/m1-seed0-m20-10k/checkpoint_000000100_parameters.npz,Y,TRAINING TRUTH SUPPORT,0,80,POST-HOC CHECKPOINT EVALUATION,A,relative_RMS_error,0.0640016795952923,Y training
t2b-a-m1x,Test 2B,A,M1-X,M1-X,500,69302d4b361a04f6d8531e844e128b551e6a941533ab8e9fea0375cf93bb1109,a4757f982055bb2222b548801469ba8db8ae0f43be2067b70bae93c36179d5e3,/Users/arjunsharma/Documents/SandiaProjects/4-LDRDAMDIS/DIMSWE-study-d0eb615/external-results/test2b-rain-active-learning/production/representation-A/m1-seed0-m20-10k/checkpoint_000000500_parameters.npz,Y,TRAINING TRUTH SUPPORT,0,80,POST-HOC CHECKPOINT EVALUATION,A,relative_RMS_error,0.0267365948052366,Y training
t2b-a-m1x,Test 2B,A,M1-X,M1-X,1000,3a18b2ae4d4ad45a05588e4c32c642e8f3880296b55509a0b10acfd8baaffd8d,9baf94468e0a9e4f870a6f8758def2615ca9dc6ec1afd82461cf88d75ecccfa9,/Users/arjunsharma/Documents/SandiaProjects/4-LDRDAMDIS/DIMSWE-study-d0eb615/external-results/test2b-rain-active-learning/production/representation-A/m1-seed0-m20-10k/checkpoint_000001000_parameters.npz,Y,TRAINING TRUTH SUPPORT,0,80,POST-HOC CHECKPOINT EVALUATION,A,relative_RMS_error,0.0266099586628243,Y training
t2b-a-m1x,Test 2B,A,M1-X,M1-X,5000,b921911072ce1787f8694cc72fd928c0584010fa6ca7ae3ff187b817bcbdd263,27d3402136829c78adac13f2dcb775c655279f15d7b6c1f65f84b9deea184673,/Users/arjunsharma/Documents/SandiaProjects/4-LDRDAMDIS/DIMSWE-study-d0eb615/external-results/test2b-rain-active-learning/production/representation-A/m1-seed0-m20-10k/checkpoint_000005000_parameters.npz,Y,TRAINING TRUTH SUPPORT,0,80,POST-HOC CHECKPOINT EVALUATION,A,relative_RMS_error,0.0201035309673744,Y training
t2b-a-m1x,Test 2B,A,M1-X,M1-X,10000,471f3ac8a9b84f68bbe14bdc7dee62e3a025ac5cf61503db6644d5a1fa1bb506,e4f8d600fdc9833ab9c0c159a0f7601ec7b162f32c0369d44a82988dbd15908f,/Users/arjunsharma/Documents/SandiaProjects/4-LDRDAMDIS/DIMSWE-study-d0eb615/external-results/test2b-rain-active-learning/production/representation-A/m1-seed0-m20-10k/checkpoint_000010000_parameters.npz,Y,TRAINING TRUTH SUPPORT,0,80,POST-HOC CHECKPOINT EVALUATION,A,relative_RMS_error,0.0152004461694391,Y training
t2b-a-m1x,Test 2B,A,M1-X,M1-X,0,6d4ac7bafe775b90a70e2a199ef3305308c3d02333f7daeac1c870b6f18e0975,fd3824949aa2a8ce09fe2b7ad9527a97bddd603e30434adeac7097933428cba3,/Users/arjunsharma/Documents/SandiaProjects/4-LDRDAMDIS/DIMSWE-study-d0eb615/external-results/test2b-rain-active-learning/production/representation-A/m1-seed0-m20-10k/checkpoint_000000000_parameters.npz,Y,HELD-OUT TRUTH SUPPORT,81,160,POST-HOC CHECKPOINT EVALUATION,A,relative_RMS_error,10.24145391174432,Y held-out
t2b-a-m1x,Test 2B,A,M1-X,M1-X,1,a7a536b3976f64801487bd8feaadc01feec3092a5910d0c8937ae48cbdb0913d,1d5c4607d5243bdd9049670f6f985f144f83442008d109879730ae98eba0bb67,/Users/arjunsharma/Documents/SandiaProjects/4-LDRDAMDIS/DIMSWE-study-d0eb615/external-results/test2b-rain-active-learning/production/representation-A/m1-seed0-m20-10k/checkpoint_000000001_parameters.npz,Y,HELD-OUT TRUTH SUPPORT,81,160,POST-HOC CHECKPOINT EVALUATION,A,relative_RMS_error,27.604152768623536,Y held-out
t2b-a-m1x,Test 2B,A,M1-X,M1-X,5,779129058c0257d5ccb6e6261dd14bde7ab1ef793ebde427f4c4c55603d65668,3b532e1074082160dfa1a56d3739b8a2d7b3a3b6c5d3cc0bd35780498c54edd8,/Users/arjunsharma/Documents/SandiaProjects/4-LDRDAMDIS/DIMSWE-study-d0eb615/external-results/test2b-rain-active-learning/production/representation-A/m1-seed0-m20-10k/checkpoint_000000005_parameters.npz,Y,HELD-OUT TRUTH SUPPORT,81,160,POST-HOC CHECKPOINT EVALUATION,A,relative_RMS_error,22.667562591387387,Y held-out
t2b-a-m1x,Test 2B,A,M1-X,M1-X,10,73ece265e51904f6662c8cdfa710831d94ae38d891309a55725cfe93a325acfc,7f20757262bcd9a3a7d865bfd09d0d0da5e49d7889c8f3b5baa980c99e009e11,/Users/arjunsharma/Documents/SandiaProjects/4-LDRDAMDIS/DIMSWE-study-d0eb615/external-results/test2b-rain-active-learning/production/representation-A/m1-seed0-m20-10k/checkpoint_000000010_parameters.npz,Y,HELD-OUT TRUTH SUPPORT,81,160,POST-HOC CHECKPOINT EVALUATION,A,relative_RMS_error,22.128029642884293,Y held-out
t2b-a-m1x,Test 2B,A,M1-X,M1-X,20,e163adcc5ccfd96bac75a2defcfecab8dd365039e8a6e27d397f83e72fc47f22,d57de763e01d8969f3fcb34cc8276d7c2f36858971ab5a2a39748384d9f27f08,/Users/arjunsharma/Documents/SandiaProjects/4-LDRDAMDIS/DIMSWE-study-d0eb615/external-results/test2b-rain-active-learning/production/representation-A/m1-seed0-m20-10k/checkpoint_000000020_parameters.npz,Y,HELD-OUT TRUTH SUPPORT,81,160,POST-HOC CHECKPOINT EVALUATION,A,relative_RMS_error,12.246835743354236,Y held-out
t2b-a-m1x,Test 2B,A,M1-X,M1-X,100,f23a77fdf271fa4d1173965aa97c420b4b087cef6a9a34cf4a4c357e51dc25b6,f614f1b9c01bdfe99a4106f81532cb70d4f9ec2dfe5d2f11b1d96b8da9836901,/Users/arjunsharma/Documents/SandiaProjects/4-LDRDAMDIS/DIMSWE-study-d0eb615/external-results/test2b-rain-active-learning/production/representation-A/m1-seed0-m20-10k/checkpoint_000000100_parameters.npz,Y,HELD-OUT TRUTH SUPPORT,81,160,POST-HOC CHECKPOINT EVALUATION,A,relative_RMS_error,8.143822706326063,Y held-out
t2b-a-m1x,Test 2B,A,M1-X,M1-X,500,69302d4b361a04f6d8531e844e128b551e6a941533ab8e9fea0375cf93bb1109,a4757f982055bb2222b548801469ba8db8ae0f43be2067b70bae93c36179d5e3,/Users/arjunsharma/Documents/SandiaProjects/4-LDRDAMDIS/DIMSWE-study-d0eb615/external-results/test2b-rain-active-learning/production/representation-A/m1-seed0-m20-10k/checkpoint_000000500_parameters.npz,Y,HELD-OUT TRUTH SUPPORT,81,160,POST-HOC CHECKPOINT EVALUATION,A,relative_RMS_error,6.349645844435104,Y held-out
t2b-a-m1x,Test 2B,A,M1-X,M1-X,1000,3a18b2ae4d4ad45a05588e4c32c642e8f3880296b55509a0b10acfd8baaffd8d,9baf94468e0a9e4f870a6f8758def2615ca9dc6ec1afd82461cf88d75ecccfa9,/Users/arjunsharma/Documents/SandiaProjects/4-LDRDAMDIS/DIMSWE-study-d0eb615/external-results/test2b-rain-active-learning/production/representation-A/m1-seed0-m20-10k/checkpoint_000001000_parameters.npz,Y,HELD-OUT TRUTH SUPPORT,81,160,POST-HOC CHECKPOINT EVALUATION,A,relative_RMS_error,6.111125866244389,Y held-out
t2b-a-m1x,Test 2B,A,M1-X,M1-X,5000,b921911072ce1787f8694cc72fd928c0584010fa6ca7ae3ff187b817bcbdd263,27d3402136829c78adac13f2dcb775c655279f15d7b6c1f65f84b9deea184673,/Users/arjunsharma/Documents/SandiaProjects/4-LDRDAMDIS/DIMSWE-study-d0eb615/external-results/test2b-rain-active-learning/production/representation-A/m1-seed0-m20-10k/checkpoint_000005000_parameters.npz,Y,HELD-OUT TRUTH SUPPORT,81,160,POST-HOC CHECKPOINT EVALUATION,A,relative_RMS_error,2.9559763815733984,Y held-out
t2b-a-m1x,Test 2B,A,M1-X,M1-X,10000,471f3ac8a9b84f68bbe14bdc7dee62e3a025ac5cf61503db6644d5a1fa1bb506,e4f8d600fdc9833ab9c0c159a0f7601ec7b162f32c0369d44a82988dbd15908f,/Users/arjunsharma/Documents/SandiaProjects/4-LDRDAMDIS/DIMSWE-study-d0eb615/external-results/test2b-rain-active-learning/production/representation-A/m1-seed0-m20-10k/checkpoint_000010000_parameters.npz,Y,HELD-OUT TRUTH SUPPORT,81,160,POST-HOC CHECKPOINT EVALUATION,A,relative_RMS_error,1.0151016453285613,Y held-out
t2b-a-m1y,Test 2B,A,M1-Y,M1-Y,0,6d4ac7bafe775b90a70e2a199ef3305308c3d02333f7daeac1c870b6f18e0975,fd3824949aa2a8ce09fe2b7ad9527a97bddd603e30434adeac7097933428cba3,/Users/arjunsharma/Documents/SandiaProjects/4-LDRDAMDIS/DIMSWE-feature-study-20260828/m1y_test2b_20260828_workspace/external-results/m1y-test2b-20260828/production/representation-A/m1y-seed0-m20-10k/checkpoint_000000000_parameters.npz,X,TRAINING TRUTH SUPPORT,0,80,POST-HOC CHECKPOINT EVALUATION,A,relative_RMS_error,1.0661397083028723,X training
t2b-a-m1y,Test 2B,A,M1-Y,M1-Y,1,1f6717c6d29b26d8ae17bd04c2e27d3a2ba394e39a53c3c0856eb8bf94579224,ad647a22109ac6044364ae808e5e02a51fb926ce94e5dccf2d6073dde6df33b2,/Users/arjunsharma/Documents/SandiaProjects/4-LDRDAMDIS/DIMSWE-feature-study-20260828/m1y_test2b_20260828_workspace/external-results/m1y-test2b-20260828/production/representation-A/m1y-seed0-m20-10k/checkpoint_000000001_parameters.npz,X,TRAINING TRUTH SUPPORT,0,80,POST-HOC CHECKPOINT EVALUATION,A,relative_RMS_error,0.9560671257854322,X training
t2b-a-m1y,Test 2B,A,M1-Y,M1-Y,5,a3b1a2203b097b5a4518a098fef7ec1f626901fde70bc5c3741922d68f88221b,51ab39228d854d90b27e709f77d6c96db9fa0fbcf43c214d94f6d175b8e88b82,/Users/arjunsharma/Documents/SandiaProjects/4-LDRDAMDIS/DIMSWE-feature-study-20260828/m1y_test2b_20260828_workspace/external-results/m1y-test2b-20260828/production/representation-A/m1y-seed0-m20-10k/checkpoint_000000005_parameters.npz,X,TRAINING TRUTH SUPPORT,0,80,POST-HOC CHECKPOINT EVALUATION,A,relative_RMS_error,0.6338554193395693,X training
t2b-a-m1y,Test 2B,A,M1-Y,M1-Y,10,c42cf659ce501bfbd0e92a29af1029f39ff49d8ca6d25b7c58ed171b86ec2d92,9ee089bac489dbe1d452e53b28cb5737a973850ffa9489d7d77c81c34e564e17,/Users/arjunsharma/Documents/SandiaProjects/4-LDRDAMDIS/DIMSWE-feature-study-20260828/m1y_test2b_20260828_workspace/external-results/m1y-test2b-20260828/production/representation-A/m1y-seed0-m20-10k/checkpoint_000000010_parameters.npz,X,TRAINING TRUTH SUPPORT,0,80,POST-HOC CHECKPOINT EVALUATION,A,relative_RMS_error,0.4445883142725091,X training
t2b-a-m1y,Test 2B,A,M1-Y,M1-Y,20,e7e1dca4b7d1f4aff5633a35bc5f5aec5771f44a35f418f17584812de8bec573,77ce012b12557363e5dac2d5b2f5d78554a97e734eed7fd0ccddb39e013b1a30,/Users/arjunsharma/Documents/SandiaProjects/4-LDRDAMDIS/DIMSWE-feature-study-20260828/m1y_test2b_20260828_workspace/external-results/m1y-test2b-20260828/production/representation-A/m1y-seed0-m20-10k/checkpoint_000000020_parameters.npz,X,TRAINING TRUTH SUPPORT,0,80,POST-HOC CHECKPOINT EVALUATION,A,relative_RMS_error,0.3063455440659022,X training
t2b-a-m1y,Test 2B,A,M1-Y,M1-Y,100,80473a5b5e26db8fc21978d1a57c899a1a8d8c3e05e1fe8197d3f9f5c5d33400,4b38f952ea0c37cd59f8b8eb36ebd7079f076c500c796e099d66144bea48116a,/Users/arjunsharma/Documents/SandiaProjects/4-LDRDAMDIS/DIMSWE-feature-study-20260828/m1y_test2b_20260828_workspace/external-results/m1y-test2b-20260828/production/representation-A/m1y-seed0-m20-10k/checkpoint_000000100_parameters.npz,X,TRAINING TRUTH SUPPORT,0,80,POST-HOC CHECKPOINT EVALUATION,A,relative_RMS_error,0.0665666663076578,X training
t2b-a-m1y,Test 2B,A,M1-Y,M1-Y,500,f01c80062974ebd284a6eccf2016bbace28443678d1df439cb61d09f16942871,b431c1e3899992f882d0a76fea13c1aa453fc80065f6f747bdaea8f3420bf26f,/Users/arjunsharma/Documents/SandiaProjects/4-LDRDAMDIS/DIMSWE-feature-study-20260828/m1y_test2b_20260828_workspace/external-results/m1y-test2b-20260828/production/representation-A/m1y-seed0-m20-10k/checkpoint_000000500_parameters.npz,X,TRAINING TRUTH SUPPORT,0,80,POST-HOC CHECKPOINT EVALUATION,A,relative_RMS_error,0.0235880974920772,X training
t2b-a-m1y,Test 2B,A,M1-Y,M1-Y,1000,7b6563184aea573171801ccd761b4b7031e119976b08700baabc6ffde362856b,761ea20613b94cc442801f754c1406d4c9673e5ee290d4f6230e7b4cfba6767f,/Users/arjunsharma/Documents/SandiaProjects/4-LDRDAMDIS/DIMSWE-feature-study-20260828/m1y_test2b_20260828_workspace/external-results/m1y-test2b-20260828/production/representation-A/m1y-seed0-m20-10k/checkpoint_000001000_parameters.npz,X,TRAINING TRUTH SUPPORT,0,80,POST-HOC CHECKPOINT EVALUATION,A,relative_RMS_error,0.0230540351843005,X training
t2b-a-m1y,Test 2B,A,M1-Y,M1-Y,5000,fdbd1fbff1c8d51d1e44dc724938c1288a1e5cac0ee0fb0f3064b898e17f773a,68e59bc830265fc98fddfdb344c2cd713676d688816b11b9a7df98d86abab25a,/Users/arjunsharma/Documents/SandiaProjects/4-LDRDAMDIS/DIMSWE-feature-study-20260828/m1y_test2b_20260828_workspace/external-results/m1y-test2b-20260828/production/representation-A/m1y-seed0-m20-10k/checkpoint_000005000_parameters.npz,X,TRAINING TRUTH SUPPORT,0,80,POST-HOC CHECKPOINT EVALUATION,A,relative_RMS_error,0.0124603370334193,X training
t2b-a-m1y,Test 2B,A,M1-Y,M1-Y,10000,ed838229022ef2ac38a29bb88c8e98f2c173b89e0573088036ad301f76f4e158,a7f98ffe462a89a00d9d2dedd4efb4531cd0feea6e1d64de0b5359bae5e31db4,/Users/arjunsharma/Documents/SandiaProjects/4-LDRDAMDIS/DIMSWE-feature-study-20260828/m1y_test2b_20260828_workspace/external-results/m1y-test2b-20260828/production/representation-A/m1y-seed0-m20-10k/checkpoint_000010000_parameters.npz,X,TRAINING TRUTH SUPPORT,0,80,POST-HOC CHECKPOINT EVALUATION,A,relative_RMS_error,0.0099475325629481,X training
t2b-a-m1y,Test 2B,A,M1-Y,M1-Y,0,6d4ac7bafe775b90a70e2a199ef3305308c3d02333f7daeac1c870b6f18e0975,fd3824949aa2a8ce09fe2b7ad9527a97bddd603e30434adeac7097933428cba3,/Users/arjunsharma/Documents/SandiaProjects/4-LDRDAMDIS/DIMSWE-feature-study-20260828/m1y_test2b_20260828_workspace/external-results/m1y-test2b-20260828/production/representation-A/m1y-seed0-m20-10k/checkpoint_000000000_parameters.npz,X,HELD-OUT TRUTH SUPPORT,81,160,POST-HOC CHECKPOINT EVALUATION,A,relative_RMS_error,22.697230973541817,X held-out
t2b-a-m1y,Test 2B,A,M1-Y,M1-Y,1,1f6717c6d29b26d8ae17bd04c2e27d3a2ba394e39a53c3c0856eb8bf94579224,ad647a22109ac6044364ae808e5e02a51fb926ce94e5dccf2d6073dde6df33b2,/Users/arjunsharma/Documents/SandiaProjects/4-LDRDAMDIS/DIMSWE-feature-study-20260828/m1y_test2b_20260828_workspace/external-results/m1y-test2b-20260828/production/representation-A/m1y-seed0-m20-10k/checkpoint_000000001_parameters.npz,X,HELD-OUT TRUTH SUPPORT,81,160,POST-HOC CHECKPOINT EVALUATION,A,relative_RMS_error,57.175420979562176,X held-out
t2b-a-m1y,Test 2B,A,M1-Y,M1-Y,5,a3b1a2203b097b5a4518a098fef7ec1f626901fde70bc5c3741922d68f88221b,51ab39228d854d90b27e709f77d6c96db9fa0fbcf43c214d94f6d175b8e88b82,/Users/arjunsharma/Documents/SandiaProjects/4-LDRDAMDIS/DIMSWE-feature-study-20260828/m1y_test2b_20260828_workspace/external-results/m1y-test2b-20260828/production/representation-A/m1y-seed0-m20-10k/checkpoint_000000005_parameters.npz,X,HELD-OUT TRUTH SUPPORT,81,160,POST-HOC CHECKPOINT EVALUATION,A,relative_RMS_error,48.185896847861024,X held-out
t2b-a-m1y,Test 2B,A,M1-Y,M1-Y,10,c42cf659ce501bfbd0e92a29af1029f39ff49d8ca6d25b7c58ed171b86ec2d92,9ee089bac489dbe1d452e53b28cb5737a973850ffa9489d7d77c81c34e564e17,/Users/arjunsharma/Documents/SandiaProjects/4-LDRDAMDIS/DIMSWE-feature-study-20260828/m1y_test2b_20260828_workspace/external-results/m1y-test2b-20260828/production/representation-A/m1y-seed0-m20-10k/checkpoint_000000010_parameters.npz,X,HELD-OUT TRUTH SUPPORT,81,160,POST-HOC CHECKPOINT EVALUATION,A,relative_RMS_error,47.0271409641148,X held-out
t2b-a-m1y,Test 2B,A,M1-Y,M1-Y,20,e7e1dca4b7d1f4aff5633a35bc5f5aec5771f44a35f418f17584812de8bec573,77ce012b12557363e5dac2d5b2f5d78554a97e734eed7fd0ccddb39e013b1a30,/Users/arjunsharma/Documents/SandiaProjects/4-LDRDAMDIS/DIMSWE-feature-study-20260828/m1y_test2b_20260828_workspace/external-results/m1y-test2b-20260828/production/representation-A/m1y-seed0-m20-10k/checkpoint_000000020_parameters.npz,X,HELD-OUT TRUTH SUPPORT,81,160,POST-HOC CHECKPOINT EVALUATION,A,relative_RMS_error,26.39572850556869,X held-out
t2b-a-m1y,Test 2B,A,M1-Y,M1-Y,100,80473a5b5e26db8fc21978d1a57c899a1a8d8c3e05e1fe8197d3f9f5c5d33400,4b38f952ea0c37cd59f8b8eb36ebd7079f076c500c796e099d66144bea48116a,/Users/arjunsharma/Documents/SandiaProjects/4-LDRDAMDIS/DIMSWE-feature-study-20260828/m1y_test2b_20260828_workspace/external-results/m1y-test2b-20260828/production/representation-A/m1y-seed0-m20-10k/checkpoint_000000100_parameters.npz,X,HELD-OUT TRUTH SUPPORT,81,160,POST-HOC CHECKPOINT EVALUATION,A,relative_RMS_error,21.092909349424612,X held-out
t2b-a-m1y,Test 2B,A,M1-Y,M1-Y,500,f01c80062974ebd284a6eccf2016bbace28443678d1df439cb61d09f16942871,b431c1e3899992f882d0a76fea13c1aa453fc80065f6f747bdaea8f3420bf26f,/Users/arjunsharma/Documents/SandiaProjects/4-LDRDAMDIS/DIMSWE-feature-study-20260828/m1y_test2b_20260828_workspace/external-results/m1y-test2b-20260828/production/representation-A/m1y-seed0-m20-10k/checkpoint_000000500_parameters.npz,X,HELD-OUT TRUTH SUPPORT,81,160,POST-HOC CHECKPOINT EVALUATION,A,relative_RMS_error,11.20492702450892,X held-out
t2b-a-m1y,Test 2B,A,M1-Y,M1-Y,1000,7b6563184aea573171801ccd761b4b7031e119976b08700baabc6ffde362856b,761ea20613b94cc442801f754c1406d4c9673e5ee290d4f6230e7b4cfba6767f,/Users/arjunsharma/Documents/SandiaProjects/4-LDRDAMDIS/DIMSWE-feature-study-20260828/m1y_test2b_20260828_workspace/external-results/m1y-test2b-20260828/production/representation-A/m1y-seed0-m20-10k/checkpoint_000001000_parameters.npz,X,HELD-OUT TRUTH SUPPORT,81,160,POST-HOC CHECKPOINT EVALUATION,A,relative_RMS_error,10.988585669716093,X held-out
t2b-a-m1y,Test 2B,A,M1-Y,M1-Y,5000,fdbd1fbff1c8d51d1e44dc724938c1288a1e5cac0ee0fb0f3064b898e17f773a,68e59bc830265fc98fddfdb344c2cd713676d688816b11b9a7df98d86abab25a,/Users/arjunsharma/Documents/SandiaProjects/4-LDRDAMDIS/DIMSWE-feature-study-20260828/m1y_test2b_20260828_workspace/external-results/m1y-test2b-20260828/production/representation-A/m1y-seed0-m20-10k/checkpoint_000005000_parameters.npz,X,HELD-OUT TRUTH SUPPORT,81,160,POST-HOC CHECKPOINT EVALUATION,A,relative_RMS_error,4.310046799016326,X held-out
t2b-a-m1y,Test 2B,A,M1-Y,M1-Y,10000,ed838229022ef2ac38a29bb88c8e98f2c173b89e0573088036ad301f76f4e158,a7f98ffe462a89a00d9d2dedd4efb4531cd0feea6e1d64de0b5359bae5e31db4,/Users/arjunsharma/Documents/SandiaProjects/4-LDRDAMDIS/DIMSWE-feature-study-20260828/m1y_test2b_20260828_workspace/external-results/m1y-test2b-20260828/production/representation-A/m1y-seed0-m20-10k/checkpoint_000010000_parameters.npz,X,HELD-OUT TRUTH SUPPORT,81,160,POST-HOC CHECKPOINT EVALUATION,A,relative_RMS_error,4.916129741340785,X held-out
t2b-a-m1y,Test 2B,A,M1-Y,M1-Y,0,6d4ac7bafe775b90a70e2a199ef3305308c3d02333f7daeac1c870b6f18e0975,fd3824949aa2a8ce09fe2b7ad9527a97bddd603e30434adeac7097933428cba3,/Users/arjunsharma/Documents/SandiaProjects/4-LDRDAMDIS/DIMSWE-feature-study-20260828/m1y_test2b_20260828_workspace/external-results/m1y-test2b-20260828/production/representation-A/m1y-seed0-m20-10k/checkpoint_000000000_parameters.npz,Y,TRAINING TRUTH SUPPORT,0,80,POST-HOC CHECKPOINT EVALUATION,A,relative_RMS_error,1.06484634709963,Y training
t2b-a-m1y,Test 2B,A,M1-Y,M1-Y,1,1f6717c6d29b26d8ae17bd04c2e27d3a2ba394e39a53c3c0856eb8bf94579224,ad647a22109ac6044364ae808e5e02a51fb926ce94e5dccf2d6073dde6df33b2,/Users/arjunsharma/Documents/SandiaProjects/4-LDRDAMDIS/DIMSWE-feature-study-20260828/m1y_test2b_20260828_workspace/external-results/m1y-test2b-20260828/production/representation-A/m1y-seed0-m20-10k/checkpoint_000000001_parameters.npz,Y,TRAINING TRUTH SUPPORT,0,80,POST-HOC CHECKPOINT EVALUATION,A,relative_RMS_error,0.9626428323759276,Y training
t2b-a-m1y,Test 2B,A,M1-Y,M1-Y,5,a3b1a2203b097b5a4518a098fef7ec1f626901fde70bc5c3741922d68f88221b,51ab39228d854d90b27e709f77d6c96db9fa0fbcf43c214d94f6d175b8e88b82,/Users/arjunsharma/Documents/SandiaProjects/4-LDRDAMDIS/DIMSWE-feature-study-20260828/m1y_test2b_20260828_workspace/external-results/m1y-test2b-20260828/production/representation-A/m1y-seed0-m20-10k/checkpoint_000000005_parameters.npz,Y,TRAINING TRUTH SUPPORT,0,80,POST-HOC CHECKPOINT EVALUATION,A,relative_RMS_error,0.6372194633339362,Y training
t2b-a-m1y,Test 2B,A,M1-Y,M1-Y,10,c42cf659ce501bfbd0e92a29af1029f39ff49d8ca6d25b7c58ed171b86ec2d92,9ee089bac489dbe1d452e53b28cb5737a973850ffa9489d7d77c81c34e564e17,/Users/arjunsharma/Documents/SandiaProjects/4-LDRDAMDIS/DIMSWE-feature-study-20260828/m1y_test2b_20260828_workspace/external-results/m1y-test2b-20260828/production/representation-A/m1y-seed0-m20-10k/checkpoint_000000010_parameters.npz,Y,TRAINING TRUTH SUPPORT,0,80,POST-HOC CHECKPOINT EVALUATION,A,relative_RMS_error,0.4482032670268302,Y training
t2b-a-m1y,Test 2B,A,M1-Y,M1-Y,20,e7e1dca4b7d1f4aff5633a35bc5f5aec5771f44a35f418f17584812de8bec573,77ce012b12557363e5dac2d5b2f5d78554a97e734eed7fd0ccddb39e013b1a30,/Users/arjunsharma/Documents/SandiaProjects/4-LDRDAMDIS/DIMSWE-feature-study-20260828/m1y_test2b_20260828_workspace/external-results/m1y-test2b-20260828/production/representation-A/m1y-seed0-m20-10k/checkpoint_000000020_parameters.npz,Y,TRAINING TRUTH SUPPORT,0,80,POST-HOC CHECKPOINT EVALUATION,A,relative_RMS_error,0.3086130762445582,Y training
t2b-a-m1y,Test 2B,A,M1-Y,M1-Y,100,80473a5b5e26db8fc21978d1a57c899a1a8d8c3e05e1fe8197d3f9f5c5d33400,4b38f952ea0c37cd59f8b8eb36ebd7079f076c500c796e099d66144bea48116a,/Users/arjunsharma/Documents/SandiaProjects/4-LDRDAMDIS/DIMSWE-feature-study-20260828/m1y_test2b_20260828_workspace/external-results/m1y-test2b-20260828/production/representation-A/m1y-seed0-m20-10k/checkpoint_000000100_parameters.npz,Y,TRAINING TRUTH SUPPORT,0,80,POST-HOC CHECKPOINT EVALUATION,A,relative_RMS_error,0.0656711072198443,Y training
t2b-a-m1y,Test 2B,A,M1-Y,M1-Y,500,f01c80062974ebd284a6eccf2016bbace28443678d1df439cb61d09f16942871,b431c1e3899992f882d0a76fea13c1aa453fc80065f6f747bdaea8f3420bf26f,/Users/arjunsharma/Documents/SandiaProjects/4-LDRDAMDIS/DIMSWE-feature-study-20260828/m1y_test2b_20260828_workspace/external-results/m1y-test2b-20260828/production/representation-A/m1y-seed0-m20-10k/checkpoint_000000500_parameters.npz,Y,TRAINING TRUTH SUPPORT,0,80,POST-HOC CHECKPOINT EVALUATION,A,relative_RMS_error,0.0174813303913401,Y training
t2b-a-m1y,Test 2B,A,M1-Y,M1-Y,1000,7b6563184aea573171801ccd761b4b7031e119976b08700baabc6ffde362856b,761ea20613b94cc442801f754c1406d4c9673e5ee290d4f6230e7b4cfba6767f,/Users/arjunsharma/Documents/SandiaProjects/4-LDRDAMDIS/DIMSWE-feature-study-20260828/m1y_test2b_20260828_workspace/external-results/m1y-test2b-20260828/production/representation-A/m1y-seed0-m20-10k/checkpoint_000001000_parameters.npz,Y,TRAINING TRUTH SUPPORT,0,80,POST-HOC CHECKPOINT EVALUATION,A,relative_RMS_error,0.0164819656089264,Y training
t2b-a-m1y,Test 2B,A,M1-Y,M1-Y,5000,fdbd1fbff1c8d51d1e44dc724938c1288a1e5cac0ee0fb0f3064b898e17f773a,68e59bc830265fc98fddfdb344c2cd713676d688816b11b9a7df98d86abab25a,/Users/arjunsharma/Documents/SandiaProjects/4-LDRDAMDIS/DIMSWE-feature-study-20260828/m1y_test2b_20260828_workspace/external-results/m1y-test2b-20260828/production/representation-A/m1y-seed0-m20-10k/checkpoint_000005000_parameters.npz,Y,TRAINING TRUTH SUPPORT,0,80,POST-HOC CHECKPOINT EVALUATION,A,relative_RMS_error,0.0079547674122505,Y training
t2b-a-m1y,Test 2B,A,M1-Y,M1-Y,10000,ed838229022ef2ac38a29bb88c8e98f2c173b89e0573088036ad301f76f4e158,a7f98ffe462a89a00d9d2dedd4efb4531cd0feea6e1d64de0b5359bae5e31db4,/Users/arjunsharma/Documents/SandiaProjects/4-LDRDAMDIS/DIMSWE-feature-study-20260828/m1y_test2b_20260828_workspace/external-results/m1y-test2b-20260828/production/representation-A/m1y-seed0-m20-10k/checkpoint_000010000_parameters.npz,Y,TRAINING TRUTH SUPPORT,0,80,POST-HOC CHECKPOINT EVALUATION,A,relative_RMS_error,0.0049391392153953,Y training
t2b-a-m1y,Test 2B,A,M1-Y,M1-Y,0,6d4ac7bafe775b90a70e2a199ef3305308c3d02333f7daeac1c870b6f18e0975,fd3824949aa2a8ce09fe2b7ad9527a97bddd603e30434adeac7097933428cba3,/Users/arjunsharma/Documents/SandiaProjects/4-LDRDAMDIS/DIMSWE-feature-study-20260828/m1y_test2b_20260828_workspace/external-results/m1y-test2b-20260828/production/representation-A/m1y-seed0-m20-10k/checkpoint_000000000_parameters.npz,Y,HELD-OUT TRUTH SUPPORT,81,160,POST-HOC CHECKPOINT EVALUATION,A,relative_RMS_error,10.24145391174432,Y held-out
t2b-a-m1y,Test 2B,A,M1-Y,M1-Y,1,1f6717c6d29b26d8ae17bd04c2e27d3a2ba394e39a53c3c0856eb8bf94579224,ad647a22109ac6044364ae808e5e02a51fb926ce94e5dccf2d6073dde6df33b2,/Users/arjunsharma/Documents/SandiaProjects/4-LDRDAMDIS/DIMSWE-feature-study-20260828/m1y_test2b_20260828_workspace/external-results/m1y-test2b-20260828/production/representation-A/m1y-seed0-m20-10k/checkpoint_000000001_parameters.npz,Y,HELD-OUT TRUTH SUPPORT,81,160,POST-HOC CHECKPOINT EVALUATION,A,relative_RMS_error,26.734989845899896,Y held-out
t2b-a-m1y,Test 2B,A,M1-Y,M1-Y,5,a3b1a2203b097b5a4518a098fef7ec1f626901fde70bc5c3741922d68f88221b,51ab39228d854d90b27e709f77d6c96db9fa0fbcf43c214d94f6d175b8e88b82,/Users/arjunsharma/Documents/SandiaProjects/4-LDRDAMDIS/DIMSWE-feature-study-20260828/m1y_test2b_20260828_workspace/external-results/m1y-test2b-20260828/production/representation-A/m1y-seed0-m20-10k/checkpoint_000000005_parameters.npz,Y,HELD-OUT TRUTH SUPPORT,81,160,POST-HOC CHECKPOINT EVALUATION,A,relative_RMS_error,22.430412992986714,Y held-out
t2b-a-m1y,Test 2B,A,M1-Y,M1-Y,10,c42cf659ce501bfbd0e92a29af1029f39ff49d8ca6d25b7c58ed171b86ec2d92,9ee089bac489dbe1d452e53b28cb5737a973850ffa9489d7d77c81c34e564e17,/Users/arjunsharma/Documents/SandiaProjects/4-LDRDAMDIS/DIMSWE-feature-study-20260828/m1y_test2b_20260828_workspace/external-results/m1y-test2b-20260828/production/representation-A/m1y-seed0-m20-10k/checkpoint_000000010_parameters.npz,Y,HELD-OUT TRUTH SUPPORT,81,160,POST-HOC CHECKPOINT EVALUATION,A,relative_RMS_error,21.93569687579115,Y held-out
t2b-a-m1y,Test 2B,A,M1-Y,M1-Y,20,e7e1dca4b7d1f4aff5633a35bc5f5aec5771f44a35f418f17584812de8bec573,77ce012b12557363e5dac2d5b2f5d78554a97e734eed7fd0ccddb39e013b1a30,/Users/arjunsharma/Documents/SandiaProjects/4-LDRDAMDIS/DIMSWE-feature-study-20260828/m1y_test2b_20260828_workspace/external-results/m1y-test2b-20260828/production/representation-A/m1y-seed0-m20-10k/checkpoint_000000020_parameters.npz,Y,HELD-OUT TRUTH SUPPORT,81,160,POST-HOC CHECKPOINT EVALUATION,A,relative_RMS_error,12.367876531240777,Y held-out
t2b-a-m1y,Test 2B,A,M1-Y,M1-Y,100,80473a5b5e26db8fc21978d1a57c899a1a8d8c3e05e1fe8197d3f9f5c5d33400,4b38f952ea0c37cd59f8b8eb36ebd7079f076c500c796e099d66144bea48116a,/Users/arjunsharma/Documents/SandiaProjects/4-LDRDAMDIS/DIMSWE-feature-study-20260828/m1y_test2b_20260828_workspace/external-results/m1y-test2b-20260828/production/representation-A/m1y-seed0-m20-10k/checkpoint_000000100_parameters.npz,Y,HELD-OUT TRUTH SUPPORT,81,160,POST-HOC CHECKPOINT EVALUATION,A,relative_RMS_error,9.881669115662222,Y held-out
t2b-a-m1y,Test 2B,A,M1-Y,M1-Y,500,f01c80062974ebd284a6eccf2016bbace28443678d1df439cb61d09f16942871,b431c1e3899992f882d0a76fea13c1aa453fc80065f6f747bdaea8f3420bf26f,/Users/arjunsharma/Documents/SandiaProjects/4-LDRDAMDIS/DIMSWE-feature-study-20260828/m1y_test2b_20260828_workspace/external-results/m1y-test2b-20260828/production/representation-A/m1y-seed0-m20-10k/checkpoint_000000500_parameters.npz,Y,HELD-OUT TRUTH SUPPORT,81,160,POST-HOC CHECKPOINT EVALUATION,A,relative_RMS_error,5.30659017037079,Y held-out
t2b-a-m1y,Test 2B,A,M1-Y,M1-Y,1000,7b6563184aea573171801ccd761b4b7031e119976b08700baabc6ffde362856b,761ea20613b94cc442801f754c1406d4c9673e5ee290d4f6230e7b4cfba6767f,/Users/arjunsharma/Documents/SandiaProjects/4-LDRDAMDIS/DIMSWE-feature-study-20260828/m1y_test2b_20260828_workspace/external-results/m1y-test2b-20260828/production/representation-A/m1y-seed0-m20-10k/checkpoint_000001000_parameters.npz,Y,HELD-OUT TRUTH SUPPORT,81,160,POST-HOC CHECKPOINT EVALUATION,A,relative_RMS_error,5.222320036467011,Y held-out
t2b-a-m1y,Test 2B,A,M1-Y,M1-Y,5000,fdbd1fbff1c8d51d1e44dc724938c1288a1e5cac0ee0fb0f3064b898e17f773a,68e59bc830265fc98fddfdb344c2cd713676d688816b11b9a7df98d86abab25a,/Users/arjunsharma/Documents/SandiaProjects/4-LDRDAMDIS/DIMSWE-feature-study-20260828/m1y_test2b_20260828_workspace/external-results/m1y-test2b-20260828/production/representation-A/m1y-seed0-m20-10k/checkpoint_000005000_parameters.npz,Y,HELD-OUT TRUTH SUPPORT,81,160,POST-HOC CHECKPOINT EVALUATION,A,relative_RMS_error,1.9583701573046617,Y held-out
t2b-a-m1y,Test 2B,A,M1-Y,M1-Y,10000,ed838229022ef2ac38a29bb88c8e98f2c173b89e0573088036ad301f76f4e158,a7f98ffe462a89a00d9d2dedd4efb4531cd0feea6e1d64de0b5359bae5e31db4,/Users/arjunsharma/Documents/SandiaProjects/4-LDRDAMDIS/DIMSWE-feature-study-20260828/m1y_test2b_20260828_workspace/external-results/m1y-test2b-20260828/production/representation-A/m1y-seed0-m20-10k/checkpoint_000010000_parameters.npz,Y,HELD-OUT TRUTH SUPPORT,81,160,POST-HOC CHECKPOINT EVALUATION,A,relative_RMS_error,2.236155470690119,Y held-out
t2b-b-m1x,Test 2B,B,M1-X,M1-X,0,cfadd9f3ee02a78c5b3a946b88c039d9f7ed34e719325ff22c92e1fe4afac056,eac3262e534363da60729c45e1f25f248e15c332e801fac3a8700467a8cf3039,/Users/arjunsharma/Documents/SandiaProjects/4-LDRDAMDIS/DIMSWE-study-d0eb615/external-results/test2b-rain-active-learning/production/representation-B/m1-seed0-m20-10k/checkpoint_000000000_parameters.npz,X,TRAINING TRUTH SUPPORT,0,80,POST-HOC CHECKPOINT EVALUATION,A,relative_RMS_error,0.968865583314958,X training
t2b-b-m1x,Test 2B,B,M1-X,M1-X,1,6f403a6dd44c0c98ef154b5a65371e78f01cfaca09e17489625b1778234690db,8a81671fdd3b77f3c0088eec89100022dfe215326e4a02c6b62b30fb08c36606,/Users/arjunsharma/Documents/SandiaProjects/4-LDRDAMDIS/DIMSWE-study-d0eb615/external-results/test2b-rain-active-learning/production/representation-B/m1-seed0-m20-10k/checkpoint_000000001_parameters.npz,X,TRAINING TRUTH SUPPORT,0,80,POST-HOC CHECKPOINT EVALUATION,A,relative_RMS_error,0.8610851909306805,X training
t2b-b-m1x,Test 2B,B,M1-X,M1-X,5,dd90f4a3e5aa666550f17bb4650c2af99e2f14cbc917bffbd37d389fa9261887,c3b90cf4cbc4380c6b9d8393180d2aee086a48ed531b6e0d2c1cf2b224ab9870,/Users/arjunsharma/Documents/SandiaProjects/4-LDRDAMDIS/DIMSWE-study-d0eb615/external-results/test2b-rain-active-learning/production/representation-B/m1-seed0-m20-10k/checkpoint_000000005_parameters.npz,X,TRAINING TRUTH SUPPORT,0,80,POST-HOC CHECKPOINT EVALUATION,A,relative_RMS_error,0.5849307442098693,X training
t2b-b-m1x,Test 2B,B,M1-X,M1-X,10,8ad46c08b4ae5c7eede1eeca59923060d5d46698528938fb262f5ec620bdf058,818068fb9ffc19ff81e016d2df53f713452fd2681a005a9769531953b76cb510,/Users/arjunsharma/Documents/SandiaProjects/4-LDRDAMDIS/DIMSWE-study-d0eb615/external-results/test2b-rain-active-learning/production/representation-B/m1-seed0-m20-10k/checkpoint_000000010_parameters.npz,X,TRAINING TRUTH SUPPORT,0,80,POST-HOC CHECKPOINT EVALUATION,A,relative_RMS_error,0.438605182412804,X training
t2b-b-m1x,Test 2B,B,M1-X,M1-X,20,a9242776445d8de0b1373780f406999600e634f439537af8bf3b795290cc62e2,10b80275a85d8aa0ce67abb6ac573ad74a3a22c4ccc3e6c0f1ae5909b577bf95,/Users/arjunsharma/Documents/SandiaProjects/4-LDRDAMDIS/DIMSWE-study-d0eb615/external-results/test2b-rain-active-learning/production/representation-B/m1-seed0-m20-10k/checkpoint_000000020_parameters.npz,X,TRAINING TRUTH SUPPORT,0,80,POST-HOC CHECKPOINT EVALUATION,A,relative_RMS_error,0.3078939640118477,X training
t2b-b-m1x,Test 2B,B,M1-X,M1-X,100,b5dffceb42ce53a964f85cdc0f654629c00c5ac9fbafc8d822f7ba3ba88a48c1,b8725186434d2dc185b8978c0f156218822300d6e68a562ac0bbdad04620211d,/Users/arjunsharma/Documents/SandiaProjects/4-LDRDAMDIS/DIMSWE-study-d0eb615/external-results/test2b-rain-active-learning/production/representation-B/m1-seed0-m20-10k/checkpoint_000000100_parameters.npz,X,TRAINING TRUTH SUPPORT,0,80,POST-HOC CHECKPOINT EVALUATION,A,relative_RMS_error,0.0553774980651953,X training
t2b-b-m1x,Test 2B,B,M1-X,M1-X,500,b26e83c7970f3b18dc5d42368c1d8792ffb2295745056a0283cf9891640b1b65,aefa9c364d761cea3c1dc8a0d96b870448e31564573bad8b18f98ffaae797976,/Users/arjunsharma/Documents/SandiaProjects/4-LDRDAMDIS/DIMSWE-study-d0eb615/external-results/test2b-rain-active-learning/production/representation-B/m1-seed0-m20-10k/checkpoint_000000500_parameters.npz,X,TRAINING TRUTH SUPPORT,0,80,POST-HOC CHECKPOINT EVALUATION,A,relative_RMS_error,0.012597880725224,X training
t2b-b-m1x,Test 2B,B,M1-X,M1-X,1000,3c50d0bcbecd34c861b3312354bb8539c67462687dfd49f207f9fb9797972ced,375a4e6a3f281d1519cfff67db7963343190d6317660c89b09caf1c03a62276d,/Users/arjunsharma/Documents/SandiaProjects/4-LDRDAMDIS/DIMSWE-study-d0eb615/external-results/test2b-rain-active-learning/production/representation-B/m1-seed0-m20-10k/checkpoint_000001000_parameters.npz,X,TRAINING TRUTH SUPPORT,0,80,POST-HOC CHECKPOINT EVALUATION,A,relative_RMS_error,0.0111254993226549,X training
t2b-b-m1x,Test 2B,B,M1-X,M1-X,5000,1c06c5fee6164959e789f73c83a7a4b362156b55a21f345c79a767126589d016,11b1d46346f77a6e9faf08a2747c24c20db995a0838d42c7f1ab18e6a6b939ea,/Users/arjunsharma/Documents/SandiaProjects/4-LDRDAMDIS/DIMSWE-study-d0eb615/external-results/test2b-rain-active-learning/production/representation-B/m1-seed0-m20-10k/checkpoint_000005000_parameters.npz,X,TRAINING TRUTH SUPPORT,0,80,POST-HOC CHECKPOINT EVALUATION,A,relative_RMS_error,0.0108373607965719,X training
t2b-b-m1x,Test 2B,B,M1-X,M1-X,10000,cfc9d3da6a8d07d74ae17e3d9a5beabe434e63b8005e95df4a1925c3a63c609c,a740fa161ad5ff954beb73b4b44fda51b705ce34a40718bd8912716425aeb459,/Users/arjunsharma/Documents/SandiaProjects/4-LDRDAMDIS/DIMSWE-study-d0eb615/external-results/test2b-rain-active-learning/production/representation-B/m1-seed0-m20-10k/checkpoint_000010000_parameters.npz,X,TRAINING TRUTH SUPPORT,0,80,POST-HOC CHECKPOINT EVALUATION,A,relative_RMS_error,0.0062909821438976,X training
t2b-b-m1x,Test 2B,B,M1-X,M1-X,0,cfadd9f3ee02a78c5b3a946b88c039d9f7ed34e719325ff22c92e1fe4afac056,eac3262e534363da60729c45e1f25f248e15c332e801fac3a8700467a8cf3039,/Users/arjunsharma/Documents/SandiaProjects/4-LDRDAMDIS/DIMSWE-study-d0eb615/external-results/test2b-rain-active-learning/production/representation-B/m1-seed0-m20-10k/checkpoint_000000000_parameters.npz,X,HELD-OUT TRUTH SUPPORT,81,160,POST-HOC CHECKPOINT EVALUATION,A,relative_RMS_error,33.39410976329818,X held-out
t2b-b-m1x,Test 2B,B,M1-X,M1-X,1,6f403a6dd44c0c98ef154b5a65371e78f01cfaca09e17489625b1778234690db,8a81671fdd3b77f3c0088eec89100022dfe215326e4a02c6b62b30fb08c36606,/Users/arjunsharma/Documents/SandiaProjects/4-LDRDAMDIS/DIMSWE-study-d0eb615/external-results/test2b-rain-active-learning/production/representation-B/m1-seed0-m20-10k/checkpoint_000000001_parameters.npz,X,HELD-OUT TRUTH SUPPORT,81,160,POST-HOC CHECKPOINT EVALUATION,A,relative_RMS_error,19.711809770059133,X held-out
t2b-b-m1x,Test 2B,B,M1-X,M1-X,5,dd90f4a3e5aa666550f17bb4650c2af99e2f14cbc917bffbd37d389fa9261887,c3b90cf4cbc4380c6b9d8393180d2aee086a48ed531b6e0d2c1cf2b224ab9870,/Users/arjunsharma/Documents/SandiaProjects/4-LDRDAMDIS/DIMSWE-study-d0eb615/external-results/test2b-rain-active-learning/production/representation-B/m1-seed0-m20-10k/checkpoint_000000005_parameters.npz,X,HELD-OUT TRUTH SUPPORT,81,160,POST-HOC CHECKPOINT EVALUATION,A,relative_RMS_error,51.6849467731228,X held-out
t2b-b-m1x,Test 2B,B,M1-X,M1-X,10,8ad46c08b4ae5c7eede1eeca59923060d5d46698528938fb262f5ec620bdf058,818068fb9ffc19ff81e016d2df53f713452fd2681a005a9769531953b76cb510,/Users/arjunsharma/Documents/SandiaProjects/4-LDRDAMDIS/DIMSWE-study-d0eb615/external-results/test2b-rain-active-learning/production/representation-B/m1-seed0-m20-10k/checkpoint_000000010_parameters.npz,X,HELD-OUT TRUTH SUPPORT,81,160,POST-HOC CHECKPOINT EVALUATION,A,relative_RMS_error,43.84967442379149,X held-out
t2b-b-m1x,Test 2B,B,M1-X,M1-X,20,a9242776445d8de0b1373780f406999600e634f439537af8bf3b795290cc62e2,10b80275a85d8aa0ce67abb6ac573ad74a3a22c4ccc3e6c0f1ae5909b577bf95,/Users/arjunsharma/Documents/SandiaProjects/4-LDRDAMDIS/DIMSWE-study-d0eb615/external-results/test2b-rain-active-learning/production/representation-B/m1-seed0-m20-10k/checkpoint_000000020_parameters.npz,X,HELD-OUT TRUTH SUPPORT,81,160,POST-HOC CHECKPOINT EVALUATION,A,relative_RMS_error,25.68439118285701,X held-out
t2b-b-m1x,Test 2B,B,M1-X,M1-X,100,b5dffceb42ce53a964f85cdc0f654629c00c5ac9fbafc8d822f7ba3ba88a48c1,b8725186434d2dc185b8978c0f156218822300d6e68a562ac0bbdad04620211d,/Users/arjunsharma/Documents/SandiaProjects/4-LDRDAMDIS/DIMSWE-study-d0eb615/external-results/test2b-rain-active-learning/production/representation-B/m1-seed0-m20-10k/checkpoint_000000100_parameters.npz,X,HELD-OUT TRUTH SUPPORT,81,160,POST-HOC CHECKPOINT EVALUATION,A,relative_RMS_error,14.757487946957598,X held-out
t2b-b-m1x,Test 2B,B,M1-X,M1-X,500,b26e83c7970f3b18dc5d42368c1d8792ffb2295745056a0283cf9891640b1b65,aefa9c364d761cea3c1dc8a0d96b870448e31564573bad8b18f98ffaae797976,/Users/arjunsharma/Documents/SandiaProjects/4-LDRDAMDIS/DIMSWE-study-d0eb615/external-results/test2b-rain-active-learning/production/representation-B/m1-seed0-m20-10k/checkpoint_000000500_parameters.npz,X,HELD-OUT TRUTH SUPPORT,81,160,POST-HOC CHECKPOINT EVALUATION,A,relative_RMS_error,4.260453007596399,X held-out
t2b-b-m1x,Test 2B,B,M1-X,M1-X,1000,3c50d0bcbecd34c861b3312354bb8539c67462687dfd49f207f9fb9797972ced,375a4e6a3f281d1519cfff67db7963343190d6317660c89b09caf1c03a62276d,/Users/arjunsharma/Documents/SandiaProjects/4-LDRDAMDIS/DIMSWE-study-d0eb615/external-results/test2b-rain-active-learning/production/representation-B/m1-seed0-m20-10k/checkpoint_000001000_parameters.npz,X,HELD-OUT TRUTH SUPPORT,81,160,POST-HOC CHECKPOINT EVALUATION,A,relative_RMS_error,2.8433577465721553,X held-out
t2b-b-m1x,Test 2B,B,M1-X,M1-X,5000,1c06c5fee6164959e789f73c83a7a4b362156b55a21f345c79a767126589d016,11b1d46346f77a6e9faf08a2747c24c20db995a0838d42c7f1ab18e6a6b939ea,/Users/arjunsharma/Documents/SandiaProjects/4-LDRDAMDIS/DIMSWE-study-d0eb615/external-results/test2b-rain-active-learning/production/representation-B/m1-seed0-m20-10k/checkpoint_000005000_parameters.npz,X,HELD-OUT TRUTH SUPPORT,81,160,POST-HOC CHECKPOINT EVALUATION,A,relative_RMS_error,2.6879925055111253,X held-out
t2b-b-m1x,Test 2B,B,M1-X,M1-X,10000,cfc9d3da6a8d07d74ae17e3d9a5beabe434e63b8005e95df4a1925c3a63c609c,a740fa161ad5ff954beb73b4b44fda51b705ce34a40718bd8912716425aeb459,/Users/arjunsharma/Documents/SandiaProjects/4-LDRDAMDIS/DIMSWE-study-d0eb615/external-results/test2b-rain-active-learning/production/representation-B/m1-seed0-m20-10k/checkpoint_000010000_parameters.npz,X,HELD-OUT TRUTH SUPPORT,81,160,POST-HOC CHECKPOINT EVALUATION,A,relative_RMS_error,2.895952708773319,X held-out
t2b-b-m1x,Test 2B,B,M1-X,M1-X,0,cfadd9f3ee02a78c5b3a946b88c039d9f7ed34e719325ff22c92e1fe4afac056,eac3262e534363da60729c45e1f25f248e15c332e801fac3a8700467a8cf3039,/Users/arjunsharma/Documents/SandiaProjects/4-LDRDAMDIS/DIMSWE-study-d0eb615/external-results/test2b-rain-active-learning/production/representation-B/m1-seed0-m20-10k/checkpoint_000000000_parameters.npz,Y,TRAINING TRUTH SUPPORT,0,80,POST-HOC CHECKPOINT EVALUATION,A,relative_RMS_error,0.9726549931299968,Y training
t2b-b-m1x,Test 2B,B,M1-X,M1-X,1,6f403a6dd44c0c98ef154b5a65371e78f01cfaca09e17489625b1778234690db,8a81671fdd3b77f3c0088eec89100022dfe215326e4a02c6b62b30fb08c36606,/Users/arjunsharma/Documents/SandiaProjects/4-LDRDAMDIS/DIMSWE-study-d0eb615/external-results/test2b-rain-active-learning/production/representation-B/m1-seed0-m20-10k/checkpoint_000000001_parameters.npz,Y,TRAINING TRUTH SUPPORT,0,80,POST-HOC CHECKPOINT EVALUATION,A,relative_RMS_error,0.861392213025473,Y training
t2b-b-m1x,Test 2B,B,M1-X,M1-X,5,dd90f4a3e5aa666550f17bb4650c2af99e2f14cbc917bffbd37d389fa9261887,c3b90cf4cbc4380c6b9d8393180d2aee086a48ed531b6e0d2c1cf2b224ab9870,/Users/arjunsharma/Documents/SandiaProjects/4-LDRDAMDIS/DIMSWE-study-d0eb615/external-results/test2b-rain-active-learning/production/representation-B/m1-seed0-m20-10k/checkpoint_000000005_parameters.npz,Y,TRAINING TRUTH SUPPORT,0,80,POST-HOC CHECKPOINT EVALUATION,A,relative_RMS_error,0.5883918847849835,Y training
t2b-b-m1x,Test 2B,B,M1-X,M1-X,10,8ad46c08b4ae5c7eede1eeca59923060d5d46698528938fb262f5ec620bdf058,818068fb9ffc19ff81e016d2df53f713452fd2681a005a9769531953b76cb510,/Users/arjunsharma/Documents/SandiaProjects/4-LDRDAMDIS/DIMSWE-study-d0eb615/external-results/test2b-rain-active-learning/production/representation-B/m1-seed0-m20-10k/checkpoint_000000010_parameters.npz,Y,TRAINING TRUTH SUPPORT,0,80,POST-HOC CHECKPOINT EVALUATION,A,relative_RMS_error,0.4431838737677059,Y training
t2b-b-m1x,Test 2B,B,M1-X,M1-X,20,a9242776445d8de0b1373780f406999600e634f439537af8bf3b795290cc62e2,10b80275a85d8aa0ce67abb6ac573ad74a3a22c4ccc3e6c0f1ae5909b577bf95,/Users/arjunsharma/Documents/SandiaProjects/4-LDRDAMDIS/DIMSWE-study-d0eb615/external-results/test2b-rain-active-learning/production/representation-B/m1-seed0-m20-10k/checkpoint_000000020_parameters.npz,Y,TRAINING TRUTH SUPPORT,0,80,POST-HOC CHECKPOINT EVALUATION,A,relative_RMS_error,0.3101419296684585,Y training
t2b-b-m1x,Test 2B,B,M1-X,M1-X,100,b5dffceb42ce53a964f85cdc0f654629c00c5ac9fbafc8d822f7ba3ba88a48c1,b8725186434d2dc185b8978c0f156218822300d6e68a562ac0bbdad04620211d,/Users/arjunsharma/Documents/SandiaProjects/4-LDRDAMDIS/DIMSWE-study-d0eb615/external-results/test2b-rain-active-learning/production/representation-B/m1-seed0-m20-10k/checkpoint_000000100_parameters.npz,Y,TRAINING TRUTH SUPPORT,0,80,POST-HOC CHECKPOINT EVALUATION,A,relative_RMS_error,0.0580823226478536,Y training
t2b-b-m1x,Test 2B,B,M1-X,M1-X,500,b26e83c7970f3b18dc5d42368c1d8792ffb2295745056a0283cf9891640b1b65,aefa9c364d761cea3c1dc8a0d96b870448e31564573bad8b18f98ffaae797976,/Users/arjunsharma/Documents/SandiaProjects/4-LDRDAMDIS/DIMSWE-study-d0eb615/external-results/test2b-rain-active-learning/production/representation-B/m1-seed0-m20-10k/checkpoint_000000500_parameters.npz,Y,TRAINING TRUTH SUPPORT,0,80,POST-HOC CHECKPOINT EVALUATION,A,relative_RMS_error,0.0270079497819088,Y training
t2b-b-m1x,Test 2B,B,M1-X,M1-X,1000,3c50d0bcbecd34c861b3312354bb8539c67462687dfd49f207f9fb9797972ced,375a4e6a3f281d1519cfff67db7963343190d6317660c89b09caf1c03a62276d,/Users/arjunsharma/Documents/SandiaProjects/4-LDRDAMDIS/DIMSWE-study-d0eb615/external-results/test2b-rain-active-learning/production/representation-B/m1-seed0-m20-10k/checkpoint_000001000_parameters.npz,Y,TRAINING TRUTH SUPPORT,0,80,POST-HOC CHECKPOINT EVALUATION,A,relative_RMS_error,0.0268235974443012,Y training
t2b-b-m1x,Test 2B,B,M1-X,M1-X,5000,1c06c5fee6164959e789f73c83a7a4b362156b55a21f345c79a767126589d016,11b1d46346f77a6e9faf08a2747c24c20db995a0838d42c7f1ab18e6a6b939ea,/Users/arjunsharma/Documents/SandiaProjects/4-LDRDAMDIS/DIMSWE-study-d0eb615/external-results/test2b-rain-active-learning/production/representation-B/m1-seed0-m20-10k/checkpoint_000005000_parameters.npz,Y,TRAINING TRUTH SUPPORT,0,80,POST-HOC CHECKPOINT EVALUATION,A,relative_RMS_error,0.0264220978725449,Y training
t2b-b-m1x,Test 2B,B,M1-X,M1-X,10000,cfc9d3da6a8d07d74ae17e3d9a5beabe434e63b8005e95df4a1925c3a63c609c,a740fa161ad5ff954beb73b4b44fda51b705ce34a40718bd8912716425aeb459,/Users/arjunsharma/Documents/SandiaProjects/4-LDRDAMDIS/DIMSWE-study-d0eb615/external-results/test2b-rain-active-learning/production/representation-B/m1-seed0-m20-10k/checkpoint_000010000_parameters.npz,Y,TRAINING TRUTH SUPPORT,0,80,POST-HOC CHECKPOINT EVALUATION,A,relative_RMS_error,0.0169128237589423,Y training
t2b-b-m1x,Test 2B,B,M1-X,M1-X,0,cfadd9f3ee02a78c5b3a946b88c039d9f7ed34e719325ff22c92e1fe4afac056,eac3262e534363da60729c45e1f25f248e15c332e801fac3a8700467a8cf3039,/Users/arjunsharma/Documents/SandiaProjects/4-LDRDAMDIS/DIMSWE-study-d0eb615/external-results/test2b-rain-active-learning/production/representation-B/m1-seed0-m20-10k/checkpoint_000000000_parameters.npz,Y,HELD-OUT TRUTH SUPPORT,81,160,POST-HOC CHECKPOINT EVALUATION,A,relative_RMS_error,15.723098401729851,Y held-out
t2b-b-m1x,Test 2B,B,M1-X,M1-X,1,6f403a6dd44c0c98ef154b5a65371e78f01cfaca09e17489625b1778234690db,8a81671fdd3b77f3c0088eec89100022dfe215326e4a02c6b62b30fb08c36606,/Users/arjunsharma/Documents/SandiaProjects/4-LDRDAMDIS/DIMSWE-study-d0eb615/external-results/test2b-rain-active-learning/production/representation-B/m1-seed0-m20-10k/checkpoint_000000001_parameters.npz,Y,HELD-OUT TRUTH SUPPORT,81,160,POST-HOC CHECKPOINT EVALUATION,A,relative_RMS_error,9.212746756521538,Y held-out
t2b-b-m1x,Test 2B,B,M1-X,M1-X,5,dd90f4a3e5aa666550f17bb4650c2af99e2f14cbc917bffbd37d389fa9261887,c3b90cf4cbc4380c6b9d8393180d2aee086a48ed531b6e0d2c1cf2b224ab9870,/Users/arjunsharma/Documents/SandiaProjects/4-LDRDAMDIS/DIMSWE-study-d0eb615/external-results/test2b-rain-active-learning/production/representation-B/m1-seed0-m20-10k/checkpoint_000000005_parameters.npz,Y,HELD-OUT TRUTH SUPPORT,81,160,POST-HOC CHECKPOINT EVALUATION,A,relative_RMS_error,24.06556197927698,Y held-out
t2b-b-m1x,Test 2B,B,M1-X,M1-X,10,8ad46c08b4ae5c7eede1eeca59923060d5d46698528938fb262f5ec620bdf058,818068fb9ffc19ff81e016d2df53f713452fd2681a005a9769531953b76cb510,/Users/arjunsharma/Documents/SandiaProjects/4-LDRDAMDIS/DIMSWE-study-d0eb615/external-results/test2b-rain-active-learning/production/representation-B/m1-seed0-m20-10k/checkpoint_000000010_parameters.npz,Y,HELD-OUT TRUTH SUPPORT,81,160,POST-HOC CHECKPOINT EVALUATION,A,relative_RMS_error,20.463095850742924,Y held-out
t2b-b-m1x,Test 2B,B,M1-X,M1-X,20,a9242776445d8de0b1373780f406999600e634f439537af8bf3b795290cc62e2,10b80275a85d8aa0ce67abb6ac573ad74a3a22c4ccc3e6c0f1ae5909b577bf95,/Users/arjunsharma/Documents/SandiaProjects/4-LDRDAMDIS/DIMSWE-study-d0eb615/external-results/test2b-rain-active-learning/production/representation-B/m1-seed0-m20-10k/checkpoint_000000020_parameters.npz,Y,HELD-OUT TRUTH SUPPORT,81,160,POST-HOC CHECKPOINT EVALUATION,A,relative_RMS_error,11.994621593482517,Y held-out
t2b-b-m1x,Test 2B,B,M1-X,M1-X,100,b5dffceb42ce53a964f85cdc0f654629c00c5ac9fbafc8d822f7ba3ba88a48c1,b8725186434d2dc185b8978c0f156218822300d6e68a562ac0bbdad04620211d,/Users/arjunsharma/Documents/SandiaProjects/4-LDRDAMDIS/DIMSWE-study-d0eb615/external-results/test2b-rain-active-learning/production/representation-B/m1-seed0-m20-10k/checkpoint_000000100_parameters.npz,Y,HELD-OUT TRUTH SUPPORT,81,160,POST-HOC CHECKPOINT EVALUATION,A,relative_RMS_error,6.968758254565206,Y held-out
t2b-b-m1x,Test 2B,B,M1-X,M1-X,500,b26e83c7970f3b18dc5d42368c1d8792ffb2295745056a0283cf9891640b1b65,aefa9c364d761cea3c1dc8a0d96b870448e31564573bad8b18f98ffaae797976,/Users/arjunsharma/Documents/SandiaProjects/4-LDRDAMDIS/DIMSWE-study-d0eb615/external-results/test2b-rain-active-learning/production/representation-B/m1-seed0-m20-10k/checkpoint_000000500_parameters.npz,Y,HELD-OUT TRUTH SUPPORT,81,160,POST-HOC CHECKPOINT EVALUATION,A,relative_RMS_error,2.183102320410371,Y held-out
t2b-b-m1x,Test 2B,B,M1-X,M1-X,1000,3c50d0bcbecd34c861b3312354bb8539c67462687dfd49f207f9fb9797972ced,375a4e6a3f281d1519cfff67db7963343190d6317660c89b09caf1c03a62276d,/Users/arjunsharma/Documents/SandiaProjects/4-LDRDAMDIS/DIMSWE-study-d0eb615/external-results/test2b-rain-active-learning/production/representation-B/m1-seed0-m20-10k/checkpoint_000001000_parameters.npz,Y,HELD-OUT TRUTH SUPPORT,81,160,POST-HOC CHECKPOINT EVALUATION,A,relative_RMS_error,1.5774280813722257,Y held-out
t2b-b-m1x,Test 2B,B,M1-X,M1-X,5000,1c06c5fee6164959e789f73c83a7a4b362156b55a21f345c79a767126589d016,11b1d46346f77a6e9faf08a2747c24c20db995a0838d42c7f1ab18e6a6b939ea,/Users/arjunsharma/Documents/SandiaProjects/4-LDRDAMDIS/DIMSWE-study-d0eb615/external-results/test2b-rain-active-learning/production/representation-B/m1-seed0-m20-10k/checkpoint_000005000_parameters.npz,Y,HELD-OUT TRUTH SUPPORT,81,160,POST-HOC CHECKPOINT EVALUATION,A,relative_RMS_error,1.5155400994799446,Y held-out
t2b-b-m1x,Test 2B,B,M1-X,M1-X,10000,cfc9d3da6a8d07d74ae17e3d9a5beabe434e63b8005e95df4a1925c3a63c609c,a740fa161ad5ff954beb73b4b44fda51b705ce34a40718bd8912716425aeb459,/Users/arjunsharma/Documents/SandiaProjects/4-LDRDAMDIS/DIMSWE-study-d0eb615/external-results/test2b-rain-active-learning/production/representation-B/m1-seed0-m20-10k/checkpoint_000010000_parameters.npz,Y,HELD-OUT TRUTH SUPPORT,81,160,POST-HOC CHECKPOINT EVALUATION,A,relative_RMS_error,1.3682283149039298,Y held-out
t2b-b-m1y,Test 2B,B,M1-Y,M1-Y,0,cfadd9f3ee02a78c5b3a946b88c039d9f7ed34e719325ff22c92e1fe4afac056,eac3262e534363da60729c45e1f25f248e15c332e801fac3a8700467a8cf3039,/Users/arjunsharma/Documents/SandiaProjects/4-LDRDAMDIS/DIMSWE-feature-study-20260828/m1y_test2b_20260828_workspace/external-results/m1y-test2b-20260828/production/representation-B/m1y-seed0-m20-10k/checkpoint_000000000_parameters.npz,X,TRAINING TRUTH SUPPORT,0,80,POST-HOC CHECKPOINT EVALUATION,A,relative_RMS_error,0.968865583314958,X training
t2b-b-m1y,Test 2B,B,M1-Y,M1-Y,1,7e21d5fd4326a68b324dcf79771d230ce522118b758c07ba04037564c9882809,a19e4bd822f7feddf5505d9a6895caa4c622b5275a001b0de61c2612dd874458,/Users/arjunsharma/Documents/SandiaProjects/4-LDRDAMDIS/DIMSWE-feature-study-20260828/m1y_test2b_20260828_workspace/external-results/m1y-test2b-20260828/production/representation-B/m1y-seed0-m20-10k/checkpoint_000000001_parameters.npz,X,TRAINING TRUTH SUPPORT,0,80,POST-HOC CHECKPOINT EVALUATION,A,relative_RMS_error,0.8657767956663532,X training
t2b-b-m1y,Test 2B,B,M1-Y,M1-Y,5,b62514206777a98739ece9947719f52b29ee501eac27f4691073e686a66cb70a,d9b9a488a35266cf1fd814aac6c27f1e33d94a50974a16aeb7cf434390b17d2f,/Users/arjunsharma/Documents/SandiaProjects/4-LDRDAMDIS/DIMSWE-feature-study-20260828/m1y_test2b_20260828_workspace/external-results/m1y-test2b-20260828/production/representation-B/m1y-seed0-m20-10k/checkpoint_000000005_parameters.npz,X,TRAINING TRUTH SUPPORT,0,80,POST-HOC CHECKPOINT EVALUATION,A,relative_RMS_error,0.5831575125009755,X training
t2b-b-m1y,Test 2B,B,M1-Y,M1-Y,10,bb4de844fcfef20f82290fc8b30e2b398ab6cfe2d89dd4a872f0736a42fdcfce,3749fa6c0110b5c90903692bc71410c3aa9390e1238e1c9888de63a96c4df794,/Users/arjunsharma/Documents/SandiaProjects/4-LDRDAMDIS/DIMSWE-feature-study-20260828/m1y_test2b_20260828_workspace/external-results/m1y-test2b-20260828/production/representation-B/m1y-seed0-m20-10k/checkpoint_000000010_parameters.npz,X,TRAINING TRUTH SUPPORT,0,80,POST-HOC CHECKPOINT EVALUATION,A,relative_RMS_error,0.4370276454253548,X training
t2b-b-m1y,Test 2B,B,M1-Y,M1-Y,20,c9a4f98d97f1f6953dcd85433f7be653e7883230266f03b17b18086f0d40ea25,4574dbdaebb41cb89105afb015b9d529475e0e28efdbf4242c9fc44f8fd11abd,/Users/arjunsharma/Documents/SandiaProjects/4-LDRDAMDIS/DIMSWE-feature-study-20260828/m1y_test2b_20260828_workspace/external-results/m1y-test2b-20260828/production/representation-B/m1y-seed0-m20-10k/checkpoint_000000020_parameters.npz,X,TRAINING TRUTH SUPPORT,0,80,POST-HOC CHECKPOINT EVALUATION,A,relative_RMS_error,0.3152654094839933,X training
t2b-b-m1y,Test 2B,B,M1-Y,M1-Y,100,072a66c244feb3e131e39076536d26459c9b1fddd03e03f8d5351813bcd7480d,a3d4f40c31ff1952475299958d99e8c5699279fa7ede05573759aa869c734281,/Users/arjunsharma/Documents/SandiaProjects/4-LDRDAMDIS/DIMSWE-feature-study-20260828/m1y_test2b_20260828_workspace/external-results/m1y-test2b-20260828/production/representation-B/m1y-seed0-m20-10k/checkpoint_000000100_parameters.npz,X,TRAINING TRUTH SUPPORT,0,80,POST-HOC CHECKPOINT EVALUATION,A,relative_RMS_error,0.0579761095152424,X training
t2b-b-m1y,Test 2B,B,M1-Y,M1-Y,500,8ea767ed1ba7b80c8e2cda0e2d85c0ee4f97956f1b7f8a59508d0517fc8a3757,58bbb7be3662995816ba3a76d18f01ad931c2cdd4655f211ac12386d653dd8d5,/Users/arjunsharma/Documents/SandiaProjects/4-LDRDAMDIS/DIMSWE-feature-study-20260828/m1y_test2b_20260828_workspace/external-results/m1y-test2b-20260828/production/representation-B/m1y-seed0-m20-10k/checkpoint_000000500_parameters.npz,X,TRAINING TRUTH SUPPORT,0,80,POST-HOC CHECKPOINT EVALUATION,A,relative_RMS_error,0.023350821671621,X training
t2b-b-m1y,Test 2B,B,M1-Y,M1-Y,1000,74d785bb4b2c130bfae950ef22df57c98bfdce6fa493ee39f113168a450966ac,d5bea6792f12e230705a4869f1d6db6a48c10d0ac45d81b5b07ff97daca8aabd,/Users/arjunsharma/Documents/SandiaProjects/4-LDRDAMDIS/DIMSWE-feature-study-20260828/m1y_test2b_20260828_workspace/external-results/m1y-test2b-20260828/production/representation-B/m1y-seed0-m20-10k/checkpoint_000001000_parameters.npz,X,TRAINING TRUTH SUPPORT,0,80,POST-HOC CHECKPOINT EVALUATION,A,relative_RMS_error,0.0231608871133911,X training
t2b-b-m1y,Test 2B,B,M1-Y,M1-Y,5000,a818a53f28b060e65e50e8ceebb29cfc077f8392c2259c2b54bca92270f59b38,b0e74f5ca99984d66a168e26a469e718f092491fc120c4e343d76061e16ae9d0,/Users/arjunsharma/Documents/SandiaProjects/4-LDRDAMDIS/DIMSWE-feature-study-20260828/m1y_test2b_20260828_workspace/external-results/m1y-test2b-20260828/production/representation-B/m1y-seed0-m20-10k/checkpoint_000005000_parameters.npz,X,TRAINING TRUTH SUPPORT,0,80,POST-HOC CHECKPOINT EVALUATION,A,relative_RMS_error,0.0151919385066875,X training
t2b-b-m1y,Test 2B,B,M1-Y,M1-Y,10000,1adbd173137cbf10928ee4b25865258fc97f74b3c2c4c0a09cfd8629020566ab,3a829ffff2c2ee96946c197e18a7bd7d7495c255212c61bec1b3d24d788a71ee,/Users/arjunsharma/Documents/SandiaProjects/4-LDRDAMDIS/DIMSWE-feature-study-20260828/m1y_test2b_20260828_workspace/external-results/m1y-test2b-20260828/production/representation-B/m1y-seed0-m20-10k/checkpoint_000010000_parameters.npz,X,TRAINING TRUTH SUPPORT,0,80,POST-HOC CHECKPOINT EVALUATION,A,relative_RMS_error,0.0106152021439383,X training
t2b-b-m1y,Test 2B,B,M1-Y,M1-Y,0,cfadd9f3ee02a78c5b3a946b88c039d9f7ed34e719325ff22c92e1fe4afac056,eac3262e534363da60729c45e1f25f248e15c332e801fac3a8700467a8cf3039,/Users/arjunsharma/Documents/SandiaProjects/4-LDRDAMDIS/DIMSWE-feature-study-20260828/m1y_test2b_20260828_workspace/external-results/m1y-test2b-20260828/production/representation-B/m1y-seed0-m20-10k/checkpoint_000000000_parameters.npz,X,HELD-OUT TRUTH SUPPORT,81,160,POST-HOC CHECKPOINT EVALUATION,A,relative_RMS_error,33.39410976329818,X held-out
t2b-b-m1y,Test 2B,B,M1-Y,M1-Y,1,7e21d5fd4326a68b324dcf79771d230ce522118b758c07ba04037564c9882809,a19e4bd822f7feddf5505d9a6895caa4c622b5275a001b0de61c2612dd874458,/Users/arjunsharma/Documents/SandiaProjects/4-LDRDAMDIS/DIMSWE-feature-study-20260828/m1y_test2b_20260828_workspace/external-results/m1y-test2b-20260828/production/representation-B/m1y-seed0-m20-10k/checkpoint_000000001_parameters.npz,X,HELD-OUT TRUTH SUPPORT,81,160,POST-HOC CHECKPOINT EVALUATION,A,relative_RMS_error,19.30619602088302,X held-out
t2b-b-m1y,Test 2B,B,M1-Y,M1-Y,5,b62514206777a98739ece9947719f52b29ee501eac27f4691073e686a66cb70a,d9b9a488a35266cf1fd814aac6c27f1e33d94a50974a16aeb7cf434390b17d2f,/Users/arjunsharma/Documents/SandiaProjects/4-LDRDAMDIS/DIMSWE-feature-study-20260828/m1y_test2b_20260828_workspace/external-results/m1y-test2b-20260828/production/representation-B/m1y-seed0-m20-10k/checkpoint_000000005_parameters.npz,X,HELD-OUT TRUTH SUPPORT,81,160,POST-HOC CHECKPOINT EVALUATION,A,relative_RMS_error,51.43982454364507,X held-out
t2b-b-m1y,Test 2B,B,M1-Y,M1-Y,10,bb4de844fcfef20f82290fc8b30e2b398ab6cfe2d89dd4a872f0736a42fdcfce,3749fa6c0110b5c90903692bc71410c3aa9390e1238e1c9888de63a96c4df794,/Users/arjunsharma/Documents/SandiaProjects/4-LDRDAMDIS/DIMSWE-feature-study-20260828/m1y_test2b_20260828_workspace/external-results/m1y-test2b-20260828/production/representation-B/m1y-seed0-m20-10k/checkpoint_000000010_parameters.npz,X,HELD-OUT TRUTH SUPPORT,81,160,POST-HOC CHECKPOINT EVALUATION,A,relative_RMS_error,42.96976413443524,X held-out
t2b-b-m1y,Test 2B,B,M1-Y,M1-Y,20,c9a4f98d97f1f6953dcd85433f7be653e7883230266f03b17b18086f0d40ea25,4574dbdaebb41cb89105afb015b9d529475e0e28efdbf4242c9fc44f8fd11abd,/Users/arjunsharma/Documents/SandiaProjects/4-LDRDAMDIS/DIMSWE-feature-study-20260828/m1y_test2b_20260828_workspace/external-results/m1y-test2b-20260828/production/representation-B/m1y-seed0-m20-10k/checkpoint_000000020_parameters.npz,X,HELD-OUT TRUTH SUPPORT,81,160,POST-HOC CHECKPOINT EVALUATION,A,relative_RMS_error,25.86118645910631,X held-out
t2b-b-m1y,Test 2B,B,M1-Y,M1-Y,100,072a66c244feb3e131e39076536d26459c9b1fddd03e03f8d5351813bcd7480d,a3d4f40c31ff1952475299958d99e8c5699279fa7ede05573759aa869c734281,/Users/arjunsharma/Documents/SandiaProjects/4-LDRDAMDIS/DIMSWE-feature-study-20260828/m1y_test2b_20260828_workspace/external-results/m1y-test2b-20260828/production/representation-B/m1y-seed0-m20-10k/checkpoint_000000100_parameters.npz,X,HELD-OUT TRUTH SUPPORT,81,160,POST-HOC CHECKPOINT EVALUATION,A,relative_RMS_error,12.723558455951505,X held-out
t2b-b-m1y,Test 2B,B,M1-Y,M1-Y,500,8ea767ed1ba7b80c8e2cda0e2d85c0ee4f97956f1b7f8a59508d0517fc8a3757,58bbb7be3662995816ba3a76d18f01ad931c2cdd4655f211ac12386d653dd8d5,/Users/arjunsharma/Documents/SandiaProjects/4-LDRDAMDIS/DIMSWE-feature-study-20260828/m1y_test2b_20260828_workspace/external-results/m1y-test2b-20260828/production/representation-B/m1y-seed0-m20-10k/checkpoint_000000500_parameters.npz,X,HELD-OUT TRUTH SUPPORT,81,160,POST-HOC CHECKPOINT EVALUATION,A,relative_RMS_error,7.276064261962809,X held-out
t2b-b-m1y,Test 2B,B,M1-Y,M1-Y,1000,74d785bb4b2c130bfae950ef22df57c98bfdce6fa493ee39f113168a450966ac,d5bea6792f12e230705a4869f1d6db6a48c10d0ac45d81b5b07ff97daca8aabd,/Users/arjunsharma/Documents/SandiaProjects/4-LDRDAMDIS/DIMSWE-feature-study-20260828/m1y_test2b_20260828_workspace/external-results/m1y-test2b-20260828/production/representation-B/m1y-seed0-m20-10k/checkpoint_000001000_parameters.npz,X,HELD-OUT TRUTH SUPPORT,81,160,POST-HOC CHECKPOINT EVALUATION,A,relative_RMS_error,6.663351683608322,X held-out
t2b-b-m1y,Test 2B,B,M1-Y,M1-Y,5000,a818a53f28b060e65e50e8ceebb29cfc077f8392c2259c2b54bca92270f59b38,b0e74f5ca99984d66a168e26a469e718f092491fc120c4e343d76061e16ae9d0,/Users/arjunsharma/Documents/SandiaProjects/4-LDRDAMDIS/DIMSWE-feature-study-20260828/m1y_test2b_20260828_workspace/external-results/m1y-test2b-20260828/production/representation-B/m1y-seed0-m20-10k/checkpoint_000005000_parameters.npz,X,HELD-OUT TRUTH SUPPORT,81,160,POST-HOC CHECKPOINT EVALUATION,A,relative_RMS_error,3.0467075174604945,X held-out
t2b-b-m1y,Test 2B,B,M1-Y,M1-Y,10000,1adbd173137cbf10928ee4b25865258fc97f74b3c2c4c0a09cfd8629020566ab,3a829ffff2c2ee96946c197e18a7bd7d7495c255212c61bec1b3d24d788a71ee,/Users/arjunsharma/Documents/SandiaProjects/4-LDRDAMDIS/DIMSWE-feature-study-20260828/m1y_test2b_20260828_workspace/external-results/m1y-test2b-20260828/production/representation-B/m1y-seed0-m20-10k/checkpoint_000010000_parameters.npz,X,HELD-OUT TRUTH SUPPORT,81,160,POST-HOC CHECKPOINT EVALUATION,A,relative_RMS_error,6.341351512710156,X held-out
t2b-b-m1y,Test 2B,B,M1-Y,M1-Y,0,cfadd9f3ee02a78c5b3a946b88c039d9f7ed34e719325ff22c92e1fe4afac056,eac3262e534363da60729c45e1f25f248e15c332e801fac3a8700467a8cf3039,/Users/arjunsharma/Documents/SandiaProjects/4-LDRDAMDIS/DIMSWE-feature-study-20260828/m1y_test2b_20260828_workspace/external-results/m1y-test2b-20260828/production/representation-B/m1y-seed0-m20-10k/checkpoint_000000000_parameters.npz,Y,TRAINING TRUTH SUPPORT,0,80,POST-HOC CHECKPOINT EVALUATION,A,relative_RMS_error,0.9726549931299968,Y training
t2b-b-m1y,Test 2B,B,M1-Y,M1-Y,1,7e21d5fd4326a68b324dcf79771d230ce522118b758c07ba04037564c9882809,a19e4bd822f7feddf5505d9a6895caa4c622b5275a001b0de61c2612dd874458,/Users/arjunsharma/Documents/SandiaProjects/4-LDRDAMDIS/DIMSWE-feature-study-20260828/m1y_test2b_20260828_workspace/external-results/m1y-test2b-20260828/production/representation-B/m1y-seed0-m20-10k/checkpoint_000000001_parameters.npz,Y,TRAINING TRUTH SUPPORT,0,80,POST-HOC CHECKPOINT EVALUATION,A,relative_RMS_error,0.8658710348657503,Y training
t2b-b-m1y,Test 2B,B,M1-Y,M1-Y,5,b62514206777a98739ece9947719f52b29ee501eac27f4691073e686a66cb70a,d9b9a488a35266cf1fd814aac6c27f1e33d94a50974a16aeb7cf434390b17d2f,/Users/arjunsharma/Documents/SandiaProjects/4-LDRDAMDIS/DIMSWE-feature-study-20260828/m1y_test2b_20260828_workspace/external-results/m1y-test2b-20260828/production/representation-B/m1y-seed0-m20-10k/checkpoint_000000005_parameters.npz,Y,TRAINING TRUTH SUPPORT,0,80,POST-HOC CHECKPOINT EVALUATION,A,relative_RMS_error,0.5863516220682847,Y training
t2b-b-m1y,Test 2B,B,M1-Y,M1-Y,10,bb4de844fcfef20f82290fc8b30e2b398ab6cfe2d89dd4a872f0736a42fdcfce,3749fa6c0110b5c90903692bc71410c3aa9390e1238e1c9888de63a96c4df794,/Users/arjunsharma/Documents/SandiaProjects/4-LDRDAMDIS/DIMSWE-feature-study-20260828/m1y_test2b_20260828_workspace/external-results/m1y-test2b-20260828/production/representation-B/m1y-seed0-m20-10k/checkpoint_000000010_parameters.npz,Y,TRAINING TRUTH SUPPORT,0,80,POST-HOC CHECKPOINT EVALUATION,A,relative_RMS_error,0.4412089152171863,Y training
t2b-b-m1y,Test 2B,B,M1-Y,M1-Y,20,c9a4f98d97f1f6953dcd85433f7be653e7883230266f03b17b18086f0d40ea25,4574dbdaebb41cb89105afb015b9d529475e0e28efdbf4242c9fc44f8fd11abd,/Users/arjunsharma/Documents/SandiaProjects/4-LDRDAMDIS/DIMSWE-feature-study-20260828/m1y_test2b_20260828_workspace/external-results/m1y-test2b-20260828/production/representation-B/m1y-seed0-m20-10k/checkpoint_000000020_parameters.npz,Y,TRAINING TRUTH SUPPORT,0,80,POST-HOC CHECKPOINT EVALUATION,A,relative_RMS_error,0.3166591081285351,Y training
t2b-b-m1y,Test 2B,B,M1-Y,M1-Y,100,072a66c244feb3e131e39076536d26459c9b1fddd03e03f8d5351813bcd7480d,a3d4f40c31ff1952475299958d99e8c5699279fa7ede05573759aa869c734281,/Users/arjunsharma/Documents/SandiaProjects/4-LDRDAMDIS/DIMSWE-feature-study-20260828/m1y_test2b_20260828_workspace/external-results/m1y-test2b-20260828/production/representation-B/m1y-seed0-m20-10k/checkpoint_000000100_parameters.npz,Y,TRAINING TRUTH SUPPORT,0,80,POST-HOC CHECKPOINT EVALUATION,A,relative_RMS_error,0.0557639317306673,Y training
t2b-b-m1y,Test 2B,B,M1-Y,M1-Y,500,8ea767ed1ba7b80c8e2cda0e2d85c0ee4f97956f1b7f8a59508d0517fc8a3757,58bbb7be3662995816ba3a76d18f01ad931c2cdd4655f211ac12386d653dd8d5,/Users/arjunsharma/Documents/SandiaProjects/4-LDRDAMDIS/DIMSWE-feature-study-20260828/m1y_test2b_20260828_workspace/external-results/m1y-test2b-20260828/production/representation-B/m1y-seed0-m20-10k/checkpoint_000000500_parameters.npz,Y,TRAINING TRUTH SUPPORT,0,80,POST-HOC CHECKPOINT EVALUATION,A,relative_RMS_error,0.0174302520046069,Y training
t2b-b-m1y,Test 2B,B,M1-Y,M1-Y,1000,74d785bb4b2c130bfae950ef22df57c98bfdce6fa493ee39f113168a450966ac,d5bea6792f12e230705a4869f1d6db6a48c10d0ac45d81b5b07ff97daca8aabd,/Users/arjunsharma/Documents/SandiaProjects/4-LDRDAMDIS/DIMSWE-feature-study-20260828/m1y_test2b_20260828_workspace/external-results/m1y-test2b-20260828/production/representation-B/m1y-seed0-m20-10k/checkpoint_000001000_parameters.npz,Y,TRAINING TRUTH SUPPORT,0,80,POST-HOC CHECKPOINT EVALUATION,A,relative_RMS_error,0.0165582928907982,Y training
t2b-b-m1y,Test 2B,B,M1-Y,M1-Y,5000,a818a53f28b060e65e50e8ceebb29cfc077f8392c2259c2b54bca92270f59b38,b0e74f5ca99984d66a168e26a469e718f092491fc120c4e343d76061e16ae9d0,/Users/arjunsharma/Documents/SandiaProjects/4-LDRDAMDIS/DIMSWE-feature-study-20260828/m1y_test2b_20260828_workspace/external-results/m1y-test2b-20260828/production/representation-B/m1y-seed0-m20-10k/checkpoint_000005000_parameters.npz,Y,TRAINING TRUTH SUPPORT,0,80,POST-HOC CHECKPOINT EVALUATION,A,relative_RMS_error,0.0099282498646882,Y training
t2b-b-m1y,Test 2B,B,M1-Y,M1-Y,10000,1adbd173137cbf10928ee4b25865258fc97f74b3c2c4c0a09cfd8629020566ab,3a829ffff2c2ee96946c197e18a7bd7d7495c255212c61bec1b3d24d788a71ee,/Users/arjunsharma/Documents/SandiaProjects/4-LDRDAMDIS/DIMSWE-feature-study-20260828/m1y_test2b_20260828_workspace/external-results/m1y-test2b-20260828/production/representation-B/m1y-seed0-m20-10k/checkpoint_000010000_parameters.npz,Y,TRAINING TRUTH SUPPORT,0,80,POST-HOC CHECKPOINT EVALUATION,A,relative_RMS_error,0.0053411537429543,Y training
t2b-b-m1y,Test 2B,B,M1-Y,M1-Y,0,cfadd9f3ee02a78c5b3a946b88c039d9f7ed34e719325ff22c92e1fe4afac056,eac3262e534363da60729c45e1f25f248e15c332e801fac3a8700467a8cf3039,/Users/arjunsharma/Documents/SandiaProjects/4-LDRDAMDIS/DIMSWE-feature-study-20260828/m1y_test2b_20260828_workspace/external-results/m1y-test2b-20260828/production/representation-B/m1y-seed0-m20-10k/checkpoint_000000000_parameters.npz,Y,HELD-OUT TRUTH SUPPORT,81,160,POST-HOC CHECKPOINT EVALUATION,A,relative_RMS_error,15.723098401729851,Y held-out
t2b-b-m1y,Test 2B,B,M1-Y,M1-Y,1,7e21d5fd4326a68b324dcf79771d230ce522118b758c07ba04037564c9882809,a19e4bd822f7feddf5505d9a6895caa4c622b5275a001b0de61c2612dd874458,/Users/arjunsharma/Documents/SandiaProjects/4-LDRDAMDIS/DIMSWE-feature-study-20260828/m1y_test2b_20260828_workspace/external-results/m1y-test2b-20260828/production/representation-B/m1y-seed0-m20-10k/checkpoint_000000001_parameters.npz,Y,HELD-OUT TRUTH SUPPORT,81,160,POST-HOC CHECKPOINT EVALUATION,A,relative_RMS_error,9.01523283388575,Y held-out
t2b-b-m1y,Test 2B,B,M1-Y,M1-Y,5,b62514206777a98739ece9947719f52b29ee501eac27f4691073e686a66cb70a,d9b9a488a35266cf1fd814aac6c27f1e33d94a50974a16aeb7cf434390b17d2f,/Users/arjunsharma/Documents/SandiaProjects/4-LDRDAMDIS/DIMSWE-feature-study-20260828/m1y_test2b_20260828_workspace/external-results/m1y-test2b-20260828/production/representation-B/m1y-seed0-m20-10k/checkpoint_000000005_parameters.npz,Y,HELD-OUT TRUTH SUPPORT,81,160,POST-HOC CHECKPOINT EVALUATION,A,relative_RMS_error,23.952843395121455,Y held-out
t2b-b-m1y,Test 2B,B,M1-Y,M1-Y,10,bb4de844fcfef20f82290fc8b30e2b398ab6cfe2d89dd4a872f0736a42fdcfce,3749fa6c0110b5c90903692bc71410c3aa9390e1238e1c9888de63a96c4df794,/Users/arjunsharma/Documents/SandiaProjects/4-LDRDAMDIS/DIMSWE-feature-study-20260828/m1y_test2b_20260828_workspace/external-results/m1y-test2b-20260828/production/representation-B/m1y-seed0-m20-10k/checkpoint_000000010_parameters.npz,Y,HELD-OUT TRUTH SUPPORT,81,160,POST-HOC CHECKPOINT EVALUATION,A,relative_RMS_error,20.057985310861707,Y held-out
t2b-b-m1y,Test 2B,B,M1-Y,M1-Y,20,c9a4f98d97f1f6953dcd85433f7be653e7883230266f03b17b18086f0d40ea25,4574dbdaebb41cb89105afb015b9d529475e0e28efdbf4242c9fc44f8fd11abd,/Users/arjunsharma/Documents/SandiaProjects/4-LDRDAMDIS/DIMSWE-feature-study-20260828/m1y_test2b_20260828_workspace/external-results/m1y-test2b-20260828/production/representation-B/m1y-seed0-m20-10k/checkpoint_000000020_parameters.npz,Y,HELD-OUT TRUTH SUPPORT,81,160,POST-HOC CHECKPOINT EVALUATION,A,relative_RMS_error,12.100100338298176,Y held-out
t2b-b-m1y,Test 2B,B,M1-Y,M1-Y,100,072a66c244feb3e131e39076536d26459c9b1fddd03e03f8d5351813bcd7480d,a3d4f40c31ff1952475299958d99e8c5699279fa7ede05573759aa869c734281,/Users/arjunsharma/Documents/SandiaProjects/4-LDRDAMDIS/DIMSWE-feature-study-20260828/m1y_test2b_20260828_workspace/external-results/m1y-test2b-20260828/production/representation-B/m1y-seed0-m20-10k/checkpoint_000000100_parameters.npz,Y,HELD-OUT TRUTH SUPPORT,81,160,POST-HOC CHECKPOINT EVALUATION,A,relative_RMS_error,6.003464643516099,Y held-out
t2b-b-m1y,Test 2B,B,M1-Y,M1-Y,500,8ea767ed1ba7b80c8e2cda0e2d85c0ee4f97956f1b7f8a59508d0517fc8a3757,58bbb7be3662995816ba3a76d18f01ad931c2cdd4655f211ac12386d653dd8d5,/Users/arjunsharma/Documents/SandiaProjects/4-LDRDAMDIS/DIMSWE-feature-study-20260828/m1y_test2b_20260828_workspace/external-results/m1y-test2b-20260828/production/representation-B/m1y-seed0-m20-10k/checkpoint_000000500_parameters.npz,Y,HELD-OUT TRUTH SUPPORT,81,160,POST-HOC CHECKPOINT EVALUATION,A,relative_RMS_error,3.513644298136135,Y held-out
t2b-b-m1y,Test 2B,B,M1-Y,M1-Y,1000,74d785bb4b2c130bfae950ef22df57c98bfdce6fa493ee39f113168a450966ac,d5bea6792f12e230705a4869f1d6db6a48c10d0ac45d81b5b07ff97daca8aabd,/Users/arjunsharma/Documents/SandiaProjects/4-LDRDAMDIS/DIMSWE-feature-study-20260828/m1y_test2b_20260828_workspace/external-results/m1y-test2b-20260828/production/representation-B/m1y-seed0-m20-10k/checkpoint_000001000_parameters.npz,Y,HELD-OUT TRUTH SUPPORT,81,160,POST-HOC CHECKPOINT EVALUATION,A,relative_RMS_error,3.2174533125711204,Y held-out
t2b-b-m1y,Test 2B,B,M1-Y,M1-Y,5000,a818a53f28b060e65e50e8ceebb29cfc077f8392c2259c2b54bca92270f59b38,b0e74f5ca99984d66a168e26a469e718f092491fc120c4e343d76061e16ae9d0,/Users/arjunsharma/Documents/SandiaProjects/4-LDRDAMDIS/DIMSWE-feature-study-20260828/m1y_test2b_20260828_workspace/external-results/m1y-test2b-20260828/production/representation-B/m1y-seed0-m20-10k/checkpoint_000005000_parameters.npz,Y,HELD-OUT TRUTH SUPPORT,81,160,POST-HOC CHECKPOINT EVALUATION,A,relative_RMS_error,1.438994086817961,Y held-out
t2b-b-m1y,Test 2B,B,M1-Y,M1-Y,10000,1adbd173137cbf10928ee4b25865258fc97f74b3c2c4c0a09cfd8629020566ab,3a829ffff2c2ee96946c197e18a7bd7d7495c255212c61bec1b3d24d788a71ee,/Users/arjunsharma/Documents/SandiaProjects/4-LDRDAMDIS/DIMSWE-feature-study-20260828/m1y_test2b_20260828_workspace/external-results/m1y-test2b-20260828/production/representation-B/m1y-seed0-m20-10k/checkpoint_000010000_parameters.npz,Y,HELD-OUT TRUTH SUPPORT,81,160,POST-HOC CHECKPOINT EVALUATION,A,relative_RMS_error,2.9270513111615144,Y held-out
t2b-b-m1x,Test 2B,B,M1-X,M1-X,0,cfadd9f3ee02a78c5b3a946b88c039d9f7ed34e719325ff22c92e1fe4afac056,eac3262e534363da60729c45e1f25f248e15c332e801fac3a8700467a8cf3039,/Users/arjunsharma/Documents/SandiaProjects/4-LDRDAMDIS/DIMSWE-study-d0eb615/external-results/test2b-rain-active-learning/production/representation-B/m1-seed0-m20-10k/checkpoint_000000000_parameters.npz,X,TRAINING TRUTH SUPPORT,0,80,POST-HOC CHECKPOINT EVALUATION,R_truth_active,relative_RMS_error,0.931172568620092,X training
t2b-b-m1x,Test 2B,B,M1-X,M1-X,1,6f403a6dd44c0c98ef154b5a65371e78f01cfaca09e17489625b1778234690db,8a81671fdd3b77f3c0088eec89100022dfe215326e4a02c6b62b30fb08c36606,/Users/arjunsharma/Documents/SandiaProjects/4-LDRDAMDIS/DIMSWE-study-d0eb615/external-results/test2b-rain-active-learning/production/representation-B/m1-seed0-m20-10k/checkpoint_000000001_parameters.npz,X,TRAINING TRUTH SUPPORT,0,80,POST-HOC CHECKPOINT EVALUATION,R_truth_active,relative_RMS_error,0.8457440864964694,X training
t2b-b-m1x,Test 2B,B,M1-X,M1-X,5,dd90f4a3e5aa666550f17bb4650c2af99e2f14cbc917bffbd37d389fa9261887,c3b90cf4cbc4380c6b9d8393180d2aee086a48ed531b6e0d2c1cf2b224ab9870,/Users/arjunsharma/Documents/SandiaProjects/4-LDRDAMDIS/DIMSWE-study-d0eb615/external-results/test2b-rain-active-learning/production/representation-B/m1-seed0-m20-10k/checkpoint_000000005_parameters.npz,X,TRAINING TRUTH SUPPORT,0,80,POST-HOC CHECKPOINT EVALUATION,R_truth_active,relative_RMS_error,0.9533431335258066,X training
t2b-b-m1x,Test 2B,B,M1-X,M1-X,10,8ad46c08b4ae5c7eede1eeca59923060d5d46698528938fb262f5ec620bdf058,818068fb9ffc19ff81e016d2df53f713452fd2681a005a9769531953b76cb510,/Users/arjunsharma/Documents/SandiaProjects/4-LDRDAMDIS/DIMSWE-study-d0eb615/external-results/test2b-rain-active-learning/production/representation-B/m1-seed0-m20-10k/checkpoint_000000010_parameters.npz,X,TRAINING TRUTH SUPPORT,0,80,POST-HOC CHECKPOINT EVALUATION,R_truth_active,relative_RMS_error,0.9812414366915544,X training
t2b-b-m1x,Test 2B,B,M1-X,M1-X,20,a9242776445d8de0b1373780f406999600e634f439537af8bf3b795290cc62e2,10b80275a85d8aa0ce67abb6ac573ad74a3a22c4ccc3e6c0f1ae5909b577bf95,/Users/arjunsharma/Documents/SandiaProjects/4-LDRDAMDIS/DIMSWE-study-d0eb615/external-results/test2b-rain-active-learning/production/representation-B/m1-seed0-m20-10k/checkpoint_000000020_parameters.npz,X,TRAINING TRUTH SUPPORT,0,80,POST-HOC CHECKPOINT EVALUATION,R_truth_active,relative_RMS_error,0.8639678222507788,X training
t2b-b-m1x,Test 2B,B,M1-X,M1-X,100,b5dffceb42ce53a964f85cdc0f654629c00c5ac9fbafc8d822f7ba3ba88a48c1,b8725186434d2dc185b8978c0f156218822300d6e68a562ac0bbdad04620211d,/Users/arjunsharma/Documents/SandiaProjects/4-LDRDAMDIS/DIMSWE-study-d0eb615/external-results/test2b-rain-active-learning/production/representation-B/m1-seed0-m20-10k/checkpoint_000000100_parameters.npz,X,TRAINING TRUTH SUPPORT,0,80,POST-HOC CHECKPOINT EVALUATION,R_truth_active,relative_RMS_error,0.7987336960196741,X training
t2b-b-m1x,Test 2B,B,M1-X,M1-X,500,b26e83c7970f3b18dc5d42368c1d8792ffb2295745056a0283cf9891640b1b65,aefa9c364d761cea3c1dc8a0d96b870448e31564573bad8b18f98ffaae797976,/Users/arjunsharma/Documents/SandiaProjects/4-LDRDAMDIS/DIMSWE-study-d0eb615/external-results/test2b-rain-active-learning/production/representation-B/m1-seed0-m20-10k/checkpoint_000000500_parameters.npz,X,TRAINING TRUTH SUPPORT,0,80,POST-HOC CHECKPOINT EVALUATION,R_truth_active,relative_RMS_error,0.0802715672898994,X training
t2b-b-m1x,Test 2B,B,M1-X,M1-X,1000,3c50d0bcbecd34c861b3312354bb8539c67462687dfd49f207f9fb9797972ced,375a4e6a3f281d1519cfff67db7963343190d6317660c89b09caf1c03a62276d,/Users/arjunsharma/Documents/SandiaProjects/4-LDRDAMDIS/DIMSWE-study-d0eb615/external-results/test2b-rain-active-learning/production/representation-B/m1-seed0-m20-10k/checkpoint_000001000_parameters.npz,X,TRAINING TRUTH SUPPORT,0,80,POST-HOC CHECKPOINT EVALUATION,R_truth_active,relative_RMS_error,0.0498821534200254,X training
t2b-b-m1x,Test 2B,B,M1-X,M1-X,5000,1c06c5fee6164959e789f73c83a7a4b362156b55a21f345c79a767126589d016,11b1d46346f77a6e9faf08a2747c24c20db995a0838d42c7f1ab18e6a6b939ea,/Users/arjunsharma/Documents/SandiaProjects/4-LDRDAMDIS/DIMSWE-study-d0eb615/external-results/test2b-rain-active-learning/production/representation-B/m1-seed0-m20-10k/checkpoint_000005000_parameters.npz,X,TRAINING TRUTH SUPPORT,0,80,POST-HOC CHECKPOINT EVALUATION,R_truth_active,relative_RMS_error,0.009943952941573,X training
t2b-b-m1x,Test 2B,B,M1-X,M1-X,10000,cfc9d3da6a8d07d74ae17e3d9a5beabe434e63b8005e95df4a1925c3a63c609c,a740fa161ad5ff954beb73b4b44fda51b705ce34a40718bd8912716425aeb459,/Users/arjunsharma/Documents/SandiaProjects/4-LDRDAMDIS/DIMSWE-study-d0eb615/external-results/test2b-rain-active-learning/production/representation-B/m1-seed0-m20-10k/checkpoint_000010000_parameters.npz,X,TRAINING TRUTH SUPPORT,0,80,POST-HOC CHECKPOINT EVALUATION,R_truth_active,relative_RMS_error,0.0095941705807928,X training
t2b-b-m1x,Test 2B,B,M1-X,M1-X,0,cfadd9f3ee02a78c5b3a946b88c039d9f7ed34e719325ff22c92e1fe4afac056,eac3262e534363da60729c45e1f25f248e15c332e801fac3a8700467a8cf3039,/Users/arjunsharma/Documents/SandiaProjects/4-LDRDAMDIS/DIMSWE-study-d0eb615/external-results/test2b-rain-active-learning/production/representation-B/m1-seed0-m20-10k/checkpoint_000000000_parameters.npz,X,HELD-OUT TRUTH SUPPORT,81,160,POST-HOC CHECKPOINT EVALUATION,R_truth_active,relative_RMS_error,0.9726874365486864,X held-out
t2b-b-m1x,Test 2B,B,M1-X,M1-X,1,6f403a6dd44c0c98ef154b5a65371e78f01cfaca09e17489625b1778234690db,8a81671fdd3b77f3c0088eec89100022dfe215326e4a02c6b62b30fb08c36606,/Users/arjunsharma/Documents/SandiaProjects/4-LDRDAMDIS/DIMSWE-study-d0eb615/external-results/test2b-rain-active-learning/production/representation-B/m1-seed0-m20-10k/checkpoint_000000001_parameters.npz,X,HELD-OUT TRUTH SUPPORT,81,160,POST-HOC CHECKPOINT EVALUATION,R_truth_active,relative_RMS_error,0.8709866757224899,X held-out
t2b-b-m1x,Test 2B,B,M1-X,M1-X,5,dd90f4a3e5aa666550f17bb4650c2af99e2f14cbc917bffbd37d389fa9261887,c3b90cf4cbc4380c6b9d8393180d2aee086a48ed531b6e0d2c1cf2b224ab9870,/Users/arjunsharma/Documents/SandiaProjects/4-LDRDAMDIS/DIMSWE-study-d0eb615/external-results/test2b-rain-active-learning/production/representation-B/m1-seed0-m20-10k/checkpoint_000000005_parameters.npz,X,HELD-OUT TRUTH SUPPORT,81,160,POST-HOC CHECKPOINT EVALUATION,R_truth_active,relative_RMS_error,0.9727155850855872,X held-out
t2b-b-m1x,Test 2B,B,M1-X,M1-X,10,8ad46c08b4ae5c7eede1eeca59923060d5d46698528938fb262f5ec620bdf058,818068fb9ffc19ff81e016d2df53f713452fd2681a005a9769531953b76cb510,/Users/arjunsharma/Documents/SandiaProjects/4-LDRDAMDIS/DIMSWE-study-d0eb615/external-results/test2b-rain-active-learning/production/representation-B/m1-seed0-m20-10k/checkpoint_000000010_parameters.npz,X,HELD-OUT TRUTH SUPPORT,81,160,POST-HOC CHECKPOINT EVALUATION,R_truth_active,relative_RMS_error,0.9663857832651588,X held-out
t2b-b-m1x,Test 2B,B,M1-X,M1-X,20,a9242776445d8de0b1373780f406999600e634f439537af8bf3b795290cc62e2,10b80275a85d8aa0ce67abb6ac573ad74a3a22c4ccc3e6c0f1ae5909b577bf95,/Users/arjunsharma/Documents/SandiaProjects/4-LDRDAMDIS/DIMSWE-study-d0eb615/external-results/test2b-rain-active-learning/production/representation-B/m1-seed0-m20-10k/checkpoint_000000020_parameters.npz,X,HELD-OUT TRUTH SUPPORT,81,160,POST-HOC CHECKPOINT EVALUATION,R_truth_active,relative_RMS_error,0.8573226615906974,X held-out
t2b-b-m1x,Test 2B,B,M1-X,M1-X,100,b5dffceb42ce53a964f85cdc0f654629c00c5ac9fbafc8d822f7ba3ba88a48c1,b8725186434d2dc185b8978c0f156218822300d6e68a562ac0bbdad04620211d,/Users/arjunsharma/Documents/SandiaProjects/4-LDRDAMDIS/DIMSWE-study-d0eb615/external-results/test2b-rain-active-learning/production/representation-B/m1-seed0-m20-10k/checkpoint_000000100_parameters.npz,X,HELD-OUT TRUTH SUPPORT,81,160,POST-HOC CHECKPOINT EVALUATION,R_truth_active,relative_RMS_error,0.7950486581695723,X held-out
t2b-b-m1x,Test 2B,B,M1-X,M1-X,500,b26e83c7970f3b18dc5d42368c1d8792ffb2295745056a0283cf9891640b1b65,aefa9c364d761cea3c1dc8a0d96b870448e31564573bad8b18f98ffaae797976,/Users/arjunsharma/Documents/SandiaProjects/4-LDRDAMDIS/DIMSWE-study-d0eb615/external-results/test2b-rain-active-learning/production/representation-B/m1-seed0-m20-10k/checkpoint_000000500_parameters.npz,X,HELD-OUT TRUTH SUPPORT,81,160,POST-HOC CHECKPOINT EVALUATION,R_truth_active,relative_RMS_error,0.2198489974673229,X held-out
t2b-b-m1x,Test 2B,B,M1-X,M1-X,1000,3c50d0bcbecd34c861b3312354bb8539c67462687dfd49f207f9fb9797972ced,375a4e6a3f281d1519cfff67db7963343190d6317660c89b09caf1c03a62276d,/Users/arjunsharma/Documents/SandiaProjects/4-LDRDAMDIS/DIMSWE-study-d0eb615/external-results/test2b-rain-active-learning/production/representation-B/m1-seed0-m20-10k/checkpoint_000001000_parameters.npz,X,HELD-OUT TRUTH SUPPORT,81,160,POST-HOC CHECKPOINT EVALUATION,R_truth_active,relative_RMS_error,0.0798050617235291,X held-out
t2b-b-m1x,Test 2B,B,M1-X,M1-X,5000,1c06c5fee6164959e789f73c83a7a4b362156b55a21f345c79a767126589d016,11b1d46346f77a6e9faf08a2747c24c20db995a0838d42c7f1ab18e6a6b939ea,/Users/arjunsharma/Documents/SandiaProjects/4-LDRDAMDIS/DIMSWE-study-d0eb615/external-results/test2b-rain-active-learning/production/representation-B/m1-seed0-m20-10k/checkpoint_000005000_parameters.npz,X,HELD-OUT TRUTH SUPPORT,81,160,POST-HOC CHECKPOINT EVALUATION,R_truth_active,relative_RMS_error,0.0304072263167328,X held-out
t2b-b-m1x,Test 2B,B,M1-X,M1-X,10000,cfc9d3da6a8d07d74ae17e3d9a5beabe434e63b8005e95df4a1925c3a63c609c,a740fa161ad5ff954beb73b4b44fda51b705ce34a40718bd8912716425aeb459,/Users/arjunsharma/Documents/SandiaProjects/4-LDRDAMDIS/DIMSWE-study-d0eb615/external-results/test2b-rain-active-learning/production/representation-B/m1-seed0-m20-10k/checkpoint_000010000_parameters.npz,X,HELD-OUT TRUTH SUPPORT,81,160,POST-HOC CHECKPOINT EVALUATION,R_truth_active,relative_RMS_error,0.0189471763896229,X held-out
t2b-b-m1x,Test 2B,B,M1-X,M1-X,0,cfadd9f3ee02a78c5b3a946b88c039d9f7ed34e719325ff22c92e1fe4afac056,eac3262e534363da60729c45e1f25f248e15c332e801fac3a8700467a8cf3039,/Users/arjunsharma/Documents/SandiaProjects/4-LDRDAMDIS/DIMSWE-study-d0eb615/external-results/test2b-rain-active-learning/production/representation-B/m1-seed0-m20-10k/checkpoint_000000000_parameters.npz,Y,TRAINING TRUTH SUPPORT,0,80,POST-HOC CHECKPOINT EVALUATION,R_truth_active,relative_RMS_error,0.9315906472404808,Y training
t2b-b-m1x,Test 2B,B,M1-X,M1-X,1,6f403a6dd44c0c98ef154b5a65371e78f01cfaca09e17489625b1778234690db,8a81671fdd3b77f3c0088eec89100022dfe215326e4a02c6b62b30fb08c36606,/Users/arjunsharma/Documents/SandiaProjects/4-LDRDAMDIS/DIMSWE-study-d0eb615/external-results/test2b-rain-active-learning/production/representation-B/m1-seed0-m20-10k/checkpoint_000000001_parameters.npz,Y,TRAINING TRUTH SUPPORT,0,80,POST-HOC CHECKPOINT EVALUATION,R_truth_active,relative_RMS_error,0.8458536198390632,Y training
t2b-b-m1x,Test 2B,B,M1-X,M1-X,5,dd90f4a3e5aa666550f17bb4650c2af99e2f14cbc917bffbd37d389fa9261887,c3b90cf4cbc4380c6b9d8393180d2aee086a48ed531b6e0d2c1cf2b224ab9870,/Users/arjunsharma/Documents/SandiaProjects/4-LDRDAMDIS/DIMSWE-study-d0eb615/external-results/test2b-rain-active-learning/production/representation-B/m1-seed0-m20-10k/checkpoint_000000005_parameters.npz,Y,TRAINING TRUTH SUPPORT,0,80,POST-HOC CHECKPOINT EVALUATION,R_truth_active,relative_RMS_error,0.9534738601325836,Y training
t2b-b-m1x,Test 2B,B,M1-X,M1-X,10,8ad46c08b4ae5c7eede1eeca59923060d5d46698528938fb262f5ec620bdf058,818068fb9ffc19ff81e016d2df53f713452fd2681a005a9769531953b76cb510,/Users/arjunsharma/Documents/SandiaProjects/4-LDRDAMDIS/DIMSWE-study-d0eb615/external-results/test2b-rain-active-learning/production/representation-B/m1-seed0-m20-10k/checkpoint_000000010_parameters.npz,Y,TRAINING TRUTH SUPPORT,0,80,POST-HOC CHECKPOINT EVALUATION,R_truth_active,relative_RMS_error,0.9809949493674326,Y training
t2b-b-m1x,Test 2B,B,M1-X,M1-X,20,a9242776445d8de0b1373780f406999600e634f439537af8bf3b795290cc62e2,10b80275a85d8aa0ce67abb6ac573ad74a3a22c4ccc3e6c0f1ae5909b577bf95,/Users/arjunsharma/Documents/SandiaProjects/4-LDRDAMDIS/DIMSWE-study-d0eb615/external-results/test2b-rain-active-learning/production/representation-B/m1-seed0-m20-10k/checkpoint_000000020_parameters.npz,Y,TRAINING TRUTH SUPPORT,0,80,POST-HOC CHECKPOINT EVALUATION,R_truth_active,relative_RMS_error,0.863473312316184,Y training
t2b-b-m1x,Test 2B,B,M1-X,M1-X,100,b5dffceb42ce53a964f85cdc0f654629c00c5ac9fbafc8d822f7ba3ba88a48c1,b8725186434d2dc185b8978c0f156218822300d6e68a562ac0bbdad04620211d,/Users/arjunsharma/Documents/SandiaProjects/4-LDRDAMDIS/DIMSWE-study-d0eb615/external-results/test2b-rain-active-learning/production/representation-B/m1-seed0-m20-10k/checkpoint_000000100_parameters.npz,Y,TRAINING TRUTH SUPPORT,0,80,POST-HOC CHECKPOINT EVALUATION,R_truth_active,relative_RMS_error,0.7982598983935567,Y training
t2b-b-m1x,Test 2B,B,M1-X,M1-X,500,b26e83c7970f3b18dc5d42368c1d8792ffb2295745056a0283cf9891640b1b65,aefa9c364d761cea3c1dc8a0d96b870448e31564573bad8b18f98ffaae797976,/Users/arjunsharma/Documents/SandiaProjects/4-LDRDAMDIS/DIMSWE-study-d0eb615/external-results/test2b-rain-active-learning/production/representation-B/m1-seed0-m20-10k/checkpoint_000000500_parameters.npz,Y,TRAINING TRUTH SUPPORT,0,80,POST-HOC CHECKPOINT EVALUATION,R_truth_active,relative_RMS_error,0.0811510329302565,Y training
t2b-b-m1x,Test 2B,B,M1-X,M1-X,1000,3c50d0bcbecd34c861b3312354bb8539c67462687dfd49f207f9fb9797972ced,375a4e6a3f281d1519cfff67db7963343190d6317660c89b09caf1c03a62276d,/Users/arjunsharma/Documents/SandiaProjects/4-LDRDAMDIS/DIMSWE-study-d0eb615/external-results/test2b-rain-active-learning/production/representation-B/m1-seed0-m20-10k/checkpoint_000001000_parameters.npz,Y,TRAINING TRUTH SUPPORT,0,80,POST-HOC CHECKPOINT EVALUATION,R_truth_active,relative_RMS_error,0.0499720871801882,Y training
t2b-b-m1x,Test 2B,B,M1-X,M1-X,5000,1c06c5fee6164959e789f73c83a7a4b362156b55a21f345c79a767126589d016,11b1d46346f77a6e9faf08a2747c24c20db995a0838d42c7f1ab18e6a6b939ea,/Users/arjunsharma/Documents/SandiaProjects/4-LDRDAMDIS/DIMSWE-study-d0eb615/external-results/test2b-rain-active-learning/production/representation-B/m1-seed0-m20-10k/checkpoint_000005000_parameters.npz,Y,TRAINING TRUTH SUPPORT,0,80,POST-HOC CHECKPOINT EVALUATION,R_truth_active,relative_RMS_error,0.0099169896207329,Y training
t2b-b-m1x,Test 2B,B,M1-X,M1-X,10000,cfc9d3da6a8d07d74ae17e3d9a5beabe434e63b8005e95df4a1925c3a63c609c,a740fa161ad5ff954beb73b4b44fda51b705ce34a40718bd8912716425aeb459,/Users/arjunsharma/Documents/SandiaProjects/4-LDRDAMDIS/DIMSWE-study-d0eb615/external-results/test2b-rain-active-learning/production/representation-B/m1-seed0-m20-10k/checkpoint_000010000_parameters.npz,Y,TRAINING TRUTH SUPPORT,0,80,POST-HOC CHECKPOINT EVALUATION,R_truth_active,relative_RMS_error,0.0095527159095477,Y training
t2b-b-m1x,Test 2B,B,M1-X,M1-X,0,cfadd9f3ee02a78c5b3a946b88c039d9f7ed34e719325ff22c92e1fe4afac056,eac3262e534363da60729c45e1f25f248e15c332e801fac3a8700467a8cf3039,/Users/arjunsharma/Documents/SandiaProjects/4-LDRDAMDIS/DIMSWE-study-d0eb615/external-results/test2b-rain-active-learning/production/representation-B/m1-seed0-m20-10k/checkpoint_000000000_parameters.npz,Y,HELD-OUT TRUTH SUPPORT,81,160,POST-HOC CHECKPOINT EVALUATION,R_truth_active,relative_RMS_error,0.9726834137295568,Y held-out
t2b-b-m1x,Test 2B,B,M1-X,M1-X,1,6f403a6dd44c0c98ef154b5a65371e78f01cfaca09e17489625b1778234690db,8a81671fdd3b77f3c0088eec89100022dfe215326e4a02c6b62b30fb08c36606,/Users/arjunsharma/Documents/SandiaProjects/4-LDRDAMDIS/DIMSWE-study-d0eb615/external-results/test2b-rain-active-learning/production/representation-B/m1-seed0-m20-10k/checkpoint_000000001_parameters.npz,Y,HELD-OUT TRUTH SUPPORT,81,160,POST-HOC CHECKPOINT EVALUATION,R_truth_active,relative_RMS_error,0.8709535734294724,Y held-out
t2b-b-m1x,Test 2B,B,M1-X,M1-X,5,dd90f4a3e5aa666550f17bb4650c2af99e2f14cbc917bffbd37d389fa9261887,c3b90cf4cbc4380c6b9d8393180d2aee086a48ed531b6e0d2c1cf2b224ab9870,/Users/arjunsharma/Documents/SandiaProjects/4-LDRDAMDIS/DIMSWE-study-d0eb615/external-results/test2b-rain-active-learning/production/representation-B/m1-seed0-m20-10k/checkpoint_000000005_parameters.npz,Y,HELD-OUT TRUTH SUPPORT,81,160,POST-HOC CHECKPOINT EVALUATION,R_truth_active,relative_RMS_error,0.9727105909791648,Y held-out
t2b-b-m1x,Test 2B,B,M1-X,M1-X,10,8ad46c08b4ae5c7eede1eeca59923060d5d46698528938fb262f5ec620bdf058,818068fb9ffc19ff81e016d2df53f713452fd2681a005a9769531953b76cb510,/Users/arjunsharma/Documents/SandiaProjects/4-LDRDAMDIS/DIMSWE-study-d0eb615/external-results/test2b-rain-active-learning/production/representation-B/m1-seed0-m20-10k/checkpoint_000000010_parameters.npz,Y,HELD-OUT TRUTH SUPPORT,81,160,POST-HOC CHECKPOINT EVALUATION,R_truth_active,relative_RMS_error,0.9663800299290588,Y held-out
t2b-b-m1x,Test 2B,B,M1-X,M1-X,20,a9242776445d8de0b1373780f406999600e634f439537af8bf3b795290cc62e2,10b80275a85d8aa0ce67abb6ac573ad74a3a22c4ccc3e6c0f1ae5909b577bf95,/Users/arjunsharma/Documents/SandiaProjects/4-LDRDAMDIS/DIMSWE-study-d0eb615/external-results/test2b-rain-active-learning/production/representation-B/m1-seed0-m20-10k/checkpoint_000000020_parameters.npz,Y,HELD-OUT TRUTH SUPPORT,81,160,POST-HOC CHECKPOINT EVALUATION,R_truth_active,relative_RMS_error,0.8572961098271268,Y held-out
t2b-b-m1x,Test 2B,B,M1-X,M1-X,100,b5dffceb42ce53a964f85cdc0f654629c00c5ac9fbafc8d822f7ba3ba88a48c1,b8725186434d2dc185b8978c0f156218822300d6e68a562ac0bbdad04620211d,/Users/arjunsharma/Documents/SandiaProjects/4-LDRDAMDIS/DIMSWE-study-d0eb615/external-results/test2b-rain-active-learning/production/representation-B/m1-seed0-m20-10k/checkpoint_000000100_parameters.npz,Y,HELD-OUT TRUTH SUPPORT,81,160,POST-HOC CHECKPOINT EVALUATION,R_truth_active,relative_RMS_error,0.7950203481132723,Y held-out
t2b-b-m1x,Test 2B,B,M1-X,M1-X,500,b26e83c7970f3b18dc5d42368c1d8792ffb2295745056a0283cf9891640b1b65,aefa9c364d761cea3c1dc8a0d96b870448e31564573bad8b18f98ffaae797976,/Users/arjunsharma/Documents/SandiaProjects/4-LDRDAMDIS/DIMSWE-study-d0eb615/external-results/test2b-rain-active-learning/production/representation-B/m1-seed0-m20-10k/checkpoint_000000500_parameters.npz,Y,HELD-OUT TRUTH SUPPORT,81,160,POST-HOC CHECKPOINT EVALUATION,R_truth_active,relative_RMS_error,0.2202801269389987,Y held-out
t2b-b-m1x,Test 2B,B,M1-X,M1-X,1000,3c50d0bcbecd34c861b3312354bb8539c67462687dfd49f207f9fb9797972ced,375a4e6a3f281d1519cfff67db7963343190d6317660c89b09caf1c03a62276d,/Users/arjunsharma/Documents/SandiaProjects/4-LDRDAMDIS/DIMSWE-study-d0eb615/external-results/test2b-rain-active-learning/production/representation-B/m1-seed0-m20-10k/checkpoint_000001000_parameters.npz,Y,HELD-OUT TRUTH SUPPORT,81,160,POST-HOC CHECKPOINT EVALUATION,R_truth_active,relative_RMS_error,0.0798377333247906,Y held-out
t2b-b-m1x,Test 2B,B,M1-X,M1-X,5000,1c06c5fee6164959e789f73c83a7a4b362156b55a21f345c79a767126589d016,11b1d46346f77a6e9faf08a2747c24c20db995a0838d42c7f1ab18e6a6b939ea,/Users/arjunsharma/Documents/SandiaProjects/4-LDRDAMDIS/DIMSWE-study-d0eb615/external-results/test2b-rain-active-learning/production/representation-B/m1-seed0-m20-10k/checkpoint_000005000_parameters.npz,Y,HELD-OUT TRUTH SUPPORT,81,160,POST-HOC CHECKPOINT EVALUATION,R_truth_active,relative_RMS_error,0.0306375451610406,Y held-out
t2b-b-m1x,Test 2B,B,M1-X,M1-X,10000,cfc9d3da6a8d07d74ae17e3d9a5beabe434e63b8005e95df4a1925c3a63c609c,a740fa161ad5ff954beb73b4b44fda51b705ce34a40718bd8912716425aeb459,/Users/arjunsharma/Documents/SandiaProjects/4-LDRDAMDIS/DIMSWE-study-d0eb615/external-results/test2b-rain-active-learning/production/representation-B/m1-seed0-m20-10k/checkpoint_000010000_parameters.npz,Y,HELD-OUT TRUTH SUPPORT,81,160,POST-HOC CHECKPOINT EVALUATION,R_truth_active,relative_RMS_error,0.0189928596134368,Y held-out
t2b-b-m1y,Test 2B,B,M1-Y,M1-Y,0,cfadd9f3ee02a78c5b3a946b88c039d9f7ed34e719325ff22c92e1fe4afac056,eac3262e534363da60729c45e1f25f248e15c332e801fac3a8700467a8cf3039,/Users/arjunsharma/Documents/SandiaProjects/4-LDRDAMDIS/DIMSWE-feature-study-20260828/m1y_test2b_20260828_workspace/external-results/m1y-test2b-20260828/production/representation-B/m1y-seed0-m20-10k/checkpoint_000000000_parameters.npz,X,TRAINING TRUTH SUPPORT,0,80,POST-HOC CHECKPOINT EVALUATION,R_truth_active,relative_RMS_error,0.931172568620092,X training
t2b-b-m1y,Test 2B,B,M1-Y,M1-Y,1,7e21d5fd4326a68b324dcf79771d230ce522118b758c07ba04037564c9882809,a19e4bd822f7feddf5505d9a6895caa4c622b5275a001b0de61c2612dd874458,/Users/arjunsharma/Documents/SandiaProjects/4-LDRDAMDIS/DIMSWE-feature-study-20260828/m1y_test2b_20260828_workspace/external-results/m1y-test2b-20260828/production/representation-B/m1y-seed0-m20-10k/checkpoint_000000001_parameters.npz,X,TRAINING TRUTH SUPPORT,0,80,POST-HOC CHECKPOINT EVALUATION,R_truth_active,relative_RMS_error,0.843345611080405,X training
t2b-b-m1y,Test 2B,B,M1-Y,M1-Y,5,b62514206777a98739ece9947719f52b29ee501eac27f4691073e686a66cb70a,d9b9a488a35266cf1fd814aac6c27f1e33d94a50974a16aeb7cf434390b17d2f,/Users/arjunsharma/Documents/SandiaProjects/4-LDRDAMDIS/DIMSWE-feature-study-20260828/m1y_test2b_20260828_workspace/external-results/m1y-test2b-20260828/production/representation-B/m1y-seed0-m20-10k/checkpoint_000000005_parameters.npz,X,TRAINING TRUTH SUPPORT,0,80,POST-HOC CHECKPOINT EVALUATION,R_truth_active,relative_RMS_error,0.9317257038880614,X training
t2b-b-m1y,Test 2B,B,M1-Y,M1-Y,10,bb4de844fcfef20f82290fc8b30e2b398ab6cfe2d89dd4a872f0736a42fdcfce,3749fa6c0110b5c90903692bc71410c3aa9390e1238e1c9888de63a96c4df794,/Users/arjunsharma/Documents/SandiaProjects/4-LDRDAMDIS/DIMSWE-feature-study-20260828/m1y_test2b_20260828_workspace/external-results/m1y-test2b-20260828/production/representation-B/m1y-seed0-m20-10k/checkpoint_000000010_parameters.npz,X,TRAINING TRUTH SUPPORT,0,80,POST-HOC CHECKPOINT EVALUATION,R_truth_active,relative_RMS_error,0.9815876113780648,X training
t2b-b-m1y,Test 2B,B,M1-Y,M1-Y,20,c9a4f98d97f1f6953dcd85433f7be653e7883230266f03b17b18086f0d40ea25,4574dbdaebb41cb89105afb015b9d529475e0e28efdbf4242c9fc44f8fd11abd,/Users/arjunsharma/Documents/SandiaProjects/4-LDRDAMDIS/DIMSWE-feature-study-20260828/m1y_test2b_20260828_workspace/external-results/m1y-test2b-20260828/production/representation-B/m1y-seed0-m20-10k/checkpoint_000000020_parameters.npz,X,TRAINING TRUTH SUPPORT,0,80,POST-HOC CHECKPOINT EVALUATION,R_truth_active,relative_RMS_error,0.899149839866107,X training
t2b-b-m1y,Test 2B,B,M1-Y,M1-Y,100,072a66c244feb3e131e39076536d26459c9b1fddd03e03f8d5351813bcd7480d,a3d4f40c31ff1952475299958d99e8c5699279fa7ede05573759aa869c734281,/Users/arjunsharma/Documents/SandiaProjects/4-LDRDAMDIS/DIMSWE-feature-study-20260828/m1y_test2b_20260828_workspace/external-results/m1y-test2b-20260828/production/representation-B/m1y-seed0-m20-10k/checkpoint_000000100_parameters.npz,X,TRAINING TRUTH SUPPORT,0,80,POST-HOC CHECKPOINT EVALUATION,R_truth_active,relative_RMS_error,0.7894696689757162,X training
t2b-b-m1y,Test 2B,B,M1-Y,M1-Y,500,8ea767ed1ba7b80c8e2cda0e2d85c0ee4f97956f1b7f8a59508d0517fc8a3757,58bbb7be3662995816ba3a76d18f01ad931c2cdd4655f211ac12386d653dd8d5,/Users/arjunsharma/Documents/SandiaProjects/4-LDRDAMDIS/DIMSWE-feature-study-20260828/m1y_test2b_20260828_workspace/external-results/m1y-test2b-20260828/production/representation-B/m1y-seed0-m20-10k/checkpoint_000000500_parameters.npz,X,TRAINING TRUTH SUPPORT,0,80,POST-HOC CHECKPOINT EVALUATION,R_truth_active,relative_RMS_error,0.0576538750288948,X training
t2b-b-m1y,Test 2B,B,M1-Y,M1-Y,1000,74d785bb4b2c130bfae950ef22df57c98bfdce6fa493ee39f113168a450966ac,d5bea6792f12e230705a4869f1d6db6a48c10d0ac45d81b5b07ff97daca8aabd,/Users/arjunsharma/Documents/SandiaProjects/4-LDRDAMDIS/DIMSWE-feature-study-20260828/m1y_test2b_20260828_workspace/external-results/m1y-test2b-20260828/production/representation-B/m1y-seed0-m20-10k/checkpoint_000001000_parameters.npz,X,TRAINING TRUTH SUPPORT,0,80,POST-HOC CHECKPOINT EVALUATION,R_truth_active,relative_RMS_error,0.0475944467346396,X training
t2b-b-m1y,Test 2B,B,M1-Y,M1-Y,5000,a818a53f28b060e65e50e8ceebb29cfc077f8392c2259c2b54bca92270f59b38,b0e74f5ca99984d66a168e26a469e718f092491fc120c4e343d76061e16ae9d0,/Users/arjunsharma/Documents/SandiaProjects/4-LDRDAMDIS/DIMSWE-feature-study-20260828/m1y_test2b_20260828_workspace/external-results/m1y-test2b-20260828/production/representation-B/m1y-seed0-m20-10k/checkpoint_000005000_parameters.npz,X,TRAINING TRUTH SUPPORT,0,80,POST-HOC CHECKPOINT EVALUATION,R_truth_active,relative_RMS_error,0.0302009790968309,X training
t2b-b-m1y,Test 2B,B,M1-Y,M1-Y,10000,1adbd173137cbf10928ee4b25865258fc97f74b3c2c4c0a09cfd8629020566ab,3a829ffff2c2ee96946c197e18a7bd7d7495c255212c61bec1b3d24d788a71ee,/Users/arjunsharma/Documents/SandiaProjects/4-LDRDAMDIS/DIMSWE-feature-study-20260828/m1y_test2b_20260828_workspace/external-results/m1y-test2b-20260828/production/representation-B/m1y-seed0-m20-10k/checkpoint_000010000_parameters.npz,X,TRAINING TRUTH SUPPORT,0,80,POST-HOC CHECKPOINT EVALUATION,R_truth_active,relative_RMS_error,0.0162965941905599,X training
t2b-b-m1y,Test 2B,B,M1-Y,M1-Y,0,cfadd9f3ee02a78c5b3a946b88c039d9f7ed34e719325ff22c92e1fe4afac056,eac3262e534363da60729c45e1f25f248e15c332e801fac3a8700467a8cf3039,/Users/arjunsharma/Documents/SandiaProjects/4-LDRDAMDIS/DIMSWE-feature-study-20260828/m1y_test2b_20260828_workspace/external-results/m1y-test2b-20260828/production/representation-B/m1y-seed0-m20-10k/checkpoint_000000000_parameters.npz,X,HELD-OUT TRUTH SUPPORT,81,160,POST-HOC CHECKPOINT EVALUATION,R_truth_active,relative_RMS_error,0.9726874365486864,X held-out
t2b-b-m1y,Test 2B,B,M1-Y,M1-Y,1,7e21d5fd4326a68b324dcf79771d230ce522118b758c07ba04037564c9882809,a19e4bd822f7feddf5505d9a6895caa4c622b5275a001b0de61c2612dd874458,/Users/arjunsharma/Documents/SandiaProjects/4-LDRDAMDIS/DIMSWE-feature-study-20260828/m1y_test2b_20260828_workspace/external-results/m1y-test2b-20260828/production/representation-B/m1y-seed0-m20-10k/checkpoint_000000001_parameters.npz,X,HELD-OUT TRUTH SUPPORT,81,160,POST-HOC CHECKPOINT EVALUATION,R_truth_active,relative_RMS_error,0.8679424563284929,X held-out
t2b-b-m1y,Test 2B,B,M1-Y,M1-Y,5,b62514206777a98739ece9947719f52b29ee501eac27f4691073e686a66cb70a,d9b9a488a35266cf1fd814aac6c27f1e33d94a50974a16aeb7cf434390b17d2f,/Users/arjunsharma/Documents/SandiaProjects/4-LDRDAMDIS/DIMSWE-feature-study-20260828/m1y_test2b_20260828_workspace/external-results/m1y-test2b-20260828/production/representation-B/m1y-seed0-m20-10k/checkpoint_000000005_parameters.npz,X,HELD-OUT TRUTH SUPPORT,81,160,POST-HOC CHECKPOINT EVALUATION,R_truth_active,relative_RMS_error,0.950433301802249,X held-out
t2b-b-m1y,Test 2B,B,M1-Y,M1-Y,10,bb4de844fcfef20f82290fc8b30e2b398ab6cfe2d89dd4a872f0736a42fdcfce,3749fa6c0110b5c90903692bc71410c3aa9390e1238e1c9888de63a96c4df794,/Users/arjunsharma/Documents/SandiaProjects/4-LDRDAMDIS/DIMSWE-feature-study-20260828/m1y_test2b_20260828_workspace/external-results/m1y-test2b-20260828/production/representation-B/m1y-seed0-m20-10k/checkpoint_000000010_parameters.npz,X,HELD-OUT TRUTH SUPPORT,81,160,POST-HOC CHECKPOINT EVALUATION,R_truth_active,relative_RMS_error,0.966488117259721,X held-out
t2b-b-m1y,Test 2B,B,M1-Y,M1-Y,20,c9a4f98d97f1f6953dcd85433f7be653e7883230266f03b17b18086f0d40ea25,4574dbdaebb41cb89105afb015b9d529475e0e28efdbf4242c9fc44f8fd11abd,/Users/arjunsharma/Documents/SandiaProjects/4-LDRDAMDIS/DIMSWE-feature-study-20260828/m1y_test2b_20260828_workspace/external-results/m1y-test2b-20260828/production/representation-B/m1y-seed0-m20-10k/checkpoint_000000020_parameters.npz,X,HELD-OUT TRUTH SUPPORT,81,160,POST-HOC CHECKPOINT EVALUATION,R_truth_active,relative_RMS_error,0.8803520238910009,X held-out
t2b-b-m1y,Test 2B,B,M1-Y,M1-Y,100,072a66c244feb3e131e39076536d26459c9b1fddd03e03f8d5351813bcd7480d,a3d4f40c31ff1952475299958d99e8c5699279fa7ede05573759aa869c734281,/Users/arjunsharma/Documents/SandiaProjects/4-LDRDAMDIS/DIMSWE-feature-study-20260828/m1y_test2b_20260828_workspace/external-results/m1y-test2b-20260828/production/representation-B/m1y-seed0-m20-10k/checkpoint_000000100_parameters.npz,X,HELD-OUT TRUTH SUPPORT,81,160,POST-HOC CHECKPOINT EVALUATION,R_truth_active,relative_RMS_error,0.779354462343079,X held-out
t2b-b-m1y,Test 2B,B,M1-Y,M1-Y,500,8ea767ed1ba7b80c8e2cda0e2d85c0ee4f97956f1b7f8a59508d0517fc8a3757,58bbb7be3662995816ba3a76d18f01ad931c2cdd4655f211ac12386d653dd8d5,/Users/arjunsharma/Documents/SandiaProjects/4-LDRDAMDIS/DIMSWE-feature-study-20260828/m1y_test2b_20260828_workspace/external-results/m1y-test2b-20260828/production/representation-B/m1y-seed0-m20-10k/checkpoint_000000500_parameters.npz,X,HELD-OUT TRUTH SUPPORT,81,160,POST-HOC CHECKPOINT EVALUATION,R_truth_active,relative_RMS_error,0.0988668969809153,X held-out
t2b-b-m1y,Test 2B,B,M1-Y,M1-Y,1000,74d785bb4b2c130bfae950ef22df57c98bfdce6fa493ee39f113168a450966ac,d5bea6792f12e230705a4869f1d6db6a48c10d0ac45d81b5b07ff97daca8aabd,/Users/arjunsharma/Documents/SandiaProjects/4-LDRDAMDIS/DIMSWE-feature-study-20260828/m1y_test2b_20260828_workspace/external-results/m1y-test2b-20260828/production/representation-B/m1y-seed0-m20-10k/checkpoint_000001000_parameters.npz,X,HELD-OUT TRUTH SUPPORT,81,160,POST-HOC CHECKPOINT EVALUATION,R_truth_active,relative_RMS_error,0.0540973839740163,X held-out
t2b-b-m1y,Test 2B,B,M1-Y,M1-Y,5000,a818a53f28b060e65e50e8ceebb29cfc077f8392c2259c2b54bca92270f59b38,b0e74f5ca99984d66a168e26a469e718f092491fc120c4e343d76061e16ae9d0,/Users/arjunsharma/Documents/SandiaProjects/4-LDRDAMDIS/DIMSWE-feature-study-20260828/m1y_test2b_20260828_workspace/external-results/m1y-test2b-20260828/production/representation-B/m1y-seed0-m20-10k/checkpoint_000005000_parameters.npz,X,HELD-OUT TRUTH SUPPORT,81,160,POST-HOC CHECKPOINT EVALUATION,R_truth_active,relative_RMS_error,0.0409979399361374,X held-out
t2b-b-m1y,Test 2B,B,M1-Y,M1-Y,10000,1adbd173137cbf10928ee4b25865258fc97f74b3c2c4c0a09cfd8629020566ab,3a829ffff2c2ee96946c197e18a7bd7d7495c255212c61bec1b3d24d788a71ee,/Users/arjunsharma/Documents/SandiaProjects/4-LDRDAMDIS/DIMSWE-feature-study-20260828/m1y_test2b_20260828_workspace/external-results/m1y-test2b-20260828/production/representation-B/m1y-seed0-m20-10k/checkpoint_000010000_parameters.npz,X,HELD-OUT TRUTH SUPPORT,81,160,POST-HOC CHECKPOINT EVALUATION,R_truth_active,relative_RMS_error,0.0260585710310409,X held-out
t2b-b-m1y,Test 2B,B,M1-Y,M1-Y,0,cfadd9f3ee02a78c5b3a946b88c039d9f7ed34e719325ff22c92e1fe4afac056,eac3262e534363da60729c45e1f25f248e15c332e801fac3a8700467a8cf3039,/Users/arjunsharma/Documents/SandiaProjects/4-LDRDAMDIS/DIMSWE-feature-study-20260828/m1y_test2b_20260828_workspace/external-results/m1y-test2b-20260828/production/representation-B/m1y-seed0-m20-10k/checkpoint_000000000_parameters.npz,Y,TRAINING TRUTH SUPPORT,0,80,POST-HOC CHECKPOINT EVALUATION,R_truth_active,relative_RMS_error,0.9315906472404808,Y training
t2b-b-m1y,Test 2B,B,M1-Y,M1-Y,1,7e21d5fd4326a68b324dcf79771d230ce522118b758c07ba04037564c9882809,a19e4bd822f7feddf5505d9a6895caa4c622b5275a001b0de61c2612dd874458,/Users/arjunsharma/Documents/SandiaProjects/4-LDRDAMDIS/DIMSWE-feature-study-20260828/m1y_test2b_20260828_workspace/external-results/m1y-test2b-20260828/production/representation-B/m1y-seed0-m20-10k/checkpoint_000000001_parameters.npz,Y,TRAINING TRUTH SUPPORT,0,80,POST-HOC CHECKPOINT EVALUATION,R_truth_active,relative_RMS_error,0.8434435110775432,Y training
t2b-b-m1y,Test 2B,B,M1-Y,M1-Y,5,b62514206777a98739ece9947719f52b29ee501eac27f4691073e686a66cb70a,d9b9a488a35266cf1fd814aac6c27f1e33d94a50974a16aeb7cf434390b17d2f,/Users/arjunsharma/Documents/SandiaProjects/4-LDRDAMDIS/DIMSWE-feature-study-20260828/m1y_test2b_20260828_workspace/external-results/m1y-test2b-20260828/production/representation-B/m1y-seed0-m20-10k/checkpoint_000000005_parameters.npz,Y,TRAINING TRUTH SUPPORT,0,80,POST-HOC CHECKPOINT EVALUATION,R_truth_active,relative_RMS_error,0.9318217433377484,Y training
t2b-b-m1y,Test 2B,B,M1-Y,M1-Y,10,bb4de844fcfef20f82290fc8b30e2b398ab6cfe2d89dd4a872f0736a42fdcfce,3749fa6c0110b5c90903692bc71410c3aa9390e1238e1c9888de63a96c4df794,/Users/arjunsharma/Documents/SandiaProjects/4-LDRDAMDIS/DIMSWE-feature-study-20260828/m1y_test2b_20260828_workspace/external-results/m1y-test2b-20260828/production/representation-B/m1y-seed0-m20-10k/checkpoint_000000010_parameters.npz,Y,TRAINING TRUTH SUPPORT,0,80,POST-HOC CHECKPOINT EVALUATION,R_truth_active,relative_RMS_error,0.9813381561329289,Y training
t2b-b-m1y,Test 2B,B,M1-Y,M1-Y,20,c9a4f98d97f1f6953dcd85433f7be653e7883230266f03b17b18086f0d40ea25,4574dbdaebb41cb89105afb015b9d529475e0e28efdbf4242c9fc44f8fd11abd,/Users/arjunsharma/Documents/SandiaProjects/4-LDRDAMDIS/DIMSWE-feature-study-20260828/m1y_test2b_20260828_workspace/external-results/m1y-test2b-20260828/production/representation-B/m1y-seed0-m20-10k/checkpoint_000000020_parameters.npz,Y,TRAINING TRUTH SUPPORT,0,80,POST-HOC CHECKPOINT EVALUATION,R_truth_active,relative_RMS_error,0.8985910313197819,Y training
t2b-b-m1y,Test 2B,B,M1-Y,M1-Y,100,072a66c244feb3e131e39076536d26459c9b1fddd03e03f8d5351813bcd7480d,a3d4f40c31ff1952475299958d99e8c5699279fa7ede05573759aa869c734281,/Users/arjunsharma/Documents/SandiaProjects/4-LDRDAMDIS/DIMSWE-feature-study-20260828/m1y_test2b_20260828_workspace/external-results/m1y-test2b-20260828/production/representation-B/m1y-seed0-m20-10k/checkpoint_000000100_parameters.npz,Y,TRAINING TRUTH SUPPORT,0,80,POST-HOC CHECKPOINT EVALUATION,R_truth_active,relative_RMS_error,0.7889356468159173,Y training
t2b-b-m1y,Test 2B,B,M1-Y,M1-Y,500,8ea767ed1ba7b80c8e2cda0e2d85c0ee4f97956f1b7f8a59508d0517fc8a3757,58bbb7be3662995816ba3a76d18f01ad931c2cdd4655f211ac12386d653dd8d5,/Users/arjunsharma/Documents/SandiaProjects/4-LDRDAMDIS/DIMSWE-feature-study-20260828/m1y_test2b_20260828_workspace/external-results/m1y-test2b-20260828/production/representation-B/m1y-seed0-m20-10k/checkpoint_000000500_parameters.npz,Y,TRAINING TRUTH SUPPORT,0,80,POST-HOC CHECKPOINT EVALUATION,R_truth_active,relative_RMS_error,0.0579847054020007,Y training
t2b-b-m1y,Test 2B,B,M1-Y,M1-Y,1000,74d785bb4b2c130bfae950ef22df57c98bfdce6fa493ee39f113168a450966ac,d5bea6792f12e230705a4869f1d6db6a48c10d0ac45d81b5b07ff97daca8aabd,/Users/arjunsharma/Documents/SandiaProjects/4-LDRDAMDIS/DIMSWE-feature-study-20260828/m1y_test2b_20260828_workspace/external-results/m1y-test2b-20260828/production/representation-B/m1y-seed0-m20-10k/checkpoint_000001000_parameters.npz,Y,TRAINING TRUTH SUPPORT,0,80,POST-HOC CHECKPOINT EVALUATION,R_truth_active,relative_RMS_error,0.0476190509317852,Y training
t2b-b-m1y,Test 2B,B,M1-Y,M1-Y,5000,a818a53f28b060e65e50e8ceebb29cfc077f8392c2259c2b54bca92270f59b38,b0e74f5ca99984d66a168e26a469e718f092491fc120c4e343d76061e16ae9d0,/Users/arjunsharma/Documents/SandiaProjects/4-LDRDAMDIS/DIMSWE-feature-study-20260828/m1y_test2b_20260828_workspace/external-results/m1y-test2b-20260828/production/representation-B/m1y-seed0-m20-10k/checkpoint_000005000_parameters.npz,Y,TRAINING TRUTH SUPPORT,0,80,POST-HOC CHECKPOINT EVALUATION,R_truth_active,relative_RMS_error,0.0301812736129913,Y training
t2b-b-m1y,Test 2B,B,M1-Y,M1-Y,10000,1adbd173137cbf10928ee4b25865258fc97f74b3c2c4c0a09cfd8629020566ab,3a829ffff2c2ee96946c197e18a7bd7d7495c255212c61bec1b3d24d788a71ee,/Users/arjunsharma/Documents/SandiaProjects/4-LDRDAMDIS/DIMSWE-feature-study-20260828/m1y_test2b_20260828_workspace/external-results/m1y-test2b-20260828/production/representation-B/m1y-seed0-m20-10k/checkpoint_000010000_parameters.npz,Y,TRAINING TRUTH SUPPORT,0,80,POST-HOC CHECKPOINT EVALUATION,R_truth_active,relative_RMS_error,0.0162778124071646,Y training
t2b-b-m1y,Test 2B,B,M1-Y,M1-Y,0,cfadd9f3ee02a78c5b3a946b88c039d9f7ed34e719325ff22c92e1fe4afac056,eac3262e534363da60729c45e1f25f248e15c332e801fac3a8700467a8cf3039,/Users/arjunsharma/Documents/SandiaProjects/4-LDRDAMDIS/DIMSWE-feature-study-20260828/m1y_test2b_20260828_workspace/external-results/m1y-test2b-20260828/production/representation-B/m1y-seed0-m20-10k/checkpoint_000000000_parameters.npz,Y,HELD-OUT TRUTH SUPPORT,81,160,POST-HOC CHECKPOINT EVALUATION,R_truth_active,relative_RMS_error,0.9726834137295568,Y held-out
t2b-b-m1y,Test 2B,B,M1-Y,M1-Y,1,7e21d5fd4326a68b324dcf79771d230ce522118b758c07ba04037564c9882809,a19e4bd822f7feddf5505d9a6895caa4c622b5275a001b0de61c2612dd874458,/Users/arjunsharma/Documents/SandiaProjects/4-LDRDAMDIS/DIMSWE-feature-study-20260828/m1y_test2b_20260828_workspace/external-results/m1y-test2b-20260828/production/representation-B/m1y-seed0-m20-10k/checkpoint_000000001_parameters.npz,Y,HELD-OUT TRUTH SUPPORT,81,160,POST-HOC CHECKPOINT EVALUATION,R_truth_active,relative_RMS_error,0.8679084549280025,Y held-out
t2b-b-m1y,Test 2B,B,M1-Y,M1-Y,5,b62514206777a98739ece9947719f52b29ee501eac27f4691073e686a66cb70a,d9b9a488a35266cf1fd814aac6c27f1e33d94a50974a16aeb7cf434390b17d2f,/Users/arjunsharma/Documents/SandiaProjects/4-LDRDAMDIS/DIMSWE-feature-study-20260828/m1y_test2b_20260828_workspace/external-results/m1y-test2b-20260828/production/representation-B/m1y-seed0-m20-10k/checkpoint_000000005_parameters.npz,Y,HELD-OUT TRUTH SUPPORT,81,160,POST-HOC CHECKPOINT EVALUATION,R_truth_active,relative_RMS_error,0.9504230883889058,Y held-out
t2b-b-m1y,Test 2B,B,M1-Y,M1-Y,10,bb4de844fcfef20f82290fc8b30e2b398ab6cfe2d89dd4a872f0736a42fdcfce,3749fa6c0110b5c90903692bc71410c3aa9390e1238e1c9888de63a96c4df794,/Users/arjunsharma/Documents/SandiaProjects/4-LDRDAMDIS/DIMSWE-feature-study-20260828/m1y_test2b_20260828_workspace/external-results/m1y-test2b-20260828/production/representation-B/m1y-seed0-m20-10k/checkpoint_000000010_parameters.npz,Y,HELD-OUT TRUTH SUPPORT,81,160,POST-HOC CHECKPOINT EVALUATION,R_truth_active,relative_RMS_error,0.9664820975466104,Y held-out
t2b-b-m1y,Test 2B,B,M1-Y,M1-Y,20,c9a4f98d97f1f6953dcd85433f7be653e7883230266f03b17b18086f0d40ea25,4574dbdaebb41cb89105afb015b9d529475e0e28efdbf4242c9fc44f8fd11abd,/Users/arjunsharma/Documents/SandiaProjects/4-LDRDAMDIS/DIMSWE-feature-study-20260828/m1y_test2b_20260828_workspace/external-results/m1y-test2b-20260828/production/representation-B/m1y-seed0-m20-10k/checkpoint_000000020_parameters.npz,Y,HELD-OUT TRUTH SUPPORT,81,160,POST-HOC CHECKPOINT EVALUATION,R_truth_active,relative_RMS_error,0.8803307636565763,Y held-out
t2b-b-m1y,Test 2B,B,M1-Y,M1-Y,100,072a66c244feb3e131e39076536d26459c9b1fddd03e03f8d5351813bcd7480d,a3d4f40c31ff1952475299958d99e8c5699279fa7ede05573759aa869c734281,/Users/arjunsharma/Documents/SandiaProjects/4-LDRDAMDIS/DIMSWE-feature-study-20260828/m1y_test2b_20260828_workspace/external-results/m1y-test2b-20260828/production/representation-B/m1y-seed0-m20-10k/checkpoint_000000100_parameters.npz,Y,HELD-OUT TRUTH SUPPORT,81,160,POST-HOC CHECKPOINT EVALUATION,R_truth_active,relative_RMS_error,0.7793228739818844,Y held-out
t2b-b-m1y,Test 2B,B,M1-Y,M1-Y,500,8ea767ed1ba7b80c8e2cda0e2d85c0ee4f97956f1b7f8a59508d0517fc8a3757,58bbb7be3662995816ba3a76d18f01ad931c2cdd4655f211ac12386d653dd8d5,/Users/arjunsharma/Documents/SandiaProjects/4-LDRDAMDIS/DIMSWE-feature-study-20260828/m1y_test2b_20260828_workspace/external-results/m1y-test2b-20260828/production/representation-B/m1y-seed0-m20-10k/checkpoint_000000500_parameters.npz,Y,HELD-OUT TRUTH SUPPORT,81,160,POST-HOC CHECKPOINT EVALUATION,R_truth_active,relative_RMS_error,0.0990537728371756,Y held-out
t2b-b-m1y,Test 2B,B,M1-Y,M1-Y,1000,74d785bb4b2c130bfae950ef22df57c98bfdce6fa493ee39f113168a450966ac,d5bea6792f12e230705a4869f1d6db6a48c10d0ac45d81b5b07ff97daca8aabd,/Users/arjunsharma/Documents/SandiaProjects/4-LDRDAMDIS/DIMSWE-feature-study-20260828/m1y_test2b_20260828_workspace/external-results/m1y-test2b-20260828/production/representation-B/m1y-seed0-m20-10k/checkpoint_000001000_parameters.npz,Y,HELD-OUT TRUTH SUPPORT,81,160,POST-HOC CHECKPOINT EVALUATION,R_truth_active,relative_RMS_error,0.0540796806656794,Y held-out
t2b-b-m1y,Test 2B,B,M1-Y,M1-Y,5000,a818a53f28b060e65e50e8ceebb29cfc077f8392c2259c2b54bca92270f59b38,b0e74f5ca99984d66a168e26a469e718f092491fc120c4e343d76061e16ae9d0,/Users/arjunsharma/Documents/SandiaProjects/4-LDRDAMDIS/DIMSWE-feature-study-20260828/m1y_test2b_20260828_workspace/external-results/m1y-test2b-20260828/production/representation-B/m1y-seed0-m20-10k/checkpoint_000005000_parameters.npz,Y,HELD-OUT TRUTH SUPPORT,81,160,POST-HOC CHECKPOINT EVALUATION,R_truth_active,relative_RMS_error,0.040957155756432,Y held-out
t2b-b-m1y,Test 2B,B,M1-Y,M1-Y,10000,1adbd173137cbf10928ee4b25865258fc97f74b3c2c4c0a09cfd8629020566ab,3a829ffff2c2ee96946c197e18a7bd7d7495c255212c61bec1b3d24d788a71ee,/Users/arjunsharma/Documents/SandiaProjects/4-LDRDAMDIS/DIMSWE-feature-study-20260828/m1y_test2b_20260828_workspace/external-results/m1y-test2b-20260828/production/representation-B/m1y-seed0-m20-10k/checkpoint_000010000_parameters.npz,Y,HELD-OUT TRUTH SUPPORT,81,160,POST-HOC CHECKPOINT EVALUATION,R_truth_active,relative_RMS_error,0.0261075739620854,Y held-out
t2b-c-m1x,Test 2B,C,M1-X,M1-X,0,e52dd73e3f97d44adf4d55354b1c8d9a9b252186a17cae4ad09410270b86df1e,837947642dcbe0dd31e20504650ef23944f474c2d5f8337a51320cb0e340f30f,/Users/arjunsharma/Documents/SandiaProjects/4-LDRDAMDIS/DIMSWE-study-d0eb615/external-results/test2b-rain-active-learning/production/representation-C/m1-seed0-m20-10k/checkpoint_000000000_parameters.npz,X,TRAINING TRUTH SUPPORT,0,80,POST-HOC CHECKPOINT EVALUATION,source_vector,normalized_vector_relative_RMS_error,1.0753366346812825,X training
t2b-c-m1x,Test 2B,C,M1-X,M1-X,1,f26bfb15e0fc2cdc59dbbf1bf83e6e961b8377803f5366df07e078779b1c76c8,7e7383247ba6d913e116f6c6b8973bc81497c9dfd9b2b0be5cba7cd279da7383,/Users/arjunsharma/Documents/SandiaProjects/4-LDRDAMDIS/DIMSWE-study-d0eb615/external-results/test2b-rain-active-learning/production/representation-C/m1-seed0-m20-10k/checkpoint_000000001_parameters.npz,X,TRAINING TRUTH SUPPORT,0,80,POST-HOC CHECKPOINT EVALUATION,source_vector,normalized_vector_relative_RMS_error,0.9500607734948294,X training
t2b-c-m1x,Test 2B,C,M1-X,M1-X,5,4e4a56f01a887079d02e7a81a45c5f4d3c42422c90975ba77e831767ee8330bd,5299ac5f96952c0875b57efe06dab5fba98dd77de0f28f57f9d32c0441f7dc69,/Users/arjunsharma/Documents/SandiaProjects/4-LDRDAMDIS/DIMSWE-study-d0eb615/external-results/test2b-rain-active-learning/production/representation-C/m1-seed0-m20-10k/checkpoint_000000005_parameters.npz,X,TRAINING TRUTH SUPPORT,0,80,POST-HOC CHECKPOINT EVALUATION,source_vector,normalized_vector_relative_RMS_error,0.6754138536970126,X training
t2b-c-m1x,Test 2B,C,M1-X,M1-X,10,a538b18da65f17ddc4b2373531d402129c2ba9181a52360d224f8d4cfdf6a16d,96ecf50427f999ac63c4ba44c5d45531840fccf022b6c5aa8009a13a9cb6e632,/Users/arjunsharma/Documents/SandiaProjects/4-LDRDAMDIS/DIMSWE-study-d0eb615/external-results/test2b-rain-active-learning/production/representation-C/m1-seed0-m20-10k/checkpoint_000000010_parameters.npz,X,TRAINING TRUTH SUPPORT,0,80,POST-HOC CHECKPOINT EVALUATION,source_vector,normalized_vector_relative_RMS_error,0.4875211706167895,X training
t2b-c-m1x,Test 2B,C,M1-X,M1-X,20,0139d284d4e95e71bedfad21186b3396537d549ed498eff6a25e9f2ee26021e6,e3c23ad881e093f6bab3710f5b1257ddd3f5af25f7f4c2ebeaa14bce0369f1a8,/Users/arjunsharma/Documents/SandiaProjects/4-LDRDAMDIS/DIMSWE-study-d0eb615/external-results/test2b-rain-active-learning/production/representation-C/m1-seed0-m20-10k/checkpoint_000000020_parameters.npz,X,TRAINING TRUTH SUPPORT,0,80,POST-HOC CHECKPOINT EVALUATION,source_vector,normalized_vector_relative_RMS_error,0.3092441589446583,X training
t2b-c-m1x,Test 2B,C,M1-X,M1-X,100,f0c45c4cdf7526d545eb5a5a5d3602610e7ebed1a1c62887cde4bcc8d635a003,07e365dfaf9f41e426a2d5640c76d8c7aa2258980b38f662dba0829fd0bbad82,/Users/arjunsharma/Documents/SandiaProjects/4-LDRDAMDIS/DIMSWE-study-d0eb615/external-results/test2b-rain-active-learning/production/representation-C/m1-seed0-m20-10k/checkpoint_000000100_parameters.npz,X,TRAINING TRUTH SUPPORT,0,80,POST-HOC CHECKPOINT EVALUATION,source_vector,normalized_vector_relative_RMS_error,0.0620596104735583,X training
t2b-c-m1x,Test 2B,C,M1-X,M1-X,500,eb88d834da7567eb284cca2d0e5f79f80ef9f3a06a27337689f88225f583d8bf,f0030c44df2b5e8530903077be516403675cbd16a9536162e23cecc9182da4ef,/Users/arjunsharma/Documents/SandiaProjects/4-LDRDAMDIS/DIMSWE-study-d0eb615/external-results/test2b-rain-active-learning/production/representation-C/m1-seed0-m20-10k/checkpoint_000000500_parameters.npz,X,TRAINING TRUTH SUPPORT,0,80,POST-HOC CHECKPOINT EVALUATION,source_vector,normalized_vector_relative_RMS_error,0.036595854798335,X training
t2b-c-m1x,Test 2B,C,M1-X,M1-X,1000,b504a1531824273ae3751ed1d454042031e51a511aec9d3e3af183d0f824e50d,59c4380cca5f9b3e53a13a809cc234e2e69b3bff336b9ba2ecbcb24e2c76b318,/Users/arjunsharma/Documents/SandiaProjects/4-LDRDAMDIS/DIMSWE-study-d0eb615/external-results/test2b-rain-active-learning/production/representation-C/m1-seed0-m20-10k/checkpoint_000001000_parameters.npz,X,TRAINING TRUTH SUPPORT,0,80,POST-HOC CHECKPOINT EVALUATION,source_vector,normalized_vector_relative_RMS_error,0.0131097502225097,X training
t2b-c-m1x,Test 2B,C,M1-X,M1-X,5000,f0a2b8a6759b2f8fd03e028abf3ed7e26a2f60bd55d1387d03037e7329658ab0,d2c0f27c5c44cccd8c2ce03c0253fa2b654acec514efb14be56b04b1767c9f73,/Users/arjunsharma/Documents/SandiaProjects/4-LDRDAMDIS/DIMSWE-study-d0eb615/external-results/test2b-rain-active-learning/production/representation-C/m1-seed0-m20-10k/checkpoint_000005000_parameters.npz,X,TRAINING TRUTH SUPPORT,0,80,POST-HOC CHECKPOINT EVALUATION,source_vector,normalized_vector_relative_RMS_error,0.01071051246943,X training
t2b-c-m1x,Test 2B,C,M1-X,M1-X,10000,8ad9c8017c9304827d8e9e73392c3a9503f7de05a38b86baf52f4351c35615e4,e13a7bd42f3f773d068a6cc0c1344a3a8db0caef74a269ce7980b0b50f91e3b0,/Users/arjunsharma/Documents/SandiaProjects/4-LDRDAMDIS/DIMSWE-study-d0eb615/external-results/test2b-rain-active-learning/production/representation-C/m1-seed0-m20-10k/checkpoint_000010000_parameters.npz,X,TRAINING TRUTH SUPPORT,0,80,POST-HOC CHECKPOINT EVALUATION,source_vector,normalized_vector_relative_RMS_error,0.0062207330569284,X training
t2b-c-m1x,Test 2B,C,M1-X,M1-X,0,e52dd73e3f97d44adf4d55354b1c8d9a9b252186a17cae4ad09410270b86df1e,837947642dcbe0dd31e20504650ef23944f474c2d5f8337a51320cb0e340f30f,/Users/arjunsharma/Documents/SandiaProjects/4-LDRDAMDIS/DIMSWE-study-d0eb615/external-results/test2b-rain-active-learning/production/representation-C/m1-seed0-m20-10k/checkpoint_000000000_parameters.npz,X,HELD-OUT TRUTH SUPPORT,81,160,POST-HOC CHECKPOINT EVALUATION,source_vector,normalized_vector_relative_RMS_error,2.608542521642806,X held-out
t2b-c-m1x,Test 2B,C,M1-X,M1-X,1,f26bfb15e0fc2cdc59dbbf1bf83e6e961b8377803f5366df07e078779b1c76c8,7e7383247ba6d913e116f6c6b8973bc81497c9dfd9b2b0be5cba7cd279da7383,/Users/arjunsharma/Documents/SandiaProjects/4-LDRDAMDIS/DIMSWE-study-d0eb615/external-results/test2b-rain-active-learning/production/representation-C/m1-seed0-m20-10k/checkpoint_000000001_parameters.npz,X,HELD-OUT TRUTH SUPPORT,81,160,POST-HOC CHECKPOINT EVALUATION,source_vector,normalized_vector_relative_RMS_error,3.1044798549114874,X held-out
t2b-c-m1x,Test 2B,C,M1-X,M1-X,5,4e4a56f01a887079d02e7a81a45c5f4d3c42422c90975ba77e831767ee8330bd,5299ac5f96952c0875b57efe06dab5fba98dd77de0f28f57f9d32c0441f7dc69,/Users/arjunsharma/Documents/SandiaProjects/4-LDRDAMDIS/DIMSWE-study-d0eb615/external-results/test2b-rain-active-learning/production/representation-C/m1-seed0-m20-10k/checkpoint_000000005_parameters.npz,X,HELD-OUT TRUTH SUPPORT,81,160,POST-HOC CHECKPOINT EVALUATION,source_vector,normalized_vector_relative_RMS_error,3.4423051126700464,X held-out
t2b-c-m1x,Test 2B,C,M1-X,M1-X,10,a538b18da65f17ddc4b2373531d402129c2ba9181a52360d224f8d4cfdf6a16d,96ecf50427f999ac63c4ba44c5d45531840fccf022b6c5aa8009a13a9cb6e632,/Users/arjunsharma/Documents/SandiaProjects/4-LDRDAMDIS/DIMSWE-study-d0eb615/external-results/test2b-rain-active-learning/production/representation-C/m1-seed0-m20-10k/checkpoint_000000010_parameters.npz,X,HELD-OUT TRUTH SUPPORT,81,160,POST-HOC CHECKPOINT EVALUATION,source_vector,normalized_vector_relative_RMS_error,4.280052673072821,X held-out
t2b-c-m1x,Test 2B,C,M1-X,M1-X,20,0139d284d4e95e71bedfad21186b3396537d549ed498eff6a25e9f2ee26021e6,e3c23ad881e093f6bab3710f5b1257ddd3f5af25f7f4c2ebeaa14bce0369f1a8,/Users/arjunsharma/Documents/SandiaProjects/4-LDRDAMDIS/DIMSWE-study-d0eb615/external-results/test2b-rain-active-learning/production/representation-C/m1-seed0-m20-10k/checkpoint_000000020_parameters.npz,X,HELD-OUT TRUTH SUPPORT,81,160,POST-HOC CHECKPOINT EVALUATION,source_vector,normalized_vector_relative_RMS_error,2.8726620684809996,X held-out
t2b-c-m1x,Test 2B,C,M1-X,M1-X,100,f0c45c4cdf7526d545eb5a5a5d3602610e7ebed1a1c62887cde4bcc8d635a003,07e365dfaf9f41e426a2d5640c76d8c7aa2258980b38f662dba0829fd0bbad82,/Users/arjunsharma/Documents/SandiaProjects/4-LDRDAMDIS/DIMSWE-study-d0eb615/external-results/test2b-rain-active-learning/production/representation-C/m1-seed0-m20-10k/checkpoint_000000100_parameters.npz,X,HELD-OUT TRUTH SUPPORT,81,160,POST-HOC CHECKPOINT EVALUATION,source_vector,normalized_vector_relative_RMS_error,1.4537845721547755,X held-out
t2b-c-m1x,Test 2B,C,M1-X,M1-X,500,eb88d834da7567eb284cca2d0e5f79f80ef9f3a06a27337689f88225f583d8bf,f0030c44df2b5e8530903077be516403675cbd16a9536162e23cecc9182da4ef,/Users/arjunsharma/Documents/SandiaProjects/4-LDRDAMDIS/DIMSWE-study-d0eb615/external-results/test2b-rain-active-learning/production/representation-C/m1-seed0-m20-10k/checkpoint_000000500_parameters.npz,X,HELD-OUT TRUTH SUPPORT,81,160,POST-HOC CHECKPOINT EVALUATION,source_vector,normalized_vector_relative_RMS_error,1.2159550579113008,X held-out
t2b-c-m1x,Test 2B,C,M1-X,M1-X,1000,b504a1531824273ae3751ed1d454042031e51a511aec9d3e3af183d0f824e50d,59c4380cca5f9b3e53a13a809cc234e2e69b3bff336b9ba2ecbcb24e2c76b318,/Users/arjunsharma/Documents/SandiaProjects/4-LDRDAMDIS/DIMSWE-study-d0eb615/external-results/test2b-rain-active-learning/production/representation-C/m1-seed0-m20-10k/checkpoint_000001000_parameters.npz,X,HELD-OUT TRUTH SUPPORT,81,160,POST-HOC CHECKPOINT EVALUATION,source_vector,normalized_vector_relative_RMS_error,0.8695545310751984,X held-out
t2b-c-m1x,Test 2B,C,M1-X,M1-X,5000,f0a2b8a6759b2f8fd03e028abf3ed7e26a2f60bd55d1387d03037e7329658ab0,d2c0f27c5c44cccd8c2ce03c0253fa2b654acec514efb14be56b04b1767c9f73,/Users/arjunsharma/Documents/SandiaProjects/4-LDRDAMDIS/DIMSWE-study-d0eb615/external-results/test2b-rain-active-learning/production/representation-C/m1-seed0-m20-10k/checkpoint_000005000_parameters.npz,X,HELD-OUT TRUTH SUPPORT,81,160,POST-HOC CHECKPOINT EVALUATION,source_vector,normalized_vector_relative_RMS_error,0.6176742146268559,X held-out
t2b-c-m1x,Test 2B,C,M1-X,M1-X,10000,8ad9c8017c9304827d8e9e73392c3a9503f7de05a38b86baf52f4351c35615e4,e13a7bd42f3f773d068a6cc0c1344a3a8db0caef74a269ce7980b0b50f91e3b0,/Users/arjunsharma/Documents/SandiaProjects/4-LDRDAMDIS/DIMSWE-study-d0eb615/external-results/test2b-rain-active-learning/production/representation-C/m1-seed0-m20-10k/checkpoint_000010000_parameters.npz,X,HELD-OUT TRUTH SUPPORT,81,160,POST-HOC CHECKPOINT EVALUATION,source_vector,normalized_vector_relative_RMS_error,0.1935594447731838,X held-out
t2b-c-m1x,Test 2B,C,M1-X,M1-X,0,e52dd73e3f97d44adf4d55354b1c8d9a9b252186a17cae4ad09410270b86df1e,837947642dcbe0dd31e20504650ef23944f474c2d5f8337a51320cb0e340f30f,/Users/arjunsharma/Documents/SandiaProjects/4-LDRDAMDIS/DIMSWE-study-d0eb615/external-results/test2b-rain-active-learning/production/representation-C/m1-seed0-m20-10k/checkpoint_000000000_parameters.npz,Y,TRAINING TRUTH SUPPORT,0,80,POST-HOC CHECKPOINT EVALUATION,source_vector,normalized_vector_relative_RMS_error,1.076756669427866,Y training
t2b-c-m1x,Test 2B,C,M1-X,M1-X,1,f26bfb15e0fc2cdc59dbbf1bf83e6e961b8377803f5366df07e078779b1c76c8,7e7383247ba6d913e116f6c6b8973bc81497c9dfd9b2b0be5cba7cd279da7383,/Users/arjunsharma/Documents/SandiaProjects/4-LDRDAMDIS/DIMSWE-study-d0eb615/external-results/test2b-rain-active-learning/production/representation-C/m1-seed0-m20-10k/checkpoint_000000001_parameters.npz,Y,TRAINING TRUTH SUPPORT,0,80,POST-HOC CHECKPOINT EVALUATION,source_vector,normalized_vector_relative_RMS_error,0.9531447961250218,Y training
t2b-c-m1x,Test 2B,C,M1-X,M1-X,5,4e4a56f01a887079d02e7a81a45c5f4d3c42422c90975ba77e831767ee8330bd,5299ac5f96952c0875b57efe06dab5fba98dd77de0f28f57f9d32c0441f7dc69,/Users/arjunsharma/Documents/SandiaProjects/4-LDRDAMDIS/DIMSWE-study-d0eb615/external-results/test2b-rain-active-learning/production/representation-C/m1-seed0-m20-10k/checkpoint_000000005_parameters.npz,Y,TRAINING TRUTH SUPPORT,0,80,POST-HOC CHECKPOINT EVALUATION,source_vector,normalized_vector_relative_RMS_error,0.6769863662302588,Y training
t2b-c-m1x,Test 2B,C,M1-X,M1-X,10,a538b18da65f17ddc4b2373531d402129c2ba9181a52360d224f8d4cfdf6a16d,96ecf50427f999ac63c4ba44c5d45531840fccf022b6c5aa8009a13a9cb6e632,/Users/arjunsharma/Documents/SandiaProjects/4-LDRDAMDIS/DIMSWE-study-d0eb615/external-results/test2b-rain-active-learning/production/representation-C/m1-seed0-m20-10k/checkpoint_000000010_parameters.npz,Y,TRAINING TRUTH SUPPORT,0,80,POST-HOC CHECKPOINT EVALUATION,source_vector,normalized_vector_relative_RMS_error,0.4916958771657178,Y training
t2b-c-m1x,Test 2B,C,M1-X,M1-X,20,0139d284d4e95e71bedfad21186b3396537d549ed498eff6a25e9f2ee26021e6,e3c23ad881e093f6bab3710f5b1257ddd3f5af25f7f4c2ebeaa14bce0369f1a8,/Users/arjunsharma/Documents/SandiaProjects/4-LDRDAMDIS/DIMSWE-study-d0eb615/external-results/test2b-rain-active-learning/production/representation-C/m1-seed0-m20-10k/checkpoint_000000020_parameters.npz,Y,TRAINING TRUTH SUPPORT,0,80,POST-HOC CHECKPOINT EVALUATION,source_vector,normalized_vector_relative_RMS_error,0.3138534396922593,Y training
t2b-c-m1x,Test 2B,C,M1-X,M1-X,100,f0c45c4cdf7526d545eb5a5a5d3602610e7ebed1a1c62887cde4bcc8d635a003,07e365dfaf9f41e426a2d5640c76d8c7aa2258980b38f662dba0829fd0bbad82,/Users/arjunsharma/Documents/SandiaProjects/4-LDRDAMDIS/DIMSWE-study-d0eb615/external-results/test2b-rain-active-learning/production/representation-C/m1-seed0-m20-10k/checkpoint_000000100_parameters.npz,Y,TRAINING TRUTH SUPPORT,0,80,POST-HOC CHECKPOINT EVALUATION,source_vector,normalized_vector_relative_RMS_error,0.0671079050840579,Y training
t2b-c-m1x,Test 2B,C,M1-X,M1-X,500,eb88d834da7567eb284cca2d0e5f79f80ef9f3a06a27337689f88225f583d8bf,f0030c44df2b5e8530903077be516403675cbd16a9536162e23cecc9182da4ef,/Users/arjunsharma/Documents/SandiaProjects/4-LDRDAMDIS/DIMSWE-study-d0eb615/external-results/test2b-rain-active-learning/production/representation-C/m1-seed0-m20-10k/checkpoint_000000500_parameters.npz,Y,TRAINING TRUTH SUPPORT,0,80,POST-HOC CHECKPOINT EVALUATION,source_vector,normalized_vector_relative_RMS_error,0.0430384946092744,Y training
t2b-c-m1x,Test 2B,C,M1-X,M1-X,1000,b504a1531824273ae3751ed1d454042031e51a511aec9d3e3af183d0f824e50d,59c4380cca5f9b3e53a13a809cc234e2e69b3bff336b9ba2ecbcb24e2c76b318,/Users/arjunsharma/Documents/SandiaProjects/4-LDRDAMDIS/DIMSWE-study-d0eb615/external-results/test2b-rain-active-learning/production/representation-C/m1-seed0-m20-10k/checkpoint_000001000_parameters.npz,Y,TRAINING TRUTH SUPPORT,0,80,POST-HOC CHECKPOINT EVALUATION,source_vector,normalized_vector_relative_RMS_error,0.0260139055562998,Y training
t2b-c-m1x,Test 2B,C,M1-X,M1-X,5000,f0a2b8a6759b2f8fd03e028abf3ed7e26a2f60bd55d1387d03037e7329658ab0,d2c0f27c5c44cccd8c2ce03c0253fa2b654acec514efb14be56b04b1767c9f73,/Users/arjunsharma/Documents/SandiaProjects/4-LDRDAMDIS/DIMSWE-study-d0eb615/external-results/test2b-rain-active-learning/production/representation-C/m1-seed0-m20-10k/checkpoint_000005000_parameters.npz,Y,TRAINING TRUTH SUPPORT,0,80,POST-HOC CHECKPOINT EVALUATION,source_vector,normalized_vector_relative_RMS_error,0.0248538867848455,Y training
t2b-c-m1x,Test 2B,C,M1-X,M1-X,10000,8ad9c8017c9304827d8e9e73392c3a9503f7de05a38b86baf52f4351c35615e4,e13a7bd42f3f773d068a6cc0c1344a3a8db0caef74a269ce7980b0b50f91e3b0,/Users/arjunsharma/Documents/SandiaProjects/4-LDRDAMDIS/DIMSWE-study-d0eb615/external-results/test2b-rain-active-learning/production/representation-C/m1-seed0-m20-10k/checkpoint_000010000_parameters.npz,Y,TRAINING TRUTH SUPPORT,0,80,POST-HOC CHECKPOINT EVALUATION,source_vector,normalized_vector_relative_RMS_error,0.0168780645729126,Y training
t2b-c-m1x,Test 2B,C,M1-X,M1-X,0,e52dd73e3f97d44adf4d55354b1c8d9a9b252186a17cae4ad09410270b86df1e,837947642dcbe0dd31e20504650ef23944f474c2d5f8337a51320cb0e340f30f,/Users/arjunsharma/Documents/SandiaProjects/4-LDRDAMDIS/DIMSWE-study-d0eb615/external-results/test2b-rain-active-learning/production/representation-C/m1-seed0-m20-10k/checkpoint_000000000_parameters.npz,Y,HELD-OUT TRUTH SUPPORT,81,160,POST-HOC CHECKPOINT EVALUATION,source_vector,normalized_vector_relative_RMS_error,2.58875562957337,Y held-out
t2b-c-m1x,Test 2B,C,M1-X,M1-X,1,f26bfb15e0fc2cdc59dbbf1bf83e6e961b8377803f5366df07e078779b1c76c8,7e7383247ba6d913e116f6c6b8973bc81497c9dfd9b2b0be5cba7cd279da7383,/Users/arjunsharma/Documents/SandiaProjects/4-LDRDAMDIS/DIMSWE-study-d0eb615/external-results/test2b-rain-active-learning/production/representation-C/m1-seed0-m20-10k/checkpoint_000000001_parameters.npz,Y,HELD-OUT TRUTH SUPPORT,81,160,POST-HOC CHECKPOINT EVALUATION,source_vector,normalized_vector_relative_RMS_error,3.092181522499873,Y held-out
t2b-c-m1x,Test 2B,C,M1-X,M1-X,5,4e4a56f01a887079d02e7a81a45c5f4d3c42422c90975ba77e831767ee8330bd,5299ac5f96952c0875b57efe06dab5fba98dd77de0f28f57f9d32c0441f7dc69,/Users/arjunsharma/Documents/SandiaProjects/4-LDRDAMDIS/DIMSWE-study-d0eb615/external-results/test2b-rain-active-learning/production/representation-C/m1-seed0-m20-10k/checkpoint_000000005_parameters.npz,Y,HELD-OUT TRUTH SUPPORT,81,160,POST-HOC CHECKPOINT EVALUATION,source_vector,normalized_vector_relative_RMS_error,3.4191652175629184,Y held-out
t2b-c-m1x,Test 2B,C,M1-X,M1-X,10,a538b18da65f17ddc4b2373531d402129c2ba9181a52360d224f8d4cfdf6a16d,96ecf50427f999ac63c4ba44c5d45531840fccf022b6c5aa8009a13a9cb6e632,/Users/arjunsharma/Documents/SandiaProjects/4-LDRDAMDIS/DIMSWE-study-d0eb615/external-results/test2b-rain-active-learning/production/representation-C/m1-seed0-m20-10k/checkpoint_000000010_parameters.npz,Y,HELD-OUT TRUTH SUPPORT,81,160,POST-HOC CHECKPOINT EVALUATION,source_vector,normalized_vector_relative_RMS_error,4.257709903263528,Y held-out
t2b-c-m1x,Test 2B,C,M1-X,M1-X,20,0139d284d4e95e71bedfad21186b3396537d549ed498eff6a25e9f2ee26021e6,e3c23ad881e093f6bab3710f5b1257ddd3f5af25f7f4c2ebeaa14bce0369f1a8,/Users/arjunsharma/Documents/SandiaProjects/4-LDRDAMDIS/DIMSWE-study-d0eb615/external-results/test2b-rain-active-learning/production/representation-C/m1-seed0-m20-10k/checkpoint_000000020_parameters.npz,Y,HELD-OUT TRUTH SUPPORT,81,160,POST-HOC CHECKPOINT EVALUATION,source_vector,normalized_vector_relative_RMS_error,2.862862668603095,Y held-out
t2b-c-m1x,Test 2B,C,M1-X,M1-X,100,f0c45c4cdf7526d545eb5a5a5d3602610e7ebed1a1c62887cde4bcc8d635a003,07e365dfaf9f41e426a2d5640c76d8c7aa2258980b38f662dba0829fd0bbad82,/Users/arjunsharma/Documents/SandiaProjects/4-LDRDAMDIS/DIMSWE-study-d0eb615/external-results/test2b-rain-active-learning/production/representation-C/m1-seed0-m20-10k/checkpoint_000000100_parameters.npz,Y,HELD-OUT TRUTH SUPPORT,81,160,POST-HOC CHECKPOINT EVALUATION,source_vector,normalized_vector_relative_RMS_error,1.4600001190055405,Y held-out
t2b-c-m1x,Test 2B,C,M1-X,M1-X,500,eb88d834da7567eb284cca2d0e5f79f80ef9f3a06a27337689f88225f583d8bf,f0030c44df2b5e8530903077be516403675cbd16a9536162e23cecc9182da4ef,/Users/arjunsharma/Documents/SandiaProjects/4-LDRDAMDIS/DIMSWE-study-d0eb615/external-results/test2b-rain-active-learning/production/representation-C/m1-seed0-m20-10k/checkpoint_000000500_parameters.npz,Y,HELD-OUT TRUTH SUPPORT,81,160,POST-HOC CHECKPOINT EVALUATION,source_vector,normalized_vector_relative_RMS_error,1.2220632609940687,Y held-out
t2b-c-m1x,Test 2B,C,M1-X,M1-X,1000,b504a1531824273ae3751ed1d454042031e51a511aec9d3e3af183d0f824e50d,59c4380cca5f9b3e53a13a809cc234e2e69b3bff336b9ba2ecbcb24e2c76b318,/Users/arjunsharma/Documents/SandiaProjects/4-LDRDAMDIS/DIMSWE-study-d0eb615/external-results/test2b-rain-active-learning/production/representation-C/m1-seed0-m20-10k/checkpoint_000001000_parameters.npz,Y,HELD-OUT TRUTH SUPPORT,81,160,POST-HOC CHECKPOINT EVALUATION,source_vector,normalized_vector_relative_RMS_error,0.8738583467131262,Y held-out
t2b-c-m1x,Test 2B,C,M1-X,M1-X,5000,f0a2b8a6759b2f8fd03e028abf3ed7e26a2f60bd55d1387d03037e7329658ab0,d2c0f27c5c44cccd8c2ce03c0253fa2b654acec514efb14be56b04b1767c9f73,/Users/arjunsharma/Documents/SandiaProjects/4-LDRDAMDIS/DIMSWE-study-d0eb615/external-results/test2b-rain-active-learning/production/representation-C/m1-seed0-m20-10k/checkpoint_000005000_parameters.npz,Y,HELD-OUT TRUTH SUPPORT,81,160,POST-HOC CHECKPOINT EVALUATION,source_vector,normalized_vector_relative_RMS_error,0.6283924568759692,Y held-out
t2b-c-m1x,Test 2B,C,M1-X,M1-X,10000,8ad9c8017c9304827d8e9e73392c3a9503f7de05a38b86baf52f4351c35615e4,e13a7bd42f3f773d068a6cc0c1344a3a8db0caef74a269ce7980b0b50f91e3b0,/Users/arjunsharma/Documents/SandiaProjects/4-LDRDAMDIS/DIMSWE-study-d0eb615/external-results/test2b-rain-active-learning/production/representation-C/m1-seed0-m20-10k/checkpoint_000010000_parameters.npz,Y,HELD-OUT TRUTH SUPPORT,81,160,POST-HOC CHECKPOINT EVALUATION,source_vector,normalized_vector_relative_RMS_error,0.1985494105208362,Y held-out
t2b-c-m1y,Test 2B,C,M1-Y,M1-Y,0,e52dd73e3f97d44adf4d55354b1c8d9a9b252186a17cae4ad09410270b86df1e,837947642dcbe0dd31e20504650ef23944f474c2d5f8337a51320cb0e340f30f,/Users/arjunsharma/Documents/SandiaProjects/4-LDRDAMDIS/DIMSWE-feature-study-20260828/m1y_test2b_20260828_workspace/external-results/m1y-test2b-20260828/production/representation-C/m1y-seed0-m20-10k/checkpoint_000000000_parameters.npz,X,TRAINING TRUTH SUPPORT,0,80,POST-HOC CHECKPOINT EVALUATION,source_vector,normalized_vector_relative_RMS_error,1.0753366346812825,X training
t2b-c-m1y,Test 2B,C,M1-Y,M1-Y,1,70a20f3e965d70a1ffba55e174d37b0bd0bfa4e24bcf87b9e4ac0e2039521563,93171abdb8c7df3759a40731509d616d4b6c6787e1b4e5c8164d0e9c5032aa41,/Users/arjunsharma/Documents/SandiaProjects/4-LDRDAMDIS/DIMSWE-feature-study-20260828/m1y_test2b_20260828_workspace/external-results/m1y-test2b-20260828/production/representation-C/m1y-seed0-m20-10k/checkpoint_000000001_parameters.npz,X,TRAINING TRUTH SUPPORT,0,80,POST-HOC CHECKPOINT EVALUATION,source_vector,normalized_vector_relative_RMS_error,0.9493594298206998,X training
t2b-c-m1y,Test 2B,C,M1-Y,M1-Y,5,4ea93be6c50caa7428685930a31bc41d36279cc261f30af4439626ac64319e86,f96519bec4d00e49bb83d0e517e988c9289c8e7f1b0f59078c5a5d36052db5a2,/Users/arjunsharma/Documents/SandiaProjects/4-LDRDAMDIS/DIMSWE-feature-study-20260828/m1y_test2b_20260828_workspace/external-results/m1y-test2b-20260828/production/representation-C/m1y-seed0-m20-10k/checkpoint_000000005_parameters.npz,X,TRAINING TRUTH SUPPORT,0,80,POST-HOC CHECKPOINT EVALUATION,source_vector,normalized_vector_relative_RMS_error,0.6782420945264694,X training
t2b-c-m1y,Test 2B,C,M1-Y,M1-Y,10,50ccf516591d7d6ef6adbeac4ae218aeca1d8da3019e7beb66bb0dd9ca2a6023,d12a22f8f73f57d2ce844f85919e8823550eed6ebf891e40bcaf0ffcde230c36,/Users/arjunsharma/Documents/SandiaProjects/4-LDRDAMDIS/DIMSWE-feature-study-20260828/m1y_test2b_20260828_workspace/external-results/m1y-test2b-20260828/production/representation-C/m1y-seed0-m20-10k/checkpoint_000000010_parameters.npz,X,TRAINING TRUTH SUPPORT,0,80,POST-HOC CHECKPOINT EVALUATION,source_vector,normalized_vector_relative_RMS_error,0.48696603100717,X training
t2b-c-m1y,Test 2B,C,M1-Y,M1-Y,20,277ab160f144c4e0834f61a64609cf87fa4cccf050f0eda20d15c3c60365a31d,9eed310c0810be4cb7029965e0c656a8f44fba6aea18a9a976625a856f6a19d1,/Users/arjunsharma/Documents/SandiaProjects/4-LDRDAMDIS/DIMSWE-feature-study-20260828/m1y_test2b_20260828_workspace/external-results/m1y-test2b-20260828/production/representation-C/m1y-seed0-m20-10k/checkpoint_000000020_parameters.npz,X,TRAINING TRUTH SUPPORT,0,80,POST-HOC CHECKPOINT EVALUATION,source_vector,normalized_vector_relative_RMS_error,0.2897809640031356,X training
t2b-c-m1y,Test 2B,C,M1-Y,M1-Y,100,c68a400fd4df1d7bf2bed8dd29a862f43240dd7fe4e3c630cddbf875e347ed4f,46212fc4be306e836eb52a5992b66c881294fae6e4767fd104b38ac4d770f696,/Users/arjunsharma/Documents/SandiaProjects/4-LDRDAMDIS/DIMSWE-feature-study-20260828/m1y_test2b_20260828_workspace/external-results/m1y-test2b-20260828/production/representation-C/m1y-seed0-m20-10k/checkpoint_000000100_parameters.npz,X,TRAINING TRUTH SUPPORT,0,80,POST-HOC CHECKPOINT EVALUATION,source_vector,normalized_vector_relative_RMS_error,0.0633366023751826,X training
t2b-c-m1y,Test 2B,C,M1-Y,M1-Y,500,a743ba6ab3c02dd807c54e48602eebc780496ea6ddb75e0c2074e460d04ee01a,4a3933175da33f008e265ccb4b49c600fbe9d3aff0ace7c23aeaad91a140644c,/Users/arjunsharma/Documents/SandiaProjects/4-LDRDAMDIS/DIMSWE-feature-study-20260828/m1y_test2b_20260828_workspace/external-results/m1y-test2b-20260828/production/representation-C/m1y-seed0-m20-10k/checkpoint_000000500_parameters.npz,X,TRAINING TRUTH SUPPORT,0,80,POST-HOC CHECKPOINT EVALUATION,source_vector,normalized_vector_relative_RMS_error,0.0425066995650498,X training
t2b-c-m1y,Test 2B,C,M1-Y,M1-Y,1000,ec7c68cb44678957beff2996e4a93fe260a2e7ad3cc0f4be0eee1abd51e14d91,88133ade29aef585fbec3f9b89db4bba1a313d9c33c17cdbd56d60c61f6f9bbb,/Users/arjunsharma/Documents/SandiaProjects/4-LDRDAMDIS/DIMSWE-feature-study-20260828/m1y_test2b_20260828_workspace/external-results/m1y-test2b-20260828/production/representation-C/m1y-seed0-m20-10k/checkpoint_000001000_parameters.npz,X,TRAINING TRUTH SUPPORT,0,80,POST-HOC CHECKPOINT EVALUATION,source_vector,normalized_vector_relative_RMS_error,0.022695293549399,X training
t2b-c-m1y,Test 2B,C,M1-Y,M1-Y,5000,9e4f428d51911deee1713b983bb7a1e5be6d08362fb1e77640301842a9b85d8b,2de1bedb98fb9cb75c6ba63e63e807a25aaae465940c8e8fba7c6ce87d4166f7,/Users/arjunsharma/Documents/SandiaProjects/4-LDRDAMDIS/DIMSWE-feature-study-20260828/m1y_test2b_20260828_workspace/external-results/m1y-test2b-20260828/production/representation-C/m1y-seed0-m20-10k/checkpoint_000005000_parameters.npz,X,TRAINING TRUTH SUPPORT,0,80,POST-HOC CHECKPOINT EVALUATION,source_vector,normalized_vector_relative_RMS_error,0.0161357744387229,X training
t2b-c-m1y,Test 2B,C,M1-Y,M1-Y,10000,c8da7ea375ced0f692210f97097e069f9d5757b6bead22b7a4a10d9a265d8a65,169eadab27a39916e37a875c27708873595f133cb4ea39e9f23eab14e86d49ee,/Users/arjunsharma/Documents/SandiaProjects/4-LDRDAMDIS/DIMSWE-feature-study-20260828/m1y_test2b_20260828_workspace/external-results/m1y-test2b-20260828/production/representation-C/m1y-seed0-m20-10k/checkpoint_000010000_parameters.npz,X,TRAINING TRUTH SUPPORT,0,80,POST-HOC CHECKPOINT EVALUATION,source_vector,normalized_vector_relative_RMS_error,0.0102866596173777,X training
t2b-c-m1y,Test 2B,C,M1-Y,M1-Y,0,e52dd73e3f97d44adf4d55354b1c8d9a9b252186a17cae4ad09410270b86df1e,837947642dcbe0dd31e20504650ef23944f474c2d5f8337a51320cb0e340f30f,/Users/arjunsharma/Documents/SandiaProjects/4-LDRDAMDIS/DIMSWE-feature-study-20260828/m1y_test2b_20260828_workspace/external-results/m1y-test2b-20260828/production/representation-C/m1y-seed0-m20-10k/checkpoint_000000000_parameters.npz,X,HELD-OUT TRUTH SUPPORT,81,160,POST-HOC CHECKPOINT EVALUATION,source_vector,normalized_vector_relative_RMS_error,2.608542521642806,X held-out
t2b-c-m1y,Test 2B,C,M1-Y,M1-Y,1,70a20f3e965d70a1ffba55e174d37b0bd0bfa4e24bcf87b9e4ac0e2039521563,93171abdb8c7df3759a40731509d616d4b6c6787e1b4e5c8164d0e9c5032aa41,/Users/arjunsharma/Documents/SandiaProjects/4-LDRDAMDIS/DIMSWE-feature-study-20260828/m1y_test2b_20260828_workspace/external-results/m1y-test2b-20260828/production/representation-C/m1y-seed0-m20-10k/checkpoint_000000001_parameters.npz,X,HELD-OUT TRUTH SUPPORT,81,160,POST-HOC CHECKPOINT EVALUATION,source_vector,normalized_vector_relative_RMS_error,3.043064602502295,X held-out
t2b-c-m1y,Test 2B,C,M1-Y,M1-Y,5,4ea93be6c50caa7428685930a31bc41d36279cc261f30af4439626ac64319e86,f96519bec4d00e49bb83d0e517e988c9289c8e7f1b0f59078c5a5d36052db5a2,/Users/arjunsharma/Documents/SandiaProjects/4-LDRDAMDIS/DIMSWE-feature-study-20260828/m1y_test2b_20260828_workspace/external-results/m1y-test2b-20260828/production/representation-C/m1y-seed0-m20-10k/checkpoint_000000005_parameters.npz,X,HELD-OUT TRUTH SUPPORT,81,160,POST-HOC CHECKPOINT EVALUATION,source_vector,normalized_vector_relative_RMS_error,3.3468604631959606,X held-out
t2b-c-m1y,Test 2B,C,M1-Y,M1-Y,10,50ccf516591d7d6ef6adbeac4ae218aeca1d8da3019e7beb66bb0dd9ca2a6023,d12a22f8f73f57d2ce844f85919e8823550eed6ebf891e40bcaf0ffcde230c36,/Users/arjunsharma/Documents/SandiaProjects/4-LDRDAMDIS/DIMSWE-feature-study-20260828/m1y_test2b_20260828_workspace/external-results/m1y-test2b-20260828/production/representation-C/m1y-seed0-m20-10k/checkpoint_000000010_parameters.npz,X,HELD-OUT TRUTH SUPPORT,81,160,POST-HOC CHECKPOINT EVALUATION,source_vector,normalized_vector_relative_RMS_error,4.255532100255045,X held-out
t2b-c-m1y,Test 2B,C,M1-Y,M1-Y,20,277ab160f144c4e0834f61a64609cf87fa4cccf050f0eda20d15c3c60365a31d,9eed310c0810be4cb7029965e0c656a8f44fba6aea18a9a976625a856f6a19d1,/Users/arjunsharma/Documents/SandiaProjects/4-LDRDAMDIS/DIMSWE-feature-study-20260828/m1y_test2b_20260828_workspace/external-results/m1y-test2b-20260828/production/representation-C/m1y-seed0-m20-10k/checkpoint_000000020_parameters.npz,X,HELD-OUT TRUTH SUPPORT,81,160,POST-HOC CHECKPOINT EVALUATION,source_vector,normalized_vector_relative_RMS_error,2.253958454666407,X held-out
t2b-c-m1y,Test 2B,C,M1-Y,M1-Y,100,c68a400fd4df1d7bf2bed8dd29a862f43240dd7fe4e3c630cddbf875e347ed4f,46212fc4be306e836eb52a5992b66c881294fae6e4767fd104b38ac4d770f696,/Users/arjunsharma/Documents/SandiaProjects/4-LDRDAMDIS/DIMSWE-feature-study-20260828/m1y_test2b_20260828_workspace/external-results/m1y-test2b-20260828/production/representation-C/m1y-seed0-m20-10k/checkpoint_000000100_parameters.npz,X,HELD-OUT TRUTH SUPPORT,81,160,POST-HOC CHECKPOINT EVALUATION,source_vector,normalized_vector_relative_RMS_error,1.3902223746127147,X held-out
t2b-c-m1y,Test 2B,C,M1-Y,M1-Y,500,a743ba6ab3c02dd807c54e48602eebc780496ea6ddb75e0c2074e460d04ee01a,4a3933175da33f008e265ccb4b49c600fbe9d3aff0ace7c23aeaad91a140644c,/Users/arjunsharma/Documents/SandiaProjects/4-LDRDAMDIS/DIMSWE-feature-study-20260828/m1y_test2b_20260828_workspace/external-results/m1y-test2b-20260828/production/representation-C/m1y-seed0-m20-10k/checkpoint_000000500_parameters.npz,X,HELD-OUT TRUTH SUPPORT,81,160,POST-HOC CHECKPOINT EVALUATION,source_vector,normalized_vector_relative_RMS_error,1.2591626466199397,X held-out
t2b-c-m1y,Test 2B,C,M1-Y,M1-Y,1000,ec7c68cb44678957beff2996e4a93fe260a2e7ad3cc0f4be0eee1abd51e14d91,88133ade29aef585fbec3f9b89db4bba1a313d9c33c17cdbd56d60c61f6f9bbb,/Users/arjunsharma/Documents/SandiaProjects/4-LDRDAMDIS/DIMSWE-feature-study-20260828/m1y_test2b_20260828_workspace/external-results/m1y-test2b-20260828/production/representation-C/m1y-seed0-m20-10k/checkpoint_000001000_parameters.npz,X,HELD-OUT TRUTH SUPPORT,81,160,POST-HOC CHECKPOINT EVALUATION,source_vector,normalized_vector_relative_RMS_error,0.8172082880383023,X held-out
t2b-c-m1y,Test 2B,C,M1-Y,M1-Y,5000,9e4f428d51911deee1713b983bb7a1e5be6d08362fb1e77640301842a9b85d8b,2de1bedb98fb9cb75c6ba63e63e807a25aaae465940c8e8fba7c6ce87d4166f7,/Users/arjunsharma/Documents/SandiaProjects/4-LDRDAMDIS/DIMSWE-feature-study-20260828/m1y_test2b_20260828_workspace/external-results/m1y-test2b-20260828/production/representation-C/m1y-seed0-m20-10k/checkpoint_000005000_parameters.npz,X,HELD-OUT TRUTH SUPPORT,81,160,POST-HOC CHECKPOINT EVALUATION,source_vector,normalized_vector_relative_RMS_error,0.4165794819327548,X held-out
t2b-c-m1y,Test 2B,C,M1-Y,M1-Y,10000,c8da7ea375ced0f692210f97097e069f9d5757b6bead22b7a4a10d9a265d8a65,169eadab27a39916e37a875c27708873595f133cb4ea39e9f23eab14e86d49ee,/Users/arjunsharma/Documents/SandiaProjects/4-LDRDAMDIS/DIMSWE-feature-study-20260828/m1y_test2b_20260828_workspace/external-results/m1y-test2b-20260828/production/representation-C/m1y-seed0-m20-10k/checkpoint_000010000_parameters.npz,X,HELD-OUT TRUTH SUPPORT,81,160,POST-HOC CHECKPOINT EVALUATION,source_vector,normalized_vector_relative_RMS_error,0.2664536183366531,X held-out
t2b-c-m1y,Test 2B,C,M1-Y,M1-Y,0,e52dd73e3f97d44adf4d55354b1c8d9a9b252186a17cae4ad09410270b86df1e,837947642dcbe0dd31e20504650ef23944f474c2d5f8337a51320cb0e340f30f,/Users/arjunsharma/Documents/SandiaProjects/4-LDRDAMDIS/DIMSWE-feature-study-20260828/m1y_test2b_20260828_workspace/external-results/m1y-test2b-20260828/production/representation-C/m1y-seed0-m20-10k/checkpoint_000000000_parameters.npz,Y,TRAINING TRUTH SUPPORT,0,80,POST-HOC CHECKPOINT EVALUATION,source_vector,normalized_vector_relative_RMS_error,1.076756669427866,Y training
t2b-c-m1y,Test 2B,C,M1-Y,M1-Y,1,70a20f3e965d70a1ffba55e174d37b0bd0bfa4e24bcf87b9e4ac0e2039521563,93171abdb8c7df3759a40731509d616d4b6c6787e1b4e5c8164d0e9c5032aa41,/Users/arjunsharma/Documents/SandiaProjects/4-LDRDAMDIS/DIMSWE-feature-study-20260828/m1y_test2b_20260828_workspace/external-results/m1y-test2b-20260828/production/representation-C/m1y-seed0-m20-10k/checkpoint_000000001_parameters.npz,Y,TRAINING TRUTH SUPPORT,0,80,POST-HOC CHECKPOINT EVALUATION,source_vector,normalized_vector_relative_RMS_error,0.9522807610309668,Y training
t2b-c-m1y,Test 2B,C,M1-Y,M1-Y,5,4ea93be6c50caa7428685930a31bc41d36279cc261f30af4439626ac64319e86,f96519bec4d00e49bb83d0e517e988c9289c8e7f1b0f59078c5a5d36052db5a2,/Users/arjunsharma/Documents/SandiaProjects/4-LDRDAMDIS/DIMSWE-feature-study-20260828/m1y_test2b_20260828_workspace/external-results/m1y-test2b-20260828/production/representation-C/m1y-seed0-m20-10k/checkpoint_000000005_parameters.npz,Y,TRAINING TRUTH SUPPORT,0,80,POST-HOC CHECKPOINT EVALUATION,source_vector,normalized_vector_relative_RMS_error,0.6794323409477557,Y training
t2b-c-m1y,Test 2B,C,M1-Y,M1-Y,10,50ccf516591d7d6ef6adbeac4ae218aeca1d8da3019e7beb66bb0dd9ca2a6023,d12a22f8f73f57d2ce844f85919e8823550eed6ebf891e40bcaf0ffcde230c36,/Users/arjunsharma/Documents/SandiaProjects/4-LDRDAMDIS/DIMSWE-feature-study-20260828/m1y_test2b_20260828_workspace/external-results/m1y-test2b-20260828/production/representation-C/m1y-seed0-m20-10k/checkpoint_000000010_parameters.npz,Y,TRAINING TRUTH SUPPORT,0,80,POST-HOC CHECKPOINT EVALUATION,source_vector,normalized_vector_relative_RMS_error,0.4907565142911336,Y training
t2b-c-m1y,Test 2B,C,M1-Y,M1-Y,20,277ab160f144c4e0834f61a64609cf87fa4cccf050f0eda20d15c3c60365a31d,9eed310c0810be4cb7029965e0c656a8f44fba6aea18a9a976625a856f6a19d1,/Users/arjunsharma/Documents/SandiaProjects/4-LDRDAMDIS/DIMSWE-feature-study-20260828/m1y_test2b_20260828_workspace/external-results/m1y-test2b-20260828/production/representation-C/m1y-seed0-m20-10k/checkpoint_000000020_parameters.npz,Y,TRAINING TRUTH SUPPORT,0,80,POST-HOC CHECKPOINT EVALUATION,source_vector,normalized_vector_relative_RMS_error,0.2909352584166177,Y training
t2b-c-m1y,Test 2B,C,M1-Y,M1-Y,100,c68a400fd4df1d7bf2bed8dd29a862f43240dd7fe4e3c630cddbf875e347ed4f,46212fc4be306e836eb52a5992b66c881294fae6e4767fd104b38ac4d770f696,/Users/arjunsharma/Documents/SandiaProjects/4-LDRDAMDIS/DIMSWE-feature-study-20260828/m1y_test2b_20260828_workspace/external-results/m1y-test2b-20260828/production/representation-C/m1y-seed0-m20-10k/checkpoint_000000100_parameters.npz,Y,TRAINING TRUTH SUPPORT,0,80,POST-HOC CHECKPOINT EVALUATION,source_vector,normalized_vector_relative_RMS_error,0.0635103292986137,Y training
t2b-c-m1y,Test 2B,C,M1-Y,M1-Y,500,a743ba6ab3c02dd807c54e48602eebc780496ea6ddb75e0c2074e460d04ee01a,4a3933175da33f008e265ccb4b49c600fbe9d3aff0ace7c23aeaad91a140644c,/Users/arjunsharma/Documents/SandiaProjects/4-LDRDAMDIS/DIMSWE-feature-study-20260828/m1y_test2b_20260828_workspace/external-results/m1y-test2b-20260828/production/representation-C/m1y-seed0-m20-10k/checkpoint_000000500_parameters.npz,Y,TRAINING TRUTH SUPPORT,0,80,POST-HOC CHECKPOINT EVALUATION,source_vector,normalized_vector_relative_RMS_error,0.0398676118872136,Y training
t2b-c-m1y,Test 2B,C,M1-Y,M1-Y,1000,ec7c68cb44678957beff2996e4a93fe260a2e7ad3cc0f4be0eee1abd51e14d91,88133ade29aef585fbec3f9b89db4bba1a313d9c33c17cdbd56d60c61f6f9bbb,/Users/arjunsharma/Documents/SandiaProjects/4-LDRDAMDIS/DIMSWE-feature-study-20260828/m1y_test2b_20260828_workspace/external-results/m1y-test2b-20260828/production/representation-C/m1y-seed0-m20-10k/checkpoint_000001000_parameters.npz,Y,TRAINING TRUTH SUPPORT,0,80,POST-HOC CHECKPOINT EVALUATION,source_vector,normalized_vector_relative_RMS_error,0.0180400041425029,Y training
t2b-c-m1y,Test 2B,C,M1-Y,M1-Y,5000,9e4f428d51911deee1713b983bb7a1e5be6d08362fb1e77640301842a9b85d8b,2de1bedb98fb9cb75c6ba63e63e807a25aaae465940c8e8fba7c6ce87d4166f7,/Users/arjunsharma/Documents/SandiaProjects/4-LDRDAMDIS/DIMSWE-feature-study-20260828/m1y_test2b_20260828_workspace/external-results/m1y-test2b-20260828/production/representation-C/m1y-seed0-m20-10k/checkpoint_000005000_parameters.npz,Y,TRAINING TRUTH SUPPORT,0,80,POST-HOC CHECKPOINT EVALUATION,source_vector,normalized_vector_relative_RMS_error,0.0116443268170013,Y training
t2b-c-m1y,Test 2B,C,M1-Y,M1-Y,10000,c8da7ea375ced0f692210f97097e069f9d5757b6bead22b7a4a10d9a265d8a65,169eadab27a39916e37a875c27708873595f133cb4ea39e9f23eab14e86d49ee,/Users/arjunsharma/Documents/SandiaProjects/4-LDRDAMDIS/DIMSWE-feature-study-20260828/m1y_test2b_20260828_workspace/external-results/m1y-test2b-20260828/production/representation-C/m1y-seed0-m20-10k/checkpoint_000010000_parameters.npz,Y,TRAINING TRUTH SUPPORT,0,80,POST-HOC CHECKPOINT EVALUATION,source_vector,normalized_vector_relative_RMS_error,0.0061691653141964,Y training
t2b-c-m1y,Test 2B,C,M1-Y,M1-Y,0,e52dd73e3f97d44adf4d55354b1c8d9a9b252186a17cae4ad09410270b86df1e,837947642dcbe0dd31e20504650ef23944f474c2d5f8337a51320cb0e340f30f,/Users/arjunsharma/Documents/SandiaProjects/4-LDRDAMDIS/DIMSWE-feature-study-20260828/m1y_test2b_20260828_workspace/external-results/m1y-test2b-20260828/production/representation-C/m1y-seed0-m20-10k/checkpoint_000000000_parameters.npz,Y,HELD-OUT TRUTH SUPPORT,81,160,POST-HOC CHECKPOINT EVALUATION,source_vector,normalized_vector_relative_RMS_error,2.58875562957337,Y held-out
t2b-c-m1y,Test 2B,C,M1-Y,M1-Y,1,70a20f3e965d70a1ffba55e174d37b0bd0bfa4e24bcf87b9e4ac0e2039521563,93171abdb8c7df3759a40731509d616d4b6c6787e1b4e5c8164d0e9c5032aa41,/Users/arjunsharma/Documents/SandiaProjects/4-LDRDAMDIS/DIMSWE-feature-study-20260828/m1y_test2b_20260828_workspace/external-results/m1y-test2b-20260828/production/representation-C/m1y-seed0-m20-10k/checkpoint_000000001_parameters.npz,Y,HELD-OUT TRUTH SUPPORT,81,160,POST-HOC CHECKPOINT EVALUATION,source_vector,normalized_vector_relative_RMS_error,3.030736804134736,Y held-out
t2b-c-m1y,Test 2B,C,M1-Y,M1-Y,5,4ea93be6c50caa7428685930a31bc41d36279cc261f30af4439626ac64319e86,f96519bec4d00e49bb83d0e517e988c9289c8e7f1b0f59078c5a5d36052db5a2,/Users/arjunsharma/Documents/SandiaProjects/4-LDRDAMDIS/DIMSWE-feature-study-20260828/m1y_test2b_20260828_workspace/external-results/m1y-test2b-20260828/production/representation-C/m1y-seed0-m20-10k/checkpoint_000000005_parameters.npz,Y,HELD-OUT TRUTH SUPPORT,81,160,POST-HOC CHECKPOINT EVALUATION,source_vector,normalized_vector_relative_RMS_error,3.3245361325328258,Y held-out
t2b-c-m1y,Test 2B,C,M1-Y,M1-Y,10,50ccf516591d7d6ef6adbeac4ae218aeca1d8da3019e7beb66bb0dd9ca2a6023,d12a22f8f73f57d2ce844f85919e8823550eed6ebf891e40bcaf0ffcde230c36,/Users/arjunsharma/Documents/SandiaProjects/4-LDRDAMDIS/DIMSWE-feature-study-20260828/m1y_test2b_20260828_workspace/external-results/m1y-test2b-20260828/production/representation-C/m1y-seed0-m20-10k/checkpoint_000000010_parameters.npz,Y,HELD-OUT TRUTH SUPPORT,81,160,POST-HOC CHECKPOINT EVALUATION,source_vector,normalized_vector_relative_RMS_error,4.233456040505874,Y held-out
t2b-c-m1y,Test 2B,C,M1-Y,M1-Y,20,277ab160f144c4e0834f61a64609cf87fa4cccf050f0eda20d15c3c60365a31d,9eed310c0810be4cb7029965e0c656a8f44fba6aea18a9a976625a856f6a19d1,/Users/arjunsharma/Documents/SandiaProjects/4-LDRDAMDIS/DIMSWE-feature-study-20260828/m1y_test2b_20260828_workspace/external-results/m1y-test2b-20260828/production/representation-C/m1y-seed0-m20-10k/checkpoint_000000020_parameters.npz,Y,HELD-OUT TRUTH SUPPORT,81,160,POST-HOC CHECKPOINT EVALUATION,source_vector,normalized_vector_relative_RMS_error,2.248992350955151,Y held-out
t2b-c-m1y,Test 2B,C,M1-Y,M1-Y,100,c68a400fd4df1d7bf2bed8dd29a862f43240dd7fe4e3c630cddbf875e347ed4f,46212fc4be306e836eb52a5992b66c881294fae6e4767fd104b38ac4d770f696,/Users/arjunsharma/Documents/SandiaProjects/4-LDRDAMDIS/DIMSWE-feature-study-20260828/m1y_test2b_20260828_workspace/external-results/m1y-test2b-20260828/production/representation-C/m1y-seed0-m20-10k/checkpoint_000000100_parameters.npz,Y,HELD-OUT TRUTH SUPPORT,81,160,POST-HOC CHECKPOINT EVALUATION,source_vector,normalized_vector_relative_RMS_error,1.39355773112365,Y held-out
t2b-c-m1y,Test 2B,C,M1-Y,M1-Y,500,a743ba6ab3c02dd807c54e48602eebc780496ea6ddb75e0c2074e460d04ee01a,4a3933175da33f008e265ccb4b49c600fbe9d3aff0ace7c23aeaad91a140644c,/Users/arjunsharma/Documents/SandiaProjects/4-LDRDAMDIS/DIMSWE-feature-study-20260828/m1y_test2b_20260828_workspace/external-results/m1y-test2b-20260828/production/representation-C/m1y-seed0-m20-10k/checkpoint_000000500_parameters.npz,Y,HELD-OUT TRUTH SUPPORT,81,160,POST-HOC CHECKPOINT EVALUATION,source_vector,normalized_vector_relative_RMS_error,1.2624651981728034,Y held-out
t2b-c-m1y,Test 2B,C,M1-Y,M1-Y,1000,ec7c68cb44678957beff2996e4a93fe260a2e7ad3cc0f4be0eee1abd51e14d91,88133ade29aef585fbec3f9b89db4bba1a313d9c33c17cdbd56d60c61f6f9bbb,/Users/arjunsharma/Documents/SandiaProjects/4-LDRDAMDIS/DIMSWE-feature-study-20260828/m1y_test2b_20260828_workspace/external-results/m1y-test2b-20260828/production/representation-C/m1y-seed0-m20-10k/checkpoint_000001000_parameters.npz,Y,HELD-OUT TRUTH SUPPORT,81,160,POST-HOC CHECKPOINT EVALUATION,source_vector,normalized_vector_relative_RMS_error,0.8264332999813613,Y held-out
t2b-c-m1y,Test 2B,C,M1-Y,M1-Y,5000,9e4f428d51911deee1713b983bb7a1e5be6d08362fb1e77640301842a9b85d8b,2de1bedb98fb9cb75c6ba63e63e807a25aaae465940c8e8fba7c6ce87d4166f7,/Users/arjunsharma/Documents/SandiaProjects/4-LDRDAMDIS/DIMSWE-feature-study-20260828/m1y_test2b_20260828_workspace/external-results/m1y-test2b-20260828/production/representation-C/m1y-seed0-m20-10k/checkpoint_000005000_parameters.npz,Y,HELD-OUT TRUTH SUPPORT,81,160,POST-HOC CHECKPOINT EVALUATION,source_vector,normalized_vector_relative_RMS_error,0.4174028524785693,Y held-out
t2b-c-m1y,Test 2B,C,M1-Y,M1-Y,10000,c8da7ea375ced0f692210f97097e069f9d5757b6bead22b7a4a10d9a265d8a65,169eadab27a39916e37a875c27708873595f133cb4ea39e9f23eab14e86d49ee,/Users/arjunsharma/Documents/SandiaProjects/4-LDRDAMDIS/DIMSWE-feature-study-20260828/m1y_test2b_20260828_workspace/external-results/m1y-test2b-20260828/production/representation-C/m1y-seed0-m20-10k/checkpoint_000010000_parameters.npz,Y,HELD-OUT TRUTH SUPPORT,81,160,POST-HOC CHECKPOINT EVALUATION,source_vector,normalized_vector_relative_RMS_error,0.2682311452298295,Y held-out
