run_id,physical_case,representation,model_label,trained_objective,checkpoint_iteration,checkpoint_parameter_pytree_sha256,checkpoint_npz_sha256,checkpoint_path,evaluation_state,support,state_first,state_last,support_use,quantity,metric,value,metric_provenance,nominal_state_for_model
t2b-a-m1x,Test 2B,A,M1-X,M1-X,10000,471f3ac8a9b84f68bbe14bdc7dee62e3a025ac5cf61503db6644d5a1fa1bb506,e4f8d600fdc9833ab9c0c159a0f7601ec7b162f32c0369d44a82988dbd15908f,/Users/arjunsharma/Documents/SandiaProjects/4-LDRDAMDIS/DIMSWE-study-d0eb615/external-results/test2b-rain-active-learning/production/representation-A/m1-seed0-m20-10k/checkpoint_000010000_parameters.npz,X,TRAINING TRUTH SUPPORT,0,80,POST-HOC CHECKPOINT EVALUATION,A,relative_RMS_error,0.0054678457893129,POST-HOC FINAL CHECKPOINT EVALUATION,True
t2b-a-m1x,Test 2B,A,M1-X,M1-X,10000,471f3ac8a9b84f68bbe14bdc7dee62e3a025ac5cf61503db6644d5a1fa1bb506,e4f8d600fdc9833ab9c0c159a0f7601ec7b162f32c0369d44a82988dbd15908f,/Users/arjunsharma/Documents/SandiaProjects/4-LDRDAMDIS/DIMSWE-study-d0eb615/external-results/test2b-rain-active-learning/production/representation-A/m1-seed0-m20-10k/checkpoint_000010000_parameters.npz,X,TRAINING TRUTH SUPPORT,0,80,POST-HOC CHECKPOINT EVALUATION,A,physical_RMS_error,4.949635437515386e-10,POST-HOC FINAL CHECKPOINT EVALUATION,True
t2b-a-m1x,Test 2B,A,M1-X,M1-X,10000,471f3ac8a9b84f68bbe14bdc7dee62e3a025ac5cf61503db6644d5a1fa1bb506,e4f8d600fdc9833ab9c0c159a0f7601ec7b162f32c0369d44a82988dbd15908f,/Users/arjunsharma/Documents/SandiaProjects/4-LDRDAMDIS/DIMSWE-study-d0eb615/external-results/test2b-rain-active-learning/production/representation-A/m1-seed0-m20-10k/checkpoint_000010000_parameters.npz,X,TRAINING TRUTH SUPPORT,0,80,POST-HOC CHECKPOINT EVALUATION,A,signed_mass_weighted_bias,-8.629942486517959e-13,POST-HOC FINAL CHECKPOINT EVALUATION,True
t2b-a-m1x,Test 2B,A,M1-X,M1-X,10000,471f3ac8a9b84f68bbe14bdc7dee62e3a025ac5cf61503db6644d5a1fa1bb506,e4f8d600fdc9833ab9c0c159a0f7601ec7b162f32c0369d44a82988dbd15908f,/Users/arjunsharma/Documents/SandiaProjects/4-LDRDAMDIS/DIMSWE-study-d0eb615/external-results/test2b-rain-active-learning/production/representation-A/m1-seed0-m20-10k/checkpoint_000010000_parameters.npz,X,TRAINING TRUTH SUPPORT,0,80,POST-HOC CHECKPOINT EVALUATION,A,correlation,0.9999848676682668,POST-HOC FINAL CHECKPOINT EVALUATION,True
t2b-a-m2x-independent,Test 2B,A,M2-X-independent,M2-X,10000,aca1a5810b1f74516bdb26ae902780050929c3e06238795a6301371491dc3652,b644f72dad39f78bbe42174c03ac1b7f16f8789275eae4672a7636e014eecfa4,/Users/arjunsharma/Documents/SandiaProjects/4-LDRDAMDIS/DIMSWE-study-d0eb615/external-results/test2b-rain-active-learning/production/representation-A/m2x-seed0-m20-10k/checkpoint_000010000_parameters.npz,X,TRAINING TRUTH SUPPORT,0,80,POST-HOC CHECKPOINT EVALUATION,A,relative_RMS_error,0.0055088062621429,POST-HOC FINAL CHECKPOINT EVALUATION,True
t2b-a-m2x-independent,Test 2B,A,M2-X-independent,M2-X,10000,aca1a5810b1f74516bdb26ae902780050929c3e06238795a6301371491dc3652,b644f72dad39f78bbe42174c03ac1b7f16f8789275eae4672a7636e014eecfa4,/Users/arjunsharma/Documents/SandiaProjects/4-LDRDAMDIS/DIMSWE-study-d0eb615/external-results/test2b-rain-active-learning/production/representation-A/m2x-seed0-m20-10k/checkpoint_000010000_parameters.npz,X,TRAINING TRUTH SUPPORT,0,80,POST-HOC CHECKPOINT EVALUATION,A,physical_RMS_error,4.986713916987675e-10,POST-HOC FINAL CHECKPOINT EVALUATION,True
t2b-a-m2x-independent,Test 2B,A,M2-X-independent,M2-X,10000,aca1a5810b1f74516bdb26ae902780050929c3e06238795a6301371491dc3652,b644f72dad39f78bbe42174c03ac1b7f16f8789275eae4672a7636e014eecfa4,/Users/arjunsharma/Documents/SandiaProjects/4-LDRDAMDIS/DIMSWE-study-d0eb615/external-results/test2b-rain-active-learning/production/representation-A/m2x-seed0-m20-10k/checkpoint_000010000_parameters.npz,X,TRAINING TRUTH SUPPORT,0,80,POST-HOC CHECKPOINT EVALUATION,A,signed_mass_weighted_bias,7.295906702750996e-13,POST-HOC FINAL CHECKPOINT EVALUATION,True
t2b-a-m2x-independent,Test 2B,A,M2-X-independent,M2-X,10000,aca1a5810b1f74516bdb26ae902780050929c3e06238795a6301371491dc3652,b644f72dad39f78bbe42174c03ac1b7f16f8789275eae4672a7636e014eecfa4,/Users/arjunsharma/Documents/SandiaProjects/4-LDRDAMDIS/DIMSWE-study-d0eb615/external-results/test2b-rain-active-learning/production/representation-A/m2x-seed0-m20-10k/checkpoint_000010000_parameters.npz,X,TRAINING TRUTH SUPPORT,0,80,POST-HOC CHECKPOINT EVALUATION,A,correlation,0.9999846400898388,POST-HOC FINAL CHECKPOINT EVALUATION,True
t2b-a-m2x-warm,Test 2B,A,warm M2-X,M2-X,5000,0cf7dc9036c84c6ac3a78cf7e16cfa56fb7eb985ba7f460e3dccb139bb826d3e,a966a41245712e15bb2872b9a96960eb2e101890b70b8e7aca89f5105b2bea44,/Users/arjunsharma/Documents/SandiaProjects/4-LDRDAMDIS/DIMSWE-study-d0eb615/external-results/test2b-rain-active-learning/production/representation-A/m1-to-m2x-m20-5k/checkpoint_000005000_parameters.npz,X,TRAINING TRUTH SUPPORT,0,80,POST-HOC CHECKPOINT EVALUATION,A,relative_RMS_error,0.0050695957961553,POST-HOC FINAL CHECKPOINT EVALUATION,True
t2b-a-m2x-warm,Test 2B,A,warm M2-X,M2-X,5000,0cf7dc9036c84c6ac3a78cf7e16cfa56fb7eb985ba7f460e3dccb139bb826d3e,a966a41245712e15bb2872b9a96960eb2e101890b70b8e7aca89f5105b2bea44,/Users/arjunsharma/Documents/SandiaProjects/4-LDRDAMDIS/DIMSWE-study-d0eb615/external-results/test2b-rain-active-learning/production/representation-A/m1-to-m2x-m20-5k/checkpoint_000005000_parameters.npz,X,TRAINING TRUTH SUPPORT,0,80,POST-HOC CHECKPOINT EVALUATION,A,physical_RMS_error,4.5891292427401095e-10,POST-HOC FINAL CHECKPOINT EVALUATION,True
t2b-a-m2x-warm,Test 2B,A,warm M2-X,M2-X,5000,0cf7dc9036c84c6ac3a78cf7e16cfa56fb7eb985ba7f460e3dccb139bb826d3e,a966a41245712e15bb2872b9a96960eb2e101890b70b8e7aca89f5105b2bea44,/Users/arjunsharma/Documents/SandiaProjects/4-LDRDAMDIS/DIMSWE-study-d0eb615/external-results/test2b-rain-active-learning/production/representation-A/m1-to-m2x-m20-5k/checkpoint_000005000_parameters.npz,X,TRAINING TRUTH SUPPORT,0,80,POST-HOC CHECKPOINT EVALUATION,A,signed_mass_weighted_bias,-5.239080000825135e-13,POST-HOC FINAL CHECKPOINT EVALUATION,True
t2b-a-m2x-warm,Test 2B,A,warm M2-X,M2-X,5000,0cf7dc9036c84c6ac3a78cf7e16cfa56fb7eb985ba7f460e3dccb139bb826d3e,a966a41245712e15bb2872b9a96960eb2e101890b70b8e7aca89f5105b2bea44,/Users/arjunsharma/Documents/SandiaProjects/4-LDRDAMDIS/DIMSWE-study-d0eb615/external-results/test2b-rain-active-learning/production/representation-A/m1-to-m2x-m20-5k/checkpoint_000005000_parameters.npz,X,TRAINING TRUTH SUPPORT,0,80,POST-HOC CHECKPOINT EVALUATION,A,correlation,0.9999869916985408,POST-HOC FINAL CHECKPOINT EVALUATION,True
t2b-a-h1,Test 2B,A,H1,H1,5000,73f39ca1e345256157890f7c918ac41a43684262e4ad11c9465bd35706b16f83,a6a7667217ce26fa3b392cacc5e70f087db97622804db0cdcf123f7e532516c1,/Users/arjunsharma/Documents/SandiaProjects/4-LDRDAMDIS/DIMSWE-study-d0eb615/external-results/test2b-rain-active-learning/production/representation-A/h1-from-m1-m20-5k/checkpoint_000005000_parameters.npz,X,TRAINING TRUTH SUPPORT,0,80,POST-HOC CHECKPOINT EVALUATION,A,relative_RMS_error,0.0124514212713155,POST-HOC FINAL CHECKPOINT EVALUATION,True
t2b-a-h1,Test 2B,A,H1,H1,5000,73f39ca1e345256157890f7c918ac41a43684262e4ad11c9465bd35706b16f83,a6a7667217ce26fa3b392cacc5e70f087db97622804db0cdcf123f7e532516c1,/Users/arjunsharma/Documents/SandiaProjects/4-LDRDAMDIS/DIMSWE-study-d0eb615/external-results/test2b-rain-active-learning/production/representation-A/h1-from-m1-m20-5k/checkpoint_000005000_parameters.npz,X,TRAINING TRUTH SUPPORT,0,80,POST-HOC CHECKPOINT EVALUATION,A,physical_RMS_error,1.1271348598088524e-09,POST-HOC FINAL CHECKPOINT EVALUATION,True
t2b-a-h1,Test 2B,A,H1,H1,5000,73f39ca1e345256157890f7c918ac41a43684262e4ad11c9465bd35706b16f83,a6a7667217ce26fa3b392cacc5e70f087db97622804db0cdcf123f7e532516c1,/Users/arjunsharma/Documents/SandiaProjects/4-LDRDAMDIS/DIMSWE-study-d0eb615/external-results/test2b-rain-active-learning/production/representation-A/h1-from-m1-m20-5k/checkpoint_000005000_parameters.npz,X,TRAINING TRUTH SUPPORT,0,80,POST-HOC CHECKPOINT EVALUATION,A,signed_mass_weighted_bias,9.255654871876961e-11,POST-HOC FINAL CHECKPOINT EVALUATION,True
t2b-a-h1,Test 2B,A,H1,H1,5000,73f39ca1e345256157890f7c918ac41a43684262e4ad11c9465bd35706b16f83,a6a7667217ce26fa3b392cacc5e70f087db97622804db0cdcf123f7e532516c1,/Users/arjunsharma/Documents/SandiaProjects/4-LDRDAMDIS/DIMSWE-study-d0eb615/external-results/test2b-rain-active-learning/production/representation-A/h1-from-m1-m20-5k/checkpoint_000005000_parameters.npz,X,TRAINING TRUTH SUPPORT,0,80,POST-HOC CHECKPOINT EVALUATION,A,correlation,0.9999220866756549,POST-HOC FINAL CHECKPOINT EVALUATION,True
t2b-a-h2,Test 2B,A,H2,H2,20,3e9b414ee32f1d702a7998d6a3508c3bbf7097a2c735dbafc3550a4ecf74c5df,2158c1e48bb422d13ea077cea9617be77aad1be76a5945ec0a5201a796a04ed3,/Users/arjunsharma/Documents/SandiaProjects/4-LDRDAMDIS/DIMSWE-study-d0eb615/external-results/test2b-rain-active-learning/production/representation-A/h2-from-h1-m20-20/checkpoint_000000020_parameters.npz,X,TRAINING TRUTH SUPPORT,0,80,POST-HOC CHECKPOINT EVALUATION,A,relative_RMS_error,0.0124674774833233,POST-HOC FINAL CHECKPOINT EVALUATION,True
t2b-a-h2,Test 2B,A,H2,H2,20,3e9b414ee32f1d702a7998d6a3508c3bbf7097a2c735dbafc3550a4ecf74c5df,2158c1e48bb422d13ea077cea9617be77aad1be76a5945ec0a5201a796a04ed3,/Users/arjunsharma/Documents/SandiaProjects/4-LDRDAMDIS/DIMSWE-study-d0eb615/external-results/test2b-rain-active-learning/production/representation-A/h2-from-h1-m20-20/checkpoint_000000020_parameters.npz,X,TRAINING TRUTH SUPPORT,0,80,POST-HOC CHECKPOINT EVALUATION,A,physical_RMS_error,1.1285883096501302e-09,POST-HOC FINAL CHECKPOINT EVALUATION,True
t2b-a-h2,Test 2B,A,H2,H2,20,3e9b414ee32f1d702a7998d6a3508c3bbf7097a2c735dbafc3550a4ecf74c5df,2158c1e48bb422d13ea077cea9617be77aad1be76a5945ec0a5201a796a04ed3,/Users/arjunsharma/Documents/SandiaProjects/4-LDRDAMDIS/DIMSWE-study-d0eb615/external-results/test2b-rain-active-learning/production/representation-A/h2-from-h1-m20-20/checkpoint_000000020_parameters.npz,X,TRAINING TRUTH SUPPORT,0,80,POST-HOC CHECKPOINT EVALUATION,A,signed_mass_weighted_bias,9.188022447949943e-11,POST-HOC FINAL CHECKPOINT EVALUATION,True
t2b-a-h2,Test 2B,A,H2,H2,20,3e9b414ee32f1d702a7998d6a3508c3bbf7097a2c735dbafc3550a4ecf74c5df,2158c1e48bb422d13ea077cea9617be77aad1be76a5945ec0a5201a796a04ed3,/Users/arjunsharma/Documents/SandiaProjects/4-LDRDAMDIS/DIMSWE-study-d0eb615/external-results/test2b-rain-active-learning/production/representation-A/h2-from-h1-m20-20/checkpoint_000000020_parameters.npz,X,TRAINING TRUTH SUPPORT,0,80,POST-HOC CHECKPOINT EVALUATION,A,correlation,0.9999218652865312,POST-HOC FINAL CHECKPOINT EVALUATION,True
t2b-a-h5,Test 2B,A,H5,H5,20,f2d56a8947f66761371fbef8aa52b3aa545f3e2ca9822fdb27a7e3ef796d20a9,07b3a84734679abf8849b5afb1f30f87568482e221a2a759a143f29a0cfc5ff1,/Users/arjunsharma/Documents/SandiaProjects/4-LDRDAMDIS/DIMSWE-study-d0eb615/external-results/test2b-rain-active-learning/production/representation-A/h5-from-h2-m20-20/checkpoint_000000020_parameters.npz,X,TRAINING TRUTH SUPPORT,0,80,POST-HOC CHECKPOINT EVALUATION,A,relative_RMS_error,0.0125413154939275,POST-HOC FINAL CHECKPOINT EVALUATION,True
t2b-a-h5,Test 2B,A,H5,H5,20,f2d56a8947f66761371fbef8aa52b3aa545f3e2ca9822fdb27a7e3ef796d20a9,07b3a84734679abf8849b5afb1f30f87568482e221a2a759a143f29a0cfc5ff1,/Users/arjunsharma/Documents/SandiaProjects/4-LDRDAMDIS/DIMSWE-study-d0eb615/external-results/test2b-rain-active-learning/production/representation-A/h5-from-h2-m20-20/checkpoint_000000020_parameters.npz,X,TRAINING TRUTH SUPPORT,0,80,POST-HOC CHECKPOINT EVALUATION,A,physical_RMS_error,1.1352723173563508e-09,POST-HOC FINAL CHECKPOINT EVALUATION,True
t2b-a-h5,Test 2B,A,H5,H5,20,f2d56a8947f66761371fbef8aa52b3aa545f3e2ca9822fdb27a7e3ef796d20a9,07b3a84734679abf8849b5afb1f30f87568482e221a2a759a143f29a0cfc5ff1,/Users/arjunsharma/Documents/SandiaProjects/4-LDRDAMDIS/DIMSWE-study-d0eb615/external-results/test2b-rain-active-learning/production/representation-A/h5-from-h2-m20-20/checkpoint_000000020_parameters.npz,X,TRAINING TRUTH SUPPORT,0,80,POST-HOC CHECKPOINT EVALUATION,A,signed_mass_weighted_bias,9.127621006476476e-11,POST-HOC FINAL CHECKPOINT EVALUATION,True
t2b-a-h5,Test 2B,A,H5,H5,20,f2d56a8947f66761371fbef8aa52b3aa545f3e2ca9822fdb27a7e3ef796d20a9,07b3a84734679abf8849b5afb1f30f87568482e221a2a759a143f29a0cfc5ff1,/Users/arjunsharma/Documents/SandiaProjects/4-LDRDAMDIS/DIMSWE-study-d0eb615/external-results/test2b-rain-active-learning/production/representation-A/h5-from-h2-m20-20/checkpoint_000000020_parameters.npz,X,TRAINING TRUTH SUPPORT,0,80,POST-HOC CHECKPOINT EVALUATION,A,correlation,0.999920929804294,POST-HOC FINAL CHECKPOINT EVALUATION,True
t2b-a-m1y,Test 2B,A,M1-Y,M1-Y,10000,ed838229022ef2ac38a29bb88c8e98f2c173b89e0573088036ad301f76f4e158,a7f98ffe462a89a00d9d2dedd4efb4531cd0feea6e1d64de0b5359bae5e31db4,/Users/arjunsharma/Documents/SandiaProjects/4-LDRDAMDIS/DIMSWE-feature-study-20260828/m1y_test2b_20260828_workspace/external-results/m1y-test2b-20260828/production/representation-A/m1y-seed0-m20-10k/checkpoint_000010000_parameters.npz,X,TRAINING TRUTH SUPPORT,0,80,POST-HOC CHECKPOINT EVALUATION,A,relative_RMS_error,0.0099475325629481,POST-HOC FINAL CHECKPOINT EVALUATION,False
t2b-a-m1y,Test 2B,A,M1-Y,M1-Y,10000,ed838229022ef2ac38a29bb88c8e98f2c173b89e0573088036ad301f76f4e158,a7f98ffe462a89a00d9d2dedd4efb4531cd0feea6e1d64de0b5359bae5e31db4,/Users/arjunsharma/Documents/SandiaProjects/4-LDRDAMDIS/DIMSWE-feature-study-20260828/m1y_test2b_20260828_workspace/external-results/m1y-test2b-20260828/production/representation-A/m1y-seed0-m20-10k/checkpoint_000010000_parameters.npz,X,TRAINING TRUTH SUPPORT,0,80,POST-HOC CHECKPOINT EVALUATION,A,physical_RMS_error,9.004763774728462e-10,POST-HOC FINAL CHECKPOINT EVALUATION,False
t2b-a-m1y,Test 2B,A,M1-Y,M1-Y,10000,ed838229022ef2ac38a29bb88c8e98f2c173b89e0573088036ad301f76f4e158,a7f98ffe462a89a00d9d2dedd4efb4531cd0feea6e1d64de0b5359bae5e31db4,/Users/arjunsharma/Documents/SandiaProjects/4-LDRDAMDIS/DIMSWE-feature-study-20260828/m1y_test2b_20260828_workspace/external-results/m1y-test2b-20260828/production/representation-A/m1y-seed0-m20-10k/checkpoint_000010000_parameters.npz,X,TRAINING TRUTH SUPPORT,0,80,POST-HOC CHECKPOINT EVALUATION,A,signed_mass_weighted_bias,4.5303906907812687e-11,POST-HOC FINAL CHECKPOINT EVALUATION,False
t2b-a-m1y,Test 2B,A,M1-Y,M1-Y,10000,ed838229022ef2ac38a29bb88c8e98f2c173b89e0573088036ad301f76f4e158,a7f98ffe462a89a00d9d2dedd4efb4531cd0feea6e1d64de0b5359bae5e31db4,/Users/arjunsharma/Documents/SandiaProjects/4-LDRDAMDIS/DIMSWE-feature-study-20260828/m1y_test2b_20260828_workspace/external-results/m1y-test2b-20260828/production/representation-A/m1y-seed0-m20-10k/checkpoint_000010000_parameters.npz,X,TRAINING TRUTH SUPPORT,0,80,POST-HOC CHECKPOINT EVALUATION,A,correlation,0.9999500480893352,POST-HOC FINAL CHECKPOINT EVALUATION,False
t2b-b-m1x,Test 2B,B,M1-X,M1-X,10000,cfc9d3da6a8d07d74ae17e3d9a5beabe434e63b8005e95df4a1925c3a63c609c,a740fa161ad5ff954beb73b4b44fda51b705ce34a40718bd8912716425aeb459,/Users/arjunsharma/Documents/SandiaProjects/4-LDRDAMDIS/DIMSWE-study-d0eb615/external-results/test2b-rain-active-learning/production/representation-B/m1-seed0-m20-10k/checkpoint_000010000_parameters.npz,X,TRAINING TRUTH SUPPORT,0,80,POST-HOC CHECKPOINT EVALUATION,A,relative_RMS_error,0.0062909821438976,POST-HOC FINAL CHECKPOINT EVALUATION,True
t2b-b-m1x,Test 2B,B,M1-X,M1-X,10000,cfc9d3da6a8d07d74ae17e3d9a5beabe434e63b8005e95df4a1925c3a63c609c,a740fa161ad5ff954beb73b4b44fda51b705ce34a40718bd8912716425aeb459,/Users/arjunsharma/Documents/SandiaProjects/4-LDRDAMDIS/DIMSWE-study-d0eb615/external-results/test2b-rain-active-learning/production/representation-B/m1-seed0-m20-10k/checkpoint_000010000_parameters.npz,X,TRAINING TRUTH SUPPORT,0,80,POST-HOC CHECKPOINT EVALUATION,R_all,relative_RMS_error,0.0139669714293993,POST-HOC FINAL CHECKPOINT EVALUATION,True
t2b-b-m1x,Test 2B,B,M1-X,M1-X,10000,cfc9d3da6a8d07d74ae17e3d9a5beabe434e63b8005e95df4a1925c3a63c609c,a740fa161ad5ff954beb73b4b44fda51b705ce34a40718bd8912716425aeb459,/Users/arjunsharma/Documents/SandiaProjects/4-LDRDAMDIS/DIMSWE-study-d0eb615/external-results/test2b-rain-active-learning/production/representation-B/m1-seed0-m20-10k/checkpoint_000010000_parameters.npz,X,TRAINING TRUTH SUPPORT,0,80,POST-HOC CHECKPOINT EVALUATION,R_truth_active,relative_RMS_error,0.0095941705807928,POST-HOC FINAL CHECKPOINT EVALUATION,True
t2b-b-m1x,Test 2B,B,M1-X,M1-X,10000,cfc9d3da6a8d07d74ae17e3d9a5beabe434e63b8005e95df4a1925c3a63c609c,a740fa161ad5ff954beb73b4b44fda51b705ce34a40718bd8912716425aeb459,/Users/arjunsharma/Documents/SandiaProjects/4-LDRDAMDIS/DIMSWE-study-d0eb615/external-results/test2b-rain-active-learning/production/representation-B/m1-seed0-m20-10k/checkpoint_000010000_parameters.npz,X,TRAINING TRUTH SUPPORT,0,80,POST-HOC CHECKPOINT EVALUATION,R_activation,false_positive_rate_given_truth_inactive,0.2897003122475138,POST-HOC FINAL CHECKPOINT EVALUATION,True
t2b-b-m1x,Test 2B,B,M1-X,M1-X,10000,cfc9d3da6a8d07d74ae17e3d9a5beabe434e63b8005e95df4a1925c3a63c609c,a740fa161ad5ff954beb73b4b44fda51b705ce34a40718bd8912716425aeb459,/Users/arjunsharma/Documents/SandiaProjects/4-LDRDAMDIS/DIMSWE-study-d0eb615/external-results/test2b-rain-active-learning/production/representation-B/m1-seed0-m20-10k/checkpoint_000010000_parameters.npz,X,TRAINING TRUTH SUPPORT,0,80,POST-HOC CHECKPOINT EVALUATION,R_activation,false_negative_rate_given_truth_active,0.0,POST-HOC FINAL CHECKPOINT EVALUATION,True
t2b-b-m2x-independent,Test 2B,B,M2-X-independent,M2-X,10000,8292c556c31e15a303cc9010d9174149ab46cf31ce6ef385ffcb22d406b9b74a,c260591a8073549afbf106d189e3cebdcf88d19af56b9eddcb035f8307712a4d,/Users/arjunsharma/Documents/SandiaProjects/4-LDRDAMDIS/DIMSWE-study-d0eb615/external-results/test2b-rain-active-learning/production/representation-B/m2x-seed0-m20-10k/checkpoint_000010000_parameters.npz,X,TRAINING TRUTH SUPPORT,0,80,POST-HOC CHECKPOINT EVALUATION,A,relative_RMS_error,0.0054759579015089,POST-HOC FINAL CHECKPOINT EVALUATION,True
t2b-b-m2x-independent,Test 2B,B,M2-X-independent,M2-X,10000,8292c556c31e15a303cc9010d9174149ab46cf31ce6ef385ffcb22d406b9b74a,c260591a8073549afbf106d189e3cebdcf88d19af56b9eddcb035f8307712a4d,/Users/arjunsharma/Documents/SandiaProjects/4-LDRDAMDIS/DIMSWE-study-d0eb615/external-results/test2b-rain-active-learning/production/representation-B/m2x-seed0-m20-10k/checkpoint_000010000_parameters.npz,X,TRAINING TRUTH SUPPORT,0,80,POST-HOC CHECKPOINT EVALUATION,R_all,relative_RMS_error,4.463340982142893,POST-HOC FINAL CHECKPOINT EVALUATION,True
t2b-b-m2x-independent,Test 2B,B,M2-X-independent,M2-X,10000,8292c556c31e15a303cc9010d9174149ab46cf31ce6ef385ffcb22d406b9b74a,c260591a8073549afbf106d189e3cebdcf88d19af56b9eddcb035f8307712a4d,/Users/arjunsharma/Documents/SandiaProjects/4-LDRDAMDIS/DIMSWE-study-d0eb615/external-results/test2b-rain-active-learning/production/representation-B/m2x-seed0-m20-10k/checkpoint_000010000_parameters.npz,X,TRAINING TRUTH SUPPORT,0,80,POST-HOC CHECKPOINT EVALUATION,R_truth_active,relative_RMS_error,1.3343633506626849,POST-HOC FINAL CHECKPOINT EVALUATION,True
t2b-b-m2x-independent,Test 2B,B,M2-X-independent,M2-X,10000,8292c556c31e15a303cc9010d9174149ab46cf31ce6ef385ffcb22d406b9b74a,c260591a8073549afbf106d189e3cebdcf88d19af56b9eddcb035f8307712a4d,/Users/arjunsharma/Documents/SandiaProjects/4-LDRDAMDIS/DIMSWE-study-d0eb615/external-results/test2b-rain-active-learning/production/representation-B/m2x-seed0-m20-10k/checkpoint_000010000_parameters.npz,X,TRAINING TRUTH SUPPORT,0,80,POST-HOC CHECKPOINT EVALUATION,R_activation,false_positive_rate_given_truth_inactive,0.1106306913791741,POST-HOC FINAL CHECKPOINT EVALUATION,True
t2b-b-m2x-independent,Test 2B,B,M2-X-independent,M2-X,10000,8292c556c31e15a303cc9010d9174149ab46cf31ce6ef385ffcb22d406b9b74a,c260591a8073549afbf106d189e3cebdcf88d19af56b9eddcb035f8307712a4d,/Users/arjunsharma/Documents/SandiaProjects/4-LDRDAMDIS/DIMSWE-study-d0eb615/external-results/test2b-rain-active-learning/production/representation-B/m2x-seed0-m20-10k/checkpoint_000010000_parameters.npz,X,TRAINING TRUTH SUPPORT,0,80,POST-HOC CHECKPOINT EVALUATION,R_activation,false_negative_rate_given_truth_active,1.0,POST-HOC FINAL CHECKPOINT EVALUATION,True
t2b-b-m2x-warm,Test 2B,B,warm M2-X,M2-X,5000,5e1bca9a6345f9bcd0360aa3e7e3feeef2cb2b2ac960e00106a7779e8d7892db,bb83dfcac9307f89b8210b2f7aea683ae0ce469877b72bc97595fc5240ee86f2,/Users/arjunsharma/Documents/SandiaProjects/4-LDRDAMDIS/DIMSWE-study-d0eb615/external-results/test2b-rain-active-learning/production/representation-B/m1-to-m2x-m20-5k/checkpoint_000005000_parameters.npz,X,TRAINING TRUTH SUPPORT,0,80,POST-HOC CHECKPOINT EVALUATION,A,relative_RMS_error,0.0050439122859155,POST-HOC FINAL CHECKPOINT EVALUATION,True
t2b-b-m2x-warm,Test 2B,B,warm M2-X,M2-X,5000,5e1bca9a6345f9bcd0360aa3e7e3feeef2cb2b2ac960e00106a7779e8d7892db,bb83dfcac9307f89b8210b2f7aea683ae0ce469877b72bc97595fc5240ee86f2,/Users/arjunsharma/Documents/SandiaProjects/4-LDRDAMDIS/DIMSWE-study-d0eb615/external-results/test2b-rain-active-learning/production/representation-B/m1-to-m2x-m20-5k/checkpoint_000005000_parameters.npz,X,TRAINING TRUTH SUPPORT,0,80,POST-HOC CHECKPOINT EVALUATION,R_all,relative_RMS_error,0.4341026434931221,POST-HOC FINAL CHECKPOINT EVALUATION,True
t2b-b-m2x-warm,Test 2B,B,warm M2-X,M2-X,5000,5e1bca9a6345f9bcd0360aa3e7e3feeef2cb2b2ac960e00106a7779e8d7892db,bb83dfcac9307f89b8210b2f7aea683ae0ce469877b72bc97595fc5240ee86f2,/Users/arjunsharma/Documents/SandiaProjects/4-LDRDAMDIS/DIMSWE-study-d0eb615/external-results/test2b-rain-active-learning/production/representation-B/m1-to-m2x-m20-5k/checkpoint_000005000_parameters.npz,X,TRAINING TRUTH SUPPORT,0,80,POST-HOC CHECKPOINT EVALUATION,R_truth_active,relative_RMS_error,0.4293597079083839,POST-HOC FINAL CHECKPOINT EVALUATION,True
t2b-b-m2x-warm,Test 2B,B,warm M2-X,M2-X,5000,5e1bca9a6345f9bcd0360aa3e7e3feeef2cb2b2ac960e00106a7779e8d7892db,bb83dfcac9307f89b8210b2f7aea683ae0ce469877b72bc97595fc5240ee86f2,/Users/arjunsharma/Documents/SandiaProjects/4-LDRDAMDIS/DIMSWE-study-d0eb615/external-results/test2b-rain-active-learning/production/representation-B/m1-to-m2x-m20-5k/checkpoint_000005000_parameters.npz,X,TRAINING TRUTH SUPPORT,0,80,POST-HOC CHECKPOINT EVALUATION,R_activation,false_positive_rate_given_truth_inactive,0.8213130949560484,POST-HOC FINAL CHECKPOINT EVALUATION,True
t2b-b-m2x-warm,Test 2B,B,warm M2-X,M2-X,5000,5e1bca9a6345f9bcd0360aa3e7e3feeef2cb2b2ac960e00106a7779e8d7892db,bb83dfcac9307f89b8210b2f7aea683ae0ce469877b72bc97595fc5240ee86f2,/Users/arjunsharma/Documents/SandiaProjects/4-LDRDAMDIS/DIMSWE-study-d0eb615/external-results/test2b-rain-active-learning/production/representation-B/m1-to-m2x-m20-5k/checkpoint_000005000_parameters.npz,X,TRAINING TRUTH SUPPORT,0,80,POST-HOC CHECKPOINT EVALUATION,R_activation,false_negative_rate_given_truth_active,0.0017647058823529,POST-HOC FINAL CHECKPOINT EVALUATION,True
t2b-b-h1,Test 2B,B,H1,H1,5000,9ebda59a2f74f1522e595b854a06f7c1af01ef9c85a734dc0aab1996c7ac5e03,bc622626887cc65acf215c03bf3281eb0fe97447723528415fbc5f8345eccf8e,/Users/arjunsharma/Documents/SandiaProjects/4-LDRDAMDIS/DIMSWE-study-d0eb615/external-results/test2b-rain-active-learning/production/representation-B/h1-from-m1-m20-5k/checkpoint_000005000_parameters.npz,X,TRAINING TRUTH SUPPORT,0,80,POST-HOC CHECKPOINT EVALUATION,A,relative_RMS_error,0.010196485094342,POST-HOC FINAL CHECKPOINT EVALUATION,True
t2b-b-h1,Test 2B,B,H1,H1,5000,9ebda59a2f74f1522e595b854a06f7c1af01ef9c85a734dc0aab1996c7ac5e03,bc622626887cc65acf215c03bf3281eb0fe97447723528415fbc5f8345eccf8e,/Users/arjunsharma/Documents/SandiaProjects/4-LDRDAMDIS/DIMSWE-study-d0eb615/external-results/test2b-rain-active-learning/production/representation-B/h1-from-m1-m20-5k/checkpoint_000005000_parameters.npz,X,TRAINING TRUTH SUPPORT,0,80,POST-HOC CHECKPOINT EVALUATION,R_all,relative_RMS_error,0.5627895933921198,POST-HOC FINAL CHECKPOINT EVALUATION,True
t2b-b-h1,Test 2B,B,H1,H1,5000,9ebda59a2f74f1522e595b854a06f7c1af01ef9c85a734dc0aab1996c7ac5e03,bc622626887cc65acf215c03bf3281eb0fe97447723528415fbc5f8345eccf8e,/Users/arjunsharma/Documents/SandiaProjects/4-LDRDAMDIS/DIMSWE-study-d0eb615/external-results/test2b-rain-active-learning/production/representation-B/h1-from-m1-m20-5k/checkpoint_000005000_parameters.npz,X,TRAINING TRUTH SUPPORT,0,80,POST-HOC CHECKPOINT EVALUATION,R_truth_active,relative_RMS_error,0.5424121988951378,POST-HOC FINAL CHECKPOINT EVALUATION,True
t2b-b-h1,Test 2B,B,H1,H1,5000,9ebda59a2f74f1522e595b854a06f7c1af01ef9c85a734dc0aab1996c7ac5e03,bc622626887cc65acf215c03bf3281eb0fe97447723528415fbc5f8345eccf8e,/Users/arjunsharma/Documents/SandiaProjects/4-LDRDAMDIS/DIMSWE-study-d0eb615/external-results/test2b-rain-active-learning/production/representation-B/h1-from-m1-m20-5k/checkpoint_000005000_parameters.npz,X,TRAINING TRUTH SUPPORT,0,80,POST-HOC CHECKPOINT EVALUATION,R_activation,false_positive_rate_given_truth_inactive,0.8256486425737943,POST-HOC FINAL CHECKPOINT EVALUATION,True
t2b-b-h1,Test 2B,B,H1,H1,5000,9ebda59a2f74f1522e595b854a06f7c1af01ef9c85a734dc0aab1996c7ac5e03,bc622626887cc65acf215c03bf3281eb0fe97447723528415fbc5f8345eccf8e,/Users/arjunsharma/Documents/SandiaProjects/4-LDRDAMDIS/DIMSWE-study-d0eb615/external-results/test2b-rain-active-learning/production/representation-B/h1-from-m1-m20-5k/checkpoint_000005000_parameters.npz,X,TRAINING TRUTH SUPPORT,0,80,POST-HOC CHECKPOINT EVALUATION,R_activation,false_negative_rate_given_truth_active,0.0,POST-HOC FINAL CHECKPOINT EVALUATION,True
t2b-b-h2,Test 2B,B,H2,H2,20,866baac093ffcd94826daa14c13115ea057ce0e07a2b770ba642ccb1f79c44a5,b3257a8821b80b90359bce7ca22759e0a48f1785f01b468c60a90c8bf9f41bcc,/Users/arjunsharma/Documents/SandiaProjects/4-LDRDAMDIS/DIMSWE-study-d0eb615/external-results/test2b-rain-active-learning/production/representation-B/h2-from-h1-m20-20/checkpoint_000000020_parameters.npz,X,TRAINING TRUTH SUPPORT,0,80,POST-HOC CHECKPOINT EVALUATION,A,relative_RMS_error,0.0101767758628521,POST-HOC FINAL CHECKPOINT EVALUATION,True
t2b-b-h2,Test 2B,B,H2,H2,20,866baac093ffcd94826daa14c13115ea057ce0e07a2b770ba642ccb1f79c44a5,b3257a8821b80b90359bce7ca22759e0a48f1785f01b468c60a90c8bf9f41bcc,/Users/arjunsharma/Documents/SandiaProjects/4-LDRDAMDIS/DIMSWE-study-d0eb615/external-results/test2b-rain-active-learning/production/representation-B/h2-from-h1-m20-20/checkpoint_000000020_parameters.npz,X,TRAINING TRUTH SUPPORT,0,80,POST-HOC CHECKPOINT EVALUATION,R_all,relative_RMS_error,0.5627946210011244,POST-HOC FINAL CHECKPOINT EVALUATION,True
t2b-b-h2,Test 2B,B,H2,H2,20,866baac093ffcd94826daa14c13115ea057ce0e07a2b770ba642ccb1f79c44a5,b3257a8821b80b90359bce7ca22759e0a48f1785f01b468c60a90c8bf9f41bcc,/Users/arjunsharma/Documents/SandiaProjects/4-LDRDAMDIS/DIMSWE-study-d0eb615/external-results/test2b-rain-active-learning/production/representation-B/h2-from-h1-m20-20/checkpoint_000000020_parameters.npz,X,TRAINING TRUTH SUPPORT,0,80,POST-HOC CHECKPOINT EVALUATION,R_truth_active,relative_RMS_error,0.5424132291977072,POST-HOC FINAL CHECKPOINT EVALUATION,True
t2b-b-h2,Test 2B,B,H2,H2,20,866baac093ffcd94826daa14c13115ea057ce0e07a2b770ba642ccb1f79c44a5,b3257a8821b80b90359bce7ca22759e0a48f1785f01b468c60a90c8bf9f41bcc,/Users/arjunsharma/Documents/SandiaProjects/4-LDRDAMDIS/DIMSWE-study-d0eb615/external-results/test2b-rain-active-learning/production/representation-B/h2-from-h1-m20-20/checkpoint_000000020_parameters.npz,X,TRAINING TRUTH SUPPORT,0,80,POST-HOC CHECKPOINT EVALUATION,R_activation,false_positive_rate_given_truth_inactive,0.8256383912570696,POST-HOC FINAL CHECKPOINT EVALUATION,True
t2b-b-h2,Test 2B,B,H2,H2,20,866baac093ffcd94826daa14c13115ea057ce0e07a2b770ba642ccb1f79c44a5,b3257a8821b80b90359bce7ca22759e0a48f1785f01b468c60a90c8bf9f41bcc,/Users/arjunsharma/Documents/SandiaProjects/4-LDRDAMDIS/DIMSWE-study-d0eb615/external-results/test2b-rain-active-learning/production/representation-B/h2-from-h1-m20-20/checkpoint_000000020_parameters.npz,X,TRAINING TRUTH SUPPORT,0,80,POST-HOC CHECKPOINT EVALUATION,R_activation,false_negative_rate_given_truth_active,0.0,POST-HOC FINAL CHECKPOINT EVALUATION,True
t2b-b-h5,Test 2B,B,H5,H5,20,4caffb3b14e290581d2cb4394458746e5f47d43689dc3497c942e23582ae0129,575d26dacc4eddd4ef84c564725a8b8beb521dc279fb797eaece34e4de842f74,/Users/arjunsharma/Documents/SandiaProjects/4-LDRDAMDIS/DIMSWE-study-d0eb615/external-results/test2b-rain-active-learning/production/representation-B/h5-from-h2-m20-20/checkpoint_000000020_parameters.npz,X,TRAINING TRUTH SUPPORT,0,80,POST-HOC CHECKPOINT EVALUATION,A,relative_RMS_error,0.0101623808759924,POST-HOC FINAL CHECKPOINT EVALUATION,True
t2b-b-h5,Test 2B,B,H5,H5,20,4caffb3b14e290581d2cb4394458746e5f47d43689dc3497c942e23582ae0129,575d26dacc4eddd4ef84c564725a8b8beb521dc279fb797eaece34e4de842f74,/Users/arjunsharma/Documents/SandiaProjects/4-LDRDAMDIS/DIMSWE-study-d0eb615/external-results/test2b-rain-active-learning/production/representation-B/h5-from-h2-m20-20/checkpoint_000000020_parameters.npz,X,TRAINING TRUTH SUPPORT,0,80,POST-HOC CHECKPOINT EVALUATION,R_all,relative_RMS_error,0.5627676962138485,POST-HOC FINAL CHECKPOINT EVALUATION,True
t2b-b-h5,Test 2B,B,H5,H5,20,4caffb3b14e290581d2cb4394458746e5f47d43689dc3497c942e23582ae0129,575d26dacc4eddd4ef84c564725a8b8beb521dc279fb797eaece34e4de842f74,/Users/arjunsharma/Documents/SandiaProjects/4-LDRDAMDIS/DIMSWE-study-d0eb615/external-results/test2b-rain-active-learning/production/representation-B/h5-from-h2-m20-20/checkpoint_000000020_parameters.npz,X,TRAINING TRUTH SUPPORT,0,80,POST-HOC CHECKPOINT EVALUATION,R_truth_active,relative_RMS_error,0.5423739049315226,POST-HOC FINAL CHECKPOINT EVALUATION,True
t2b-b-h5,Test 2B,B,H5,H5,20,4caffb3b14e290581d2cb4394458746e5f47d43689dc3497c942e23582ae0129,575d26dacc4eddd4ef84c564725a8b8beb521dc279fb797eaece34e4de842f74,/Users/arjunsharma/Documents/SandiaProjects/4-LDRDAMDIS/DIMSWE-study-d0eb615/external-results/test2b-rain-active-learning/production/representation-B/h5-from-h2-m20-20/checkpoint_000000020_parameters.npz,X,TRAINING TRUTH SUPPORT,0,80,POST-HOC CHECKPOINT EVALUATION,R_activation,false_positive_rate_given_truth_inactive,0.8256376319002752,POST-HOC FINAL CHECKPOINT EVALUATION,True
t2b-b-h5,Test 2B,B,H5,H5,20,4caffb3b14e290581d2cb4394458746e5f47d43689dc3497c942e23582ae0129,575d26dacc4eddd4ef84c564725a8b8beb521dc279fb797eaece34e4de842f74,/Users/arjunsharma/Documents/SandiaProjects/4-LDRDAMDIS/DIMSWE-study-d0eb615/external-results/test2b-rain-active-learning/production/representation-B/h5-from-h2-m20-20/checkpoint_000000020_parameters.npz,X,TRAINING TRUTH SUPPORT,0,80,POST-HOC CHECKPOINT EVALUATION,R_activation,false_negative_rate_given_truth_active,0.0,POST-HOC FINAL CHECKPOINT EVALUATION,True
t2b-b-m1y,Test 2B,B,M1-Y,M1-Y,10000,1adbd173137cbf10928ee4b25865258fc97f74b3c2c4c0a09cfd8629020566ab,3a829ffff2c2ee96946c197e18a7bd7d7495c255212c61bec1b3d24d788a71ee,/Users/arjunsharma/Documents/SandiaProjects/4-LDRDAMDIS/DIMSWE-feature-study-20260828/m1y_test2b_20260828_workspace/external-results/m1y-test2b-20260828/production/representation-B/m1y-seed0-m20-10k/checkpoint_000010000_parameters.npz,X,TRAINING TRUTH SUPPORT,0,80,POST-HOC CHECKPOINT EVALUATION,A,relative_RMS_error,0.0106152021439383,POST-HOC FINAL CHECKPOINT EVALUATION,False
t2b-b-m1y,Test 2B,B,M1-Y,M1-Y,10000,1adbd173137cbf10928ee4b25865258fc97f74b3c2c4c0a09cfd8629020566ab,3a829ffff2c2ee96946c197e18a7bd7d7495c255212c61bec1b3d24d788a71ee,/Users/arjunsharma/Documents/SandiaProjects/4-LDRDAMDIS/DIMSWE-feature-study-20260828/m1y_test2b_20260828_workspace/external-results/m1y-test2b-20260828/production/representation-B/m1y-seed0-m20-10k/checkpoint_000010000_parameters.npz,X,TRAINING TRUTH SUPPORT,0,80,POST-HOC CHECKPOINT EVALUATION,R_all,relative_RMS_error,0.0240734231433237,POST-HOC FINAL CHECKPOINT EVALUATION,False
t2b-b-m1y,Test 2B,B,M1-Y,M1-Y,10000,1adbd173137cbf10928ee4b25865258fc97f74b3c2c4c0a09cfd8629020566ab,3a829ffff2c2ee96946c197e18a7bd7d7495c255212c61bec1b3d24d788a71ee,/Users/arjunsharma/Documents/SandiaProjects/4-LDRDAMDIS/DIMSWE-feature-study-20260828/m1y_test2b_20260828_workspace/external-results/m1y-test2b-20260828/production/representation-B/m1y-seed0-m20-10k/checkpoint_000010000_parameters.npz,X,TRAINING TRUTH SUPPORT,0,80,POST-HOC CHECKPOINT EVALUATION,R_truth_active,relative_RMS_error,0.0162965941905599,POST-HOC FINAL CHECKPOINT EVALUATION,False
t2b-b-m1y,Test 2B,B,M1-Y,M1-Y,10000,1adbd173137cbf10928ee4b25865258fc97f74b3c2c4c0a09cfd8629020566ab,3a829ffff2c2ee96946c197e18a7bd7d7495c255212c61bec1b3d24d788a71ee,/Users/arjunsharma/Documents/SandiaProjects/4-LDRDAMDIS/DIMSWE-feature-study-20260828/m1y_test2b_20260828_workspace/external-results/m1y-test2b-20260828/production/representation-B/m1y-seed0-m20-10k/checkpoint_000010000_parameters.npz,X,TRAINING TRUTH SUPPORT,0,80,POST-HOC CHECKPOINT EVALUATION,R_activation,false_positive_rate_given_truth_inactive,0.294148244670834,POST-HOC FINAL CHECKPOINT EVALUATION,False
t2b-b-m1y,Test 2B,B,M1-Y,M1-Y,10000,1adbd173137cbf10928ee4b25865258fc97f74b3c2c4c0a09cfd8629020566ab,3a829ffff2c2ee96946c197e18a7bd7d7495c255212c61bec1b3d24d788a71ee,/Users/arjunsharma/Documents/SandiaProjects/4-LDRDAMDIS/DIMSWE-feature-study-20260828/m1y_test2b_20260828_workspace/external-results/m1y-test2b-20260828/production/representation-B/m1y-seed0-m20-10k/checkpoint_000010000_parameters.npz,X,TRAINING TRUTH SUPPORT,0,80,POST-HOC CHECKPOINT EVALUATION,R_activation,false_negative_rate_given_truth_active,0.0,POST-HOC FINAL CHECKPOINT EVALUATION,False
t2b-c-m1x,Test 2B,C,M1-X,M1-X,10000,8ad9c8017c9304827d8e9e73392c3a9503f7de05a38b86baf52f4351c35615e4,e13a7bd42f3f773d068a6cc0c1344a3a8db0caef74a269ce7980b0b50f91e3b0,/Users/arjunsharma/Documents/SandiaProjects/4-LDRDAMDIS/DIMSWE-study-d0eb615/external-results/test2b-rain-active-learning/production/representation-C/m1-seed0-m20-10k/checkpoint_000010000_parameters.npz,X,TRAINING TRUTH SUPPORT,0,80,POST-HOC CHECKPOINT EVALUATION,source_components.S,physical_RMS_error,3.9350772835689814e-05,POST-HOC FINAL CHECKPOINT EVALUATION,True
t2b-c-m1x,Test 2B,C,M1-X,M1-X,10000,8ad9c8017c9304827d8e9e73392c3a9503f7de05a38b86baf52f4351c35615e4,e13a7bd42f3f773d068a6cc0c1344a3a8db0caef74a269ce7980b0b50f91e3b0,/Users/arjunsharma/Documents/SandiaProjects/4-LDRDAMDIS/DIMSWE-study-d0eb615/external-results/test2b-rain-active-learning/production/representation-C/m1-seed0-m20-10k/checkpoint_000010000_parameters.npz,X,TRAINING TRUTH SUPPORT,0,80,POST-HOC CHECKPOINT EVALUATION,source_components.Qv,physical_RMS_error,3.9923743181151873e-07,POST-HOC FINAL CHECKPOINT EVALUATION,True
t2b-c-m1x,Test 2B,C,M1-X,M1-X,10000,8ad9c8017c9304827d8e9e73392c3a9503f7de05a38b86baf52f4351c35615e4,e13a7bd42f3f773d068a6cc0c1344a3a8db0caef74a269ce7980b0b50f91e3b0,/Users/arjunsharma/Documents/SandiaProjects/4-LDRDAMDIS/DIMSWE-study-d0eb615/external-results/test2b-rain-active-learning/production/representation-C/m1-seed0-m20-10k/checkpoint_000010000_parameters.npz,X,TRAINING TRUTH SUPPORT,0,80,POST-HOC CHECKPOINT EVALUATION,source_components.Qc,physical_RMS_error,4.004925605341049e-07,POST-HOC FINAL CHECKPOINT EVALUATION,True
t2b-c-m1x,Test 2B,C,M1-X,M1-X,10000,8ad9c8017c9304827d8e9e73392c3a9503f7de05a38b86baf52f4351c35615e4,e13a7bd42f3f773d068a6cc0c1344a3a8db0caef74a269ce7980b0b50f91e3b0,/Users/arjunsharma/Documents/SandiaProjects/4-LDRDAMDIS/DIMSWE-study-d0eb615/external-results/test2b-rain-active-learning/production/representation-C/m1-seed0-m20-10k/checkpoint_000010000_parameters.npz,X,TRAINING TRUTH SUPPORT,0,80,POST-HOC CHECKPOINT EVALUATION,source_components.Qr,physical_RMS_error,5.330582471010708e-11,POST-HOC FINAL CHECKPOINT EVALUATION,True
t2b-c-m1x,Test 2B,C,M1-X,M1-X,10000,8ad9c8017c9304827d8e9e73392c3a9503f7de05a38b86baf52f4351c35615e4,e13a7bd42f3f773d068a6cc0c1344a3a8db0caef74a269ce7980b0b50f91e3b0,/Users/arjunsharma/Documents/SandiaProjects/4-LDRDAMDIS/DIMSWE-study-d0eb615/external-results/test2b-rain-active-learning/production/representation-C/m1-seed0-m20-10k/checkpoint_000010000_parameters.npz,X,TRAINING TRUTH SUPPORT,0,80,POST-HOC CHECKPOINT EVALUATION,effective_A,relative_RMS_error,0.0063973274567673,POST-HOC FINAL CHECKPOINT EVALUATION,True
t2b-c-m1x,Test 2B,C,M1-X,M1-X,10000,8ad9c8017c9304827d8e9e73392c3a9503f7de05a38b86baf52f4351c35615e4,e13a7bd42f3f773d068a6cc0c1344a3a8db0caef74a269ce7980b0b50f91e3b0,/Users/arjunsharma/Documents/SandiaProjects/4-LDRDAMDIS/DIMSWE-study-d0eb615/external-results/test2b-rain-active-learning/production/representation-C/m1-seed0-m20-10k/checkpoint_000010000_parameters.npz,X,TRAINING TRUTH SUPPORT,0,80,POST-HOC CHECKPOINT EVALUATION,effective_R,relative_RMS_error,0.0413568721527739,POST-HOC FINAL CHECKPOINT EVALUATION,True
t2b-c-m1x,Test 2B,C,M1-X,M1-X,10000,8ad9c8017c9304827d8e9e73392c3a9503f7de05a38b86baf52f4351c35615e4,e13a7bd42f3f773d068a6cc0c1344a3a8db0caef74a269ce7980b0b50f91e3b0,/Users/arjunsharma/Documents/SandiaProjects/4-LDRDAMDIS/DIMSWE-study-d0eb615/external-results/test2b-rain-active-learning/production/representation-C/m1-seed0-m20-10k/checkpoint_000010000_parameters.npz,X,TRAINING TRUTH SUPPORT,0,80,POST-HOC CHECKPOINT EVALUATION,source_structure,normalized_off_manifold_RMS,0.001296786357983,POST-HOC FINAL CHECKPOINT EVALUATION,True
t2b-c-m2x-independent,Test 2B,C,M2-X-independent,M2-X,10000,4a51c90c2b1916da51affcec49f89461c391c7862300cb72a192ccf843244fc3,acf320fc0b546b906f21c6273e42e928326b30c4eddcbf7e0480f9348183a3cf,/Users/arjunsharma/Documents/SandiaProjects/4-LDRDAMDIS/DIMSWE-study-d0eb615/external-results/test2b-rain-active-learning/production/representation-C/m2x-seed0-m20-10k/checkpoint_000010000_parameters.npz,X,TRAINING TRUTH SUPPORT,0,80,POST-HOC CHECKPOINT EVALUATION,source_components.S,physical_RMS_error,2.991498343570576e-05,POST-HOC FINAL CHECKPOINT EVALUATION,True
t2b-c-m2x-independent,Test 2B,C,M2-X-independent,M2-X,10000,4a51c90c2b1916da51affcec49f89461c391c7862300cb72a192ccf843244fc3,acf320fc0b546b906f21c6273e42e928326b30c4eddcbf7e0480f9348183a3cf,/Users/arjunsharma/Documents/SandiaProjects/4-LDRDAMDIS/DIMSWE-study-d0eb615/external-results/test2b-rain-active-learning/production/representation-C/m2x-seed0-m20-10k/checkpoint_000010000_parameters.npz,X,TRAINING TRUTH SUPPORT,0,80,POST-HOC CHECKPOINT EVALUATION,source_components.Qv,physical_RMS_error,2.93551818148823e-06,POST-HOC FINAL CHECKPOINT EVALUATION,True
t2b-c-m2x-independent,Test 2B,C,M2-X-independent,M2-X,10000,4a51c90c2b1916da51affcec49f89461c391c7862300cb72a192ccf843244fc3,acf320fc0b546b906f21c6273e42e928326b30c4eddcbf7e0480f9348183a3cf,/Users/arjunsharma/Documents/SandiaProjects/4-LDRDAMDIS/DIMSWE-study-d0eb615/external-results/test2b-rain-active-learning/production/representation-C/m2x-seed0-m20-10k/checkpoint_000010000_parameters.npz,X,TRAINING TRUTH SUPPORT,0,80,POST-HOC CHECKPOINT EVALUATION,source_components.Qc,physical_RMS_error,4.232214587164583e-06,POST-HOC FINAL CHECKPOINT EVALUATION,True
t2b-c-m2x-independent,Test 2B,C,M2-X-independent,M2-X,10000,4a51c90c2b1916da51affcec49f89461c391c7862300cb72a192ccf843244fc3,acf320fc0b546b906f21c6273e42e928326b30c4eddcbf7e0480f9348183a3cf,/Users/arjunsharma/Documents/SandiaProjects/4-LDRDAMDIS/DIMSWE-study-d0eb615/external-results/test2b-rain-active-learning/production/representation-C/m2x-seed0-m20-10k/checkpoint_000010000_parameters.npz,X,TRAINING TRUTH SUPPORT,0,80,POST-HOC CHECKPOINT EVALUATION,source_components.Qr,physical_RMS_error,1.980401088556238e-08,POST-HOC FINAL CHECKPOINT EVALUATION,True
t2b-c-m2x-independent,Test 2B,C,M2-X-independent,M2-X,10000,4a51c90c2b1916da51affcec49f89461c391c7862300cb72a192ccf843244fc3,acf320fc0b546b906f21c6273e42e928326b30c4eddcbf7e0480f9348183a3cf,/Users/arjunsharma/Documents/SandiaProjects/4-LDRDAMDIS/DIMSWE-study-d0eb615/external-results/test2b-rain-active-learning/production/representation-C/m2x-seed0-m20-10k/checkpoint_000010000_parameters.npz,X,TRAINING TRUTH SUPPORT,0,80,POST-HOC CHECKPOINT EVALUATION,effective_A,relative_RMS_error,0.033740136768615,POST-HOC FINAL CHECKPOINT EVALUATION,True
t2b-c-m2x-independent,Test 2B,C,M2-X-independent,M2-X,10000,4a51c90c2b1916da51affcec49f89461c391c7862300cb72a192ccf843244fc3,acf320fc0b546b906f21c6273e42e928326b30c4eddcbf7e0480f9348183a3cf,/Users/arjunsharma/Documents/SandiaProjects/4-LDRDAMDIS/DIMSWE-study-d0eb615/external-results/test2b-rain-active-learning/production/representation-C/m2x-seed0-m20-10k/checkpoint_000010000_parameters.npz,X,TRAINING TRUTH SUPPORT,0,80,POST-HOC CHECKPOINT EVALUATION,effective_R,relative_RMS_error,15.545864993634895,POST-HOC FINAL CHECKPOINT EVALUATION,True
t2b-c-m2x-independent,Test 2B,C,M2-X-independent,M2-X,10000,4a51c90c2b1916da51affcec49f89461c391c7862300cb72a192ccf843244fc3,acf320fc0b546b906f21c6273e42e928326b30c4eddcbf7e0480f9348183a3cf,/Users/arjunsharma/Documents/SandiaProjects/4-LDRDAMDIS/DIMSWE-study-d0eb615/external-results/test2b-rain-active-learning/production/representation-C/m2x-seed0-m20-10k/checkpoint_000010000_parameters.npz,X,TRAINING TRUTH SUPPORT,0,80,POST-HOC CHECKPOINT EVALUATION,source_structure,normalized_off_manifold_RMS,0.0520531343815433,POST-HOC FINAL CHECKPOINT EVALUATION,True
t2b-c-m2x-warm,Test 2B,C,warm M2-X,M2-X,5000,5b698bb87885a7faa9cc888de15ff75bac2661796c7bb9a31ddd788cd7270c11,cc4bb56d2959f8120191b1919354818322875780dc6f698cd24cb44832dae566,/Users/arjunsharma/Documents/SandiaProjects/4-LDRDAMDIS/DIMSWE-study-d0eb615/external-results/test2b-rain-active-learning/production/representation-C/m1-to-m2x-m20-5k/checkpoint_000005000_parameters.npz,X,TRAINING TRUTH SUPPORT,0,80,POST-HOC CHECKPOINT EVALUATION,source_components.S,physical_RMS_error,2.9144817355254907e-05,POST-HOC FINAL CHECKPOINT EVALUATION,True
t2b-c-m2x-warm,Test 2B,C,warm M2-X,M2-X,5000,5b698bb87885a7faa9cc888de15ff75bac2661796c7bb9a31ddd788cd7270c11,cc4bb56d2959f8120191b1919354818322875780dc6f698cd24cb44832dae566,/Users/arjunsharma/Documents/SandiaProjects/4-LDRDAMDIS/DIMSWE-study-d0eb615/external-results/test2b-rain-active-learning/production/representation-C/m1-to-m2x-m20-5k/checkpoint_000005000_parameters.npz,X,TRAINING TRUTH SUPPORT,0,80,POST-HOC CHECKPOINT EVALUATION,source_components.Qv,physical_RMS_error,1.5111732996615427e-06,POST-HOC FINAL CHECKPOINT EVALUATION,True
t2b-c-m2x-warm,Test 2B,C,warm M2-X,M2-X,5000,5b698bb87885a7faa9cc888de15ff75bac2661796c7bb9a31ddd788cd7270c11,cc4bb56d2959f8120191b1919354818322875780dc6f698cd24cb44832dae566,/Users/arjunsharma/Documents/SandiaProjects/4-LDRDAMDIS/DIMSWE-study-d0eb615/external-results/test2b-rain-active-learning/production/representation-C/m1-to-m2x-m20-5k/checkpoint_000005000_parameters.npz,X,TRAINING TRUTH SUPPORT,0,80,POST-HOC CHECKPOINT EVALUATION,source_components.Qc,physical_RMS_error,1.284562679561894e-06,POST-HOC FINAL CHECKPOINT EVALUATION,True
t2b-c-m2x-warm,Test 2B,C,warm M2-X,M2-X,5000,5b698bb87885a7faa9cc888de15ff75bac2661796c7bb9a31ddd788cd7270c11,cc4bb56d2959f8120191b1919354818322875780dc6f698cd24cb44832dae566,/Users/arjunsharma/Documents/SandiaProjects/4-LDRDAMDIS/DIMSWE-study-d0eb615/external-results/test2b-rain-active-learning/production/representation-C/m1-to-m2x-m20-5k/checkpoint_000005000_parameters.npz,X,TRAINING TRUTH SUPPORT,0,80,POST-HOC CHECKPOINT EVALUATION,source_components.Qr,physical_RMS_error,1.5901728023848183e-09,POST-HOC FINAL CHECKPOINT EVALUATION,True
t2b-c-m2x-warm,Test 2B,C,warm M2-X,M2-X,5000,5b698bb87885a7faa9cc888de15ff75bac2661796c7bb9a31ddd788cd7270c11,cc4bb56d2959f8120191b1919354818322875780dc6f698cd24cb44832dae566,/Users/arjunsharma/Documents/SandiaProjects/4-LDRDAMDIS/DIMSWE-study-d0eb615/external-results/test2b-rain-active-learning/production/representation-C/m1-to-m2x-m20-5k/checkpoint_000005000_parameters.npz,X,TRAINING TRUTH SUPPORT,0,80,POST-HOC CHECKPOINT EVALUATION,effective_A,relative_RMS_error,0.0144748974275486,POST-HOC FINAL CHECKPOINT EVALUATION,True
t2b-c-m2x-warm,Test 2B,C,warm M2-X,M2-X,5000,5b698bb87885a7faa9cc888de15ff75bac2661796c7bb9a31ddd788cd7270c11,cc4bb56d2959f8120191b1919354818322875780dc6f698cd24cb44832dae566,/Users/arjunsharma/Documents/SandiaProjects/4-LDRDAMDIS/DIMSWE-study-d0eb615/external-results/test2b-rain-active-learning/production/representation-C/m1-to-m2x-m20-5k/checkpoint_000005000_parameters.npz,X,TRAINING TRUTH SUPPORT,0,80,POST-HOC CHECKPOINT EVALUATION,effective_R,relative_RMS_error,1.2251163763526138,POST-HOC FINAL CHECKPOINT EVALUATION,True
t2b-c-m2x-warm,Test 2B,C,warm M2-X,M2-X,5000,5b698bb87885a7faa9cc888de15ff75bac2661796c7bb9a31ddd788cd7270c11,cc4bb56d2959f8120191b1919354818322875780dc6f698cd24cb44832dae566,/Users/arjunsharma/Documents/SandiaProjects/4-LDRDAMDIS/DIMSWE-study-d0eb615/external-results/test2b-rain-active-learning/production/representation-C/m1-to-m2x-m20-5k/checkpoint_000005000_parameters.npz,X,TRAINING TRUTH SUPPORT,0,80,POST-HOC CHECKPOINT EVALUATION,source_structure,normalized_off_manifold_RMS,0.0170667140124941,POST-HOC FINAL CHECKPOINT EVALUATION,True
t2b-c-h1,Test 2B,C,H1,H1,5000,c44aa9e8811aacb423570a3bcb2f819462d882931b929a7bee442bb8b9a1d1c3,be3fac690063191ee78df7a8515b580d17842a34083835c73232ab1bb3995c6b,/Users/arjunsharma/Documents/SandiaProjects/4-LDRDAMDIS/DIMSWE-study-d0eb615/external-results/test2b-rain-active-learning/production/representation-C/h1-from-m1-m20-5k/checkpoint_000005000_parameters.npz,X,TRAINING TRUTH SUPPORT,0,80,POST-HOC CHECKPOINT EVALUATION,source_components.S,physical_RMS_error,6.014550083044248e-05,POST-HOC FINAL CHECKPOINT EVALUATION,True
t2b-c-h1,Test 2B,C,H1,H1,5000,c44aa9e8811aacb423570a3bcb2f819462d882931b929a7bee442bb8b9a1d1c3,be3fac690063191ee78df7a8515b580d17842a34083835c73232ab1bb3995c6b,/Users/arjunsharma/Documents/SandiaProjects/4-LDRDAMDIS/DIMSWE-study-d0eb615/external-results/test2b-rain-active-learning/production/representation-C/h1-from-m1-m20-5k/checkpoint_000005000_parameters.npz,X,TRAINING TRUTH SUPPORT,0,80,POST-HOC CHECKPOINT EVALUATION,source_components.Qv,physical_RMS_error,1.9528267567803272e-06,POST-HOC FINAL CHECKPOINT EVALUATION,True
t2b-c-h1,Test 2B,C,H1,H1,5000,c44aa9e8811aacb423570a3bcb2f819462d882931b929a7bee442bb8b9a1d1c3,be3fac690063191ee78df7a8515b580d17842a34083835c73232ab1bb3995c6b,/Users/arjunsharma/Documents/SandiaProjects/4-LDRDAMDIS/DIMSWE-study-d0eb615/external-results/test2b-rain-active-learning/production/representation-C/h1-from-m1-m20-5k/checkpoint_000005000_parameters.npz,X,TRAINING TRUTH SUPPORT,0,80,POST-HOC CHECKPOINT EVALUATION,source_components.Qc,physical_RMS_error,1.916882895279568e-06,POST-HOC FINAL CHECKPOINT EVALUATION,True
t2b-c-h1,Test 2B,C,H1,H1,5000,c44aa9e8811aacb423570a3bcb2f819462d882931b929a7bee442bb8b9a1d1c3,be3fac690063191ee78df7a8515b580d17842a34083835c73232ab1bb3995c6b,/Users/arjunsharma/Documents/SandiaProjects/4-LDRDAMDIS/DIMSWE-study-d0eb615/external-results/test2b-rain-active-learning/production/representation-C/h1-from-m1-m20-5k/checkpoint_000005000_parameters.npz,X,TRAINING TRUTH SUPPORT,0,80,POST-HOC CHECKPOINT EVALUATION,source_components.Qr,physical_RMS_error,2.167468459381209e-09,POST-HOC FINAL CHECKPOINT EVALUATION,True
t2b-c-h1,Test 2B,C,H1,H1,5000,c44aa9e8811aacb423570a3bcb2f819462d882931b929a7bee442bb8b9a1d1c3,be3fac690063191ee78df7a8515b580d17842a34083835c73232ab1bb3995c6b,/Users/arjunsharma/Documents/SandiaProjects/4-LDRDAMDIS/DIMSWE-study-d0eb615/external-results/test2b-rain-active-learning/production/representation-C/h1-from-m1-m20-5k/checkpoint_000005000_parameters.npz,X,TRAINING TRUTH SUPPORT,0,80,POST-HOC CHECKPOINT EVALUATION,effective_A,relative_RMS_error,0.019459199911871,POST-HOC FINAL CHECKPOINT EVALUATION,True
t2b-c-h1,Test 2B,C,H1,H1,5000,c44aa9e8811aacb423570a3bcb2f819462d882931b929a7bee442bb8b9a1d1c3,be3fac690063191ee78df7a8515b580d17842a34083835c73232ab1bb3995c6b,/Users/arjunsharma/Documents/SandiaProjects/4-LDRDAMDIS/DIMSWE-study-d0eb615/external-results/test2b-rain-active-learning/production/representation-C/h1-from-m1-m20-5k/checkpoint_000005000_parameters.npz,X,TRAINING TRUTH SUPPORT,0,80,POST-HOC CHECKPOINT EVALUATION,effective_R,relative_RMS_error,1.6816134061967127,POST-HOC FINAL CHECKPOINT EVALUATION,True
t2b-c-h1,Test 2B,C,H1,H1,5000,c44aa9e8811aacb423570a3bcb2f819462d882931b929a7bee442bb8b9a1d1c3,be3fac690063191ee78df7a8515b580d17842a34083835c73232ab1bb3995c6b,/Users/arjunsharma/Documents/SandiaProjects/4-LDRDAMDIS/DIMSWE-study-d0eb615/external-results/test2b-rain-active-learning/production/representation-C/h1-from-m1-m20-5k/checkpoint_000005000_parameters.npz,X,TRAINING TRUTH SUPPORT,0,80,POST-HOC CHECKPOINT EVALUATION,source_structure,normalized_off_manifold_RMS,0.0258546639423065,POST-HOC FINAL CHECKPOINT EVALUATION,True
t2b-c-h2,Test 2B,C,H2,H2,20,3ae5e9d6729977310e7e9d740490c223539aa514cf0e24e379adab25d7ca6d70,cce0fff0c49ad9577a5cfe6b1e8176eb45af8e1d1dbac6e98029d75e3dce1657,/Users/arjunsharma/Documents/SandiaProjects/4-LDRDAMDIS/DIMSWE-study-d0eb615/external-results/test2b-rain-active-learning/production/representation-C/h2-from-h1-m20-20/checkpoint_000000020_parameters.npz,X,TRAINING TRUTH SUPPORT,0,80,POST-HOC CHECKPOINT EVALUATION,source_components.S,physical_RMS_error,6.442287235152245e-05,POST-HOC FINAL CHECKPOINT EVALUATION,True
t2b-c-h2,Test 2B,C,H2,H2,20,3ae5e9d6729977310e7e9d740490c223539aa514cf0e24e379adab25d7ca6d70,cce0fff0c49ad9577a5cfe6b1e8176eb45af8e1d1dbac6e98029d75e3dce1657,/Users/arjunsharma/Documents/SandiaProjects/4-LDRDAMDIS/DIMSWE-study-d0eb615/external-results/test2b-rain-active-learning/production/representation-C/h2-from-h1-m20-20/checkpoint_000000020_parameters.npz,X,TRAINING TRUTH SUPPORT,0,80,POST-HOC CHECKPOINT EVALUATION,source_components.Qv,physical_RMS_error,2.1669287106105195e-06,POST-HOC FINAL CHECKPOINT EVALUATION,True
t2b-c-h2,Test 2B,C,H2,H2,20,3ae5e9d6729977310e7e9d740490c223539aa514cf0e24e379adab25d7ca6d70,cce0fff0c49ad9577a5cfe6b1e8176eb45af8e1d1dbac6e98029d75e3dce1657,/Users/arjunsharma/Documents/SandiaProjects/4-LDRDAMDIS/DIMSWE-study-d0eb615/external-results/test2b-rain-active-learning/production/representation-C/h2-from-h1-m20-20/checkpoint_000000020_parameters.npz,X,TRAINING TRUTH SUPPORT,0,80,POST-HOC CHECKPOINT EVALUATION,source_components.Qc,physical_RMS_error,2.0250926236214845e-06,POST-HOC FINAL CHECKPOINT EVALUATION,True
t2b-c-h2,Test 2B,C,H2,H2,20,3ae5e9d6729977310e7e9d740490c223539aa514cf0e24e379adab25d7ca6d70,cce0fff0c49ad9577a5cfe6b1e8176eb45af8e1d1dbac6e98029d75e3dce1657,/Users/arjunsharma/Documents/SandiaProjects/4-LDRDAMDIS/DIMSWE-study-d0eb615/external-results/test2b-rain-active-learning/production/representation-C/h2-from-h1-m20-20/checkpoint_000000020_parameters.npz,X,TRAINING TRUTH SUPPORT,0,80,POST-HOC CHECKPOINT EVALUATION,source_components.Qr,physical_RMS_error,2.1662176939553716e-09,POST-HOC FINAL CHECKPOINT EVALUATION,True
t2b-c-h2,Test 2B,C,H2,H2,20,3ae5e9d6729977310e7e9d740490c223539aa514cf0e24e379adab25d7ca6d70,cce0fff0c49ad9577a5cfe6b1e8176eb45af8e1d1dbac6e98029d75e3dce1657,/Users/arjunsharma/Documents/SandiaProjects/4-LDRDAMDIS/DIMSWE-study-d0eb615/external-results/test2b-rain-active-learning/production/representation-C/h2-from-h1-m20-20/checkpoint_000000020_parameters.npz,X,TRAINING TRUTH SUPPORT,0,80,POST-HOC CHECKPOINT EVALUATION,effective_A,relative_RMS_error,0.0221414827278621,POST-HOC FINAL CHECKPOINT EVALUATION,True
t2b-c-h2,Test 2B,C,H2,H2,20,3ae5e9d6729977310e7e9d740490c223539aa514cf0e24e379adab25d7ca6d70,cce0fff0c49ad9577a5cfe6b1e8176eb45af8e1d1dbac6e98029d75e3dce1657,/Users/arjunsharma/Documents/SandiaProjects/4-LDRDAMDIS/DIMSWE-study-d0eb615/external-results/test2b-rain-active-learning/production/representation-C/h2-from-h1-m20-20/checkpoint_000000020_parameters.npz,X,TRAINING TRUTH SUPPORT,0,80,POST-HOC CHECKPOINT EVALUATION,effective_R,relative_RMS_error,1.6807409902268349,POST-HOC FINAL CHECKPOINT EVALUATION,True
t2b-c-h2,Test 2B,C,H2,H2,20,3ae5e9d6729977310e7e9d740490c223539aa514cf0e24e379adab25d7ca6d70,cce0fff0c49ad9577a5cfe6b1e8176eb45af8e1d1dbac6e98029d75e3dce1657,/Users/arjunsharma/Documents/SandiaProjects/4-LDRDAMDIS/DIMSWE-study-d0eb615/external-results/test2b-rain-active-learning/production/representation-C/h2-from-h1-m20-20/checkpoint_000000020_parameters.npz,X,TRAINING TRUTH SUPPORT,0,80,POST-HOC CHECKPOINT EVALUATION,source_structure,normalized_off_manifold_RMS,0.0259528394212217,POST-HOC FINAL CHECKPOINT EVALUATION,True
t2b-c-h5,Test 2B,C,H5,H5,20,a9a95ed952ba410ce744c6fe1473c0c842193560d14b432ce4f8543c6ff40f70,ecb28ef27fbb4663970da2e4f72f9adbcf0c67ab966e80e65bb21f17ada63985,/Users/arjunsharma/Documents/SandiaProjects/4-LDRDAMDIS/DIMSWE-study-d0eb615/external-results/test2b-rain-active-learning/production/representation-C/h5-from-h2-m20-20/checkpoint_000000020_parameters.npz,X,TRAINING TRUTH SUPPORT,0,80,POST-HOC CHECKPOINT EVALUATION,source_components.S,physical_RMS_error,0.0001417173827222,POST-HOC FINAL CHECKPOINT EVALUATION,True
t2b-c-h5,Test 2B,C,H5,H5,20,a9a95ed952ba410ce744c6fe1473c0c842193560d14b432ce4f8543c6ff40f70,ecb28ef27fbb4663970da2e4f72f9adbcf0c67ab966e80e65bb21f17ada63985,/Users/arjunsharma/Documents/SandiaProjects/4-LDRDAMDIS/DIMSWE-study-d0eb615/external-results/test2b-rain-active-learning/production/representation-C/h5-from-h2-m20-20/checkpoint_000000020_parameters.npz,X,TRAINING TRUTH SUPPORT,0,80,POST-HOC CHECKPOINT EVALUATION,source_components.Qv,physical_RMS_error,2.8349041788527685e-06,POST-HOC FINAL CHECKPOINT EVALUATION,True
t2b-c-h5,Test 2B,C,H5,H5,20,a9a95ed952ba410ce744c6fe1473c0c842193560d14b432ce4f8543c6ff40f70,ecb28ef27fbb4663970da2e4f72f9adbcf0c67ab966e80e65bb21f17ada63985,/Users/arjunsharma/Documents/SandiaProjects/4-LDRDAMDIS/DIMSWE-study-d0eb615/external-results/test2b-rain-active-learning/production/representation-C/h5-from-h2-m20-20/checkpoint_000000020_parameters.npz,X,TRAINING TRUTH SUPPORT,0,80,POST-HOC CHECKPOINT EVALUATION,source_components.Qc,physical_RMS_error,3.537391511843353e-06,POST-HOC FINAL CHECKPOINT EVALUATION,True
t2b-c-h5,Test 2B,C,H5,H5,20,a9a95ed952ba410ce744c6fe1473c0c842193560d14b432ce4f8543c6ff40f70,ecb28ef27fbb4663970da2e4f72f9adbcf0c67ab966e80e65bb21f17ada63985,/Users/arjunsharma/Documents/SandiaProjects/4-LDRDAMDIS/DIMSWE-study-d0eb615/external-results/test2b-rain-active-learning/production/representation-C/h5-from-h2-m20-20/checkpoint_000000020_parameters.npz,X,TRAINING TRUTH SUPPORT,0,80,POST-HOC CHECKPOINT EVALUATION,source_components.Qr,physical_RMS_error,2.1734564623452436e-09,POST-HOC FINAL CHECKPOINT EVALUATION,True
t2b-c-h5,Test 2B,C,H5,H5,20,a9a95ed952ba410ce744c6fe1473c0c842193560d14b432ce4f8543c6ff40f70,ecb28ef27fbb4663970da2e4f72f9adbcf0c67ab966e80e65bb21f17ada63985,/Users/arjunsharma/Documents/SandiaProjects/4-LDRDAMDIS/DIMSWE-study-d0eb615/external-results/test2b-rain-active-learning/production/representation-C/h5-from-h2-m20-20/checkpoint_000000020_parameters.npz,X,TRAINING TRUTH SUPPORT,0,80,POST-HOC CHECKPOINT EVALUATION,effective_A,relative_RMS_error,0.0360706484243259,POST-HOC FINAL CHECKPOINT EVALUATION,True
t2b-c-h5,Test 2B,C,H5,H5,20,a9a95ed952ba410ce744c6fe1473c0c842193560d14b432ce4f8543c6ff40f70,ecb28ef27fbb4663970da2e4f72f9adbcf0c67ab966e80e65bb21f17ada63985,/Users/arjunsharma/Documents/SandiaProjects/4-LDRDAMDIS/DIMSWE-study-d0eb615/external-results/test2b-rain-active-learning/production/representation-C/h5-from-h2-m20-20/checkpoint_000000020_parameters.npz,X,TRAINING TRUTH SUPPORT,0,80,POST-HOC CHECKPOINT EVALUATION,effective_R,relative_RMS_error,1.6864016896148033,POST-HOC FINAL CHECKPOINT EVALUATION,True
t2b-c-h5,Test 2B,C,H5,H5,20,a9a95ed952ba410ce744c6fe1473c0c842193560d14b432ce4f8543c6ff40f70,ecb28ef27fbb4663970da2e4f72f9adbcf0c67ab966e80e65bb21f17ada63985,/Users/arjunsharma/Documents/SandiaProjects/4-LDRDAMDIS/DIMSWE-study-d0eb615/external-results/test2b-rain-active-learning/production/representation-C/h5-from-h2-m20-20/checkpoint_000000020_parameters.npz,X,TRAINING TRUTH SUPPORT,0,80,POST-HOC CHECKPOINT EVALUATION,source_structure,normalized_off_manifold_RMS,0.0364786206520232,POST-HOC FINAL CHECKPOINT EVALUATION,True
t2b-c-m1y,Test 2B,C,M1-Y,M1-Y,10000,c8da7ea375ced0f692210f97097e069f9d5757b6bead22b7a4a10d9a265d8a65,169eadab27a39916e37a875c27708873595f133cb4ea39e9f23eab14e86d49ee,/Users/arjunsharma/Documents/SandiaProjects/4-LDRDAMDIS/DIMSWE-feature-study-20260828/m1y_test2b_20260828_workspace/external-results/m1y-test2b-20260828/production/representation-C/m1y-seed0-m20-10k/checkpoint_000010000_parameters.npz,X,TRAINING TRUTH SUPPORT,0,80,POST-HOC CHECKPOINT EVALUATION,source_components.S,physical_RMS_error,6.549838622770822e-05,POST-HOC FINAL CHECKPOINT EVALUATION,False
t2b-c-m1y,Test 2B,C,M1-Y,M1-Y,10000,c8da7ea375ced0f692210f97097e069f9d5757b6bead22b7a4a10d9a265d8a65,169eadab27a39916e37a875c27708873595f133cb4ea39e9f23eab14e86d49ee,/Users/arjunsharma/Documents/SandiaProjects/4-LDRDAMDIS/DIMSWE-feature-study-20260828/m1y_test2b_20260828_workspace/external-results/m1y-test2b-20260828/production/representation-C/m1y-seed0-m20-10k/checkpoint_000010000_parameters.npz,X,TRAINING TRUTH SUPPORT,0,80,POST-HOC CHECKPOINT EVALUATION,source_components.Qv,physical_RMS_error,6.625438155539094e-07,POST-HOC FINAL CHECKPOINT EVALUATION,False
t2b-c-m1y,Test 2B,C,M1-Y,M1-Y,10000,c8da7ea375ced0f692210f97097e069f9d5757b6bead22b7a4a10d9a265d8a65,169eadab27a39916e37a875c27708873595f133cb4ea39e9f23eab14e86d49ee,/Users/arjunsharma/Documents/SandiaProjects/4-LDRDAMDIS/DIMSWE-feature-study-20260828/m1y_test2b_20260828_workspace/external-results/m1y-test2b-20260828/production/representation-C/m1y-seed0-m20-10k/checkpoint_000010000_parameters.npz,X,TRAINING TRUTH SUPPORT,0,80,POST-HOC CHECKPOINT EVALUATION,source_components.Qc,physical_RMS_error,6.527299188409212e-07,POST-HOC FINAL CHECKPOINT EVALUATION,False
t2b-c-m1y,Test 2B,C,M1-Y,M1-Y,10000,c8da7ea375ced0f692210f97097e069f9d5757b6bead22b7a4a10d9a265d8a65,169eadab27a39916e37a875c27708873595f133cb4ea39e9f23eab14e86d49ee,/Users/arjunsharma/Documents/SandiaProjects/4-LDRDAMDIS/DIMSWE-feature-study-20260828/m1y_test2b_20260828_workspace/external-results/m1y-test2b-20260828/production/representation-C/m1y-seed0-m20-10k/checkpoint_000010000_parameters.npz,X,TRAINING TRUTH SUPPORT,0,80,POST-HOC CHECKPOINT EVALUATION,source_components.Qr,physical_RMS_error,8.914419021939256e-11,POST-HOC FINAL CHECKPOINT EVALUATION,False
t2b-c-m1y,Test 2B,C,M1-Y,M1-Y,10000,c8da7ea375ced0f692210f97097e069f9d5757b6bead22b7a4a10d9a265d8a65,169eadab27a39916e37a875c27708873595f133cb4ea39e9f23eab14e86d49ee,/Users/arjunsharma/Documents/SandiaProjects/4-LDRDAMDIS/DIMSWE-feature-study-20260828/m1y_test2b_20260828_workspace/external-results/m1y-test2b-20260828/production/representation-C/m1y-seed0-m20-10k/checkpoint_000010000_parameters.npz,X,TRAINING TRUTH SUPPORT,0,80,POST-HOC CHECKPOINT EVALUATION,effective_A,relative_RMS_error,0.010882653427786,POST-HOC FINAL CHECKPOINT EVALUATION,False
t2b-c-m1y,Test 2B,C,M1-Y,M1-Y,10000,c8da7ea375ced0f692210f97097e069f9d5757b6bead22b7a4a10d9a265d8a65,169eadab27a39916e37a875c27708873595f133cb4ea39e9f23eab14e86d49ee,/Users/arjunsharma/Documents/SandiaProjects/4-LDRDAMDIS/DIMSWE-feature-study-20260828/m1y_test2b_20260828_workspace/external-results/m1y-test2b-20260828/production/representation-C/m1y-seed0-m20-10k/checkpoint_000010000_parameters.npz,X,TRAINING TRUTH SUPPORT,0,80,POST-HOC CHECKPOINT EVALUATION,effective_R,relative_RMS_error,0.0686972401182818,POST-HOC FINAL CHECKPOINT EVALUATION,False
t2b-c-m1y,Test 2B,C,M1-Y,M1-Y,10000,c8da7ea375ced0f692210f97097e069f9d5757b6bead22b7a4a10d9a265d8a65,169eadab27a39916e37a875c27708873595f133cb4ea39e9f23eab14e86d49ee,/Users/arjunsharma/Documents/SandiaProjects/4-LDRDAMDIS/DIMSWE-feature-study-20260828/m1y_test2b_20260828_workspace/external-results/m1y-test2b-20260828/production/representation-C/m1y-seed0-m20-10k/checkpoint_000010000_parameters.npz,X,TRAINING TRUTH SUPPORT,0,80,POST-HOC CHECKPOINT EVALUATION,source_structure,normalized_off_manifold_RMS,0.0010300181092891,POST-HOC FINAL CHECKPOINT EVALUATION,False
t2b-a-m1x,Test 2B,A,M1-X,M1-X,10000,471f3ac8a9b84f68bbe14bdc7dee62e3a025ac5cf61503db6644d5a1fa1bb506,e4f8d600fdc9833ab9c0c159a0f7601ec7b162f32c0369d44a82988dbd15908f,/Users/arjunsharma/Documents/SandiaProjects/4-LDRDAMDIS/DIMSWE-study-d0eb615/external-results/test2b-rain-active-learning/production/representation-A/m1-seed0-m20-10k/checkpoint_000010000_parameters.npz,X,HELD-OUT TRUTH SUPPORT,81,160,POST-HOC CHECKPOINT EVALUATION,A,relative_RMS_error,2.2330676044621636,POST-HOC FINAL CHECKPOINT EVALUATION,True
t2b-a-m1x,Test 2B,A,M1-X,M1-X,10000,471f3ac8a9b84f68bbe14bdc7dee62e3a025ac5cf61503db6644d5a1fa1bb506,e4f8d600fdc9833ab9c0c159a0f7601ec7b162f32c0369d44a82988dbd15908f,/Users/arjunsharma/Documents/SandiaProjects/4-LDRDAMDIS/DIMSWE-study-d0eb615/external-results/test2b-rain-active-learning/production/representation-A/m1-seed0-m20-10k/checkpoint_000010000_parameters.npz,X,HELD-OUT TRUTH SUPPORT,81,160,POST-HOC CHECKPOINT EVALUATION,A,physical_RMS_error,2.9071415076049104e-09,POST-HOC FINAL CHECKPOINT EVALUATION,True
t2b-a-m1x,Test 2B,A,M1-X,M1-X,10000,471f3ac8a9b84f68bbe14bdc7dee62e3a025ac5cf61503db6644d5a1fa1bb506,e4f8d600fdc9833ab9c0c159a0f7601ec7b162f32c0369d44a82988dbd15908f,/Users/arjunsharma/Documents/SandiaProjects/4-LDRDAMDIS/DIMSWE-study-d0eb615/external-results/test2b-rain-active-learning/production/representation-A/m1-seed0-m20-10k/checkpoint_000010000_parameters.npz,X,HELD-OUT TRUTH SUPPORT,81,160,POST-HOC CHECKPOINT EVALUATION,A,signed_mass_weighted_bias,2.4471343030258635e-11,POST-HOC FINAL CHECKPOINT EVALUATION,True
t2b-a-m1x,Test 2B,A,M1-X,M1-X,10000,471f3ac8a9b84f68bbe14bdc7dee62e3a025ac5cf61503db6644d5a1fa1bb506,e4f8d600fdc9833ab9c0c159a0f7601ec7b162f32c0369d44a82988dbd15908f,/Users/arjunsharma/Documents/SandiaProjects/4-LDRDAMDIS/DIMSWE-study-d0eb615/external-results/test2b-rain-active-learning/production/representation-A/m1-seed0-m20-10k/checkpoint_000010000_parameters.npz,X,HELD-OUT TRUTH SUPPORT,81,160,POST-HOC CHECKPOINT EVALUATION,A,correlation,0.2758460244831113,POST-HOC FINAL CHECKPOINT EVALUATION,True
t2b-a-m2x-independent,Test 2B,A,M2-X-independent,M2-X,10000,aca1a5810b1f74516bdb26ae902780050929c3e06238795a6301371491dc3652,b644f72dad39f78bbe42174c03ac1b7f16f8789275eae4672a7636e014eecfa4,/Users/arjunsharma/Documents/SandiaProjects/4-LDRDAMDIS/DIMSWE-study-d0eb615/external-results/test2b-rain-active-learning/production/representation-A/m2x-seed0-m20-10k/checkpoint_000010000_parameters.npz,X,HELD-OUT TRUTH SUPPORT,81,160,POST-HOC CHECKPOINT EVALUATION,A,relative_RMS_error,3.4590633063050973,POST-HOC FINAL CHECKPOINT EVALUATION,True
t2b-a-m2x-independent,Test 2B,A,M2-X-independent,M2-X,10000,aca1a5810b1f74516bdb26ae902780050929c3e06238795a6301371491dc3652,b644f72dad39f78bbe42174c03ac1b7f16f8789275eae4672a7636e014eecfa4,/Users/arjunsharma/Documents/SandiaProjects/4-LDRDAMDIS/DIMSWE-study-d0eb615/external-results/test2b-rain-active-learning/production/representation-A/m2x-seed0-m20-10k/checkpoint_000010000_parameters.npz,X,HELD-OUT TRUTH SUPPORT,81,160,POST-HOC CHECKPOINT EVALUATION,A,physical_RMS_error,4.503216335725142e-09,POST-HOC FINAL CHECKPOINT EVALUATION,True
t2b-a-m2x-independent,Test 2B,A,M2-X-independent,M2-X,10000,aca1a5810b1f74516bdb26ae902780050929c3e06238795a6301371491dc3652,b644f72dad39f78bbe42174c03ac1b7f16f8789275eae4672a7636e014eecfa4,/Users/arjunsharma/Documents/SandiaProjects/4-LDRDAMDIS/DIMSWE-study-d0eb615/external-results/test2b-rain-active-learning/production/representation-A/m2x-seed0-m20-10k/checkpoint_000010000_parameters.npz,X,HELD-OUT TRUTH SUPPORT,81,160,POST-HOC CHECKPOINT EVALUATION,A,signed_mass_weighted_bias,5.35088596114086e-10,POST-HOC FINAL CHECKPOINT EVALUATION,True
t2b-a-m2x-independent,Test 2B,A,M2-X-independent,M2-X,10000,aca1a5810b1f74516bdb26ae902780050929c3e06238795a6301371491dc3652,b644f72dad39f78bbe42174c03ac1b7f16f8789275eae4672a7636e014eecfa4,/Users/arjunsharma/Documents/SandiaProjects/4-LDRDAMDIS/DIMSWE-study-d0eb615/external-results/test2b-rain-active-learning/production/representation-A/m2x-seed0-m20-10k/checkpoint_000010000_parameters.npz,X,HELD-OUT TRUTH SUPPORT,81,160,POST-HOC CHECKPOINT EVALUATION,A,correlation,0.2031885523505837,POST-HOC FINAL CHECKPOINT EVALUATION,True
t2b-a-m2x-warm,Test 2B,A,warm M2-X,M2-X,5000,0cf7dc9036c84c6ac3a78cf7e16cfa56fb7eb985ba7f460e3dccb139bb826d3e,a966a41245712e15bb2872b9a96960eb2e101890b70b8e7aca89f5105b2bea44,/Users/arjunsharma/Documents/SandiaProjects/4-LDRDAMDIS/DIMSWE-study-d0eb615/external-results/test2b-rain-active-learning/production/representation-A/m1-to-m2x-m20-5k/checkpoint_000005000_parameters.npz,X,HELD-OUT TRUTH SUPPORT,81,160,POST-HOC CHECKPOINT EVALUATION,A,relative_RMS_error,1.9887197531244245,POST-HOC FINAL CHECKPOINT EVALUATION,True
t2b-a-m2x-warm,Test 2B,A,warm M2-X,M2-X,5000,0cf7dc9036c84c6ac3a78cf7e16cfa56fb7eb985ba7f460e3dccb139bb826d3e,a966a41245712e15bb2872b9a96960eb2e101890b70b8e7aca89f5105b2bea44,/Users/arjunsharma/Documents/SandiaProjects/4-LDRDAMDIS/DIMSWE-study-d0eb615/external-results/test2b-rain-active-learning/production/representation-A/m1-to-m2x-m20-5k/checkpoint_000005000_parameters.npz,X,HELD-OUT TRUTH SUPPORT,81,160,POST-HOC CHECKPOINT EVALUATION,A,physical_RMS_error,2.589034801162807e-09,POST-HOC FINAL CHECKPOINT EVALUATION,True
t2b-a-m2x-warm,Test 2B,A,warm M2-X,M2-X,5000,0cf7dc9036c84c6ac3a78cf7e16cfa56fb7eb985ba7f460e3dccb139bb826d3e,a966a41245712e15bb2872b9a96960eb2e101890b70b8e7aca89f5105b2bea44,/Users/arjunsharma/Documents/SandiaProjects/4-LDRDAMDIS/DIMSWE-study-d0eb615/external-results/test2b-rain-active-learning/production/representation-A/m1-to-m2x-m20-5k/checkpoint_000005000_parameters.npz,X,HELD-OUT TRUTH SUPPORT,81,160,POST-HOC CHECKPOINT EVALUATION,A,signed_mass_weighted_bias,6.694192850951489e-11,POST-HOC FINAL CHECKPOINT EVALUATION,True
t2b-a-m2x-warm,Test 2B,A,warm M2-X,M2-X,5000,0cf7dc9036c84c6ac3a78cf7e16cfa56fb7eb985ba7f460e3dccb139bb826d3e,a966a41245712e15bb2872b9a96960eb2e101890b70b8e7aca89f5105b2bea44,/Users/arjunsharma/Documents/SandiaProjects/4-LDRDAMDIS/DIMSWE-study-d0eb615/external-results/test2b-rain-active-learning/production/representation-A/m1-to-m2x-m20-5k/checkpoint_000005000_parameters.npz,X,HELD-OUT TRUTH SUPPORT,81,160,POST-HOC CHECKPOINT EVALUATION,A,correlation,0.3273201138858518,POST-HOC FINAL CHECKPOINT EVALUATION,True
t2b-a-h1,Test 2B,A,H1,H1,5000,73f39ca1e345256157890f7c918ac41a43684262e4ad11c9465bd35706b16f83,a6a7667217ce26fa3b392cacc5e70f087db97622804db0cdcf123f7e532516c1,/Users/arjunsharma/Documents/SandiaProjects/4-LDRDAMDIS/DIMSWE-study-d0eb615/external-results/test2b-rain-active-learning/production/representation-A/h1-from-m1-m20-5k/checkpoint_000005000_parameters.npz,X,HELD-OUT TRUTH SUPPORT,81,160,POST-HOC CHECKPOINT EVALUATION,A,relative_RMS_error,2.8233124703690353,POST-HOC FINAL CHECKPOINT EVALUATION,True
t2b-a-h1,Test 2B,A,H1,H1,5000,73f39ca1e345256157890f7c918ac41a43684262e4ad11c9465bd35706b16f83,a6a7667217ce26fa3b392cacc5e70f087db97622804db0cdcf123f7e532516c1,/Users/arjunsharma/Documents/SandiaProjects/4-LDRDAMDIS/DIMSWE-study-d0eb615/external-results/test2b-rain-active-learning/production/representation-A/h1-from-m1-m20-5k/checkpoint_000005000_parameters.npz,X,HELD-OUT TRUTH SUPPORT,81,160,POST-HOC CHECKPOINT EVALUATION,A,physical_RMS_error,3.675557719411379e-09,POST-HOC FINAL CHECKPOINT EVALUATION,True
t2b-a-h1,Test 2B,A,H1,H1,5000,73f39ca1e345256157890f7c918ac41a43684262e4ad11c9465bd35706b16f83,a6a7667217ce26fa3b392cacc5e70f087db97622804db0cdcf123f7e532516c1,/Users/arjunsharma/Documents/SandiaProjects/4-LDRDAMDIS/DIMSWE-study-d0eb615/external-results/test2b-rain-active-learning/production/representation-A/h1-from-m1-m20-5k/checkpoint_000005000_parameters.npz,X,HELD-OUT TRUTH SUPPORT,81,160,POST-HOC CHECKPOINT EVALUATION,A,signed_mass_weighted_bias,-6.257798403121006e-10,POST-HOC FINAL CHECKPOINT EVALUATION,True
t2b-a-h1,Test 2B,A,H1,H1,5000,73f39ca1e345256157890f7c918ac41a43684262e4ad11c9465bd35706b16f83,a6a7667217ce26fa3b392cacc5e70f087db97622804db0cdcf123f7e532516c1,/Users/arjunsharma/Documents/SandiaProjects/4-LDRDAMDIS/DIMSWE-study-d0eb615/external-results/test2b-rain-active-learning/production/representation-A/h1-from-m1-m20-5k/checkpoint_000005000_parameters.npz,X,HELD-OUT TRUTH SUPPORT,81,160,POST-HOC CHECKPOINT EVALUATION,A,correlation,0.2209046310091241,POST-HOC FINAL CHECKPOINT EVALUATION,True
t2b-a-h2,Test 2B,A,H2,H2,20,3e9b414ee32f1d702a7998d6a3508c3bbf7097a2c735dbafc3550a4ecf74c5df,2158c1e48bb422d13ea077cea9617be77aad1be76a5945ec0a5201a796a04ed3,/Users/arjunsharma/Documents/SandiaProjects/4-LDRDAMDIS/DIMSWE-study-d0eb615/external-results/test2b-rain-active-learning/production/representation-A/h2-from-h1-m20-20/checkpoint_000000020_parameters.npz,X,HELD-OUT TRUTH SUPPORT,81,160,POST-HOC CHECKPOINT EVALUATION,A,relative_RMS_error,2.8261433568765977,POST-HOC FINAL CHECKPOINT EVALUATION,True
t2b-a-h2,Test 2B,A,H2,H2,20,3e9b414ee32f1d702a7998d6a3508c3bbf7097a2c735dbafc3550a4ecf74c5df,2158c1e48bb422d13ea077cea9617be77aad1be76a5945ec0a5201a796a04ed3,/Users/arjunsharma/Documents/SandiaProjects/4-LDRDAMDIS/DIMSWE-study-d0eb615/external-results/test2b-rain-active-learning/production/representation-A/h2-from-h1-m20-20/checkpoint_000000020_parameters.npz,X,HELD-OUT TRUTH SUPPORT,81,160,POST-HOC CHECKPOINT EVALUATION,A,physical_RMS_error,3.679243137467244e-09,POST-HOC FINAL CHECKPOINT EVALUATION,True
t2b-a-h2,Test 2B,A,H2,H2,20,3e9b414ee32f1d702a7998d6a3508c3bbf7097a2c735dbafc3550a4ecf74c5df,2158c1e48bb422d13ea077cea9617be77aad1be76a5945ec0a5201a796a04ed3,/Users/arjunsharma/Documents/SandiaProjects/4-LDRDAMDIS/DIMSWE-study-d0eb615/external-results/test2b-rain-active-learning/production/representation-A/h2-from-h1-m20-20/checkpoint_000000020_parameters.npz,X,HELD-OUT TRUTH SUPPORT,81,160,POST-HOC CHECKPOINT EVALUATION,A,signed_mass_weighted_bias,-6.331922840176715e-10,POST-HOC FINAL CHECKPOINT EVALUATION,True
t2b-a-h2,Test 2B,A,H2,H2,20,3e9b414ee32f1d702a7998d6a3508c3bbf7097a2c735dbafc3550a4ecf74c5df,2158c1e48bb422d13ea077cea9617be77aad1be76a5945ec0a5201a796a04ed3,/Users/arjunsharma/Documents/SandiaProjects/4-LDRDAMDIS/DIMSWE-study-d0eb615/external-results/test2b-rain-active-learning/production/representation-A/h2-from-h1-m20-20/checkpoint_000000020_parameters.npz,X,HELD-OUT TRUTH SUPPORT,81,160,POST-HOC CHECKPOINT EVALUATION,A,correlation,0.22076308043615,POST-HOC FINAL CHECKPOINT EVALUATION,True
t2b-a-h5,Test 2B,A,H5,H5,20,f2d56a8947f66761371fbef8aa52b3aa545f3e2ca9822fdb27a7e3ef796d20a9,07b3a84734679abf8849b5afb1f30f87568482e221a2a759a143f29a0cfc5ff1,/Users/arjunsharma/Documents/SandiaProjects/4-LDRDAMDIS/DIMSWE-study-d0eb615/external-results/test2b-rain-active-learning/production/representation-A/h5-from-h2-m20-20/checkpoint_000000020_parameters.npz,X,HELD-OUT TRUTH SUPPORT,81,160,POST-HOC CHECKPOINT EVALUATION,A,relative_RMS_error,2.8380954462354833,POST-HOC FINAL CHECKPOINT EVALUATION,True
t2b-a-h5,Test 2B,A,H5,H5,20,f2d56a8947f66761371fbef8aa52b3aa545f3e2ca9822fdb27a7e3ef796d20a9,07b3a84734679abf8849b5afb1f30f87568482e221a2a759a143f29a0cfc5ff1,/Users/arjunsharma/Documents/SandiaProjects/4-LDRDAMDIS/DIMSWE-study-d0eb615/external-results/test2b-rain-active-learning/production/representation-A/h5-from-h2-m20-20/checkpoint_000000020_parameters.npz,X,HELD-OUT TRUTH SUPPORT,81,160,POST-HOC CHECKPOINT EVALUATION,A,physical_RMS_error,3.694803085141192e-09,POST-HOC FINAL CHECKPOINT EVALUATION,True
t2b-a-h5,Test 2B,A,H5,H5,20,f2d56a8947f66761371fbef8aa52b3aa545f3e2ca9822fdb27a7e3ef796d20a9,07b3a84734679abf8849b5afb1f30f87568482e221a2a759a143f29a0cfc5ff1,/Users/arjunsharma/Documents/SandiaProjects/4-LDRDAMDIS/DIMSWE-study-d0eb615/external-results/test2b-rain-active-learning/production/representation-A/h5-from-h2-m20-20/checkpoint_000000020_parameters.npz,X,HELD-OUT TRUTH SUPPORT,81,160,POST-HOC CHECKPOINT EVALUATION,A,signed_mass_weighted_bias,-6.342931164399796e-10,POST-HOC FINAL CHECKPOINT EVALUATION,True
t2b-a-h5,Test 2B,A,H5,H5,20,f2d56a8947f66761371fbef8aa52b3aa545f3e2ca9822fdb27a7e3ef796d20a9,07b3a84734679abf8849b5afb1f30f87568482e221a2a759a143f29a0cfc5ff1,/Users/arjunsharma/Documents/SandiaProjects/4-LDRDAMDIS/DIMSWE-study-d0eb615/external-results/test2b-rain-active-learning/production/representation-A/h5-from-h2-m20-20/checkpoint_000000020_parameters.npz,X,HELD-OUT TRUTH SUPPORT,81,160,POST-HOC CHECKPOINT EVALUATION,A,correlation,0.2197108257820545,POST-HOC FINAL CHECKPOINT EVALUATION,True
t2b-a-m1y,Test 2B,A,M1-Y,M1-Y,10000,ed838229022ef2ac38a29bb88c8e98f2c173b89e0573088036ad301f76f4e158,a7f98ffe462a89a00d9d2dedd4efb4531cd0feea6e1d64de0b5359bae5e31db4,/Users/arjunsharma/Documents/SandiaProjects/4-LDRDAMDIS/DIMSWE-feature-study-20260828/m1y_test2b_20260828_workspace/external-results/m1y-test2b-20260828/production/representation-A/m1y-seed0-m20-10k/checkpoint_000010000_parameters.npz,X,HELD-OUT TRUTH SUPPORT,81,160,POST-HOC CHECKPOINT EVALUATION,A,relative_RMS_error,4.916129741340785,POST-HOC FINAL CHECKPOINT EVALUATION,False
t2b-a-m1y,Test 2B,A,M1-Y,M1-Y,10000,ed838229022ef2ac38a29bb88c8e98f2c173b89e0573088036ad301f76f4e158,a7f98ffe462a89a00d9d2dedd4efb4531cd0feea6e1d64de0b5359bae5e31db4,/Users/arjunsharma/Documents/SandiaProjects/4-LDRDAMDIS/DIMSWE-feature-study-20260828/m1y_test2b_20260828_workspace/external-results/m1y-test2b-20260828/production/representation-A/m1y-seed0-m20-10k/checkpoint_000010000_parameters.npz,X,HELD-OUT TRUTH SUPPORT,81,160,POST-HOC CHECKPOINT EVALUATION,A,physical_RMS_error,6.4001129205691916e-09,POST-HOC FINAL CHECKPOINT EVALUATION,False
t2b-a-m1y,Test 2B,A,M1-Y,M1-Y,10000,ed838229022ef2ac38a29bb88c8e98f2c173b89e0573088036ad301f76f4e158,a7f98ffe462a89a00d9d2dedd4efb4531cd0feea6e1d64de0b5359bae5e31db4,/Users/arjunsharma/Documents/SandiaProjects/4-LDRDAMDIS/DIMSWE-feature-study-20260828/m1y_test2b_20260828_workspace/external-results/m1y-test2b-20260828/production/representation-A/m1y-seed0-m20-10k/checkpoint_000010000_parameters.npz,X,HELD-OUT TRUTH SUPPORT,81,160,POST-HOC CHECKPOINT EVALUATION,A,signed_mass_weighted_bias,6.344694393489737e-10,POST-HOC FINAL CHECKPOINT EVALUATION,False
t2b-a-m1y,Test 2B,A,M1-Y,M1-Y,10000,ed838229022ef2ac38a29bb88c8e98f2c173b89e0573088036ad301f76f4e158,a7f98ffe462a89a00d9d2dedd4efb4531cd0feea6e1d64de0b5359bae5e31db4,/Users/arjunsharma/Documents/SandiaProjects/4-LDRDAMDIS/DIMSWE-feature-study-20260828/m1y_test2b_20260828_workspace/external-results/m1y-test2b-20260828/production/representation-A/m1y-seed0-m20-10k/checkpoint_000010000_parameters.npz,X,HELD-OUT TRUTH SUPPORT,81,160,POST-HOC CHECKPOINT EVALUATION,A,correlation,0.1425874400792605,POST-HOC FINAL CHECKPOINT EVALUATION,False
t2b-b-m1x,Test 2B,B,M1-X,M1-X,10000,cfc9d3da6a8d07d74ae17e3d9a5beabe434e63b8005e95df4a1925c3a63c609c,a740fa161ad5ff954beb73b4b44fda51b705ce34a40718bd8912716425aeb459,/Users/arjunsharma/Documents/SandiaProjects/4-LDRDAMDIS/DIMSWE-study-d0eb615/external-results/test2b-rain-active-learning/production/representation-B/m1-seed0-m20-10k/checkpoint_000010000_parameters.npz,X,HELD-OUT TRUTH SUPPORT,81,160,POST-HOC CHECKPOINT EVALUATION,A,relative_RMS_error,2.895952708773319,POST-HOC FINAL CHECKPOINT EVALUATION,True
t2b-b-m1x,Test 2B,B,M1-X,M1-X,10000,cfc9d3da6a8d07d74ae17e3d9a5beabe434e63b8005e95df4a1925c3a63c609c,a740fa161ad5ff954beb73b4b44fda51b705ce34a40718bd8912716425aeb459,/Users/arjunsharma/Documents/SandiaProjects/4-LDRDAMDIS/DIMSWE-study-d0eb615/external-results/test2b-rain-active-learning/production/representation-B/m1-seed0-m20-10k/checkpoint_000010000_parameters.npz,X,HELD-OUT TRUTH SUPPORT,81,160,POST-HOC CHECKPOINT EVALUATION,R_all,relative_RMS_error,0.0207055568321862,POST-HOC FINAL CHECKPOINT EVALUATION,True
t2b-b-m1x,Test 2B,B,M1-X,M1-X,10000,cfc9d3da6a8d07d74ae17e3d9a5beabe434e63b8005e95df4a1925c3a63c609c,a740fa161ad5ff954beb73b4b44fda51b705ce34a40718bd8912716425aeb459,/Users/arjunsharma/Documents/SandiaProjects/4-LDRDAMDIS/DIMSWE-study-d0eb615/external-results/test2b-rain-active-learning/production/representation-B/m1-seed0-m20-10k/checkpoint_000010000_parameters.npz,X,HELD-OUT TRUTH SUPPORT,81,160,POST-HOC CHECKPOINT EVALUATION,R_truth_active,relative_RMS_error,0.0189471763896229,POST-HOC FINAL CHECKPOINT EVALUATION,True
t2b-b-m1x,Test 2B,B,M1-X,M1-X,10000,cfc9d3da6a8d07d74ae17e3d9a5beabe434e63b8005e95df4a1925c3a63c609c,a740fa161ad5ff954beb73b4b44fda51b705ce34a40718bd8912716425aeb459,/Users/arjunsharma/Documents/SandiaProjects/4-LDRDAMDIS/DIMSWE-study-d0eb615/external-results/test2b-rain-active-learning/production/representation-B/m1-seed0-m20-10k/checkpoint_000010000_parameters.npz,X,HELD-OUT TRUTH SUPPORT,81,160,POST-HOC CHECKPOINT EVALUATION,R_activation,false_positive_rate_given_truth_inactive,0.5709363277373555,POST-HOC FINAL CHECKPOINT EVALUATION,True
t2b-b-m1x,Test 2B,B,M1-X,M1-X,10000,cfc9d3da6a8d07d74ae17e3d9a5beabe434e63b8005e95df4a1925c3a63c609c,a740fa161ad5ff954beb73b4b44fda51b705ce34a40718bd8912716425aeb459,/Users/arjunsharma/Documents/SandiaProjects/4-LDRDAMDIS/DIMSWE-study-d0eb615/external-results/test2b-rain-active-learning/production/representation-B/m1-seed0-m20-10k/checkpoint_000010000_parameters.npz,X,HELD-OUT TRUTH SUPPORT,81,160,POST-HOC CHECKPOINT EVALUATION,R_activation,false_negative_rate_given_truth_active,0.0,POST-HOC FINAL CHECKPOINT EVALUATION,True
t2b-b-m2x-independent,Test 2B,B,M2-X-independent,M2-X,10000,8292c556c31e15a303cc9010d9174149ab46cf31ce6ef385ffcb22d406b9b74a,c260591a8073549afbf106d189e3cebdcf88d19af56b9eddcb035f8307712a4d,/Users/arjunsharma/Documents/SandiaProjects/4-LDRDAMDIS/DIMSWE-study-d0eb615/external-results/test2b-rain-active-learning/production/representation-B/m2x-seed0-m20-10k/checkpoint_000010000_parameters.npz,X,HELD-OUT TRUTH SUPPORT,81,160,POST-HOC CHECKPOINT EVALUATION,A,relative_RMS_error,3.4368741981211044,POST-HOC FINAL CHECKPOINT EVALUATION,True
t2b-b-m2x-independent,Test 2B,B,M2-X-independent,M2-X,10000,8292c556c31e15a303cc9010d9174149ab46cf31ce6ef385ffcb22d406b9b74a,c260591a8073549afbf106d189e3cebdcf88d19af56b9eddcb035f8307712a4d,/Users/arjunsharma/Documents/SandiaProjects/4-LDRDAMDIS/DIMSWE-study-d0eb615/external-results/test2b-rain-active-learning/production/representation-B/m2x-seed0-m20-10k/checkpoint_000010000_parameters.npz,X,HELD-OUT TRUTH SUPPORT,81,160,POST-HOC CHECKPOINT EVALUATION,R_all,relative_RMS_error,1.6458551124420793,POST-HOC FINAL CHECKPOINT EVALUATION,True
t2b-b-m2x-independent,Test 2B,B,M2-X-independent,M2-X,10000,8292c556c31e15a303cc9010d9174149ab46cf31ce6ef385ffcb22d406b9b74a,c260591a8073549afbf106d189e3cebdcf88d19af56b9eddcb035f8307712a4d,/Users/arjunsharma/Documents/SandiaProjects/4-LDRDAMDIS/DIMSWE-study-d0eb615/external-results/test2b-rain-active-learning/production/representation-B/m2x-seed0-m20-10k/checkpoint_000010000_parameters.npz,X,HELD-OUT TRUTH SUPPORT,81,160,POST-HOC CHECKPOINT EVALUATION,R_truth_active,relative_RMS_error,1.215065179015418,POST-HOC FINAL CHECKPOINT EVALUATION,True
t2b-b-m2x-independent,Test 2B,B,M2-X-independent,M2-X,10000,8292c556c31e15a303cc9010d9174149ab46cf31ce6ef385ffcb22d406b9b74a,c260591a8073549afbf106d189e3cebdcf88d19af56b9eddcb035f8307712a4d,/Users/arjunsharma/Documents/SandiaProjects/4-LDRDAMDIS/DIMSWE-study-d0eb615/external-results/test2b-rain-active-learning/production/representation-B/m2x-seed0-m20-10k/checkpoint_000010000_parameters.npz,X,HELD-OUT TRUTH SUPPORT,81,160,POST-HOC CHECKPOINT EVALUATION,R_activation,false_positive_rate_given_truth_inactive,0.1083342598197263,POST-HOC FINAL CHECKPOINT EVALUATION,True
t2b-b-m2x-independent,Test 2B,B,M2-X-independent,M2-X,10000,8292c556c31e15a303cc9010d9174149ab46cf31ce6ef385ffcb22d406b9b74a,c260591a8073549afbf106d189e3cebdcf88d19af56b9eddcb035f8307712a4d,/Users/arjunsharma/Documents/SandiaProjects/4-LDRDAMDIS/DIMSWE-study-d0eb615/external-results/test2b-rain-active-learning/production/representation-B/m2x-seed0-m20-10k/checkpoint_000010000_parameters.npz,X,HELD-OUT TRUTH SUPPORT,81,160,POST-HOC CHECKPOINT EVALUATION,R_activation,false_negative_rate_given_truth_active,0.9996215851951687,POST-HOC FINAL CHECKPOINT EVALUATION,True
t2b-b-m2x-warm,Test 2B,B,warm M2-X,M2-X,5000,5e1bca9a6345f9bcd0360aa3e7e3feeef2cb2b2ac960e00106a7779e8d7892db,bb83dfcac9307f89b8210b2f7aea683ae0ce469877b72bc97595fc5240ee86f2,/Users/arjunsharma/Documents/SandiaProjects/4-LDRDAMDIS/DIMSWE-study-d0eb615/external-results/test2b-rain-active-learning/production/representation-B/m1-to-m2x-m20-5k/checkpoint_000005000_parameters.npz,X,HELD-OUT TRUTH SUPPORT,81,160,POST-HOC CHECKPOINT EVALUATION,A,relative_RMS_error,0.94891754950408,POST-HOC FINAL CHECKPOINT EVALUATION,True
t2b-b-m2x-warm,Test 2B,B,warm M2-X,M2-X,5000,5e1bca9a6345f9bcd0360aa3e7e3feeef2cb2b2ac960e00106a7779e8d7892db,bb83dfcac9307f89b8210b2f7aea683ae0ce469877b72bc97595fc5240ee86f2,/Users/arjunsharma/Documents/SandiaProjects/4-LDRDAMDIS/DIMSWE-study-d0eb615/external-results/test2b-rain-active-learning/production/representation-B/m1-to-m2x-m20-5k/checkpoint_000005000_parameters.npz,X,HELD-OUT TRUTH SUPPORT,81,160,POST-HOC CHECKPOINT EVALUATION,R_all,relative_RMS_error,0.4614905513920569,POST-HOC FINAL CHECKPOINT EVALUATION,True
t2b-b-m2x-warm,Test 2B,B,warm M2-X,M2-X,5000,5e1bca9a6345f9bcd0360aa3e7e3feeef2cb2b2ac960e00106a7779e8d7892db,bb83dfcac9307f89b8210b2f7aea683ae0ce469877b72bc97595fc5240ee86f2,/Users/arjunsharma/Documents/SandiaProjects/4-LDRDAMDIS/DIMSWE-study-d0eb615/external-results/test2b-rain-active-learning/production/representation-B/m1-to-m2x-m20-5k/checkpoint_000005000_parameters.npz,X,HELD-OUT TRUTH SUPPORT,81,160,POST-HOC CHECKPOINT EVALUATION,R_truth_active,relative_RMS_error,0.461138448699458,POST-HOC FINAL CHECKPOINT EVALUATION,True
t2b-b-m2x-warm,Test 2B,B,warm M2-X,M2-X,5000,5e1bca9a6345f9bcd0360aa3e7e3feeef2cb2b2ac960e00106a7779e8d7892db,bb83dfcac9307f89b8210b2f7aea683ae0ce469877b72bc97595fc5240ee86f2,/Users/arjunsharma/Documents/SandiaProjects/4-LDRDAMDIS/DIMSWE-study-d0eb615/external-results/test2b-rain-active-learning/production/representation-B/m1-to-m2x-m20-5k/checkpoint_000005000_parameters.npz,X,HELD-OUT TRUTH SUPPORT,81,160,POST-HOC CHECKPOINT EVALUATION,R_activation,false_positive_rate_given_truth_inactive,0.7668816115098434,POST-HOC FINAL CHECKPOINT EVALUATION,True
t2b-b-m2x-warm,Test 2B,B,warm M2-X,M2-X,5000,5e1bca9a6345f9bcd0360aa3e7e3feeef2cb2b2ac960e00106a7779e8d7892db,bb83dfcac9307f89b8210b2f7aea683ae0ce469877b72bc97595fc5240ee86f2,/Users/arjunsharma/Documents/SandiaProjects/4-LDRDAMDIS/DIMSWE-study-d0eb615/external-results/test2b-rain-active-learning/production/representation-B/m1-to-m2x-m20-5k/checkpoint_000005000_parameters.npz,X,HELD-OUT TRUTH SUPPORT,81,160,POST-HOC CHECKPOINT EVALUATION,R_activation,false_negative_rate_given_truth_active,0.0014203514592296,POST-HOC FINAL CHECKPOINT EVALUATION,True
t2b-b-h1,Test 2B,B,H1,H1,5000,9ebda59a2f74f1522e595b854a06f7c1af01ef9c85a734dc0aab1996c7ac5e03,bc622626887cc65acf215c03bf3281eb0fe97447723528415fbc5f8345eccf8e,/Users/arjunsharma/Documents/SandiaProjects/4-LDRDAMDIS/DIMSWE-study-d0eb615/external-results/test2b-rain-active-learning/production/representation-B/h1-from-m1-m20-5k/checkpoint_000005000_parameters.npz,X,HELD-OUT TRUTH SUPPORT,81,160,POST-HOC CHECKPOINT EVALUATION,A,relative_RMS_error,1.613158863160242,POST-HOC FINAL CHECKPOINT EVALUATION,True
t2b-b-h1,Test 2B,B,H1,H1,5000,9ebda59a2f74f1522e595b854a06f7c1af01ef9c85a734dc0aab1996c7ac5e03,bc622626887cc65acf215c03bf3281eb0fe97447723528415fbc5f8345eccf8e,/Users/arjunsharma/Documents/SandiaProjects/4-LDRDAMDIS/DIMSWE-study-d0eb615/external-results/test2b-rain-active-learning/production/representation-B/h1-from-m1-m20-5k/checkpoint_000005000_parameters.npz,X,HELD-OUT TRUTH SUPPORT,81,160,POST-HOC CHECKPOINT EVALUATION,R_all,relative_RMS_error,0.5576267257502622,POST-HOC FINAL CHECKPOINT EVALUATION,True
t2b-b-h1,Test 2B,B,H1,H1,5000,9ebda59a2f74f1522e595b854a06f7c1af01ef9c85a734dc0aab1996c7ac5e03,bc622626887cc65acf215c03bf3281eb0fe97447723528415fbc5f8345eccf8e,/Users/arjunsharma/Documents/SandiaProjects/4-LDRDAMDIS/DIMSWE-study-d0eb615/external-results/test2b-rain-active-learning/production/representation-B/h1-from-m1-m20-5k/checkpoint_000005000_parameters.npz,X,HELD-OUT TRUTH SUPPORT,81,160,POST-HOC CHECKPOINT EVALUATION,R_truth_active,relative_RMS_error,0.5565498828249117,POST-HOC FINAL CHECKPOINT EVALUATION,True
t2b-b-h1,Test 2B,B,H1,H1,5000,9ebda59a2f74f1522e595b854a06f7c1af01ef9c85a734dc0aab1996c7ac5e03,bc622626887cc65acf215c03bf3281eb0fe97447723528415fbc5f8345eccf8e,/Users/arjunsharma/Documents/SandiaProjects/4-LDRDAMDIS/DIMSWE-study-d0eb615/external-results/test2b-rain-active-learning/production/representation-B/h1-from-m1-m20-5k/checkpoint_000005000_parameters.npz,X,HELD-OUT TRUTH SUPPORT,81,160,POST-HOC CHECKPOINT EVALUATION,R_activation,false_positive_rate_given_truth_inactive,0.7953972155995602,POST-HOC FINAL CHECKPOINT EVALUATION,True
t2b-b-h1,Test 2B,B,H1,H1,5000,9ebda59a2f74f1522e595b854a06f7c1af01ef9c85a734dc0aab1996c7ac5e03,bc622626887cc65acf215c03bf3281eb0fe97447723528415fbc5f8345eccf8e,/Users/arjunsharma/Documents/SandiaProjects/4-LDRDAMDIS/DIMSWE-study-d0eb615/external-results/test2b-rain-active-learning/production/representation-B/h1-from-m1-m20-5k/checkpoint_000005000_parameters.npz,X,HELD-OUT TRUTH SUPPORT,81,160,POST-HOC CHECKPOINT EVALUATION,R_activation,false_negative_rate_given_truth_active,0.0,POST-HOC FINAL CHECKPOINT EVALUATION,True
t2b-b-h2,Test 2B,B,H2,H2,20,866baac093ffcd94826daa14c13115ea057ce0e07a2b770ba642ccb1f79c44a5,b3257a8821b80b90359bce7ca22759e0a48f1785f01b468c60a90c8bf9f41bcc,/Users/arjunsharma/Documents/SandiaProjects/4-LDRDAMDIS/DIMSWE-study-d0eb615/external-results/test2b-rain-active-learning/production/representation-B/h2-from-h1-m20-20/checkpoint_000000020_parameters.npz,X,HELD-OUT TRUTH SUPPORT,81,160,POST-HOC CHECKPOINT EVALUATION,A,relative_RMS_error,1.6021610451539254,POST-HOC FINAL CHECKPOINT EVALUATION,True
t2b-b-h2,Test 2B,B,H2,H2,20,866baac093ffcd94826daa14c13115ea057ce0e07a2b770ba642ccb1f79c44a5,b3257a8821b80b90359bce7ca22759e0a48f1785f01b468c60a90c8bf9f41bcc,/Users/arjunsharma/Documents/SandiaProjects/4-LDRDAMDIS/DIMSWE-study-d0eb615/external-results/test2b-rain-active-learning/production/representation-B/h2-from-h1-m20-20/checkpoint_000000020_parameters.npz,X,HELD-OUT TRUTH SUPPORT,81,160,POST-HOC CHECKPOINT EVALUATION,R_all,relative_RMS_error,0.5576318796730527,POST-HOC FINAL CHECKPOINT EVALUATION,True
t2b-b-h2,Test 2B,B,H2,H2,20,866baac093ffcd94826daa14c13115ea057ce0e07a2b770ba642ccb1f79c44a5,b3257a8821b80b90359bce7ca22759e0a48f1785f01b468c60a90c8bf9f41bcc,/Users/arjunsharma/Documents/SandiaProjects/4-LDRDAMDIS/DIMSWE-study-d0eb615/external-results/test2b-rain-active-learning/production/representation-B/h2-from-h1-m20-20/checkpoint_000000020_parameters.npz,X,HELD-OUT TRUTH SUPPORT,81,160,POST-HOC CHECKPOINT EVALUATION,R_truth_active,relative_RMS_error,0.556555201141255,POST-HOC FINAL CHECKPOINT EVALUATION,True
t2b-b-h2,Test 2B,B,H2,H2,20,866baac093ffcd94826daa14c13115ea057ce0e07a2b770ba642ccb1f79c44a5,b3257a8821b80b90359bce7ca22759e0a48f1785f01b468c60a90c8bf9f41bcc,/Users/arjunsharma/Documents/SandiaProjects/4-LDRDAMDIS/DIMSWE-study-d0eb615/external-results/test2b-rain-active-learning/production/representation-B/h2-from-h1-m20-20/checkpoint_000000020_parameters.npz,X,HELD-OUT TRUTH SUPPORT,81,160,POST-HOC CHECKPOINT EVALUATION,R_activation,false_positive_rate_given_truth_inactive,0.7953786858717001,POST-HOC FINAL CHECKPOINT EVALUATION,True
t2b-b-h2,Test 2B,B,H2,H2,20,866baac093ffcd94826daa14c13115ea057ce0e07a2b770ba642ccb1f79c44a5,b3257a8821b80b90359bce7ca22759e0a48f1785f01b468c60a90c8bf9f41bcc,/Users/arjunsharma/Documents/SandiaProjects/4-LDRDAMDIS/DIMSWE-study-d0eb615/external-results/test2b-rain-active-learning/production/representation-B/h2-from-h1-m20-20/checkpoint_000000020_parameters.npz,X,HELD-OUT TRUTH SUPPORT,81,160,POST-HOC CHECKPOINT EVALUATION,R_activation,false_negative_rate_given_truth_active,0.0,POST-HOC FINAL CHECKPOINT EVALUATION,True
t2b-b-h5,Test 2B,B,H5,H5,20,4caffb3b14e290581d2cb4394458746e5f47d43689dc3497c942e23582ae0129,575d26dacc4eddd4ef84c564725a8b8beb521dc279fb797eaece34e4de842f74,/Users/arjunsharma/Documents/SandiaProjects/4-LDRDAMDIS/DIMSWE-study-d0eb615/external-results/test2b-rain-active-learning/production/representation-B/h5-from-h2-m20-20/checkpoint_000000020_parameters.npz,X,HELD-OUT TRUTH SUPPORT,81,160,POST-HOC CHECKPOINT EVALUATION,A,relative_RMS_error,1.582100887977611,POST-HOC FINAL CHECKPOINT EVALUATION,True
t2b-b-h5,Test 2B,B,H5,H5,20,4caffb3b14e290581d2cb4394458746e5f47d43689dc3497c942e23582ae0129,575d26dacc4eddd4ef84c564725a8b8beb521dc279fb797eaece34e4de842f74,/Users/arjunsharma/Documents/SandiaProjects/4-LDRDAMDIS/DIMSWE-study-d0eb615/external-results/test2b-rain-active-learning/production/representation-B/h5-from-h2-m20-20/checkpoint_000000020_parameters.npz,X,HELD-OUT TRUTH SUPPORT,81,160,POST-HOC CHECKPOINT EVALUATION,R_all,relative_RMS_error,0.5576038891044055,POST-HOC FINAL CHECKPOINT EVALUATION,True
t2b-b-h5,Test 2B,B,H5,H5,20,4caffb3b14e290581d2cb4394458746e5f47d43689dc3497c942e23582ae0129,575d26dacc4eddd4ef84c564725a8b8beb521dc279fb797eaece34e4de842f74,/Users/arjunsharma/Documents/SandiaProjects/4-LDRDAMDIS/DIMSWE-study-d0eb615/external-results/test2b-rain-active-learning/production/representation-B/h5-from-h2-m20-20/checkpoint_000000020_parameters.npz,X,HELD-OUT TRUTH SUPPORT,81,160,POST-HOC CHECKPOINT EVALUATION,R_truth_active,relative_RMS_error,0.5565282547208235,POST-HOC FINAL CHECKPOINT EVALUATION,True
t2b-b-h5,Test 2B,B,H5,H5,20,4caffb3b14e290581d2cb4394458746e5f47d43689dc3497c942e23582ae0129,575d26dacc4eddd4ef84c564725a8b8beb521dc279fb797eaece34e4de842f74,/Users/arjunsharma/Documents/SandiaProjects/4-LDRDAMDIS/DIMSWE-study-d0eb615/external-results/test2b-rain-active-learning/production/representation-B/h5-from-h2-m20-20/checkpoint_000000020_parameters.npz,X,HELD-OUT TRUTH SUPPORT,81,160,POST-HOC CHECKPOINT EVALUATION,R_activation,false_positive_rate_given_truth_inactive,0.7953445088180916,POST-HOC FINAL CHECKPOINT EVALUATION,True
t2b-b-h5,Test 2B,B,H5,H5,20,4caffb3b14e290581d2cb4394458746e5f47d43689dc3497c942e23582ae0129,575d26dacc4eddd4ef84c564725a8b8beb521dc279fb797eaece34e4de842f74,/Users/arjunsharma/Documents/SandiaProjects/4-LDRDAMDIS/DIMSWE-study-d0eb615/external-results/test2b-rain-active-learning/production/representation-B/h5-from-h2-m20-20/checkpoint_000000020_parameters.npz,X,HELD-OUT TRUTH SUPPORT,81,160,POST-HOC CHECKPOINT EVALUATION,R_activation,false_negative_rate_given_truth_active,0.0,POST-HOC FINAL CHECKPOINT EVALUATION,True
t2b-b-m1y,Test 2B,B,M1-Y,M1-Y,10000,1adbd173137cbf10928ee4b25865258fc97f74b3c2c4c0a09cfd8629020566ab,3a829ffff2c2ee96946c197e18a7bd7d7495c255212c61bec1b3d24d788a71ee,/Users/arjunsharma/Documents/SandiaProjects/4-LDRDAMDIS/DIMSWE-feature-study-20260828/m1y_test2b_20260828_workspace/external-results/m1y-test2b-20260828/production/representation-B/m1y-seed0-m20-10k/checkpoint_000010000_parameters.npz,X,HELD-OUT TRUTH SUPPORT,81,160,POST-HOC CHECKPOINT EVALUATION,A,relative_RMS_error,6.341351512710156,POST-HOC FINAL CHECKPOINT EVALUATION,False
t2b-b-m1y,Test 2B,B,M1-Y,M1-Y,10000,1adbd173137cbf10928ee4b25865258fc97f74b3c2c4c0a09cfd8629020566ab,3a829ffff2c2ee96946c197e18a7bd7d7495c255212c61bec1b3d24d788a71ee,/Users/arjunsharma/Documents/SandiaProjects/4-LDRDAMDIS/DIMSWE-feature-study-20260828/m1y_test2b_20260828_workspace/external-results/m1y-test2b-20260828/production/representation-B/m1y-seed0-m20-10k/checkpoint_000010000_parameters.npz,X,HELD-OUT TRUTH SUPPORT,81,160,POST-HOC CHECKPOINT EVALUATION,R_all,relative_RMS_error,0.0327579549092906,POST-HOC FINAL CHECKPOINT EVALUATION,False
t2b-b-m1y,Test 2B,B,M1-Y,M1-Y,10000,1adbd173137cbf10928ee4b25865258fc97f74b3c2c4c0a09cfd8629020566ab,3a829ffff2c2ee96946c197e18a7bd7d7495c255212c61bec1b3d24d788a71ee,/Users/arjunsharma/Documents/SandiaProjects/4-LDRDAMDIS/DIMSWE-feature-study-20260828/m1y_test2b_20260828_workspace/external-results/m1y-test2b-20260828/production/representation-B/m1y-seed0-m20-10k/checkpoint_000010000_parameters.npz,X,HELD-OUT TRUTH SUPPORT,81,160,POST-HOC CHECKPOINT EVALUATION,R_truth_active,relative_RMS_error,0.0260585710310409,POST-HOC FINAL CHECKPOINT EVALUATION,False
t2b-b-m1y,Test 2B,B,M1-Y,M1-Y,10000,1adbd173137cbf10928ee4b25865258fc97f74b3c2c4c0a09cfd8629020566ab,3a829ffff2c2ee96946c197e18a7bd7d7495c255212c61bec1b3d24d788a71ee,/Users/arjunsharma/Documents/SandiaProjects/4-LDRDAMDIS/DIMSWE-feature-study-20260828/m1y_test2b_20260828_workspace/external-results/m1y-test2b-20260828/production/representation-B/m1y-seed0-m20-10k/checkpoint_000010000_parameters.npz,X,HELD-OUT TRUTH SUPPORT,81,160,POST-HOC CHECKPOINT EVALUATION,R_activation,false_positive_rate_given_truth_inactive,0.1996219935516547,POST-HOC FINAL CHECKPOINT EVALUATION,False
t2b-b-m1y,Test 2B,B,M1-Y,M1-Y,10000,1adbd173137cbf10928ee4b25865258fc97f74b3c2c4c0a09cfd8629020566ab,3a829ffff2c2ee96946c197e18a7bd7d7495c255212c61bec1b3d24d788a71ee,/Users/arjunsharma/Documents/SandiaProjects/4-LDRDAMDIS/DIMSWE-feature-study-20260828/m1y_test2b_20260828_workspace/external-results/m1y-test2b-20260828/production/representation-B/m1y-seed0-m20-10k/checkpoint_000010000_parameters.npz,X,HELD-OUT TRUTH SUPPORT,81,160,POST-HOC CHECKPOINT EVALUATION,R_activation,false_negative_rate_given_truth_active,0.0,POST-HOC FINAL CHECKPOINT EVALUATION,False
t2b-c-m1x,Test 2B,C,M1-X,M1-X,10000,8ad9c8017c9304827d8e9e73392c3a9503f7de05a38b86baf52f4351c35615e4,e13a7bd42f3f773d068a6cc0c1344a3a8db0caef74a269ce7980b0b50f91e3b0,/Users/arjunsharma/Documents/SandiaProjects/4-LDRDAMDIS/DIMSWE-study-d0eb615/external-results/test2b-rain-active-learning/production/representation-C/m1-seed0-m20-10k/checkpoint_000010000_parameters.npz,X,HELD-OUT TRUTH SUPPORT,81,160,POST-HOC CHECKPOINT EVALUATION,source_components.S,physical_RMS_error,0.0002066225013951,POST-HOC FINAL CHECKPOINT EVALUATION,True
t2b-c-m1x,Test 2B,C,M1-X,M1-X,10000,8ad9c8017c9304827d8e9e73392c3a9503f7de05a38b86baf52f4351c35615e4,e13a7bd42f3f773d068a6cc0c1344a3a8db0caef74a269ce7980b0b50f91e3b0,/Users/arjunsharma/Documents/SandiaProjects/4-LDRDAMDIS/DIMSWE-study-d0eb615/external-results/test2b-rain-active-learning/production/representation-C/m1-seed0-m20-10k/checkpoint_000010000_parameters.npz,X,HELD-OUT TRUTH SUPPORT,81,160,POST-HOC CHECKPOINT EVALUATION,source_components.Qv,physical_RMS_error,2.144913318986306e-06,POST-HOC FINAL CHECKPOINT EVALUATION,True
t2b-c-m1x,Test 2B,C,M1-X,M1-X,10000,8ad9c8017c9304827d8e9e73392c3a9503f7de05a38b86baf52f4351c35615e4,e13a7bd42f3f773d068a6cc0c1344a3a8db0caef74a269ce7980b0b50f91e3b0,/Users/arjunsharma/Documents/SandiaProjects/4-LDRDAMDIS/DIMSWE-study-d0eb615/external-results/test2b-rain-active-learning/production/representation-C/m1-seed0-m20-10k/checkpoint_000010000_parameters.npz,X,HELD-OUT TRUTH SUPPORT,81,160,POST-HOC CHECKPOINT EVALUATION,source_components.Qc,physical_RMS_error,2.4374094889505716e-06,POST-HOC FINAL CHECKPOINT EVALUATION,True
t2b-c-m1x,Test 2B,C,M1-X,M1-X,10000,8ad9c8017c9304827d8e9e73392c3a9503f7de05a38b86baf52f4351c35615e4,e13a7bd42f3f773d068a6cc0c1344a3a8db0caef74a269ce7980b0b50f91e3b0,/Users/arjunsharma/Documents/SandiaProjects/4-LDRDAMDIS/DIMSWE-study-d0eb615/external-results/test2b-rain-active-learning/production/representation-C/m1-seed0-m20-10k/checkpoint_000010000_parameters.npz,X,HELD-OUT TRUTH SUPPORT,81,160,POST-HOC CHECKPOINT EVALUATION,source_components.Qr,physical_RMS_error,2.647429752511379e-10,POST-HOC FINAL CHECKPOINT EVALUATION,True
t2b-c-m1x,Test 2B,C,M1-X,M1-X,10000,8ad9c8017c9304827d8e9e73392c3a9503f7de05a38b86baf52f4351c35615e4,e13a7bd42f3f773d068a6cc0c1344a3a8db0caef74a269ce7980b0b50f91e3b0,/Users/arjunsharma/Documents/SandiaProjects/4-LDRDAMDIS/DIMSWE-study-d0eb615/external-results/test2b-rain-active-learning/production/representation-C/m1-seed0-m20-10k/checkpoint_000010000_parameters.npz,X,HELD-OUT TRUTH SUPPORT,81,160,POST-HOC CHECKPOINT EVALUATION,effective_A,relative_RMS_error,2.393518019531933,POST-HOC FINAL CHECKPOINT EVALUATION,True
t2b-c-m1x,Test 2B,C,M1-X,M1-X,10000,8ad9c8017c9304827d8e9e73392c3a9503f7de05a38b86baf52f4351c35615e4,e13a7bd42f3f773d068a6cc0c1344a3a8db0caef74a269ce7980b0b50f91e3b0,/Users/arjunsharma/Documents/SandiaProjects/4-LDRDAMDIS/DIMSWE-study-d0eb615/external-results/test2b-rain-active-learning/production/representation-C/m1-seed0-m20-10k/checkpoint_000010000_parameters.npz,X,HELD-OUT TRUTH SUPPORT,81,160,POST-HOC CHECKPOINT EVALUATION,effective_R,relative_RMS_error,0.0587801016475578,POST-HOC FINAL CHECKPOINT EVALUATION,True
t2b-c-m1x,Test 2B,C,M1-X,M1-X,10000,8ad9c8017c9304827d8e9e73392c3a9503f7de05a38b86baf52f4351c35615e4,e13a7bd42f3f773d068a6cc0c1344a3a8db0caef74a269ce7980b0b50f91e3b0,/Users/arjunsharma/Documents/SandiaProjects/4-LDRDAMDIS/DIMSWE-study-d0eb615/external-results/test2b-rain-active-learning/production/representation-C/m1-seed0-m20-10k/checkpoint_000010000_parameters.npz,X,HELD-OUT TRUTH SUPPORT,81,160,POST-HOC CHECKPOINT EVALUATION,source_structure,normalized_off_manifold_RMS,0.0063925120127706,POST-HOC FINAL CHECKPOINT EVALUATION,True
t2b-c-m2x-independent,Test 2B,C,M2-X-independent,M2-X,10000,4a51c90c2b1916da51affcec49f89461c391c7862300cb72a192ccf843244fc3,acf320fc0b546b906f21c6273e42e928326b30c4eddcbf7e0480f9348183a3cf,/Users/arjunsharma/Documents/SandiaProjects/4-LDRDAMDIS/DIMSWE-study-d0eb615/external-results/test2b-rain-active-learning/production/representation-C/m2x-seed0-m20-10k/checkpoint_000010000_parameters.npz,X,HELD-OUT TRUTH SUPPORT,81,160,POST-HOC CHECKPOINT EVALUATION,source_components.S,physical_RMS_error,0.0003750462489838,POST-HOC FINAL CHECKPOINT EVALUATION,True
t2b-c-m2x-independent,Test 2B,C,M2-X-independent,M2-X,10000,4a51c90c2b1916da51affcec49f89461c391c7862300cb72a192ccf843244fc3,acf320fc0b546b906f21c6273e42e928326b30c4eddcbf7e0480f9348183a3cf,/Users/arjunsharma/Documents/SandiaProjects/4-LDRDAMDIS/DIMSWE-study-d0eb615/external-results/test2b-rain-active-learning/production/representation-C/m2x-seed0-m20-10k/checkpoint_000010000_parameters.npz,X,HELD-OUT TRUTH SUPPORT,81,160,POST-HOC CHECKPOINT EVALUATION,source_components.Qv,physical_RMS_error,7.796966099548611e-06,POST-HOC FINAL CHECKPOINT EVALUATION,True
t2b-c-m2x-independent,Test 2B,C,M2-X-independent,M2-X,10000,4a51c90c2b1916da51affcec49f89461c391c7862300cb72a192ccf843244fc3,acf320fc0b546b906f21c6273e42e928326b30c4eddcbf7e0480f9348183a3cf,/Users/arjunsharma/Documents/SandiaProjects/4-LDRDAMDIS/DIMSWE-study-d0eb615/external-results/test2b-rain-active-learning/production/representation-C/m2x-seed0-m20-10k/checkpoint_000010000_parameters.npz,X,HELD-OUT TRUTH SUPPORT,81,160,POST-HOC CHECKPOINT EVALUATION,source_components.Qc,physical_RMS_error,1.1403963656989832e-05,POST-HOC FINAL CHECKPOINT EVALUATION,True
t2b-c-m2x-independent,Test 2B,C,M2-X-independent,M2-X,10000,4a51c90c2b1916da51affcec49f89461c391c7862300cb72a192ccf843244fc3,acf320fc0b546b906f21c6273e42e928326b30c4eddcbf7e0480f9348183a3cf,/Users/arjunsharma/Documents/SandiaProjects/4-LDRDAMDIS/DIMSWE-study-d0eb615/external-results/test2b-rain-active-learning/production/representation-C/m2x-seed0-m20-10k/checkpoint_000010000_parameters.npz,X,HELD-OUT TRUTH SUPPORT,81,160,POST-HOC CHECKPOINT EVALUATION,source_components.Qr,physical_RMS_error,2.0895491563713212e-08,POST-HOC FINAL CHECKPOINT EVALUATION,True
t2b-c-m2x-independent,Test 2B,C,M2-X-independent,M2-X,10000,4a51c90c2b1916da51affcec49f89461c391c7862300cb72a192ccf843244fc3,acf320fc0b546b906f21c6273e42e928326b30c4eddcbf7e0480f9348183a3cf,/Users/arjunsharma/Documents/SandiaProjects/4-LDRDAMDIS/DIMSWE-study-d0eb615/external-results/test2b-rain-active-learning/production/representation-C/m2x-seed0-m20-10k/checkpoint_000010000_parameters.npz,X,HELD-OUT TRUTH SUPPORT,81,160,POST-HOC CHECKPOINT EVALUATION,effective_A,relative_RMS_error,5.550228204438268,POST-HOC FINAL CHECKPOINT EVALUATION,True
t2b-c-m2x-independent,Test 2B,C,M2-X-independent,M2-X,10000,4a51c90c2b1916da51affcec49f89461c391c7862300cb72a192ccf843244fc3,acf320fc0b546b906f21c6273e42e928326b30c4eddcbf7e0480f9348183a3cf,/Users/arjunsharma/Documents/SandiaProjects/4-LDRDAMDIS/DIMSWE-study-d0eb615/external-results/test2b-rain-active-learning/production/representation-C/m2x-seed0-m20-10k/checkpoint_000010000_parameters.npz,X,HELD-OUT TRUTH SUPPORT,81,160,POST-HOC CHECKPOINT EVALUATION,effective_R,relative_RMS_error,4.692419791317569,POST-HOC FINAL CHECKPOINT EVALUATION,True
t2b-c-m2x-independent,Test 2B,C,M2-X-independent,M2-X,10000,4a51c90c2b1916da51affcec49f89461c391c7862300cb72a192ccf843244fc3,acf320fc0b546b906f21c6273e42e928326b30c4eddcbf7e0480f9348183a3cf,/Users/arjunsharma/Documents/SandiaProjects/4-LDRDAMDIS/DIMSWE-study-d0eb615/external-results/test2b-rain-active-learning/production/representation-C/m2x-seed0-m20-10k/checkpoint_000010000_parameters.npz,X,HELD-OUT TRUTH SUPPORT,81,160,POST-HOC CHECKPOINT EVALUATION,source_structure,normalized_off_manifold_RMS,0.1638197317658121,POST-HOC FINAL CHECKPOINT EVALUATION,True
t2b-c-m2x-warm,Test 2B,C,warm M2-X,M2-X,5000,5b698bb87885a7faa9cc888de15ff75bac2661796c7bb9a31ddd788cd7270c11,cc4bb56d2959f8120191b1919354818322875780dc6f698cd24cb44832dae566,/Users/arjunsharma/Documents/SandiaProjects/4-LDRDAMDIS/DIMSWE-study-d0eb615/external-results/test2b-rain-active-learning/production/representation-C/m1-to-m2x-m20-5k/checkpoint_000005000_parameters.npz,X,HELD-OUT TRUTH SUPPORT,81,160,POST-HOC CHECKPOINT EVALUATION,source_components.S,physical_RMS_error,0.0002985433748616,POST-HOC FINAL CHECKPOINT EVALUATION,True
t2b-c-m2x-warm,Test 2B,C,warm M2-X,M2-X,5000,5b698bb87885a7faa9cc888de15ff75bac2661796c7bb9a31ddd788cd7270c11,cc4bb56d2959f8120191b1919354818322875780dc6f698cd24cb44832dae566,/Users/arjunsharma/Documents/SandiaProjects/4-LDRDAMDIS/DIMSWE-study-d0eb615/external-results/test2b-rain-active-learning/production/representation-C/m1-to-m2x-m20-5k/checkpoint_000005000_parameters.npz,X,HELD-OUT TRUTH SUPPORT,81,160,POST-HOC CHECKPOINT EVALUATION,source_components.Qv,physical_RMS_error,4.422582436126111e-06,POST-HOC FINAL CHECKPOINT EVALUATION,True
t2b-c-m2x-warm,Test 2B,C,warm M2-X,M2-X,5000,5b698bb87885a7faa9cc888de15ff75bac2661796c7bb9a31ddd788cd7270c11,cc4bb56d2959f8120191b1919354818322875780dc6f698cd24cb44832dae566,/Users/arjunsharma/Documents/SandiaProjects/4-LDRDAMDIS/DIMSWE-study-d0eb615/external-results/test2b-rain-active-learning/production/representation-C/m1-to-m2x-m20-5k/checkpoint_000005000_parameters.npz,X,HELD-OUT TRUTH SUPPORT,81,160,POST-HOC CHECKPOINT EVALUATION,source_components.Qc,physical_RMS_error,4.973912833345679e-06,POST-HOC FINAL CHECKPOINT EVALUATION,True
t2b-c-m2x-warm,Test 2B,C,warm M2-X,M2-X,5000,5b698bb87885a7faa9cc888de15ff75bac2661796c7bb9a31ddd788cd7270c11,cc4bb56d2959f8120191b1919354818322875780dc6f698cd24cb44832dae566,/Users/arjunsharma/Documents/SandiaProjects/4-LDRDAMDIS/DIMSWE-study-d0eb615/external-results/test2b-rain-active-learning/production/representation-C/m1-to-m2x-m20-5k/checkpoint_000005000_parameters.npz,X,HELD-OUT TRUTH SUPPORT,81,160,POST-HOC CHECKPOINT EVALUATION,source_components.Qr,physical_RMS_error,4.275105590209586e-09,POST-HOC FINAL CHECKPOINT EVALUATION,True
t2b-c-m2x-warm,Test 2B,C,warm M2-X,M2-X,5000,5b698bb87885a7faa9cc888de15ff75bac2661796c7bb9a31ddd788cd7270c11,cc4bb56d2959f8120191b1919354818322875780dc6f698cd24cb44832dae566,/Users/arjunsharma/Documents/SandiaProjects/4-LDRDAMDIS/DIMSWE-study-d0eb615/external-results/test2b-rain-active-learning/production/representation-C/m1-to-m2x-m20-5k/checkpoint_000005000_parameters.npz,X,HELD-OUT TRUTH SUPPORT,81,160,POST-HOC CHECKPOINT EVALUATION,effective_A,relative_RMS_error,4.344062880310737,POST-HOC FINAL CHECKPOINT EVALUATION,True
t2b-c-m2x-warm,Test 2B,C,warm M2-X,M2-X,5000,5b698bb87885a7faa9cc888de15ff75bac2661796c7bb9a31ddd788cd7270c11,cc4bb56d2959f8120191b1919354818322875780dc6f698cd24cb44832dae566,/Users/arjunsharma/Documents/SandiaProjects/4-LDRDAMDIS/DIMSWE-study-d0eb615/external-results/test2b-rain-active-learning/production/representation-C/m1-to-m2x-m20-5k/checkpoint_000005000_parameters.npz,X,HELD-OUT TRUTH SUPPORT,81,160,POST-HOC CHECKPOINT EVALUATION,effective_R,relative_RMS_error,0.9255914959938952,POST-HOC FINAL CHECKPOINT EVALUATION,True
t2b-c-m2x-warm,Test 2B,C,warm M2-X,M2-X,5000,5b698bb87885a7faa9cc888de15ff75bac2661796c7bb9a31ddd788cd7270c11,cc4bb56d2959f8120191b1919354818322875780dc6f698cd24cb44832dae566,/Users/arjunsharma/Documents/SandiaProjects/4-LDRDAMDIS/DIMSWE-study-d0eb615/external-results/test2b-rain-active-learning/production/representation-C/m1-to-m2x-m20-5k/checkpoint_000005000_parameters.npz,X,HELD-OUT TRUTH SUPPORT,81,160,POST-HOC CHECKPOINT EVALUATION,source_structure,normalized_off_manifold_RMS,0.0309640053967672,POST-HOC FINAL CHECKPOINT EVALUATION,True
t2b-c-h1,Test 2B,C,H1,H1,5000,c44aa9e8811aacb423570a3bcb2f819462d882931b929a7bee442bb8b9a1d1c3,be3fac690063191ee78df7a8515b580d17842a34083835c73232ab1bb3995c6b,/Users/arjunsharma/Documents/SandiaProjects/4-LDRDAMDIS/DIMSWE-study-d0eb615/external-results/test2b-rain-active-learning/production/representation-C/h1-from-m1-m20-5k/checkpoint_000005000_parameters.npz,X,HELD-OUT TRUTH SUPPORT,81,160,POST-HOC CHECKPOINT EVALUATION,source_components.S,physical_RMS_error,0.0004089257430147,POST-HOC FINAL CHECKPOINT EVALUATION,True
t2b-c-h1,Test 2B,C,H1,H1,5000,c44aa9e8811aacb423570a3bcb2f819462d882931b929a7bee442bb8b9a1d1c3,be3fac690063191ee78df7a8515b580d17842a34083835c73232ab1bb3995c6b,/Users/arjunsharma/Documents/SandiaProjects/4-LDRDAMDIS/DIMSWE-study-d0eb615/external-results/test2b-rain-active-learning/production/representation-C/h1-from-m1-m20-5k/checkpoint_000005000_parameters.npz,X,HELD-OUT TRUTH SUPPORT,81,160,POST-HOC CHECKPOINT EVALUATION,source_components.Qv,physical_RMS_error,5.161450806127749e-06,POST-HOC FINAL CHECKPOINT EVALUATION,True
t2b-c-h1,Test 2B,C,H1,H1,5000,c44aa9e8811aacb423570a3bcb2f819462d882931b929a7bee442bb8b9a1d1c3,be3fac690063191ee78df7a8515b580d17842a34083835c73232ab1bb3995c6b,/Users/arjunsharma/Documents/SandiaProjects/4-LDRDAMDIS/DIMSWE-study-d0eb615/external-results/test2b-rain-active-learning/production/representation-C/h1-from-m1-m20-5k/checkpoint_000005000_parameters.npz,X,HELD-OUT TRUTH SUPPORT,81,160,POST-HOC CHECKPOINT EVALUATION,source_components.Qc,physical_RMS_error,5.370026726402422e-06,POST-HOC FINAL CHECKPOINT EVALUATION,True
t2b-c-h1,Test 2B,C,H1,H1,5000,c44aa9e8811aacb423570a3bcb2f819462d882931b929a7bee442bb8b9a1d1c3,be3fac690063191ee78df7a8515b580d17842a34083835c73232ab1bb3995c6b,/Users/arjunsharma/Documents/SandiaProjects/4-LDRDAMDIS/DIMSWE-study-d0eb615/external-results/test2b-rain-active-learning/production/representation-C/h1-from-m1-m20-5k/checkpoint_000005000_parameters.npz,X,HELD-OUT TRUTH SUPPORT,81,160,POST-HOC CHECKPOINT EVALUATION,source_components.Qr,physical_RMS_error,3.735400193517587e-09,POST-HOC FINAL CHECKPOINT EVALUATION,True
t2b-c-h1,Test 2B,C,H1,H1,5000,c44aa9e8811aacb423570a3bcb2f819462d882931b929a7bee442bb8b9a1d1c3,be3fac690063191ee78df7a8515b580d17842a34083835c73232ab1bb3995c6b,/Users/arjunsharma/Documents/SandiaProjects/4-LDRDAMDIS/DIMSWE-study-d0eb615/external-results/test2b-rain-active-learning/production/representation-C/h1-from-m1-m20-5k/checkpoint_000005000_parameters.npz,X,HELD-OUT TRUTH SUPPORT,81,160,POST-HOC CHECKPOINT EVALUATION,effective_A,relative_RMS_error,5.100953859606467,POST-HOC FINAL CHECKPOINT EVALUATION,True
t2b-c-h1,Test 2B,C,H1,H1,5000,c44aa9e8811aacb423570a3bcb2f819462d882931b929a7bee442bb8b9a1d1c3,be3fac690063191ee78df7a8515b580d17842a34083835c73232ab1bb3995c6b,/Users/arjunsharma/Documents/SandiaProjects/4-LDRDAMDIS/DIMSWE-study-d0eb615/external-results/test2b-rain-active-learning/production/representation-C/h1-from-m1-m20-5k/checkpoint_000005000_parameters.npz,X,HELD-OUT TRUTH SUPPORT,81,160,POST-HOC CHECKPOINT EVALUATION,effective_R,relative_RMS_error,0.8130695837494737,POST-HOC FINAL CHECKPOINT EVALUATION,True
t2b-c-h1,Test 2B,C,H1,H1,5000,c44aa9e8811aacb423570a3bcb2f819462d882931b929a7bee442bb8b9a1d1c3,be3fac690063191ee78df7a8515b580d17842a34083835c73232ab1bb3995c6b,/Users/arjunsharma/Documents/SandiaProjects/4-LDRDAMDIS/DIMSWE-study-d0eb615/external-results/test2b-rain-active-learning/production/representation-C/h1-from-m1-m20-5k/checkpoint_000005000_parameters.npz,X,HELD-OUT TRUTH SUPPORT,81,160,POST-HOC CHECKPOINT EVALUATION,source_structure,normalized_off_manifold_RMS,0.0348044324200937,POST-HOC FINAL CHECKPOINT EVALUATION,True
t2b-c-h2,Test 2B,C,H2,H2,20,3ae5e9d6729977310e7e9d740490c223539aa514cf0e24e379adab25d7ca6d70,cce0fff0c49ad9577a5cfe6b1e8176eb45af8e1d1dbac6e98029d75e3dce1657,/Users/arjunsharma/Documents/SandiaProjects/4-LDRDAMDIS/DIMSWE-study-d0eb615/external-results/test2b-rain-active-learning/production/representation-C/h2-from-h1-m20-20/checkpoint_000000020_parameters.npz,X,HELD-OUT TRUTH SUPPORT,81,160,POST-HOC CHECKPOINT EVALUATION,source_components.S,physical_RMS_error,0.0003950630637657,POST-HOC FINAL CHECKPOINT EVALUATION,True
t2b-c-h2,Test 2B,C,H2,H2,20,3ae5e9d6729977310e7e9d740490c223539aa514cf0e24e379adab25d7ca6d70,cce0fff0c49ad9577a5cfe6b1e8176eb45af8e1d1dbac6e98029d75e3dce1657,/Users/arjunsharma/Documents/SandiaProjects/4-LDRDAMDIS/DIMSWE-study-d0eb615/external-results/test2b-rain-active-learning/production/representation-C/h2-from-h1-m20-20/checkpoint_000000020_parameters.npz,X,HELD-OUT TRUTH SUPPORT,81,160,POST-HOC CHECKPOINT EVALUATION,source_components.Qv,physical_RMS_error,5.454527919101704e-06,POST-HOC FINAL CHECKPOINT EVALUATION,True
t2b-c-h2,Test 2B,C,H2,H2,20,3ae5e9d6729977310e7e9d740490c223539aa514cf0e24e379adab25d7ca6d70,cce0fff0c49ad9577a5cfe6b1e8176eb45af8e1d1dbac6e98029d75e3dce1657,/Users/arjunsharma/Documents/SandiaProjects/4-LDRDAMDIS/DIMSWE-study-d0eb615/external-results/test2b-rain-active-learning/production/representation-C/h2-from-h1-m20-20/checkpoint_000000020_parameters.npz,X,HELD-OUT TRUTH SUPPORT,81,160,POST-HOC CHECKPOINT EVALUATION,source_components.Qc,physical_RMS_error,5.3737407845467475e-06,POST-HOC FINAL CHECKPOINT EVALUATION,True
t2b-c-h2,Test 2B,C,H2,H2,20,3ae5e9d6729977310e7e9d740490c223539aa514cf0e24e379adab25d7ca6d70,cce0fff0c49ad9577a5cfe6b1e8176eb45af8e1d1dbac6e98029d75e3dce1657,/Users/arjunsharma/Documents/SandiaProjects/4-LDRDAMDIS/DIMSWE-study-d0eb615/external-results/test2b-rain-active-learning/production/representation-C/h2-from-h1-m20-20/checkpoint_000000020_parameters.npz,X,HELD-OUT TRUTH SUPPORT,81,160,POST-HOC CHECKPOINT EVALUATION,source_components.Qr,physical_RMS_error,3.726907436316136e-09,POST-HOC FINAL CHECKPOINT EVALUATION,True
t2b-c-h2,Test 2B,C,H2,H2,20,3ae5e9d6729977310e7e9d740490c223539aa514cf0e24e379adab25d7ca6d70,cce0fff0c49ad9577a5cfe6b1e8176eb45af8e1d1dbac6e98029d75e3dce1657,/Users/arjunsharma/Documents/SandiaProjects/4-LDRDAMDIS/DIMSWE-study-d0eb615/external-results/test2b-rain-active-learning/production/representation-C/h2-from-h1-m20-20/checkpoint_000000020_parameters.npz,X,HELD-OUT TRUTH SUPPORT,81,160,POST-HOC CHECKPOINT EVALUATION,effective_A,relative_RMS_error,5.149826907179784,POST-HOC FINAL CHECKPOINT EVALUATION,True
t2b-c-h2,Test 2B,C,H2,H2,20,3ae5e9d6729977310e7e9d740490c223539aa514cf0e24e379adab25d7ca6d70,cce0fff0c49ad9577a5cfe6b1e8176eb45af8e1d1dbac6e98029d75e3dce1657,/Users/arjunsharma/Documents/SandiaProjects/4-LDRDAMDIS/DIMSWE-study-d0eb615/external-results/test2b-rain-active-learning/production/representation-C/h2-from-h1-m20-20/checkpoint_000000020_parameters.npz,X,HELD-OUT TRUTH SUPPORT,81,160,POST-HOC CHECKPOINT EVALUATION,effective_R,relative_RMS_error,0.8112606713598413,POST-HOC FINAL CHECKPOINT EVALUATION,True
t2b-c-h2,Test 2B,C,H2,H2,20,3ae5e9d6729977310e7e9d740490c223539aa514cf0e24e379adab25d7ca6d70,cce0fff0c49ad9577a5cfe6b1e8176eb45af8e1d1dbac6e98029d75e3dce1657,/Users/arjunsharma/Documents/SandiaProjects/4-LDRDAMDIS/DIMSWE-study-d0eb615/external-results/test2b-rain-active-learning/production/representation-C/h2-from-h1-m20-20/checkpoint_000000020_parameters.npz,X,HELD-OUT TRUTH SUPPORT,81,160,POST-HOC CHECKPOINT EVALUATION,source_structure,normalized_off_manifold_RMS,0.0373623037089312,POST-HOC FINAL CHECKPOINT EVALUATION,True
t2b-c-h5,Test 2B,C,H5,H5,20,a9a95ed952ba410ce744c6fe1473c0c842193560d14b432ce4f8543c6ff40f70,ecb28ef27fbb4663970da2e4f72f9adbcf0c67ab966e80e65bb21f17ada63985,/Users/arjunsharma/Documents/SandiaProjects/4-LDRDAMDIS/DIMSWE-study-d0eb615/external-results/test2b-rain-active-learning/production/representation-C/h5-from-h2-m20-20/checkpoint_000000020_parameters.npz,X,HELD-OUT TRUTH SUPPORT,81,160,POST-HOC CHECKPOINT EVALUATION,source_components.S,physical_RMS_error,0.0004154185197562,POST-HOC FINAL CHECKPOINT EVALUATION,True
t2b-c-h5,Test 2B,C,H5,H5,20,a9a95ed952ba410ce744c6fe1473c0c842193560d14b432ce4f8543c6ff40f70,ecb28ef27fbb4663970da2e4f72f9adbcf0c67ab966e80e65bb21f17ada63985,/Users/arjunsharma/Documents/SandiaProjects/4-LDRDAMDIS/DIMSWE-study-d0eb615/external-results/test2b-rain-active-learning/production/representation-C/h5-from-h2-m20-20/checkpoint_000000020_parameters.npz,X,HELD-OUT TRUTH SUPPORT,81,160,POST-HOC CHECKPOINT EVALUATION,source_components.Qv,physical_RMS_error,6.049973901029522e-06,POST-HOC FINAL CHECKPOINT EVALUATION,True
t2b-c-h5,Test 2B,C,H5,H5,20,a9a95ed952ba410ce744c6fe1473c0c842193560d14b432ce4f8543c6ff40f70,ecb28ef27fbb4663970da2e4f72f9adbcf0c67ab966e80e65bb21f17ada63985,/Users/arjunsharma/Documents/SandiaProjects/4-LDRDAMDIS/DIMSWE-study-d0eb615/external-results/test2b-rain-active-learning/production/representation-C/h5-from-h2-m20-20/checkpoint_000000020_parameters.npz,X,HELD-OUT TRUTH SUPPORT,81,160,POST-HOC CHECKPOINT EVALUATION,source_components.Qc,physical_RMS_error,5.959023447729408e-06,POST-HOC FINAL CHECKPOINT EVALUATION,True
t2b-c-h5,Test 2B,C,H5,H5,20,a9a95ed952ba410ce744c6fe1473c0c842193560d14b432ce4f8543c6ff40f70,ecb28ef27fbb4663970da2e4f72f9adbcf0c67ab966e80e65bb21f17ada63985,/Users/arjunsharma/Documents/SandiaProjects/4-LDRDAMDIS/DIMSWE-study-d0eb615/external-results/test2b-rain-active-learning/production/representation-C/h5-from-h2-m20-20/checkpoint_000000020_parameters.npz,X,HELD-OUT TRUTH SUPPORT,81,160,POST-HOC CHECKPOINT EVALUATION,source_components.Qr,physical_RMS_error,3.715177402464094e-09,POST-HOC FINAL CHECKPOINT EVALUATION,True
t2b-c-h5,Test 2B,C,H5,H5,20,a9a95ed952ba410ce744c6fe1473c0c842193560d14b432ce4f8543c6ff40f70,ecb28ef27fbb4663970da2e4f72f9adbcf0c67ab966e80e65bb21f17ada63985,/Users/arjunsharma/Documents/SandiaProjects/4-LDRDAMDIS/DIMSWE-study-d0eb615/external-results/test2b-rain-active-learning/production/representation-C/h5-from-h2-m20-20/checkpoint_000000020_parameters.npz,X,HELD-OUT TRUTH SUPPORT,81,160,POST-HOC CHECKPOINT EVALUATION,effective_A,relative_RMS_error,5.6152838578342505,POST-HOC FINAL CHECKPOINT EVALUATION,True
t2b-c-h5,Test 2B,C,H5,H5,20,a9a95ed952ba410ce744c6fe1473c0c842193560d14b432ce4f8543c6ff40f70,ecb28ef27fbb4663970da2e4f72f9adbcf0c67ab966e80e65bb21f17ada63985,/Users/arjunsharma/Documents/SandiaProjects/4-LDRDAMDIS/DIMSWE-study-d0eb615/external-results/test2b-rain-active-learning/production/representation-C/h5-from-h2-m20-20/checkpoint_000000020_parameters.npz,X,HELD-OUT TRUTH SUPPORT,81,160,POST-HOC CHECKPOINT EVALUATION,effective_R,relative_RMS_error,0.8087679307904476,POST-HOC FINAL CHECKPOINT EVALUATION,True
t2b-c-h5,Test 2B,C,H5,H5,20,a9a95ed952ba410ce744c6fe1473c0c842193560d14b432ce4f8543c6ff40f70,ecb28ef27fbb4663970da2e4f72f9adbcf0c67ab966e80e65bb21f17ada63985,/Users/arjunsharma/Documents/SandiaProjects/4-LDRDAMDIS/DIMSWE-study-d0eb615/external-results/test2b-rain-active-learning/production/representation-C/h5-from-h2-m20-20/checkpoint_000000020_parameters.npz,X,HELD-OUT TRUTH SUPPORT,81,160,POST-HOC CHECKPOINT EVALUATION,source_structure,normalized_off_manifold_RMS,0.0440651051718783,POST-HOC FINAL CHECKPOINT EVALUATION,True
t2b-c-m1y,Test 2B,C,M1-Y,M1-Y,10000,c8da7ea375ced0f692210f97097e069f9d5757b6bead22b7a4a10d9a265d8a65,169eadab27a39916e37a875c27708873595f133cb4ea39e9f23eab14e86d49ee,/Users/arjunsharma/Documents/SandiaProjects/4-LDRDAMDIS/DIMSWE-feature-study-20260828/m1y_test2b_20260828_workspace/external-results/m1y-test2b-20260828/production/representation-C/m1y-seed0-m20-10k/checkpoint_000010000_parameters.npz,X,HELD-OUT TRUTH SUPPORT,81,160,POST-HOC CHECKPOINT EVALUATION,source_components.S,physical_RMS_error,0.0003042599732271,POST-HOC FINAL CHECKPOINT EVALUATION,False
t2b-c-m1y,Test 2B,C,M1-Y,M1-Y,10000,c8da7ea375ced0f692210f97097e069f9d5757b6bead22b7a4a10d9a265d8a65,169eadab27a39916e37a875c27708873595f133cb4ea39e9f23eab14e86d49ee,/Users/arjunsharma/Documents/SandiaProjects/4-LDRDAMDIS/DIMSWE-feature-study-20260828/m1y_test2b_20260828_workspace/external-results/m1y-test2b-20260828/production/representation-C/m1y-seed0-m20-10k/checkpoint_000010000_parameters.npz,X,HELD-OUT TRUTH SUPPORT,81,160,POST-HOC CHECKPOINT EVALUATION,source_components.Qv,physical_RMS_error,3.059736645845252e-06,POST-HOC FINAL CHECKPOINT EVALUATION,False
t2b-c-m1y,Test 2B,C,M1-Y,M1-Y,10000,c8da7ea375ced0f692210f97097e069f9d5757b6bead22b7a4a10d9a265d8a65,169eadab27a39916e37a875c27708873595f133cb4ea39e9f23eab14e86d49ee,/Users/arjunsharma/Documents/SandiaProjects/4-LDRDAMDIS/DIMSWE-feature-study-20260828/m1y_test2b_20260828_workspace/external-results/m1y-test2b-20260828/production/representation-C/m1y-seed0-m20-10k/checkpoint_000010000_parameters.npz,X,HELD-OUT TRUTH SUPPORT,81,160,POST-HOC CHECKPOINT EVALUATION,source_components.Qc,physical_RMS_error,3.026815052670776e-06,POST-HOC FINAL CHECKPOINT EVALUATION,False
t2b-c-m1y,Test 2B,C,M1-Y,M1-Y,10000,c8da7ea375ced0f692210f97097e069f9d5757b6bead22b7a4a10d9a265d8a65,169eadab27a39916e37a875c27708873595f133cb4ea39e9f23eab14e86d49ee,/Users/arjunsharma/Documents/SandiaProjects/4-LDRDAMDIS/DIMSWE-feature-study-20260828/m1y_test2b_20260828_workspace/external-results/m1y-test2b-20260828/production/representation-C/m1y-seed0-m20-10k/checkpoint_000010000_parameters.npz,X,HELD-OUT TRUTH SUPPORT,81,160,POST-HOC CHECKPOINT EVALUATION,source_components.Qr,physical_RMS_error,3.8023223859036987e-10,POST-HOC FINAL CHECKPOINT EVALUATION,False
t2b-c-m1y,Test 2B,C,M1-Y,M1-Y,10000,c8da7ea375ced0f692210f97097e069f9d5757b6bead22b7a4a10d9a265d8a65,169eadab27a39916e37a875c27708873595f133cb4ea39e9f23eab14e86d49ee,/Users/arjunsharma/Documents/SandiaProjects/4-LDRDAMDIS/DIMSWE-feature-study-20260828/m1y_test2b_20260828_workspace/external-results/m1y-test2b-20260828/production/representation-C/m1y-seed0-m20-10k/checkpoint_000010000_parameters.npz,X,HELD-OUT TRUTH SUPPORT,81,160,POST-HOC CHECKPOINT EVALUATION,effective_A,relative_RMS_error,3.320355500945272,POST-HOC FINAL CHECKPOINT EVALUATION,False
t2b-c-m1y,Test 2B,C,M1-Y,M1-Y,10000,c8da7ea375ced0f692210f97097e069f9d5757b6bead22b7a4a10d9a265d8a65,169eadab27a39916e37a875c27708873595f133cb4ea39e9f23eab14e86d49ee,/Users/arjunsharma/Documents/SandiaProjects/4-LDRDAMDIS/DIMSWE-feature-study-20260828/m1y_test2b_20260828_workspace/external-results/m1y-test2b-20260828/production/representation-C/m1y-seed0-m20-10k/checkpoint_000010000_parameters.npz,X,HELD-OUT TRUTH SUPPORT,81,160,POST-HOC CHECKPOINT EVALUATION,effective_R,relative_RMS_error,0.0824327683310309,POST-HOC FINAL CHECKPOINT EVALUATION,False
t2b-c-m1y,Test 2B,C,M1-Y,M1-Y,10000,c8da7ea375ced0f692210f97097e069f9d5757b6bead22b7a4a10d9a265d8a65,169eadab27a39916e37a875c27708873595f133cb4ea39e9f23eab14e86d49ee,/Users/arjunsharma/Documents/SandiaProjects/4-LDRDAMDIS/DIMSWE-feature-study-20260828/m1y_test2b_20260828_workspace/external-results/m1y-test2b-20260828/production/representation-C/m1y-seed0-m20-10k/checkpoint_000010000_parameters.npz,X,HELD-OUT TRUTH SUPPORT,81,160,POST-HOC CHECKPOINT EVALUATION,source_structure,normalized_off_manifold_RMS,0.0025534238718067,POST-HOC FINAL CHECKPOINT EVALUATION,False
