run_id,physical_case,campaign_role,representation,objective,objective_definition,objective_source_artifact,training_evaluation_state,target_state,truth_run,training_indices,heldout_indices,samples_per_state,total_training_samples_or_windows,feature_order,normalization_provenance,sample_weighting,architecture,parameter_count,seed,dtype,optimizer,lbfgs_memory,iteration_budget,accepted_iterations_this_run,cumulative_accepted_iterations_where_applicable,objective_evaluations,gradient_evaluations,stopping_reason,status,final_training_objective,final_gradient_norm,initialization_kind,initialization_source,checkpoint_path,fit_result_path,training_history_artifact,intermediate_checkpoint_count,intermediate_checkpoint_iterations,training_objective_history,gradient_norm_history,line_search_or_step_history,heldout_history_class,heldout_history_reconstruction,comparability_notes
t2a-a-m1x-canonical-100,Test 2A,historical precursor local-operator fit,A,M1-X,direct normalized local regression,/Users/arjunsharma/Documents/SandiaProjects/4-LDRDAMDIS/DIMSWE-study-d0eb615/dimswe/configs/test2a_selected_operator.json; /Users/arjunsharma/Documents/SandiaProjects/4-LDRDAMDIS/DIMSWE-study-d0eb615/dimswe/test2a_operator.py,X_n*,analytical local A/R/source target evaluated at X_n*,external-results/test1b-production/truth_c0_0.14,0..80,NONE_DEFINED,4096,331776,h;S;Qv;Qc;B,Test2A X states 0..80: per-feature mean/population std; A uncentered RMS; frozen across A objectives,M1/direct regression: each packed sample once; deployed objectives: mixed-state mass metric,5-32-32-1; tanh hidden; linear output,1281,0,float64,PyROL/ROL line-search L-BFGS,10,100,100,,209,101,EExitStatus.EXITSTATUS_MAXITER,complete,0.6701423514283571,0.1358662071097782,seed-zero independent,,/Users/arjunsharma/Documents/SandiaProjects/4-LDRDAMDIS/DIMSWE-study-d0eb615/external-results/test2a/trained_A_parameters.npz,/Users/arjunsharma/Documents/SandiaProjects/4-LDRDAMDIS/DIMSWE-study-d0eb615/external-results/test2a/operator_fit_result.json,/Users/arjunsharma/Documents/SandiaProjects/4-LDRDAMDIS/DIMSWE-study-d0eb615/external-results/test2a/operator_fit_result.json,0,[],RECORDED_DURING_TRAINING_EVALUATION_SEQUENCE,RECORDED_DURING_TRAINING_GRADIENT_CALLBACK_SEQUENCE,TRIAL_OBJECTIVE_VALUES_RECORDED; no accepted-iteration mapping or step lengths,NOT_AVAILABLE,No frozen historical held-out protocol; states 81..160 would constitute a new temporal-extension evaluation.,"Completed 100-iteration historical precursor, later superseded by the optimizer study and accepted 200k fit; not an accepted campaign endpoint."
t2a-a-m1x-lbfgs-m10-500,Test 2A,exploratory optimizer study,A,M1-X,direct normalized local regression,/Users/arjunsharma/Documents/SandiaProjects/4-LDRDAMDIS/DIMSWE-study-d0eb615/dimswe/configs/test2a_selected_operator.json; /Users/arjunsharma/Documents/SandiaProjects/4-LDRDAMDIS/DIMSWE-study-d0eb615/dimswe/test2a_operator.py,X_n*,analytical local A/R/source target evaluated at X_n*,external-results/test1b-production/truth_c0_0.14,0..80,NONE_DEFINED,4096,331776,h;S;Qv;Qc;B,Test2A X states 0..80: per-feature mean/population std; A uncentered RMS; frozen across A objectives,M1: each packed state/cell/GLL sample once; deployed objectives: mixed-state mass metric,5-32-32-1; tanh hidden; linear output,1281,0,float64,PyROL/ROL line-search L-BFGS,10,500,500,500,1045,501,EExitStatus.EXITSTATUS_MAXITER,complete,0.26242798370006554,1.3748734610256248,seed-zero independent,,/Users/arjunsharma/Documents/SandiaProjects/4-LDRDAMDIS/DIMSWE-study-d0eb615/external-results/test2a/optimizer-study/rol_lbfgs_m10_i500_parameters.npz,/Users/arjunsharma/Documents/SandiaProjects/4-LDRDAMDIS/DIMSWE-study-d0eb615/external-results/test2a/optimizer-study/rol_lbfgs_m10_i500.json,/Users/arjunsharma/Documents/SandiaProjects/4-LDRDAMDIS/DIMSWE-study-d0eb615/external-results/test2a/optimizer-study/rol_lbfgs_m10_i500.json,0,[],RECORDED_DURING_TRAINING_FULL_ACCEPTED_ITERATES,RECORDED_DURING_TRAINING_FULL_ACCEPTED_ITERATES,TRIAL_OBJECTIVE_VALUES_RECORDED; step lengths not recorded,NOT_AVAILABLE,No frozen historical held-out protocol; states 81..160 would constitute a new temporal-extension evaluation.,Optimizer/budget study only; not a matched accepted-campaign endpoint.
t2a-a-m1x-lbfgs-m20-500,Test 2A,exploratory optimizer study,A,M1-X,direct normalized local regression,/Users/arjunsharma/Documents/SandiaProjects/4-LDRDAMDIS/DIMSWE-study-d0eb615/dimswe/configs/test2a_selected_operator.json; /Users/arjunsharma/Documents/SandiaProjects/4-LDRDAMDIS/DIMSWE-study-d0eb615/dimswe/test2a_operator.py,X_n*,analytical local A/R/source target evaluated at X_n*,external-results/test1b-production/truth_c0_0.14,0..80,NONE_DEFINED,4096,331776,h;S;Qv;Qc;B,Test2A X states 0..80: per-feature mean/population std; A uncentered RMS; frozen across A objectives,M1: each packed state/cell/GLL sample once; deployed objectives: mixed-state mass metric,5-32-32-1; tanh hidden; linear output,1281,0,float64,PyROL/ROL line-search L-BFGS,20,500,500,500,1041,501,EExitStatus.EXITSTATUS_MAXITER,complete,0.25394245655540487,0.9221656692481056,seed-zero independent,,/Users/arjunsharma/Documents/SandiaProjects/4-LDRDAMDIS/DIMSWE-study-d0eb615/external-results/test2a/optimizer-study/rol_lbfgs_m20_i500_parameters.npz,/Users/arjunsharma/Documents/SandiaProjects/4-LDRDAMDIS/DIMSWE-study-d0eb615/external-results/test2a/optimizer-study/rol_lbfgs_m20_i500.json,/Users/arjunsharma/Documents/SandiaProjects/4-LDRDAMDIS/DIMSWE-study-d0eb615/external-results/test2a/optimizer-study/rol_lbfgs_m20_i500.json,0,[],RECORDED_DURING_TRAINING_FULL_ACCEPTED_ITERATES,RECORDED_DURING_TRAINING_FULL_ACCEPTED_ITERATES,TRIAL_OBJECTIVE_VALUES_RECORDED; step lengths not recorded,NOT_AVAILABLE,No frozen historical held-out protocol; states 81..160 would constitute a new temporal-extension evaluation.,Optimizer/budget study only; not a matched accepted-campaign endpoint.
t2a-a-m1x-trust-tcg-100,Test 2A,exploratory optimizer study,A,M1-X,direct normalized local regression,/Users/arjunsharma/Documents/SandiaProjects/4-LDRDAMDIS/DIMSWE-study-d0eb615/dimswe/configs/test2a_selected_operator.json; /Users/arjunsharma/Documents/SandiaProjects/4-LDRDAMDIS/DIMSWE-study-d0eb615/dimswe/test2a_operator.py,X_n*,analytical local A/R/source target evaluated at X_n*,external-results/test1b-production/truth_c0_0.14,0..80,NONE_DEFINED,4096,331776,h;S;Qv;Qc;B,Test2A X states 0..80: per-feature mean/population std; A uncentered RMS; frozen across A objectives,M1: each packed state/cell/GLL sample once; deployed objectives: mixed-state mass metric,5-32-32-1; tanh hidden; linear output,1281,0,float64,trust-region truncated-CG with exact JAX HVP,,100,100,100,101,82,EExitStatus.EXITSTATUS_MAXITER,complete,0.4693190768945418,0.14497916978725364,seed-zero independent,,/Users/arjunsharma/Documents/SandiaProjects/4-LDRDAMDIS/DIMSWE-study-d0eb615/external-results/test2a/optimizer-study/rol_trust_region_tcg_exact_hvp_i100_parameters.npz,/Users/arjunsharma/Documents/SandiaProjects/4-LDRDAMDIS/DIMSWE-study-d0eb615/external-results/test2a/optimizer-study/rol_trust_region_tcg_exact_hvp_i100.json,/Users/arjunsharma/Documents/SandiaProjects/4-LDRDAMDIS/DIMSWE-study-d0eb615/external-results/test2a/optimizer-study/rol_trust_region_tcg_exact_hvp_i100.json,0,[],RECORDED_DURING_TRAINING_FULL_ACCEPTED_ITERATES,RECORDED_DURING_TRAINING_FULL_ACCEPTED_ITERATES,NOT_APPLICABLE_TRUST_REGION; radius/step history not recorded,NOT_AVAILABLE,No frozen historical held-out protocol; states 81..160 would constitute a new temporal-extension evaluation.,Optimizer/budget study only; not a matched accepted-campaign endpoint.
t2a-a-m1x-continuation-to-2000,Test 2A,exploratory optimizer continuation,A,M1-X,direct normalized local regression,/Users/arjunsharma/Documents/SandiaProjects/4-LDRDAMDIS/DIMSWE-study-d0eb615/dimswe/configs/test2a_selected_operator.json; /Users/arjunsharma/Documents/SandiaProjects/4-LDRDAMDIS/DIMSWE-study-d0eb615/dimswe/test2a_operator.py,X_n*,analytical local A/R/source target evaluated at X_n*,external-results/test1b-production/truth_c0_0.14,0..80,NONE_DEFINED,4096,331776,h;S;Qv;Qc;B,Test2A X states 0..80: per-feature mean/population std; A uncentered RMS; frozen across A objectives,M1: each packed state/cell/GLL sample once; deployed objectives: mixed-state mass metric,5-32-32-1; tanh hidden; linear output,1281,0,float64,ROL line-search Limited-Memory BFGS,20,1500,1500,2000,3148,1501,EExitStatus.EXITSTATUS_MAXITER,complete,0.04196877146795583,0.14015904191539993,parameter continuation; optimizer secant history restored within continuation utility,t2a-a-m1x-lbfgs-m20-500,/Users/arjunsharma/Documents/SandiaProjects/4-LDRDAMDIS/DIMSWE-study-d0eb615/external-results/test2a/optimizer-study/continuation-m20/continuation_final_parameters.npz,/Users/arjunsharma/Documents/SandiaProjects/4-LDRDAMDIS/DIMSWE-study-d0eb615/external-results/test2a/optimizer-study/continuation-m20/continuation_result.json,/Users/arjunsharma/Documents/SandiaProjects/4-LDRDAMDIS/DIMSWE-study-d0eb615/external-results/test2a/optimizer-study/continuation-m20/continuation_progress.json,5,"[100,250,500,1000,1500]",RECORDED_DURING_TRAINING_FULL_ACCEPTED_ITERATES,RECORDED_DURING_TRAINING_FULL_ACCEPTED_ITERATES,NOT_RECORDED,NOT_AVAILABLE,No frozen historical held-out protocol; states 81..160 would constitute a new temporal-extension evaluation.,Continuation segment; cumulative objective is confounded by prior optimization history and is not an independent seed-zero run.
t2a-a-m1x-continuation-to-7000,Test 2A,exploratory optimizer continuation,A,M1-X,direct normalized local regression,/Users/arjunsharma/Documents/SandiaProjects/4-LDRDAMDIS/DIMSWE-study-d0eb615/dimswe/configs/test2a_selected_operator.json; /Users/arjunsharma/Documents/SandiaProjects/4-LDRDAMDIS/DIMSWE-study-d0eb615/dimswe/test2a_operator.py,X_n*,analytical local A/R/source target evaluated at X_n*,external-results/test1b-production/truth_c0_0.14,0..80,NONE_DEFINED,4096,331776,h;S;Qv;Qc;B,Test2A X states 0..80: per-feature mean/population std; A uncentered RMS; frozen across A objectives,M1: each packed state/cell/GLL sample once; deployed objectives: mixed-state mass metric,5-32-32-1; tanh hidden; linear output,1281,0,float64,ROL line-search Limited-Memory BFGS,20,5000,5000,7000,10430,5001,EExitStatus.EXITSTATUS_MAXITER,complete,0.009469597429489865,0.05634216855139055,parameter continuation; optimizer secant history restored within continuation utility,t2a-a-m1x-continuation-to-2000,/Users/arjunsharma/Documents/SandiaProjects/4-LDRDAMDIS/DIMSWE-study-d0eb615/external-results/test2a/optimizer-study/continuation-m20-plateau/continuation_final_parameters.npz,/Users/arjunsharma/Documents/SandiaProjects/4-LDRDAMDIS/DIMSWE-study-d0eb615/external-results/test2a/optimizer-study/continuation-m20-plateau/continuation_result.json,/Users/arjunsharma/Documents/SandiaProjects/4-LDRDAMDIS/DIMSWE-study-d0eb615/external-results/test2a/optimizer-study/continuation-m20-plateau/continuation_progress.json,10,"[250,500,1000,2000,3000,4000,4500,4750,4900,5000]",RECORDED_DURING_TRAINING_FULL_ACCEPTED_ITERATES,RECORDED_DURING_TRAINING_FULL_ACCEPTED_ITERATES,NOT_RECORDED,NOT_AVAILABLE,No frozen historical held-out protocol; states 81..160 would constitute a new temporal-extension evaluation.,Continuation segment; cumulative objective is confounded by prior optimization history and is not an independent seed-zero run.
t2a-a-m1x-continuation-to-52000,Test 2A,exploratory optimizer continuation,A,M1-X,direct normalized local regression,/Users/arjunsharma/Documents/SandiaProjects/4-LDRDAMDIS/DIMSWE-study-d0eb615/dimswe/configs/test2a_selected_operator.json; /Users/arjunsharma/Documents/SandiaProjects/4-LDRDAMDIS/DIMSWE-study-d0eb615/dimswe/test2a_operator.py,X_n*,analytical local A/R/source target evaluated at X_n*,external-results/test1b-production/truth_c0_0.14,0..80,NONE_DEFINED,4096,331776,h;S;Qv;Qc;B,Test2A X states 0..80: per-feature mean/population std; A uncentered RMS; frozen across A objectives,M1: each packed state/cell/GLL sample once; deployed objectives: mixed-state mass metric,5-32-32-1; tanh hidden; linear output,1281,0,float64,ROL line-search Limited-Memory BFGS,20,45000,45000,52000,94064,45001,EExitStatus.EXITSTATUS_MAXITER,complete,0.004285912836972889,0.009715593108726921,parameter continuation; optimizer secant history restored within continuation utility,t2a-a-m1x-continuation-to-7000,/Users/arjunsharma/Documents/SandiaProjects/4-LDRDAMDIS/DIMSWE-study-d0eb615/external-results/test2a/optimizer-study/continuation-m20-plus45000/continuation_final_parameters.npz,/Users/arjunsharma/Documents/SandiaProjects/4-LDRDAMDIS/DIMSWE-study-d0eb615/external-results/test2a/optimizer-study/continuation-m20-plus45000/continuation_result.json,/Users/arjunsharma/Documents/SandiaProjects/4-LDRDAMDIS/DIMSWE-study-d0eb615/external-results/test2a/optimizer-study/continuation-m20-plus45000/continuation_progress.json,9,"[5000,10000,15000,20000,25000,30000,35000,40000,45000]",RECORDED_DURING_TRAINING_FULL_ACCEPTED_ITERATES,RECORDED_DURING_TRAINING_FULL_ACCEPTED_ITERATES,NOT_RECORDED,NOT_AVAILABLE,No frozen historical held-out protocol; states 81..160 would constitute a new temporal-extension evaluation.,Continuation segment; cumulative objective is confounded by prior optimization history and is not an independent seed-zero run.
t2a-a-m1x-accepted,Test 2A,accepted core,A,M1-X,direct normalized local regression,/Users/arjunsharma/Documents/SandiaProjects/4-LDRDAMDIS/DIMSWE-study-d0eb615/dimswe/configs/test2a_fair_operator_200k.json; /Users/arjunsharma/Documents/SandiaProjects/4-LDRDAMDIS/DIMSWE-study-d0eb615/dimswe/test2a_operator.py,X_n*,analytical local A/R/source target evaluated at X_n*,external-results/test1b-production/truth_c0_0.14,0..80,NONE_DEFINED,4096,331776,h;S;Qv;Qc;B,Test2A X states 0..80: per-feature mean/population std; A uncentered RMS; frozen across A objectives,M1: each packed state/cell/GLL sample once; deployed objectives: mixed-state mass metric,5-32-32-1; tanh hidden; linear output,1281,0,float64,line-search L-BFGS,20,200000,200000,,418449,200001,EExitStatus.EXITSTATUS_MAXITER,complete,0.000373006108792648,0.00040517422069644615,seed-zero independent,,/Users/arjunsharma/Documents/SandiaProjects/4-LDRDAMDIS/DIMSWE-study-d0eb615/external-results/test2a/fair-longfit/operator-seed0-m20-200k/final_parameters.npz,/Users/arjunsharma/Documents/SandiaProjects/4-LDRDAMDIS/DIMSWE-study-d0eb615/external-results/test2a/fair-longfit/operator-seed0-m20-200k/fit_result.json,/Users/arjunsharma/Documents/SandiaProjects/4-LDRDAMDIS/DIMSWE-study-d0eb615/external-results/test2a/fair-longfit/operator-seed0-m20-200k/fit_progress.json,6,"[25000,50000,75000,100000,150000,200000]",SPARSE_RECORDED_AT_INTERMEDIATE_CHECKPOINTS,SPARSE_RECORDED_AT_INTERMEDIATE_CHECKPOINTS,NOT_RECORDED,NOT_AVAILABLE,No frozen historical held-out protocol; states 81..160 would constitute a new temporal-extension evaluation.,Independent seed-zero endpoint; budget must be matched before direct optimizer comparisons.
t2a-a-m2x-independent-accepted,Test 2A,accepted core,A,M2-X,fixed boundary-state deployed-discrete/source-to-state objective,/Users/arjunsharma/Documents/SandiaProjects/4-LDRDAMDIS/DIMSWE-study-d0eb615/dimswe/configs/test2a_fair_discrete_200k.json; /Users/arjunsharma/Documents/SandiaProjects/4-LDRDAMDIS/DIMSWE-study-d0eb615/dimswe/test2a_discrete_offline.py,X_n*,analytical deployed moist-child source-to-state update evaluated at X_n*,external-results/test1b-production/truth_c0_0.14,0..80,NONE_DEFINED,4096,331776,h;S;Qv;Qc;B,Test2A X states 0..80: per-feature mean/population std; A uncentered RMS; frozen across A objectives,M1: each packed state/cell/GLL sample once; deployed objectives: mixed-state mass metric,5-32-32-1; tanh hidden; linear output,1281,0,float64,line-search L-BFGS,20,200000,200000,,417303,200001,EExitStatus.EXITSTATUS_MAXITER,complete,0.001721966994676836,0.007123391061845835,seed-zero independent,,/Users/arjunsharma/Documents/SandiaProjects/4-LDRDAMDIS/DIMSWE-study-d0eb615/external-results/test2a/fair-longfit/discrete-seed0-m20-200k/final_parameters.npz,/Users/arjunsharma/Documents/SandiaProjects/4-LDRDAMDIS/DIMSWE-study-d0eb615/external-results/test2a/fair-longfit/discrete-seed0-m20-200k/fit_result.json,/Users/arjunsharma/Documents/SandiaProjects/4-LDRDAMDIS/DIMSWE-study-d0eb615/external-results/test2a/fair-longfit/discrete-seed0-m20-200k/fit_progress.json,6,"[25000,50000,75000,100000,150000,200000]",SPARSE_RECORDED_AT_INTERMEDIATE_CHECKPOINTS,SPARSE_RECORDED_AT_INTERMEDIATE_CHECKPOINTS,NOT_RECORDED,NOT_AVAILABLE,No frozen historical held-out protocol; states 81..160 would constitute a new temporal-extension evaluation.,Independent seed-zero endpoint; budget must be matched before direct optimizer comparisons.
t2a-a-m2x-independent-50k-aux,Test 2A,auxiliary shorter fit,A,M2-X,fixed boundary-state deployed-discrete/source-to-state objective,/Users/arjunsharma/Documents/SandiaProjects/4-LDRDAMDIS/DIMSWE-study-d0eb615/dimswe/configs/test2a_deployed_discrete_direct50k.json; /Users/arjunsharma/Documents/SandiaProjects/4-LDRDAMDIS/DIMSWE-study-d0eb615/dimswe/test2a_discrete_offline.py,X_n*,analytical deployed moist-child source-to-state update evaluated at X_n*,external-results/test1b-production/truth_c0_0.14,0..80,NONE_DEFINED,4096,331776,h;S;Qv;Qc;B,Test2A X states 0..80: per-feature mean/population std; A uncentered RMS; frozen across A objectives,M1: each packed state/cell/GLL sample once; deployed objectives: mixed-state mass metric,5-32-32-1; tanh hidden; linear output,1281,0,float64,line-search L-BFGS,20,50000,50000,,104234,50001,EExitStatus.EXITSTATUS_MAXITER,complete,0.0017427829635521567,,seed-zero independent,,/Users/arjunsharma/Documents/SandiaProjects/4-LDRDAMDIS/DIMSWE-study-d0eb615/external-results/test2a/deployed-discrete-offline/direct-fit-50k-rerun/final_parameters.npz,/Users/arjunsharma/Documents/SandiaProjects/4-LDRDAMDIS/DIMSWE-study-d0eb615/external-results/test2a/deployed-discrete-offline/direct-fit-50k-rerun/fit_result.json,/Users/arjunsharma/Documents/SandiaProjects/4-LDRDAMDIS/DIMSWE-study-d0eb615/external-results/test2a/deployed-discrete-offline/direct-fit-50k-rerun/fit_result.json,0,[],FINAL_ONLY,FINAL_ONLY_OR_NOT_RECORDED,NOT_RECORDED,NOT_AVAILABLE,No frozen historical held-out protocol; states 81..160 would constitute a new temporal-extension evaluation.,Independent seed-zero endpoint; budget must be matched before direct optimizer comparisons.
t2a-a-m2x-warm,Test 2A,accepted warm-start branch,A,M2-X,fixed boundary-state deployed-discrete/source-to-state objective,/Users/arjunsharma/Documents/SandiaProjects/4-LDRDAMDIS/DIMSWE-study-d0eb615/dimswe/configs/test2a_m20_50000_continuation.json; /Users/arjunsharma/Documents/SandiaProjects/4-LDRDAMDIS/DIMSWE-study-d0eb615/dimswe/test2a_discrete_offline.py,X_n*,analytical deployed moist-child source-to-state update evaluated at X_n*,external-results/test1b-production/truth_c0_0.14,0..80,NONE_DEFINED,4096,331776,h;S;Qv;Qc;B,Test2A X states 0..80: per-feature mean/population std; A uncentered RMS; frozen across A objectives,M1: each packed state/cell/GLL sample once; deployed objectives: mixed-state mass metric,5-32-32-1; tanh hidden; linear output,1281,0,float64,line-search L-BFGS,20,50000,50000,,104420,50001,EExitStatus.EXITSTATUS_MAXITER,complete,0.0005167359629570338,0.001244008480108713,warm start,t2a-a-m1x-accepted,/Users/arjunsharma/Documents/SandiaProjects/4-LDRDAMDIS/DIMSWE-study-d0eb615/external-results/test2a/m1-to-m2-finetune/operator-200k-to-discrete-m20-50k/final_parameters.npz,/Users/arjunsharma/Documents/SandiaProjects/4-LDRDAMDIS/DIMSWE-study-d0eb615/external-results/test2a/m1-to-m2-finetune/operator-200k-to-discrete-m20-50k/fit_result.json,/Users/arjunsharma/Documents/SandiaProjects/4-LDRDAMDIS/DIMSWE-study-d0eb615/external-results/test2a/m1-to-m2-finetune/operator-200k-to-discrete-m20-50k/fit_progress.json,6,"[0,1000,5000,10000,25000,50000]",SPARSE_RECORDED_AT_INTERMEDIATE_CHECKPOINTS,SPARSE_RECORDED_AT_INTERMEDIATE_CHECKPOINTS,NOT_RECORDED,NOT_AVAILABLE,No frozen historical held-out protocol; states 81..160 would constitute a new temporal-extension evaluation.,Warm-start/objective-ladder comparisons are confounded by initialization and accumulated optimization history.
t2a-a-h1,Test 2A,accepted horizon ladder,A,H1,fixed post-prefix truth-reset one-step objective (historical M2-Y),/Users/arjunsharma/Documents/SandiaProjects/4-LDRDAMDIS/DIMSWE-study-d0eb615/dimswe/configs/test2a_horizon_curriculum_h1_h2_h5.json; /Users/arjunsharma/Documents/SandiaProjects/4-LDRDAMDIS/DIMSWE-study-d0eb615/dimswe/test2a_horizon_curriculum.py,Y_n*=P(X_n*),truth-consistent one-step moist-child update ending at X_(n+1)*,external-results/test1b-production/truth_c0_0.14,starts 0..79,NONE_DEFINED,4096,80 one-step windows; 327680 local calls,h;S;Qv;Qc;B,Test2A X states 0..80: per-feature mean/population std; A uncentered RMS; frozen across A objectives,M1: each packed state/cell/GLL sample once; deployed objectives: mixed-state mass metric,5-32-32-1; tanh hidden; linear output,1281,0,float64,line-search L-BFGS,20,50000,50000,,104435,50001,EExitStatus.EXITSTATUS_MAXITER,complete,0.00045108062971305733,0.0031135737359559326,warm start,t2a-a-m1x-accepted,/Users/arjunsharma/Documents/SandiaProjects/4-LDRDAMDIS/DIMSWE-study-d0eb615/external-results/test2a/horizon-curriculum-h1-h2-h5/h1-from-m1-200k/final_parameters.npz,/Users/arjunsharma/Documents/SandiaProjects/4-LDRDAMDIS/DIMSWE-study-d0eb615/external-results/test2a/horizon-curriculum-h1-h2-h5/h1-from-m1-200k/fit_result.json,/Users/arjunsharma/Documents/SandiaProjects/4-LDRDAMDIS/DIMSWE-study-d0eb615/external-results/test2a/horizon-curriculum-h1-h2-h5/h1-from-m1-200k/fit_progress.json,8,"[0,100,500,1000,5000,10000,25000,50000]",SPARSE_RECORDED_AT_INTERMEDIATE_CHECKPOINTS,SPARSE_RECORDED_AT_INTERMEDIATE_CHECKPOINTS,NOT_RECORDED,NOT_AVAILABLE,No frozen historical held-out protocol; states 81..160 would constitute a new temporal-extension evaluation.,Warm-start/objective-ladder comparisons are confounded by initialization and accumulated optimization history.
t2a-a-h2,Test 2A,accepted horizon ladder,A,H2,dense accumulated recursive horizon-2 objective,/Users/arjunsharma/Documents/SandiaProjects/4-LDRDAMDIS/DIMSWE-study-d0eb615/dimswe/configs/test2a_horizon_curriculum_h1_h2_h5.json; /Users/arjunsharma/Documents/SandiaProjects/4-LDRDAMDIS/DIMSWE-study-d0eb615/dimswe/test2a_horizon_curriculum.py,Y_n* for first call; then recursively model-generated states,truth boundary states X_(n+1)* and X_(n+2)*,external-results/test1b-production/truth_c0_0.14,dense nonoverlapping windows within 0..80,NONE_DEFINED,4096,40 horizon-2 windows; 80 target steps,h;S;Qv;Qc;B,Test2A X states 0..80: per-feature mean/population std; A uncentered RMS; frozen across A objectives,M1: each packed state/cell/GLL sample once; deployed objectives: mixed-state mass metric,5-32-32-1; tanh hidden; linear output,1281,0,float64,line-search L-BFGS,20,100,100,,212,101,EExitStatus.EXITSTATUS_MAXITER,complete,0.0007314762388426759,0.008226930089407393,continuation by parameters; new optimizer,t2a-a-h1,/Users/arjunsharma/Documents/SandiaProjects/4-LDRDAMDIS/DIMSWE-study-d0eb615/external-results/test2a/horizon-curriculum-h1-h2-h5/h2-from-h1/final_parameters.npz,/Users/arjunsharma/Documents/SandiaProjects/4-LDRDAMDIS/DIMSWE-study-d0eb615/external-results/test2a/horizon-curriculum-h1-h2-h5/h2-from-h1/fit_result.json,/Users/arjunsharma/Documents/SandiaProjects/4-LDRDAMDIS/DIMSWE-study-d0eb615/external-results/test2a/horizon-curriculum-h1-h2-h5/h2-from-h1/fit_progress.json,7,"[0,5,10,25,50,75,100]",SPARSE_RECORDED_AT_INTERMEDIATE_CHECKPOINTS,SPARSE_RECORDED_AT_INTERMEDIATE_CHECKPOINTS,NOT_RECORDED,NOT_AVAILABLE,No frozen historical held-out protocol; states 81..160 would constitute a new temporal-extension evaluation.,Warm-start/objective-ladder comparisons are confounded by initialization and accumulated optimization history.
t2a-a-h5,Test 2A,accepted horizon ladder,A,H5,dense accumulated recursive horizon-5 objective,/Users/arjunsharma/Documents/SandiaProjects/4-LDRDAMDIS/DIMSWE-study-d0eb615/dimswe/configs/test2a_horizon_curriculum_h1_h2_h5.json; /Users/arjunsharma/Documents/SandiaProjects/4-LDRDAMDIS/DIMSWE-study-d0eb615/dimswe/test2a_horizon_curriculum.py,Y_n* for first call; then recursively model-generated states,truth boundary states X_(n+1)* through X_(n+5)*,external-results/test1b-production/truth_c0_0.14,dense nonoverlapping windows within 0..80,NONE_DEFINED,4096,16 horizon-5 windows; 80 target steps,h;S;Qv;Qc;B,Test2A X states 0..80: per-feature mean/population std; A uncentered RMS; frozen across A objectives,M1: each packed state/cell/GLL sample once; deployed objectives: mixed-state mass metric,5-32-32-1; tanh hidden; linear output,1281,0,float64,line-search L-BFGS,20,100,100,,213,101,EExitStatus.EXITSTATUS_MAXITER,complete,0.0014847990297685324,0.013796908701621069,continuation by parameters; new optimizer,t2a-a-h2,/Users/arjunsharma/Documents/SandiaProjects/4-LDRDAMDIS/DIMSWE-study-d0eb615/external-results/test2a/horizon-curriculum-h1-h2-h5/h5-from-h2/final_parameters.npz,/Users/arjunsharma/Documents/SandiaProjects/4-LDRDAMDIS/DIMSWE-study-d0eb615/external-results/test2a/horizon-curriculum-h1-h2-h5/h5-from-h2/fit_result.json,/Users/arjunsharma/Documents/SandiaProjects/4-LDRDAMDIS/DIMSWE-study-d0eb615/external-results/test2a/horizon-curriculum-h1-h2-h5/h5-from-h2/fit_progress.json,7,"[0,5,10,25,50,75,100]",SPARSE_RECORDED_AT_INTERMEDIATE_CHECKPOINTS,SPARSE_RECORDED_AT_INTERMEDIATE_CHECKPOINTS,NOT_RECORDED,NOT_AVAILABLE,No frozen historical held-out protocol; states 81..160 would constitute a new temporal-extension evaluation.,Warm-start/objective-ladder comparisons are confounded by initialization and accumulated optimization history.
t2a-a-m2x-warm-nonscientific-smoke-20,Test 2A,nonscientific implementation smoke,A,M2-X,fixed boundary-state deployed-discrete/source-to-state objective,/Users/arjunsharma/Documents/SandiaProjects/4-LDRDAMDIS/DIMSWE-study-d0eb615/dimswe/configs/test2a_m20_50000_continuation.json; /Users/arjunsharma/Documents/SandiaProjects/4-LDRDAMDIS/DIMSWE-study-d0eb615/dimswe/test2a_m1_to_m2_finetune.py,X_n*,analytical deployed moist-child source-to-state update evaluated at X_n*,external-results/test1b-production/truth_c0_0.14,0..80,NONE_DEFINED,4096,331776,h;S;Qv;Qc;B,Test2A X states 0..80: per-feature mean/population std; A uncentered RMS; frozen across A objectives,M1/direct regression: each packed sample once; deployed objectives: mixed-state mass metric,5-32-32-1; tanh hidden; linear output,1281,0,float64,PyROL/ROL line-search L-BFGS,20,20,20,,46,21,EExitStatus.EXITSTATUS_MAXITER,complete,0.000790187980446671,0.041792453557448934,warm start; fresh optimizer,t2a-a-m1x-accepted,/Users/arjunsharma/Documents/SandiaProjects/4-LDRDAMDIS/DIMSWE-study-d0eb615/external-results/test2a/m1-to-m2-finetune/nonscientific-smoke/smoke_final_parameters.npz,/Users/arjunsharma/Documents/SandiaProjects/4-LDRDAMDIS/DIMSWE-study-d0eb615/external-results/test2a/m1-to-m2-finetune/nonscientific-smoke/smoke_result.json,/Users/arjunsharma/Documents/SandiaProjects/4-LDRDAMDIS/DIMSWE-study-d0eb615/external-results/test2a/m1-to-m2-finetune/nonscientific-smoke/smoke_result.json,0,[],FINAL_ONLY_INITIAL_AND_FINAL,NOT_RECORDED,NOT_RECORDED,NOT_AVAILABLE,No frozen historical held-out protocol; states 81..160 would constitute a new temporal-extension evaluation.,Artifact explicitly labels this a NONSCIENTIFIC 20-iteration implementation/timing smoke. Exclude from scientific tables and model comparisons.
t2a-a-h1-nonscientific-smoke-2,Test 2A,nonscientific prelaunch horizon smoke,A,H1,fixed post-prefix truth-reset one-step objective (historical M2-Y),/Users/arjunsharma/Documents/SandiaProjects/4-LDRDAMDIS/DIMSWE-study-d0eb615/dimswe/configs/test2a_horizon_curriculum_h1_h2_h5.json; /Users/arjunsharma/Documents/SandiaProjects/4-LDRDAMDIS/DIMSWE-study-d0eb615/dimswe/test2a_horizon_curriculum.py,Y_n*=P(X_n*),truth-consistent one-step moist-child update ending at X_(n+1)*,external-results/test1b-production/truth_c0_0.14,starts 0..79,NONE_DEFINED,4096,80 one-step windows; 327680 local calls,h;S;Qv;Qc;B,Test2A X states 0..80: per-feature mean/population std; A uncentered RMS; frozen across A objectives,M1/direct regression: each packed sample once; deployed objectives: mixed-state mass metric,5-32-32-1; tanh hidden; linear output,1281,0,float64,PyROL/ROL line-search L-BFGS,20,2,2,,9,3,EExitStatus.EXITSTATUS_MAXITER,complete,0.0007013734340936095,,warm start; fresh optimizer,t2a-a-m1x-accepted,/Users/arjunsharma/Documents/SandiaProjects/4-LDRDAMDIS/DIMSWE-study-d0eb615/external-results/test2a/horizon-curriculum-h1-h2-h5/nonscientific-smokes/prelaunch-two-iterations/H1_final_parameters.npz,/Users/arjunsharma/Documents/SandiaProjects/4-LDRDAMDIS/DIMSWE-study-d0eb615/external-results/test2a/horizon-curriculum-h1-h2-h5/nonscientific-smokes/prelaunch-two-iterations/smoke_results.json,/Users/arjunsharma/Documents/SandiaProjects/4-LDRDAMDIS/DIMSWE-study-d0eb615/external-results/test2a/horizon-curriculum-h1-h2-h5/nonscientific-smokes/prelaunch-two-iterations/smoke_results.json,0,[],FINAL_ONLY_INITIAL_AND_FINAL,NOT_RECORDED,NOT_RECORDED,NOT_AVAILABLE,No frozen historical held-out protocol; states 81..160 would constitute a new temporal-extension evaluation.,Artifact explicitly labels this a NONSCIENTIFIC two-iteration implementation smoke; every horizon independently starts from the M1 200k parameters. Exclude from scientific tables.
t2a-a-h2-nonscientific-smoke-2,Test 2A,nonscientific prelaunch horizon smoke,A,H2,dense accumulated recursive horizon-2 objective,/Users/arjunsharma/Documents/SandiaProjects/4-LDRDAMDIS/DIMSWE-study-d0eb615/dimswe/configs/test2a_horizon_curriculum_h1_h2_h5.json; /Users/arjunsharma/Documents/SandiaProjects/4-LDRDAMDIS/DIMSWE-study-d0eb615/dimswe/test2a_horizon_curriculum.py,Y_n* for first call; then recursively model-generated states,truth boundary states X_(n+1)* and X_(n+2)*,external-results/test1b-production/truth_c0_0.14,dense nonoverlapping windows within 0..80,NONE_DEFINED,4096,40 horizon-2 windows; 80 target steps,h;S;Qv;Qc;B,Test2A X states 0..80: per-feature mean/population std; A uncentered RMS; frozen across A objectives,M1/direct regression: each packed sample once; deployed objectives: mixed-state mass metric,5-32-32-1; tanh hidden; linear output,1281,0,float64,PyROL/ROL line-search L-BFGS,20,2,2,,9,3,EExitStatus.EXITSTATUS_MAXITER,complete,0.0011152174952142105,,warm start; fresh optimizer,t2a-a-m1x-accepted,/Users/arjunsharma/Documents/SandiaProjects/4-LDRDAMDIS/DIMSWE-study-d0eb615/external-results/test2a/horizon-curriculum-h1-h2-h5/nonscientific-smokes/prelaunch-two-iterations/H2_final_parameters.npz,/Users/arjunsharma/Documents/SandiaProjects/4-LDRDAMDIS/DIMSWE-study-d0eb615/external-results/test2a/horizon-curriculum-h1-h2-h5/nonscientific-smokes/prelaunch-two-iterations/smoke_results.json,/Users/arjunsharma/Documents/SandiaProjects/4-LDRDAMDIS/DIMSWE-study-d0eb615/external-results/test2a/horizon-curriculum-h1-h2-h5/nonscientific-smokes/prelaunch-two-iterations/smoke_results.json,0,[],FINAL_ONLY_INITIAL_AND_FINAL,NOT_RECORDED,NOT_RECORDED,NOT_AVAILABLE,No frozen historical held-out protocol; states 81..160 would constitute a new temporal-extension evaluation.,Artifact explicitly labels this a NONSCIENTIFIC two-iteration implementation smoke; every horizon independently starts from the M1 200k parameters. Exclude from scientific tables.
t2a-a-h5-nonscientific-smoke-2,Test 2A,nonscientific prelaunch horizon smoke,A,H5,dense accumulated recursive horizon-5 objective,/Users/arjunsharma/Documents/SandiaProjects/4-LDRDAMDIS/DIMSWE-study-d0eb615/dimswe/configs/test2a_horizon_curriculum_h1_h2_h5.json; /Users/arjunsharma/Documents/SandiaProjects/4-LDRDAMDIS/DIMSWE-study-d0eb615/dimswe/test2a_horizon_curriculum.py,Y_n* for first call; then recursively model-generated states,truth boundary states X_(n+1)* through X_(n+5)*,external-results/test1b-production/truth_c0_0.14,dense nonoverlapping windows within 0..80,NONE_DEFINED,4096,16 horizon-5 windows; 80 target steps,h;S;Qv;Qc;B,Test2A X states 0..80: per-feature mean/population std; A uncentered RMS; frozen across A objectives,M1/direct regression: each packed sample once; deployed objectives: mixed-state mass metric,5-32-32-1; tanh hidden; linear output,1281,0,float64,PyROL/ROL line-search L-BFGS,20,2,2,,10,3,EExitStatus.EXITSTATUS_MAXITER,complete,0.0022409220429878834,,warm start; fresh optimizer,t2a-a-m1x-accepted,/Users/arjunsharma/Documents/SandiaProjects/4-LDRDAMDIS/DIMSWE-study-d0eb615/external-results/test2a/horizon-curriculum-h1-h2-h5/nonscientific-smokes/prelaunch-two-iterations/H5_final_parameters.npz,/Users/arjunsharma/Documents/SandiaProjects/4-LDRDAMDIS/DIMSWE-study-d0eb615/external-results/test2a/horizon-curriculum-h1-h2-h5/nonscientific-smokes/prelaunch-two-iterations/smoke_results.json,/Users/arjunsharma/Documents/SandiaProjects/4-LDRDAMDIS/DIMSWE-study-d0eb615/external-results/test2a/horizon-curriculum-h1-h2-h5/nonscientific-smokes/prelaunch-two-iterations/smoke_results.json,0,[],FINAL_ONLY_INITIAL_AND_FINAL,NOT_RECORDED,NOT_RECORDED,NOT_AVAILABLE,No frozen historical held-out protocol; states 81..160 would constitute a new temporal-extension evaluation.,Artifact explicitly labels this a NONSCIENTIFIC two-iteration implementation smoke; every horizon independently starts from the M1 200k parameters. Exclude from scientific tables.
t2a-a-fiml-direct-h2,Test 2A,auxiliary FIML study,A,FIML-direct-H2,direct sparse-endpoint recursive horizon-2 objective,/Users/arjunsharma/Documents/SandiaProjects/4-LDRDAMDIS/DIMSWE-study-d0eb615/dimswe/configs/test2a_fiml_sparse_endpoint_h2_h5.json; /Users/arjunsharma/Documents/SandiaProjects/4-LDRDAMDIS/DIMSWE-study-d0eb615/dimswe/test2a_fiml.py,recursively model-generated states after truth initialization,sparse truth endpoint X_(n+2)*,external-results/test1b-production/truth_c0_0.14,sparse endpoint windows within 0..80,NONE_DEFINED,4096,40 horizon-2 windows; 80 target steps,h;S;Qv;Qc;B,Test2A X states 0..80: per-feature mean/population std; A uncentered RMS; frozen across A objectives,M1: each packed state/cell/GLL sample once; deployed objectives: mixed-state mass metric,5-32-32-1; tanh hidden; linear output,1281,0,float64,,,100,100,,213,101,EExitStatus.EXITSTATUS_MAXITER,complete,0.0004939368644934048,,warm/derived initialization,t2a-a-h1,/Users/arjunsharma/Documents/SandiaProjects/4-LDRDAMDIS/DIMSWE-study-d0eb615/external-results/test2a/fiml-sparse-endpoint-h2-h5/direct-endpoint-h2/final_parameters.npz,/Users/arjunsharma/Documents/SandiaProjects/4-LDRDAMDIS/DIMSWE-study-d0eb615/external-results/test2a/fiml-sparse-endpoint-h2-h5/direct-endpoint-h2/fit_result.json,/Users/arjunsharma/Documents/SandiaProjects/4-LDRDAMDIS/DIMSWE-study-d0eb615/external-results/test2a/fiml-sparse-endpoint-h2-h5/direct-endpoint-h2/fit_progress.json,8,"[0,1,2,5,10,25,50,100]",RECONSTRUCTABLE_FROM_INTERMEDIATE_CHECKPOINTS,NOT_RECORDED,NOT_RECORDED,NOT_AVAILABLE,No frozen historical held-out protocol; states 81..160 would constitute a new temporal-extension evaluation.,Different sparse-endpoint or pseudo-label objective; not a member of the common M1/M2/H ladder.
t2a-a-fiml-direct-h5,Test 2A,auxiliary FIML study,A,FIML-direct-H5,direct sparse-endpoint recursive horizon-5 objective,/Users/arjunsharma/Documents/SandiaProjects/4-LDRDAMDIS/DIMSWE-study-d0eb615/dimswe/configs/test2a_fiml_sparse_endpoint_h2_h5.json; /Users/arjunsharma/Documents/SandiaProjects/4-LDRDAMDIS/DIMSWE-study-d0eb615/dimswe/test2a_fiml.py,recursively model-generated states after truth initialization,sparse truth endpoint X_(n+5)*,external-results/test1b-production/truth_c0_0.14,sparse endpoint windows within 0..80,NONE_DEFINED,4096,16 horizon-5 windows; 80 target steps,h;S;Qv;Qc;B,Test2A X states 0..80: per-feature mean/population std; A uncentered RMS; frozen across A objectives,M1: each packed state/cell/GLL sample once; deployed objectives: mixed-state mass metric,5-32-32-1; tanh hidden; linear output,1281,0,float64,,,100,100,,213,101,EExitStatus.EXITSTATUS_MAXITER,complete,0.0004599905670070406,,warm/derived initialization,t2a-a-h1,/Users/arjunsharma/Documents/SandiaProjects/4-LDRDAMDIS/DIMSWE-study-d0eb615/external-results/test2a/fiml-sparse-endpoint-h2-h5/direct-endpoint-h5/final_parameters.npz,/Users/arjunsharma/Documents/SandiaProjects/4-LDRDAMDIS/DIMSWE-study-d0eb615/external-results/test2a/fiml-sparse-endpoint-h2-h5/direct-endpoint-h5/fit_result.json,/Users/arjunsharma/Documents/SandiaProjects/4-LDRDAMDIS/DIMSWE-study-d0eb615/external-results/test2a/fiml-sparse-endpoint-h2-h5/direct-endpoint-h5/fit_progress.json,8,"[0,1,2,5,10,25,50,100]",RECONSTRUCTABLE_FROM_INTERMEDIATE_CHECKPOINTS,NOT_RECORDED,NOT_RECORDED,NOT_AVAILABLE,No frozen historical held-out protocol; states 81..160 would constitute a new temporal-extension evaluation.,Different sparse-endpoint or pseudo-label objective; not a member of the common M1/M2/H ladder.
t2a-a-fiml-pseudo-h2,Test 2A,auxiliary FIML study,A,FIML-pseudo-H2,"stage-2 pseudo-label regression; analytical A is diagnostic, not the fitted target",/Users/arjunsharma/Documents/SandiaProjects/4-LDRDAMDIS/DIMSWE-study-d0eb615/dimswe/configs/test2a_fiml_sparse_endpoint_h2_h5.json; /Users/arjunsharma/Documents/SandiaProjects/4-LDRDAMDIS/DIMSWE-study-d0eb615/dimswe/test2a_fiml.py,field-inversion sampled/post-prefix states,field-inversion pseudo-label controls for horizon 2,external-results/test1b-production/truth_c0_0.14,80 field-inversion model-step states within 0..80,NONE_DEFINED,4096,327680 pseudo-label samples (80 model-step fields),h;S;Qv;Qc;B,Test2A X states 0..80: per-feature mean/population std; A uncentered RMS; frozen across A objectives,M1: each packed state/cell/GLL sample once; deployed objectives: mixed-state mass metric,5-32-32-1; tanh hidden; linear output,1281,0,float64,,,50000,50000,,104564,50001,EExitStatus.EXITSTATUS_MAXITER,complete,1.1683387014148496e-06,,warm/derived initialization,field-inversion H2 pseudo labels,/Users/arjunsharma/Documents/SandiaProjects/4-LDRDAMDIS/DIMSWE-study-d0eb615/external-results/test2a/fiml-sparse-endpoint-h2-h5/stage2/h2/final_parameters.npz,/Users/arjunsharma/Documents/SandiaProjects/4-LDRDAMDIS/DIMSWE-study-d0eb615/external-results/test2a/fiml-sparse-endpoint-h2-h5/stage2/h2/fit_result.json,/Users/arjunsharma/Documents/SandiaProjects/4-LDRDAMDIS/DIMSWE-study-d0eb615/external-results/test2a/fiml-sparse-endpoint-h2-h5/stage2/h2/fit_progress.json,15,"[0,1,2,5,10,25,50,100,250,500,1000,5000,10000,25000,50000]",RECONSTRUCTABLE_FROM_INTERMEDIATE_CHECKPOINTS,NOT_RECORDED,NOT_RECORDED,NOT_AVAILABLE,No frozen historical held-out protocol; states 81..160 would constitute a new temporal-extension evaluation.,Different sparse-endpoint or pseudo-label objective; not a member of the common M1/M2/H ladder.
t2a-a-fiml-pseudo-h5,Test 2A,auxiliary FIML study,A,FIML-pseudo-H5,"stage-2 pseudo-label regression; analytical A is diagnostic, not the fitted target",/Users/arjunsharma/Documents/SandiaProjects/4-LDRDAMDIS/DIMSWE-study-d0eb615/dimswe/configs/test2a_fiml_sparse_endpoint_h2_h5.json; /Users/arjunsharma/Documents/SandiaProjects/4-LDRDAMDIS/DIMSWE-study-d0eb615/dimswe/test2a_fiml.py,field-inversion sampled/post-prefix states,field-inversion pseudo-label controls for horizon 5,external-results/test1b-production/truth_c0_0.14,80 field-inversion model-step states within 0..80,NONE_DEFINED,4096,327680 pseudo-label samples (80 model-step fields),h;S;Qv;Qc;B,Test2A X states 0..80: per-feature mean/population std; A uncentered RMS; frozen across A objectives,M1: each packed state/cell/GLL sample once; deployed objectives: mixed-state mass metric,5-32-32-1; tanh hidden; linear output,1281,0,float64,,,50000,50000,,104508,50001,EExitStatus.EXITSTATUS_MAXITER,complete,8.8548853472967e-05,,warm/derived initialization,field-inversion H5 pseudo labels,/Users/arjunsharma/Documents/SandiaProjects/4-LDRDAMDIS/DIMSWE-study-d0eb615/external-results/test2a/fiml-sparse-endpoint-h2-h5/stage2/h5/final_parameters.npz,/Users/arjunsharma/Documents/SandiaProjects/4-LDRDAMDIS/DIMSWE-study-d0eb615/external-results/test2a/fiml-sparse-endpoint-h2-h5/stage2/h5/fit_result.json,/Users/arjunsharma/Documents/SandiaProjects/4-LDRDAMDIS/DIMSWE-study-d0eb615/external-results/test2a/fiml-sparse-endpoint-h2-h5/stage2/h5/fit_progress.json,15,"[0,1,2,5,10,25,50,100,250,500,1000,5000,10000,25000,50000]",RECONSTRUCTABLE_FROM_INTERMEDIATE_CHECKPOINTS,NOT_RECORDED,NOT_RECORDED,NOT_AVAILABLE,No frozen historical held-out protocol; states 81..160 would constitute a new temporal-extension evaluation.,Different sparse-endpoint or pseudo-label objective; not a member of the common M1/M2/H ladder.
t2a-a-fiml-smoke-fresh-h2-direct-h2,Test 2A,nonscientific FIML fresh-process benchmark smoke,A,FIML-direct-H2,direct sparse-endpoint recursive horizon-2 objective,/Users/arjunsharma/Documents/SandiaProjects/4-LDRDAMDIS/DIMSWE-study-d0eb615/dimswe/configs/test2a_fiml_sparse_endpoint_h2_h5.json; /Users/arjunsharma/Documents/SandiaProjects/4-LDRDAMDIS/DIMSWE-study-d0eb615/dimswe/test2a_fiml.py,recursively model-generated states after truth initialization,sparse truth endpoint X_(n+2)*,external-results/test1b-production/truth_c0_0.14,sparse endpoint windows within 0..80,NONE_DEFINED,4096,40 horizon-2 windows; full sparse-endpoint smoke objective,h;S;Qv;Qc;B,Test2A X states 0..80: per-feature mean/population std; A uncentered RMS; frozen across A objectives,M1/direct regression: each packed sample once; deployed objectives: mixed-state mass metric,5-32-32-1; tanh hidden; linear output,1281,0,float64,PyROL/ROL line-search L-BFGS,20,2,2,,9,3,EExitStatus.EXITSTATUS_MAXITER,complete,0.000498151982386144,,warm start; fresh optimizer,t2a-a-h1,/Users/arjunsharma/Documents/SandiaProjects/4-LDRDAMDIS/DIMSWE-study-d0eb615/external-results/test2a/fiml-sparse-endpoint-h2-h5/benchmarks/H2-fresh/direct_H2_smoke_parameters.npz,/Users/arjunsharma/Documents/SandiaProjects/4-LDRDAMDIS/DIMSWE-study-d0eb615/external-results/test2a/fiml-sparse-endpoint-h2-h5/benchmarks/H2-fresh/benchmark_and_smokes.json,/Users/arjunsharma/Documents/SandiaProjects/4-LDRDAMDIS/DIMSWE-study-d0eb615/external-results/test2a/fiml-sparse-endpoint-h2-h5/benchmarks/H2-fresh/benchmark_and_smokes.json,0,[],FINAL_ONLY_INITIAL_AND_FINAL,NOT_RECORDED,NOT_RECORDED,NOT_AVAILABLE,No frozen historical held-out protocol; states 81..160 would constitute a new temporal-extension evaluation.,"Artifact explicitly labels this NONSCIENTIFIC. It is a completed neural optimizer smoke, not a production fit; its parameter sidecar retains an '.incomplete' filename string although the aggregate record is complete and the final NPZ exists. Exclude from scientific metrics/figures."
t2a-a-fiml-smoke-fresh-h2-stage2-h2,Test 2A,nonscientific FIML fresh-process benchmark smoke,A,FIML-pseudo-H2,"stage-2 pseudo-label regression; analytical A is diagnostic, not the fitted target",/Users/arjunsharma/Documents/SandiaProjects/4-LDRDAMDIS/DIMSWE-study-d0eb615/dimswe/configs/test2a_fiml_sparse_endpoint_h2_h5.json; /Users/arjunsharma/Documents/SandiaProjects/4-LDRDAMDIS/DIMSWE-study-d0eb615/dimswe/test2a_fiml.py,field-inversion sampled/post-prefix states,field-inversion pseudo-label controls for horizon 2,external-results/test1b-production/truth_c0_0.14,representative field-inversion window origin 40; internal steps 1..2,NONE_DEFINED,4096,8192,h;S;Qv;Qc;B,Test2A X states 0..80: per-feature mean/population std; A uncentered RMS; frozen across A objectives,M1/direct regression: each packed sample once; deployed objectives: mixed-state mass metric,5-32-32-1; tanh hidden; linear output,1281,0,float64,PyROL/ROL line-search L-BFGS,20,20,20,,45,21,EExitStatus.EXITSTATUS_MAXITER,complete,8.791573581650695e-07,,H1-derived network fit to representative FI pseudo labels; fresh optimizer,t2a-a-h1,/Users/arjunsharma/Documents/SandiaProjects/4-LDRDAMDIS/DIMSWE-study-d0eb615/external-results/test2a/fiml-sparse-endpoint-h2-h5/benchmarks/H2-fresh/stage2_H2_smoke_parameters.npz,/Users/arjunsharma/Documents/SandiaProjects/4-LDRDAMDIS/DIMSWE-study-d0eb615/external-results/test2a/fiml-sparse-endpoint-h2-h5/benchmarks/H2-fresh/benchmark_and_smokes.json,/Users/arjunsharma/Documents/SandiaProjects/4-LDRDAMDIS/DIMSWE-study-d0eb615/external-results/test2a/fiml-sparse-endpoint-h2-h5/benchmarks/H2-fresh/benchmark_and_smokes.json,0,[],FINAL_ONLY_INITIAL_AND_FINAL,NOT_RECORDED,NOT_RECORDED,NOT_AVAILABLE,No frozen historical held-out protocol; states 81..160 would constitute a new temporal-extension evaluation.,"Artifact explicitly labels this NONSCIENTIFIC. It is a completed neural optimizer smoke, not a production fit; its parameter sidecar retains an '.incomplete' filename string although the aggregate record is complete and the final NPZ exists. Exclude from scientific metrics/figures."
t2a-a-fiml-smoke-fresh-h5-direct-h5,Test 2A,nonscientific FIML fresh-process benchmark smoke,A,FIML-direct-H5,direct sparse-endpoint recursive horizon-5 objective,/Users/arjunsharma/Documents/SandiaProjects/4-LDRDAMDIS/DIMSWE-study-d0eb615/dimswe/configs/test2a_fiml_sparse_endpoint_h2_h5.json; /Users/arjunsharma/Documents/SandiaProjects/4-LDRDAMDIS/DIMSWE-study-d0eb615/dimswe/test2a_fiml.py,recursively model-generated states after truth initialization,sparse truth endpoint X_(n+5)*,external-results/test1b-production/truth_c0_0.14,sparse endpoint windows within 0..80,NONE_DEFINED,4096,16 horizon-5 windows; full sparse-endpoint smoke objective,h;S;Qv;Qc;B,Test2A X states 0..80: per-feature mean/population std; A uncentered RMS; frozen across A objectives,M1/direct regression: each packed sample once; deployed objectives: mixed-state mass metric,5-32-32-1; tanh hidden; linear output,1281,0,float64,PyROL/ROL line-search L-BFGS,20,2,2,,9,3,EExitStatus.EXITSTATUS_MAXITER,complete,0.0004745453136178756,,warm start; fresh optimizer,t2a-a-h1,/Users/arjunsharma/Documents/SandiaProjects/4-LDRDAMDIS/DIMSWE-study-d0eb615/external-results/test2a/fiml-sparse-endpoint-h2-h5/benchmarks/H5-fresh/direct_H5_smoke_parameters.npz,/Users/arjunsharma/Documents/SandiaProjects/4-LDRDAMDIS/DIMSWE-study-d0eb615/external-results/test2a/fiml-sparse-endpoint-h2-h5/benchmarks/H5-fresh/benchmark_and_smokes.json,/Users/arjunsharma/Documents/SandiaProjects/4-LDRDAMDIS/DIMSWE-study-d0eb615/external-results/test2a/fiml-sparse-endpoint-h2-h5/benchmarks/H5-fresh/benchmark_and_smokes.json,0,[],FINAL_ONLY_INITIAL_AND_FINAL,NOT_RECORDED,NOT_RECORDED,NOT_AVAILABLE,No frozen historical held-out protocol; states 81..160 would constitute a new temporal-extension evaluation.,"Artifact explicitly labels this NONSCIENTIFIC. It is a completed neural optimizer smoke, not a production fit; its parameter sidecar retains an '.incomplete' filename string although the aggregate record is complete and the final NPZ exists. Exclude from scientific metrics/figures."
t2a-a-fiml-smoke-fresh-h5-stage2-h5,Test 2A,nonscientific FIML fresh-process benchmark smoke,A,FIML-pseudo-H5,"stage-2 pseudo-label regression; analytical A is diagnostic, not the fitted target",/Users/arjunsharma/Documents/SandiaProjects/4-LDRDAMDIS/DIMSWE-study-d0eb615/dimswe/configs/test2a_fiml_sparse_endpoint_h2_h5.json; /Users/arjunsharma/Documents/SandiaProjects/4-LDRDAMDIS/DIMSWE-study-d0eb615/dimswe/test2a_fiml.py,field-inversion sampled/post-prefix states,field-inversion pseudo-label controls for horizon 5,external-results/test1b-production/truth_c0_0.14,representative field-inversion window origin 40; internal steps 1..5,NONE_DEFINED,4096,20480,h;S;Qv;Qc;B,Test2A X states 0..80: per-feature mean/population std; A uncentered RMS; frozen across A objectives,M1/direct regression: each packed sample once; deployed objectives: mixed-state mass metric,5-32-32-1; tanh hidden; linear output,1281,0,float64,PyROL/ROL line-search L-BFGS,20,20,20,,45,21,EExitStatus.EXITSTATUS_MAXITER,complete,4.407892416013824e-05,,H1-derived network fit to representative FI pseudo labels; fresh optimizer,t2a-a-h1,/Users/arjunsharma/Documents/SandiaProjects/4-LDRDAMDIS/DIMSWE-study-d0eb615/external-results/test2a/fiml-sparse-endpoint-h2-h5/benchmarks/H5-fresh/stage2_H5_smoke_parameters.npz,/Users/arjunsharma/Documents/SandiaProjects/4-LDRDAMDIS/DIMSWE-study-d0eb615/external-results/test2a/fiml-sparse-endpoint-h2-h5/benchmarks/H5-fresh/benchmark_and_smokes.json,/Users/arjunsharma/Documents/SandiaProjects/4-LDRDAMDIS/DIMSWE-study-d0eb615/external-results/test2a/fiml-sparse-endpoint-h2-h5/benchmarks/H5-fresh/benchmark_and_smokes.json,0,[],FINAL_ONLY_INITIAL_AND_FINAL,NOT_RECORDED,NOT_RECORDED,NOT_AVAILABLE,No frozen historical held-out protocol; states 81..160 would constitute a new temporal-extension evaluation.,"Artifact explicitly labels this NONSCIENTIFIC. It is a completed neural optimizer smoke, not a production fit; its parameter sidecar retains an '.incomplete' filename string although the aggregate record is complete and the final NPZ exists. Exclude from scientific metrics/figures."
t2a-a-fiml-smoke-superseded-h2-same-tape-direct-h2,Test 2A,superseded nonscientific FIML timing smoke,A,FIML-direct-H2,direct sparse-endpoint recursive horizon-2 objective,/Users/arjunsharma/Documents/SandiaProjects/4-LDRDAMDIS/DIMSWE-study-d0eb615/dimswe/configs/test2a_fiml_sparse_endpoint_h2_h5.json; /Users/arjunsharma/Documents/SandiaProjects/4-LDRDAMDIS/DIMSWE-study-d0eb615/dimswe/test2a_fiml.py,recursively model-generated states after truth initialization,sparse truth endpoint X_(n+2)*,external-results/test1b-production/truth_c0_0.14,sparse endpoint windows within 0..80,NONE_DEFINED,4096,40 horizon-2 windows; full sparse-endpoint smoke objective,h;S;Qv;Qc;B,Test2A X states 0..80: per-feature mean/population std; A uncentered RMS; frozen across A objectives,M1/direct regression: each packed sample once; deployed objectives: mixed-state mass metric,5-32-32-1; tanh hidden; linear output,1281,0,float64,PyROL/ROL line-search L-BFGS,20,2,2,,9,3,EExitStatus.EXITSTATUS_MAXITER,complete,0.000498151982386144,,warm start; fresh optimizer,t2a-a-h1,/Users/arjunsharma/Documents/SandiaProjects/4-LDRDAMDIS/DIMSWE-study-d0eb615/external-results/test2a/fiml-sparse-endpoint-h2-h5/preparation/superseded-benchmarks/H2-same-tape-timing/direct_H2_smoke_parameters.npz,/Users/arjunsharma/Documents/SandiaProjects/4-LDRDAMDIS/DIMSWE-study-d0eb615/external-results/test2a/fiml-sparse-endpoint-h2-h5/preparation/superseded-benchmarks/H2-same-tape-timing/benchmark_and_smokes.json,/Users/arjunsharma/Documents/SandiaProjects/4-LDRDAMDIS/DIMSWE-study-d0eb615/external-results/test2a/fiml-sparse-endpoint-h2-h5/preparation/superseded-benchmarks/H2-same-tape-timing/benchmark_and_smokes.json,0,[],FINAL_ONLY_INITIAL_AND_FINAL,NOT_RECORDED,NOT_RECORDED,NOT_AVAILABLE,No frozen historical held-out protocol; states 81..160 would constitute a new temporal-extension evaluation.,"Artifact explicitly labels this NONSCIENTIFIC. It is a completed neural optimizer smoke, not a production fit; its parameter sidecar retains an '.incomplete' filename string although the aggregate record is complete and the final NPZ exists. Exclude from scientific metrics/figures."
t2a-a-fiml-smoke-superseded-h2-same-tape-stage2-h2,Test 2A,superseded nonscientific FIML timing smoke,A,FIML-pseudo-H2,"stage-2 pseudo-label regression; analytical A is diagnostic, not the fitted target",/Users/arjunsharma/Documents/SandiaProjects/4-LDRDAMDIS/DIMSWE-study-d0eb615/dimswe/configs/test2a_fiml_sparse_endpoint_h2_h5.json; /Users/arjunsharma/Documents/SandiaProjects/4-LDRDAMDIS/DIMSWE-study-d0eb615/dimswe/test2a_fiml.py,field-inversion sampled/post-prefix states,field-inversion pseudo-label controls for horizon 2,external-results/test1b-production/truth_c0_0.14,representative field-inversion window origin 40; internal steps 1..2,NONE_DEFINED,4096,8192,h;S;Qv;Qc;B,Test2A X states 0..80: per-feature mean/population std; A uncentered RMS; frozen across A objectives,M1/direct regression: each packed sample once; deployed objectives: mixed-state mass metric,5-32-32-1; tanh hidden; linear output,1281,0,float64,PyROL/ROL line-search L-BFGS,20,20,20,,45,21,EExitStatus.EXITSTATUS_MAXITER,complete,8.791573581650695e-07,,H1-derived network fit to representative FI pseudo labels; fresh optimizer,t2a-a-h1,/Users/arjunsharma/Documents/SandiaProjects/4-LDRDAMDIS/DIMSWE-study-d0eb615/external-results/test2a/fiml-sparse-endpoint-h2-h5/preparation/superseded-benchmarks/H2-same-tape-timing/stage2_H2_smoke_parameters.npz,/Users/arjunsharma/Documents/SandiaProjects/4-LDRDAMDIS/DIMSWE-study-d0eb615/external-results/test2a/fiml-sparse-endpoint-h2-h5/preparation/superseded-benchmarks/H2-same-tape-timing/benchmark_and_smokes.json,/Users/arjunsharma/Documents/SandiaProjects/4-LDRDAMDIS/DIMSWE-study-d0eb615/external-results/test2a/fiml-sparse-endpoint-h2-h5/preparation/superseded-benchmarks/H2-same-tape-timing/benchmark_and_smokes.json,0,[],FINAL_ONLY_INITIAL_AND_FINAL,NOT_RECORDED,NOT_RECORDED,NOT_AVAILABLE,No frozen historical held-out protocol; states 81..160 would constitute a new temporal-extension evaluation.,"Artifact explicitly labels this NONSCIENTIFIC. It is a completed neural optimizer smoke, not a production fit; its parameter sidecar retains an '.incomplete' filename string although the aggregate record is complete and the final NPZ exists. Exclude from scientific metrics/figures."
t2a-a-fiml-smoke-superseded-combined-memory-aborted-direct-h2,Test 2A,completed neural endpoint inside superseded/aborted FIML benchmark,A,FIML-direct-H2,direct sparse-endpoint recursive horizon-2 objective,/Users/arjunsharma/Documents/SandiaProjects/4-LDRDAMDIS/DIMSWE-study-d0eb615/dimswe/configs/test2a_fiml_sparse_endpoint_h2_h5.json; /Users/arjunsharma/Documents/SandiaProjects/4-LDRDAMDIS/DIMSWE-study-d0eb615/dimswe/test2a_fiml.py,recursively model-generated states after truth initialization,sparse truth endpoint X_(n+2)*,external-results/test1b-production/truth_c0_0.14,sparse endpoint windows within 0..80,NONE_DEFINED,4096,40 horizon-2 windows; full sparse-endpoint smoke objective,h;S;Qv;Qc;B,Test2A X states 0..80: per-feature mean/population std; A uncentered RMS; frozen across A objectives,M1/direct regression: each packed sample once; deployed objectives: mixed-state mass metric,5-32-32-1; tanh hidden; linear output,1281,0,float64,PyROL/ROL line-search L-BFGS,20,2,2,,9,3,EExitStatus.EXITSTATUS_MAXITER,complete,0.000498151982386144,,warm start; fresh optimizer,t2a-a-h1,/Users/arjunsharma/Documents/SandiaProjects/4-LDRDAMDIS/DIMSWE-study-d0eb615/external-results/test2a/fiml-sparse-endpoint-h2-h5/preparation/superseded-benchmarks/combined-process-memory-aborted/direct_H2_smoke_parameters.npz,/Users/arjunsharma/Documents/SandiaProjects/4-LDRDAMDIS/DIMSWE-study-d0eb615/external-results/test2a/fiml-sparse-endpoint-h2-h5/preparation/superseded-benchmarks/combined-process-memory-aborted/benchmark_and_smokes.json,/Users/arjunsharma/Documents/SandiaProjects/4-LDRDAMDIS/DIMSWE-study-d0eb615/external-results/test2a/fiml-sparse-endpoint-h2-h5/preparation/superseded-benchmarks/combined-process-memory-aborted/benchmark_and_smokes.json,0,[],FINAL_ONLY_INITIAL_AND_FINAL,NOT_RECORDED,NOT_RECORDED,NOT_AVAILABLE,No frozen historical held-out protocol; states 81..160 would constitute a new temporal-extension evaluation.,"Artifact explicitly labels this NONSCIENTIFIC. It is a completed neural optimizer smoke, not a production fit; its parameter sidecar retains an '.incomplete' filename string although the aggregate record is complete and the final NPZ exists. Exclude from scientific metrics/figures."
t2a-a-fiml-smoke-superseded-combined-memory-aborted-direct-h5,Test 2A,completed neural endpoint inside superseded/aborted FIML benchmark,A,FIML-direct-H5,direct sparse-endpoint recursive horizon-5 objective,/Users/arjunsharma/Documents/SandiaProjects/4-LDRDAMDIS/DIMSWE-study-d0eb615/dimswe/configs/test2a_fiml_sparse_endpoint_h2_h5.json; /Users/arjunsharma/Documents/SandiaProjects/4-LDRDAMDIS/DIMSWE-study-d0eb615/dimswe/test2a_fiml.py,recursively model-generated states after truth initialization,sparse truth endpoint X_(n+5)*,external-results/test1b-production/truth_c0_0.14,sparse endpoint windows within 0..80,NONE_DEFINED,4096,16 horizon-5 windows; full sparse-endpoint smoke objective,h;S;Qv;Qc;B,Test2A X states 0..80: per-feature mean/population std; A uncentered RMS; frozen across A objectives,M1/direct regression: each packed sample once; deployed objectives: mixed-state mass metric,5-32-32-1; tanh hidden; linear output,1281,0,float64,PyROL/ROL line-search L-BFGS,20,2,2,,9,3,EExitStatus.EXITSTATUS_MAXITER,complete,0.0004745453136178756,,warm start; fresh optimizer,t2a-a-h1,/Users/arjunsharma/Documents/SandiaProjects/4-LDRDAMDIS/DIMSWE-study-d0eb615/external-results/test2a/fiml-sparse-endpoint-h2-h5/preparation/superseded-benchmarks/combined-process-memory-aborted/direct_H5_smoke_parameters.npz,/Users/arjunsharma/Documents/SandiaProjects/4-LDRDAMDIS/DIMSWE-study-d0eb615/external-results/test2a/fiml-sparse-endpoint-h2-h5/preparation/superseded-benchmarks/combined-process-memory-aborted/benchmark_and_smokes.json,/Users/arjunsharma/Documents/SandiaProjects/4-LDRDAMDIS/DIMSWE-study-d0eb615/external-results/test2a/fiml-sparse-endpoint-h2-h5/preparation/superseded-benchmarks/combined-process-memory-aborted/benchmark_and_smokes.json,0,[],FINAL_ONLY_INITIAL_AND_FINAL,NOT_RECORDED,NOT_RECORDED,NOT_AVAILABLE,No frozen historical held-out protocol; states 81..160 would constitute a new temporal-extension evaluation.,"Artifact explicitly labels this NONSCIENTIFIC. It is a completed neural optimizer smoke, not a production fit; its parameter sidecar retains an '.incomplete' filename string although the aggregate record is complete and the final NPZ exists. Exclude from scientific metrics/figures."
t2a-a-fiml-smoke-superseded-combined-memory-aborted-stage2-h2,Test 2A,completed neural endpoint inside superseded/aborted FIML benchmark,A,FIML-pseudo-H2,"stage-2 pseudo-label regression; analytical A is diagnostic, not the fitted target",/Users/arjunsharma/Documents/SandiaProjects/4-LDRDAMDIS/DIMSWE-study-d0eb615/dimswe/configs/test2a_fiml_sparse_endpoint_h2_h5.json; /Users/arjunsharma/Documents/SandiaProjects/4-LDRDAMDIS/DIMSWE-study-d0eb615/dimswe/test2a_fiml.py,field-inversion sampled/post-prefix states,field-inversion pseudo-label controls for horizon 2,external-results/test1b-production/truth_c0_0.14,representative field-inversion window origin 40; internal steps 1..2,NONE_DEFINED,4096,8192,h;S;Qv;Qc;B,Test2A X states 0..80: per-feature mean/population std; A uncentered RMS; frozen across A objectives,M1/direct regression: each packed sample once; deployed objectives: mixed-state mass metric,5-32-32-1; tanh hidden; linear output,1281,0,float64,PyROL/ROL line-search L-BFGS,20,20,20,,45,21,EExitStatus.EXITSTATUS_MAXITER,complete,8.791573581650695e-07,,H1-derived network fit to representative FI pseudo labels; fresh optimizer,t2a-a-h1,/Users/arjunsharma/Documents/SandiaProjects/4-LDRDAMDIS/DIMSWE-study-d0eb615/external-results/test2a/fiml-sparse-endpoint-h2-h5/preparation/superseded-benchmarks/combined-process-memory-aborted/stage2_H2_smoke_parameters.npz,/Users/arjunsharma/Documents/SandiaProjects/4-LDRDAMDIS/DIMSWE-study-d0eb615/external-results/test2a/fiml-sparse-endpoint-h2-h5/preparation/superseded-benchmarks/combined-process-memory-aborted/benchmark_and_smokes.json,/Users/arjunsharma/Documents/SandiaProjects/4-LDRDAMDIS/DIMSWE-study-d0eb615/external-results/test2a/fiml-sparse-endpoint-h2-h5/preparation/superseded-benchmarks/combined-process-memory-aborted/benchmark_and_smokes.json,0,[],FINAL_ONLY_INITIAL_AND_FINAL,NOT_RECORDED,NOT_RECORDED,NOT_AVAILABLE,No frozen historical held-out protocol; states 81..160 would constitute a new temporal-extension evaluation.,"Artifact explicitly labels this NONSCIENTIFIC. It is a completed neural optimizer smoke, not a production fit; its parameter sidecar retains an '.incomplete' filename string although the aggregate record is complete and the final NPZ exists. Exclude from scientific metrics/figures."
t2a-a-fiml-smoke-superseded-combined-memory-aborted-stage2-h5,Test 2A,completed neural endpoint inside superseded/aborted FIML benchmark,A,FIML-pseudo-H5,"stage-2 pseudo-label regression; analytical A is diagnostic, not the fitted target",/Users/arjunsharma/Documents/SandiaProjects/4-LDRDAMDIS/DIMSWE-study-d0eb615/dimswe/configs/test2a_fiml_sparse_endpoint_h2_h5.json; /Users/arjunsharma/Documents/SandiaProjects/4-LDRDAMDIS/DIMSWE-study-d0eb615/dimswe/test2a_fiml.py,field-inversion sampled/post-prefix states,field-inversion pseudo-label controls for horizon 5,external-results/test1b-production/truth_c0_0.14,representative field-inversion window origin 40; internal steps 1..5,NONE_DEFINED,4096,20480,h;S;Qv;Qc;B,Test2A X states 0..80: per-feature mean/population std; A uncentered RMS; frozen across A objectives,M1/direct regression: each packed sample once; deployed objectives: mixed-state mass metric,5-32-32-1; tanh hidden; linear output,1281,0,float64,PyROL/ROL line-search L-BFGS,20,20,20,,45,21,EExitStatus.EXITSTATUS_MAXITER,complete,4.407892416013824e-05,,H1-derived network fit to representative FI pseudo labels; fresh optimizer,t2a-a-h1,/Users/arjunsharma/Documents/SandiaProjects/4-LDRDAMDIS/DIMSWE-study-d0eb615/external-results/test2a/fiml-sparse-endpoint-h2-h5/preparation/superseded-benchmarks/combined-process-memory-aborted/stage2_H5_smoke_parameters.npz,/Users/arjunsharma/Documents/SandiaProjects/4-LDRDAMDIS/DIMSWE-study-d0eb615/external-results/test2a/fiml-sparse-endpoint-h2-h5/preparation/superseded-benchmarks/combined-process-memory-aborted/benchmark_and_smokes.json,/Users/arjunsharma/Documents/SandiaProjects/4-LDRDAMDIS/DIMSWE-study-d0eb615/external-results/test2a/fiml-sparse-endpoint-h2-h5/preparation/superseded-benchmarks/combined-process-memory-aborted/benchmark_and_smokes.json,0,[],FINAL_ONLY_INITIAL_AND_FINAL,NOT_RECORDED,NOT_RECORDED,NOT_AVAILABLE,No frozen historical held-out protocol; states 81..160 would constitute a new temporal-extension evaluation.,"Artifact explicitly labels this NONSCIENTIFIC. It is a completed neural optimizer smoke, not a production fit; its parameter sidecar retains an '.incomplete' filename string although the aggregate record is complete and the final NPZ exists. Exclude from scientific metrics/figures."
t2a-c-m1x,Test 2A,accepted core,C,M1-X,direct normalized local regression,/Users/arjunsharma/Documents/SandiaProjects/4-LDRDAMDIS/DIMSWE-study-d0eb615/dimswe/configs/test2a_problem_b.json; /Users/arjunsharma/Documents/SandiaProjects/4-LDRDAMDIS/DIMSWE-study-d0eb615/dimswe/test2a_problem_b_campaign.py,X_n*,analytical local A/R/source target evaluated at X_n*,external-results/test1b-production/truth_c0_0.14,0..80,NONE_DEFINED,4096,331776,h;S;Qv;Qc;B,Test2A X states 0..80: frozen Problem-A input statistics; mass-weighted source output scales,carrier-mass weighted full batch for local sources; mixed-state mass metric for deployed objectives,5-32-32-4; tanh hidden; linear output,1380,0,float64,line-search L-BFGS,20,200000,200000,,416425,200001,EExitStatus.EXITSTATUS_MAXITER,complete,0.0005517974380792215,,seed-zero independent,,/Users/arjunsharma/Documents/SandiaProjects/4-LDRDAMDIS/DIMSWE-study-d0eb615/external-results/test2a/problem-b/production/m1-seed0-m20-200k/final_parameters.npz,/Users/arjunsharma/Documents/SandiaProjects/4-LDRDAMDIS/DIMSWE-study-d0eb615/external-results/test2a/problem-b/production/m1-seed0-m20-200k/fit_result.json,/Users/arjunsharma/Documents/SandiaProjects/4-LDRDAMDIS/DIMSWE-study-d0eb615/external-results/test2a/problem-b/production/m1-seed0-m20-200k/fit_progress.json,15,"[0,10,25,50,75,100,500,1000,5000,10000,25000,50000,100000,150000,200000]",SPARSE_RECORDED_AT_INTERMEDIATE_CHECKPOINTS,NOT_RECORDED,NOT_RECORDED,NOT_AVAILABLE,No frozen historical held-out protocol; states 81..160 would constitute a new temporal-extension evaluation.,Independent seed-zero endpoint.
t2a-c-m2x-independent,Test 2A,accepted core,C,M2-X,fixed boundary-state deployed-discrete/source-to-state objective,/Users/arjunsharma/Documents/SandiaProjects/4-LDRDAMDIS/DIMSWE-study-d0eb615/dimswe/configs/test2a_problem_b.json; /Users/arjunsharma/Documents/SandiaProjects/4-LDRDAMDIS/DIMSWE-study-d0eb615/dimswe/test2a_problem_b_campaign.py,X_n*,analytical deployed moist-child source-to-state update evaluated at X_n*,external-results/test1b-production/truth_c0_0.14,0..80,NONE_DEFINED,4096,331776,h;S;Qv;Qc;B,Test2A X states 0..80: frozen Problem-A input statistics; mass-weighted source output scales,carrier-mass weighted full batch for local sources; mixed-state mass metric for deployed objectives,5-32-32-4; tanh hidden; linear output,1380,0,float64,line-search L-BFGS,20,200000,200000,,416432,200001,EExitStatus.EXITSTATUS_MAXITER,complete,0.0005873863838421324,,seed-zero independent,,/Users/arjunsharma/Documents/SandiaProjects/4-LDRDAMDIS/DIMSWE-study-d0eb615/external-results/test2a/problem-b/production/m2x-seed0-m20-200k/final_parameters.npz,/Users/arjunsharma/Documents/SandiaProjects/4-LDRDAMDIS/DIMSWE-study-d0eb615/external-results/test2a/problem-b/production/m2x-seed0-m20-200k/fit_result.json,/Users/arjunsharma/Documents/SandiaProjects/4-LDRDAMDIS/DIMSWE-study-d0eb615/external-results/test2a/problem-b/production/m2x-seed0-m20-200k/fit_progress.json,15,"[0,10,25,50,75,100,500,1000,5000,10000,25000,50000,100000,150000,200000]",SPARSE_RECORDED_AT_INTERMEDIATE_CHECKPOINTS,NOT_RECORDED,NOT_RECORDED,NOT_AVAILABLE,No frozen historical held-out protocol; states 81..160 would constitute a new temporal-extension evaluation.,Independent seed-zero endpoint.
t2a-c-m2x-warm,Test 2A,accepted core,C,M2-X,fixed boundary-state deployed-discrete/source-to-state objective,/Users/arjunsharma/Documents/SandiaProjects/4-LDRDAMDIS/DIMSWE-study-d0eb615/dimswe/configs/test2a_problem_b.json; /Users/arjunsharma/Documents/SandiaProjects/4-LDRDAMDIS/DIMSWE-study-d0eb615/dimswe/test2a_problem_b_campaign.py,X_n*,analytical deployed moist-child source-to-state update evaluated at X_n*,external-results/test1b-production/truth_c0_0.14,0..80,NONE_DEFINED,4096,331776,h;S;Qv;Qc;B,Test2A X states 0..80: frozen Problem-A input statistics; mass-weighted source output scales,carrier-mass weighted full batch for local sources; mixed-state mass metric for deployed objectives,5-32-32-4; tanh hidden; linear output,1380,0,float64,line-search L-BFGS,20,50000,50000,,104210,50001,EExitStatus.EXITSTATUS_MAXITER,complete,0.00043850961099866574,,warm start,t2a-c-m1x,/Users/arjunsharma/Documents/SandiaProjects/4-LDRDAMDIS/DIMSWE-study-d0eb615/external-results/test2a/problem-b/production/m1-to-m2x-m20-50k/final_parameters.npz,/Users/arjunsharma/Documents/SandiaProjects/4-LDRDAMDIS/DIMSWE-study-d0eb615/external-results/test2a/problem-b/production/m1-to-m2x-m20-50k/fit_result.json,/Users/arjunsharma/Documents/SandiaProjects/4-LDRDAMDIS/DIMSWE-study-d0eb615/external-results/test2a/problem-b/production/m1-to-m2x-m20-50k/fit_progress.json,12,"[0,10,25,50,75,100,500,1000,5000,10000,25000,50000]",SPARSE_RECORDED_AT_INTERMEDIATE_CHECKPOINTS,NOT_RECORDED,NOT_RECORDED,NOT_AVAILABLE,No frozen historical held-out protocol; states 81..160 would constitute a new temporal-extension evaluation.,Warm-start/objective-ladder comparison is confounded by initialization and optimization history.
t2a-c-h1,Test 2A,accepted core,C,H1,fixed post-prefix truth-reset one-step objective (historical M2-Y),/Users/arjunsharma/Documents/SandiaProjects/4-LDRDAMDIS/DIMSWE-study-d0eb615/dimswe/configs/test2a_problem_b.json; /Users/arjunsharma/Documents/SandiaProjects/4-LDRDAMDIS/DIMSWE-study-d0eb615/dimswe/test2a_problem_b_campaign.py,Y_n*=P(X_n*),truth-consistent one-step moist-child update ending at X_(n+1)*,external-results/test1b-production/truth_c0_0.14,starts 0..79,NONE_DEFINED,4096,80 one-step windows; 327680 local calls,h;S;Qv;Qc;B,Test2A X states 0..80: frozen Problem-A input statistics; mass-weighted source output scales,carrier-mass weighted full batch for local sources; mixed-state mass metric for deployed objectives,5-32-32-4; tanh hidden; linear output,1380,0,float64,line-search L-BFGS,20,50000,50000,,104325,50001,EExitStatus.EXITSTATUS_MAXITER,complete,0.0003984244402958454,,warm start,t2a-c-m1x,/Users/arjunsharma/Documents/SandiaProjects/4-LDRDAMDIS/DIMSWE-study-d0eb615/external-results/test2a/problem-b/production/h1-from-m1/final_parameters.npz,/Users/arjunsharma/Documents/SandiaProjects/4-LDRDAMDIS/DIMSWE-study-d0eb615/external-results/test2a/problem-b/production/h1-from-m1/fit_result.json,/Users/arjunsharma/Documents/SandiaProjects/4-LDRDAMDIS/DIMSWE-study-d0eb615/external-results/test2a/problem-b/production/h1-from-m1/fit_progress.json,12,"[0,10,25,50,75,100,500,1000,5000,10000,25000,50000]",SPARSE_RECORDED_AT_INTERMEDIATE_CHECKPOINTS,NOT_RECORDED,NOT_RECORDED,NOT_AVAILABLE,No frozen historical held-out protocol; states 81..160 would constitute a new temporal-extension evaluation.,Warm-start/objective-ladder comparison is confounded by initialization and optimization history.
t2a-c-h2,Test 2A,accepted core,C,H2,dense accumulated recursive horizon-2 objective,/Users/arjunsharma/Documents/SandiaProjects/4-LDRDAMDIS/DIMSWE-study-d0eb615/dimswe/configs/test2a_problem_b.json; /Users/arjunsharma/Documents/SandiaProjects/4-LDRDAMDIS/DIMSWE-study-d0eb615/dimswe/test2a_problem_b_campaign.py,Y_n* for first call; then recursively model-generated states,truth boundary states X_(n+1)* and X_(n+2)*,external-results/test1b-production/truth_c0_0.14,dense nonoverlapping windows within 0..80,NONE_DEFINED,4096,40 horizon-2 windows; 80 target steps,h;S;Qv;Qc;B,Test2A X states 0..80: frozen Problem-A input statistics; mass-weighted source output scales,carrier-mass weighted full batch for local sources; mixed-state mass metric for deployed objectives,5-32-32-4; tanh hidden; linear output,1380,0,float64,line-search L-BFGS,20,100,100,,213,101,EExitStatus.EXITSTATUS_MAXITER,complete,0.0006962489812542169,,continuation by parameters; new optimizer,t2a-c-h1,/Users/arjunsharma/Documents/SandiaProjects/4-LDRDAMDIS/DIMSWE-study-d0eb615/external-results/test2a/problem-b/production/h2-from-h1/final_parameters.npz,/Users/arjunsharma/Documents/SandiaProjects/4-LDRDAMDIS/DIMSWE-study-d0eb615/external-results/test2a/problem-b/production/h2-from-h1/fit_result.json,/Users/arjunsharma/Documents/SandiaProjects/4-LDRDAMDIS/DIMSWE-study-d0eb615/external-results/test2a/problem-b/production/h2-from-h1/fit_progress.json,6,"[0,10,25,50,75,100]",SPARSE_RECORDED_AT_INTERMEDIATE_CHECKPOINTS,NOT_RECORDED,NOT_RECORDED,NOT_AVAILABLE,No frozen historical held-out protocol; states 81..160 would constitute a new temporal-extension evaluation.,Warm-start/objective-ladder comparison is confounded by initialization and optimization history.
t2a-c-h5,Test 2A,accepted core,C,H5,dense accumulated recursive horizon-5 objective,/Users/arjunsharma/Documents/SandiaProjects/4-LDRDAMDIS/DIMSWE-study-d0eb615/dimswe/configs/test2a_problem_b.json; /Users/arjunsharma/Documents/SandiaProjects/4-LDRDAMDIS/DIMSWE-study-d0eb615/dimswe/test2a_problem_b_campaign.py,Y_n* for first call; then recursively model-generated states,truth boundary states X_(n+1)* through X_(n+5)*,external-results/test1b-production/truth_c0_0.14,dense nonoverlapping windows within 0..80,NONE_DEFINED,4096,16 horizon-5 windows; 80 target steps,h;S;Qv;Qc;B,Test2A X states 0..80: frozen Problem-A input statistics; mass-weighted source output scales,carrier-mass weighted full batch for local sources; mixed-state mass metric for deployed objectives,5-32-32-4; tanh hidden; linear output,1380,0,float64,line-search L-BFGS,20,100,100,,212,101,EExitStatus.EXITSTATUS_MAXITER,complete,0.0016206670827861548,,continuation by parameters; new optimizer,t2a-c-h2,/Users/arjunsharma/Documents/SandiaProjects/4-LDRDAMDIS/DIMSWE-study-d0eb615/external-results/test2a/problem-b/production/h5-from-h2/final_parameters.npz,/Users/arjunsharma/Documents/SandiaProjects/4-LDRDAMDIS/DIMSWE-study-d0eb615/external-results/test2a/problem-b/production/h5-from-h2/fit_result.json,/Users/arjunsharma/Documents/SandiaProjects/4-LDRDAMDIS/DIMSWE-study-d0eb615/external-results/test2a/problem-b/production/h5-from-h2/fit_progress.json,6,"[0,10,25,50,75,100]",SPARSE_RECORDED_AT_INTERMEDIATE_CHECKPOINTS,NOT_RECORDED,NOT_RECORDED,NOT_AVAILABLE,No frozen historical held-out protocol; states 81..160 would constitute a new temporal-extension evaluation.,Warm-start/objective-ladder comparison is confounded by initialization and optimization history.
t2b-a-m1x,Test 2B,accepted core,A,M1-X,direct normalized local regression,/Users/arjunsharma/Documents/SandiaProjects/4-LDRDAMDIS/DIMSWE-study-d0eb615/dimswe/configs/test2b_rain_active_learning.json; /Users/arjunsharma/Documents/SandiaProjects/4-LDRDAMDIS/DIMSWE-study-d0eb615/dimswe/test2b_rain_learning_campaign.py,X_n*,analytical local A/R/source target evaluated at X_n*,external-results/test2b-rain-active-truth/production-n64-zeta-m0p06-dt100-t16000,0..80,81..160 (post-training held-out truth support),65536,5308416,h;S;Qv;Qc;B,Frozen Test2B X states 0..80 carrier-mass statistics/output scales; never refit by objective,carrier-mass weighted deterministic full batch; representation-specific normalized outputs,5-32-32-1; tanh hidden; linear output,1281,0,float64,,,10000,10000,,20983,10001,EExitStatus.EXITSTATUS_MAXITER,complete,2.9897337575707075e-05,,seed-zero independent,,/Users/arjunsharma/Documents/SandiaProjects/4-LDRDAMDIS/DIMSWE-study-d0eb615/external-results/test2b-rain-active-learning/production/representation-A/m1-seed0-m20-10k/final_parameters.npz,/Users/arjunsharma/Documents/SandiaProjects/4-LDRDAMDIS/DIMSWE-study-d0eb615/external-results/test2b-rain-active-learning/production/representation-A/m1-seed0-m20-10k/fit_result.json,/Users/arjunsharma/Documents/SandiaProjects/4-LDRDAMDIS/DIMSWE-study-d0eb615/external-results/test2b-rain-active-learning/production/representation-A/m1-seed0-m20-10k/fit_progress.json,10,"[0,1,5,10,20,100,500,1000,5000,10000]",RECONSTRUCTABLE_FROM_INTERMEDIATE_CHECKPOINTS,NOT_RECORDED,NOT_RECORDED,RECONSTRUCTABLE_FROM_INTERMEDIATE_CHECKPOINTS,Direct Y-state held-out learned-quantity curves: CHEAP from saved Y arrays. Direct X-state curves: MODERATE one-time read-only X array extraction. Objective-specific feasibility is recorded separately.,Independent seed-zero endpoint; same representation contract.
t2b-a-m2x-independent,Test 2B,accepted core,A,M2-X,fixed boundary-state deployed-discrete/source-to-state objective,/Users/arjunsharma/Documents/SandiaProjects/4-LDRDAMDIS/DIMSWE-study-d0eb615/dimswe/configs/test2b_rain_active_learning.json; /Users/arjunsharma/Documents/SandiaProjects/4-LDRDAMDIS/DIMSWE-study-d0eb615/dimswe/test2b_rain_learning_campaign.py,X_n*,analytical deployed moist-child source-to-state update evaluated at X_n*,external-results/test2b-rain-active-truth/production-n64-zeta-m0p06-dt100-t16000,0..80,81..160 (post-training held-out truth support),65536,5308416,h;S;Qv;Qc;B,Frozen Test2B X states 0..80 carrier-mass statistics/output scales; never refit by objective,carrier-mass weighted deterministic full batch; representation-specific normalized outputs,5-32-32-1; tanh hidden; linear output,1281,0,float64,,,10000,10000,,21009,10001,EExitStatus.EXITSTATUS_MAXITER,complete,1.864768212896724e-05,,seed-zero independent,,/Users/arjunsharma/Documents/SandiaProjects/4-LDRDAMDIS/DIMSWE-study-d0eb615/external-results/test2b-rain-active-learning/production/representation-A/m2x-seed0-m20-10k/final_parameters.npz,/Users/arjunsharma/Documents/SandiaProjects/4-LDRDAMDIS/DIMSWE-study-d0eb615/external-results/test2b-rain-active-learning/production/representation-A/m2x-seed0-m20-10k/fit_result.json,/Users/arjunsharma/Documents/SandiaProjects/4-LDRDAMDIS/DIMSWE-study-d0eb615/external-results/test2b-rain-active-learning/production/representation-A/m2x-seed0-m20-10k/fit_progress.json,10,"[0,1,5,10,20,100,500,1000,5000,10000]",RECONSTRUCTABLE_FROM_INTERMEDIATE_CHECKPOINTS,NOT_RECORDED,NOT_RECORDED,RECONSTRUCTABLE_FROM_INTERMEDIATE_CHECKPOINTS,Direct Y-state held-out learned-quantity curves: CHEAP from saved Y arrays. Direct X-state curves: MODERATE one-time read-only X array extraction. Objective-specific feasibility is recorded separately.,Independent seed-zero endpoint; same representation contract.
t2b-a-m2x-warm,Test 2B,accepted warm-start branch,A,M2-X,fixed boundary-state deployed-discrete/source-to-state objective,/Users/arjunsharma/Documents/SandiaProjects/4-LDRDAMDIS/DIMSWE-study-d0eb615/dimswe/configs/test2b_rain_active_learning.json; /Users/arjunsharma/Documents/SandiaProjects/4-LDRDAMDIS/DIMSWE-study-d0eb615/dimswe/test2b_rain_learning_campaign.py,X_n*,analytical deployed moist-child source-to-state update evaluated at X_n*,external-results/test2b-rain-active-truth/production-n64-zeta-m0p06-dt100-t16000,0..80,81..160 (post-training held-out truth support),65536,5308416,h;S;Qv;Qc;B,Frozen Test2B X states 0..80 carrier-mass statistics/output scales; never refit by objective,carrier-mass weighted deterministic full batch; representation-specific normalized outputs,5-32-32-1; tanh hidden; linear output,1281,0,float64,,,5000,5000,,10471,5001,EExitStatus.EXITSTATUS_MAXITER,complete,1.4875848850968718e-05,,warm start,t2b-a-M1-X,/Users/arjunsharma/Documents/SandiaProjects/4-LDRDAMDIS/DIMSWE-study-d0eb615/external-results/test2b-rain-active-learning/production/representation-A/m1-to-m2x-m20-5k/final_parameters.npz,/Users/arjunsharma/Documents/SandiaProjects/4-LDRDAMDIS/DIMSWE-study-d0eb615/external-results/test2b-rain-active-learning/production/representation-A/m1-to-m2x-m20-5k/fit_result.json,/Users/arjunsharma/Documents/SandiaProjects/4-LDRDAMDIS/DIMSWE-study-d0eb615/external-results/test2b-rain-active-learning/production/representation-A/m1-to-m2x-m20-5k/fit_progress.json,9,"[0,1,5,10,20,100,500,1000,5000]",RECONSTRUCTABLE_FROM_INTERMEDIATE_CHECKPOINTS,NOT_RECORDED,NOT_RECORDED,RECONSTRUCTABLE_FROM_INTERMEDIATE_CHECKPOINTS,Direct Y-state held-out learned-quantity curves: CHEAP from saved Y arrays. Direct X-state curves: MODERATE one-time read-only X array extraction. Objective-specific feasibility is recorded separately.,Warm-start/horizon-ladder comparison is confounded by initialization and prior objective optimization; each stage starts a new empty L-BFGS history.
t2b-a-h1,Test 2B,accepted horizon ladder,A,H1,fixed post-prefix truth-reset one-step objective (historical M2-Y),/Users/arjunsharma/Documents/SandiaProjects/4-LDRDAMDIS/DIMSWE-study-d0eb615/dimswe/configs/test2b_rain_active_learning.json; /Users/arjunsharma/Documents/SandiaProjects/4-LDRDAMDIS/DIMSWE-study-d0eb615/dimswe/test2b_rain_learning_campaign.py,Y_n*=P(X_n*),truth-consistent one-step moist-child update ending at X_(n+1)*,external-results/test2b-rain-active-truth/production-n64-zeta-m0p06-dt100-t16000,starts 0..79,81..160 (post-training held-out truth support),65536,80 one-step windows; 5242880 local calls,h;S;Qv;Qc;B,Frozen Test2B X states 0..80 carrier-mass statistics/output scales; never refit by objective,carrier-mass weighted deterministic full batch; representation-specific normalized outputs,5-32-32-1; tanh hidden; linear output,1281,0,float64,,,5000,5000,,10446,5001,EExitStatus.EXITSTATUS_MAXITER,complete,3.001818343501887e-05,,warm start,t2b-a-M1-X,/Users/arjunsharma/Documents/SandiaProjects/4-LDRDAMDIS/DIMSWE-study-d0eb615/external-results/test2b-rain-active-learning/production/representation-A/h1-from-m1-m20-5k/final_parameters.npz,/Users/arjunsharma/Documents/SandiaProjects/4-LDRDAMDIS/DIMSWE-study-d0eb615/external-results/test2b-rain-active-learning/production/representation-A/h1-from-m1-m20-5k/fit_result.json,/Users/arjunsharma/Documents/SandiaProjects/4-LDRDAMDIS/DIMSWE-study-d0eb615/external-results/test2b-rain-active-learning/production/representation-A/h1-from-m1-m20-5k/fit_progress.json,9,"[0,1,5,10,20,100,500,1000,5000]",RECONSTRUCTABLE_FROM_INTERMEDIATE_CHECKPOINTS,NOT_RECORDED,NOT_RECORDED,RECONSTRUCTABLE_FROM_INTERMEDIATE_CHECKPOINTS,Direct Y-state held-out learned-quantity curves: CHEAP from saved Y arrays. Direct X-state curves: MODERATE one-time read-only X array extraction. Objective-specific feasibility is recorded separately.,Warm-start/horizon-ladder comparison is confounded by initialization and prior objective optimization; each stage starts a new empty L-BFGS history.
t2b-a-h2,Test 2B,accepted horizon ladder,A,H2,dense accumulated recursive horizon-2 objective,/Users/arjunsharma/Documents/SandiaProjects/4-LDRDAMDIS/DIMSWE-study-d0eb615/dimswe/configs/test2b_rain_active_learning.json; /Users/arjunsharma/Documents/SandiaProjects/4-LDRDAMDIS/DIMSWE-study-d0eb615/dimswe/test2b_rain_learning_campaign.py,Y_n* for first call; then recursively model-generated states,truth boundary states X_(n+1)* and X_(n+2)*,external-results/test2b-rain-active-truth/production-n64-zeta-m0p06-dt100-t16000,dense windows within 0..80,81..160 (post-training held-out truth support),65536,40 horizon-2 windows; 80 target steps,h;S;Qv;Qc;B,Frozen Test2B X states 0..80 carrier-mass statistics/output scales; never refit by objective,carrier-mass weighted deterministic full batch; representation-specific normalized outputs,5-32-32-1; tanh hidden; linear output,1281,0,float64,,,20,20,,44,21,EExitStatus.EXITSTATUS_MAXITER,complete,5.518718280643356e-05,,continuation by parameters; new optimizer,t2b-a-H1,/Users/arjunsharma/Documents/SandiaProjects/4-LDRDAMDIS/DIMSWE-study-d0eb615/external-results/test2b-rain-active-learning/production/representation-A/h2-from-h1-m20-20/final_parameters.npz,/Users/arjunsharma/Documents/SandiaProjects/4-LDRDAMDIS/DIMSWE-study-d0eb615/external-results/test2b-rain-active-learning/production/representation-A/h2-from-h1-m20-20/fit_result.json,/Users/arjunsharma/Documents/SandiaProjects/4-LDRDAMDIS/DIMSWE-study-d0eb615/external-results/test2b-rain-active-learning/production/representation-A/h2-from-h1-m20-20/fit_progress.json,5,"[0,1,5,10,20]",RECONSTRUCTABLE_FROM_INTERMEDIATE_CHECKPOINTS,NOT_RECORDED,NOT_RECORDED,RECONSTRUCTABLE_FROM_INTERMEDIATE_CHECKPOINTS,Direct Y-state held-out learned-quantity curves: CHEAP from saved Y arrays. Direct X-state curves: MODERATE one-time read-only X array extraction. Objective-specific feasibility is recorded separately.,Warm-start/horizon-ladder comparison is confounded by initialization and prior objective optimization; each stage starts a new empty L-BFGS history.
t2b-a-h5,Test 2B,accepted horizon ladder,A,H5,dense accumulated recursive horizon-5 objective,/Users/arjunsharma/Documents/SandiaProjects/4-LDRDAMDIS/DIMSWE-study-d0eb615/dimswe/configs/test2b_rain_active_learning.json; /Users/arjunsharma/Documents/SandiaProjects/4-LDRDAMDIS/DIMSWE-study-d0eb615/dimswe/test2b_rain_learning_campaign.py,Y_n* for first call; then recursively model-generated states,truth boundary states X_(n+1)* through X_(n+5)*,external-results/test2b-rain-active-truth/production-n64-zeta-m0p06-dt100-t16000,dense windows within 0..80,81..160 (post-training held-out truth support),65536,16 horizon-5 windows; 80 target steps,h;S;Qv;Qc;B,Frozen Test2B X states 0..80 carrier-mass statistics/output scales; never refit by objective,carrier-mass weighted deterministic full batch; representation-specific normalized outputs,5-32-32-1; tanh hidden; linear output,1281,0,float64,,,20,20,,44,21,EExitStatus.EXITSTATUS_MAXITER,complete,0.00011019889746677016,,continuation by parameters; new optimizer,t2b-a-H2,/Users/arjunsharma/Documents/SandiaProjects/4-LDRDAMDIS/DIMSWE-study-d0eb615/external-results/test2b-rain-active-learning/production/representation-A/h5-from-h2-m20-20/final_parameters.npz,/Users/arjunsharma/Documents/SandiaProjects/4-LDRDAMDIS/DIMSWE-study-d0eb615/external-results/test2b-rain-active-learning/production/representation-A/h5-from-h2-m20-20/fit_result.json,/Users/arjunsharma/Documents/SandiaProjects/4-LDRDAMDIS/DIMSWE-study-d0eb615/external-results/test2b-rain-active-learning/production/representation-A/h5-from-h2-m20-20/fit_progress.json,5,"[0,1,5,10,20]",RECONSTRUCTABLE_FROM_INTERMEDIATE_CHECKPOINTS,NOT_RECORDED,NOT_RECORDED,RECONSTRUCTABLE_FROM_INTERMEDIATE_CHECKPOINTS,Direct Y-state held-out learned-quantity curves: CHEAP from saved Y arrays. Direct X-state curves: MODERATE one-time read-only X array extraction. Objective-specific feasibility is recorded separately.,Warm-start/horizon-ladder comparison is confounded by initialization and prior objective optimization; each stage starts a new empty L-BFGS history.
t2b-b-m1x,Test 2B,accepted core,B,M1-X,direct normalized local regression,/Users/arjunsharma/Documents/SandiaProjects/4-LDRDAMDIS/DIMSWE-study-d0eb615/dimswe/configs/test2b_rain_active_learning.json; /Users/arjunsharma/Documents/SandiaProjects/4-LDRDAMDIS/DIMSWE-study-d0eb615/dimswe/test2b_rain_learning_campaign.py,X_n*,analytical local A/R/source target evaluated at X_n*,external-results/test2b-rain-active-truth/production-n64-zeta-m0p06-dt100-t16000,0..80,81..160 (post-training held-out truth support),65536,5308416,h;S;Qv;Qc;B,Frozen Test2B X states 0..80 carrier-mass statistics/output scales; never refit by objective,carrier-mass weighted deterministic full batch; representation-specific normalized outputs,5-32-32-2; tanh hidden; linear output,1314,0,float64,,,10000,10000,,20964,10001,EExitStatus.EXITSTATUS_MAXITER,complete,4.072769317816356e-05,,seed-zero independent,,/Users/arjunsharma/Documents/SandiaProjects/4-LDRDAMDIS/DIMSWE-study-d0eb615/external-results/test2b-rain-active-learning/production/representation-B/m1-seed0-m20-10k/final_parameters.npz,/Users/arjunsharma/Documents/SandiaProjects/4-LDRDAMDIS/DIMSWE-study-d0eb615/external-results/test2b-rain-active-learning/production/representation-B/m1-seed0-m20-10k/fit_result.json,/Users/arjunsharma/Documents/SandiaProjects/4-LDRDAMDIS/DIMSWE-study-d0eb615/external-results/test2b-rain-active-learning/production/representation-B/m1-seed0-m20-10k/fit_progress.json,10,"[0,1,5,10,20,100,500,1000,5000,10000]",RECONSTRUCTABLE_FROM_INTERMEDIATE_CHECKPOINTS,NOT_RECORDED,NOT_RECORDED,RECONSTRUCTABLE_FROM_INTERMEDIATE_CHECKPOINTS,Direct Y-state held-out learned-quantity curves: CHEAP from saved Y arrays. Direct X-state curves: MODERATE one-time read-only X array extraction. Objective-specific feasibility is recorded separately.,Independent seed-zero endpoint; same representation contract.
t2b-b-m2x-independent,Test 2B,accepted core,B,M2-X,fixed boundary-state deployed-discrete/source-to-state objective,/Users/arjunsharma/Documents/SandiaProjects/4-LDRDAMDIS/DIMSWE-study-d0eb615/dimswe/configs/test2b_rain_active_learning.json; /Users/arjunsharma/Documents/SandiaProjects/4-LDRDAMDIS/DIMSWE-study-d0eb615/dimswe/test2b_rain_learning_campaign.py,X_n*,analytical deployed moist-child source-to-state update evaluated at X_n*,external-results/test2b-rain-active-truth/production-n64-zeta-m0p06-dt100-t16000,0..80,81..160 (post-training held-out truth support),65536,5308416,h;S;Qv;Qc;B,Frozen Test2B X states 0..80 carrier-mass statistics/output scales; never refit by objective,carrier-mass weighted deterministic full batch; representation-specific normalized outputs,5-32-32-2; tanh hidden; linear output,1314,0,float64,,,10000,10000,,20944,10001,EExitStatus.EXITSTATUS_MAXITER,complete,1.863373258646678e-05,,seed-zero independent,,/Users/arjunsharma/Documents/SandiaProjects/4-LDRDAMDIS/DIMSWE-study-d0eb615/external-results/test2b-rain-active-learning/production/representation-B/m2x-seed0-m20-10k/final_parameters.npz,/Users/arjunsharma/Documents/SandiaProjects/4-LDRDAMDIS/DIMSWE-study-d0eb615/external-results/test2b-rain-active-learning/production/representation-B/m2x-seed0-m20-10k/fit_result.json,/Users/arjunsharma/Documents/SandiaProjects/4-LDRDAMDIS/DIMSWE-study-d0eb615/external-results/test2b-rain-active-learning/production/representation-B/m2x-seed0-m20-10k/fit_progress.json,10,"[0,1,5,10,20,100,500,1000,5000,10000]",RECONSTRUCTABLE_FROM_INTERMEDIATE_CHECKPOINTS,NOT_RECORDED,NOT_RECORDED,RECONSTRUCTABLE_FROM_INTERMEDIATE_CHECKPOINTS,Direct Y-state held-out learned-quantity curves: CHEAP from saved Y arrays. Direct X-state curves: MODERATE one-time read-only X array extraction. Objective-specific feasibility is recorded separately.,Independent seed-zero endpoint; same representation contract.
t2b-b-m2x-warm,Test 2B,accepted warm-start branch,B,M2-X,fixed boundary-state deployed-discrete/source-to-state objective,/Users/arjunsharma/Documents/SandiaProjects/4-LDRDAMDIS/DIMSWE-study-d0eb615/dimswe/configs/test2b_rain_active_learning.json; /Users/arjunsharma/Documents/SandiaProjects/4-LDRDAMDIS/DIMSWE-study-d0eb615/dimswe/test2b_rain_learning_campaign.py,X_n*,analytical deployed moist-child source-to-state update evaluated at X_n*,external-results/test2b-rain-active-truth/production-n64-zeta-m0p06-dt100-t16000,0..80,81..160 (post-training held-out truth support),65536,5308416,h;S;Qv;Qc;B,Frozen Test2B X states 0..80 carrier-mass statistics/output scales; never refit by objective,carrier-mass weighted deterministic full batch; representation-specific normalized outputs,5-32-32-2; tanh hidden; linear output,1314,0,float64,,,5000,5000,,10506,5001,EExitStatus.EXITSTATUS_MAXITER,complete,1.4814244410556754e-05,,warm start,t2b-b-M1-X,/Users/arjunsharma/Documents/SandiaProjects/4-LDRDAMDIS/DIMSWE-study-d0eb615/external-results/test2b-rain-active-learning/production/representation-B/m1-to-m2x-m20-5k/final_parameters.npz,/Users/arjunsharma/Documents/SandiaProjects/4-LDRDAMDIS/DIMSWE-study-d0eb615/external-results/test2b-rain-active-learning/production/representation-B/m1-to-m2x-m20-5k/fit_result.json,/Users/arjunsharma/Documents/SandiaProjects/4-LDRDAMDIS/DIMSWE-study-d0eb615/external-results/test2b-rain-active-learning/production/representation-B/m1-to-m2x-m20-5k/fit_progress.json,9,"[0,1,5,10,20,100,500,1000,5000]",RECONSTRUCTABLE_FROM_INTERMEDIATE_CHECKPOINTS,NOT_RECORDED,NOT_RECORDED,RECONSTRUCTABLE_FROM_INTERMEDIATE_CHECKPOINTS,Direct Y-state held-out learned-quantity curves: CHEAP from saved Y arrays. Direct X-state curves: MODERATE one-time read-only X array extraction. Objective-specific feasibility is recorded separately.,Warm-start/horizon-ladder comparison is confounded by initialization and prior objective optimization; each stage starts a new empty L-BFGS history.
t2b-b-h1,Test 2B,accepted horizon ladder,B,H1,fixed post-prefix truth-reset one-step objective (historical M2-Y),/Users/arjunsharma/Documents/SandiaProjects/4-LDRDAMDIS/DIMSWE-study-d0eb615/dimswe/configs/test2b_rain_active_learning.json; /Users/arjunsharma/Documents/SandiaProjects/4-LDRDAMDIS/DIMSWE-study-d0eb615/dimswe/test2b_rain_learning_campaign.py,Y_n*=P(X_n*),truth-consistent one-step moist-child update ending at X_(n+1)*,external-results/test2b-rain-active-truth/production-n64-zeta-m0p06-dt100-t16000,starts 0..79,81..160 (post-training held-out truth support),65536,80 one-step windows; 5242880 local calls,h;S;Qv;Qc;B,Frozen Test2B X states 0..80 carrier-mass statistics/output scales; never refit by objective,carrier-mass weighted deterministic full batch; representation-specific normalized outputs,5-32-32-2; tanh hidden; linear output,1314,0,float64,,,5000,5000,,10500,5001,EExitStatus.EXITSTATUS_MAXITER,complete,2.2820014210665148e-05,,warm start,t2b-b-M1-X,/Users/arjunsharma/Documents/SandiaProjects/4-LDRDAMDIS/DIMSWE-study-d0eb615/external-results/test2b-rain-active-learning/production/representation-B/h1-from-m1-m20-5k/final_parameters.npz,/Users/arjunsharma/Documents/SandiaProjects/4-LDRDAMDIS/DIMSWE-study-d0eb615/external-results/test2b-rain-active-learning/production/representation-B/h1-from-m1-m20-5k/fit_result.json,/Users/arjunsharma/Documents/SandiaProjects/4-LDRDAMDIS/DIMSWE-study-d0eb615/external-results/test2b-rain-active-learning/production/representation-B/h1-from-m1-m20-5k/fit_progress.json,9,"[0,1,5,10,20,100,500,1000,5000]",RECONSTRUCTABLE_FROM_INTERMEDIATE_CHECKPOINTS,NOT_RECORDED,NOT_RECORDED,RECONSTRUCTABLE_FROM_INTERMEDIATE_CHECKPOINTS,Direct Y-state held-out learned-quantity curves: CHEAP from saved Y arrays. Direct X-state curves: MODERATE one-time read-only X array extraction. Objective-specific feasibility is recorded separately.,Warm-start/horizon-ladder comparison is confounded by initialization and prior objective optimization; each stage starts a new empty L-BFGS history.
t2b-b-h2,Test 2B,accepted horizon ladder,B,H2,dense accumulated recursive horizon-2 objective,/Users/arjunsharma/Documents/SandiaProjects/4-LDRDAMDIS/DIMSWE-study-d0eb615/dimswe/configs/test2b_rain_active_learning.json; /Users/arjunsharma/Documents/SandiaProjects/4-LDRDAMDIS/DIMSWE-study-d0eb615/dimswe/test2b_rain_learning_campaign.py,Y_n* for first call; then recursively model-generated states,truth boundary states X_(n+1)* and X_(n+2)*,external-results/test2b-rain-active-truth/production-n64-zeta-m0p06-dt100-t16000,dense windows within 0..80,81..160 (post-training held-out truth support),65536,40 horizon-2 windows; 80 target steps,h;S;Qv;Qc;B,Frozen Test2B X states 0..80 carrier-mass statistics/output scales; never refit by objective,carrier-mass weighted deterministic full batch; representation-specific normalized outputs,5-32-32-2; tanh hidden; linear output,1314,0,float64,,,20,20,,44,21,EExitStatus.EXITSTATUS_MAXITER,complete,3.990593206801135e-05,,continuation by parameters; new optimizer,t2b-b-H1,/Users/arjunsharma/Documents/SandiaProjects/4-LDRDAMDIS/DIMSWE-study-d0eb615/external-results/test2b-rain-active-learning/production/representation-B/h2-from-h1-m20-20/final_parameters.npz,/Users/arjunsharma/Documents/SandiaProjects/4-LDRDAMDIS/DIMSWE-study-d0eb615/external-results/test2b-rain-active-learning/production/representation-B/h2-from-h1-m20-20/fit_result.json,/Users/arjunsharma/Documents/SandiaProjects/4-LDRDAMDIS/DIMSWE-study-d0eb615/external-results/test2b-rain-active-learning/production/representation-B/h2-from-h1-m20-20/fit_progress.json,5,"[0,1,5,10,20]",RECONSTRUCTABLE_FROM_INTERMEDIATE_CHECKPOINTS,NOT_RECORDED,NOT_RECORDED,RECONSTRUCTABLE_FROM_INTERMEDIATE_CHECKPOINTS,Direct Y-state held-out learned-quantity curves: CHEAP from saved Y arrays. Direct X-state curves: MODERATE one-time read-only X array extraction. Objective-specific feasibility is recorded separately.,Warm-start/horizon-ladder comparison is confounded by initialization and prior objective optimization; each stage starts a new empty L-BFGS history.
t2b-b-h5,Test 2B,accepted horizon ladder,B,H5,dense accumulated recursive horizon-5 objective,/Users/arjunsharma/Documents/SandiaProjects/4-LDRDAMDIS/DIMSWE-study-d0eb615/dimswe/configs/test2b_rain_active_learning.json; /Users/arjunsharma/Documents/SandiaProjects/4-LDRDAMDIS/DIMSWE-study-d0eb615/dimswe/test2b_rain_learning_campaign.py,Y_n* for first call; then recursively model-generated states,truth boundary states X_(n+1)* through X_(n+5)*,external-results/test2b-rain-active-truth/production-n64-zeta-m0p06-dt100-t16000,dense windows within 0..80,81..160 (post-training held-out truth support),65536,16 horizon-5 windows; 80 target steps,h;S;Qv;Qc;B,Frozen Test2B X states 0..80 carrier-mass statistics/output scales; never refit by objective,carrier-mass weighted deterministic full batch; representation-specific normalized outputs,5-32-32-2; tanh hidden; linear output,1314,0,float64,,,20,20,,44,21,EExitStatus.EXITSTATUS_MAXITER,complete,7.397756301974212e-05,,continuation by parameters; new optimizer,t2b-b-H2,/Users/arjunsharma/Documents/SandiaProjects/4-LDRDAMDIS/DIMSWE-study-d0eb615/external-results/test2b-rain-active-learning/production/representation-B/h5-from-h2-m20-20/final_parameters.npz,/Users/arjunsharma/Documents/SandiaProjects/4-LDRDAMDIS/DIMSWE-study-d0eb615/external-results/test2b-rain-active-learning/production/representation-B/h5-from-h2-m20-20/fit_result.json,/Users/arjunsharma/Documents/SandiaProjects/4-LDRDAMDIS/DIMSWE-study-d0eb615/external-results/test2b-rain-active-learning/production/representation-B/h5-from-h2-m20-20/fit_progress.json,5,"[0,1,5,10,20]",RECONSTRUCTABLE_FROM_INTERMEDIATE_CHECKPOINTS,NOT_RECORDED,NOT_RECORDED,RECONSTRUCTABLE_FROM_INTERMEDIATE_CHECKPOINTS,Direct Y-state held-out learned-quantity curves: CHEAP from saved Y arrays. Direct X-state curves: MODERATE one-time read-only X array extraction. Objective-specific feasibility is recorded separately.,Warm-start/horizon-ladder comparison is confounded by initialization and prior objective optimization; each stage starts a new empty L-BFGS history.
t2b-c-m1x,Test 2B,accepted core,C,M1-X,direct normalized local regression,/Users/arjunsharma/Documents/SandiaProjects/4-LDRDAMDIS/DIMSWE-study-d0eb615/dimswe/configs/test2b_rain_active_learning.json; /Users/arjunsharma/Documents/SandiaProjects/4-LDRDAMDIS/DIMSWE-study-d0eb615/dimswe/test2b_rain_learning_campaign.py,X_n*,analytical local A/R/source target evaluated at X_n*,external-results/test2b-rain-active-truth/production-n64-zeta-m0p06-dt100-t16000,0..80,81..160 (post-training held-out truth support),65536,5308416,h;S;Qv;Qc;B,Frozen Test2B X states 0..80 carrier-mass statistics/output scales; never refit by objective,carrier-mass weighted deterministic full batch; representation-specific normalized outputs,5-32-32-4; tanh hidden; linear output,1380,0,float64,,,10000,10000,,20746,10001,EExitStatus.EXITSTATUS_MAXITER,complete,3.8697519765561936e-05,,seed-zero independent,,/Users/arjunsharma/Documents/SandiaProjects/4-LDRDAMDIS/DIMSWE-study-d0eb615/external-results/test2b-rain-active-learning/production/representation-C/m1-seed0-m20-10k/final_parameters.npz,/Users/arjunsharma/Documents/SandiaProjects/4-LDRDAMDIS/DIMSWE-study-d0eb615/external-results/test2b-rain-active-learning/production/representation-C/m1-seed0-m20-10k/fit_result.json,/Users/arjunsharma/Documents/SandiaProjects/4-LDRDAMDIS/DIMSWE-study-d0eb615/external-results/test2b-rain-active-learning/production/representation-C/m1-seed0-m20-10k/fit_progress.json,10,"[0,1,5,10,20,100,500,1000,5000,10000]",RECONSTRUCTABLE_FROM_INTERMEDIATE_CHECKPOINTS,NOT_RECORDED,NOT_RECORDED,RECONSTRUCTABLE_FROM_INTERMEDIATE_CHECKPOINTS,Direct Y-state held-out learned-quantity curves: CHEAP from saved Y arrays. Direct X-state curves: MODERATE one-time read-only X array extraction. Objective-specific feasibility is recorded separately.,Independent seed-zero endpoint; same representation contract.
t2b-c-m2x-independent,Test 2B,accepted core,C,M2-X,fixed boundary-state deployed-discrete/source-to-state objective,/Users/arjunsharma/Documents/SandiaProjects/4-LDRDAMDIS/DIMSWE-study-d0eb615/dimswe/configs/test2b_rain_active_learning.json; /Users/arjunsharma/Documents/SandiaProjects/4-LDRDAMDIS/DIMSWE-study-d0eb615/dimswe/test2b_rain_learning_campaign.py,X_n*,analytical deployed moist-child source-to-state update evaluated at X_n*,external-results/test2b-rain-active-truth/production-n64-zeta-m0p06-dt100-t16000,0..80,81..160 (post-training held-out truth support),65536,5308416,h;S;Qv;Qc;B,Frozen Test2B X states 0..80 carrier-mass statistics/output scales; never refit by objective,carrier-mass weighted deterministic full batch; representation-specific normalized outputs,5-32-32-4; tanh hidden; linear output,1380,0,float64,,,10000,10000,,20935,10001,EExitStatus.EXITSTATUS_MAXITER,complete,1.538900036045785e-05,,seed-zero independent,,/Users/arjunsharma/Documents/SandiaProjects/4-LDRDAMDIS/DIMSWE-study-d0eb615/external-results/test2b-rain-active-learning/production/representation-C/m2x-seed0-m20-10k/final_parameters.npz,/Users/arjunsharma/Documents/SandiaProjects/4-LDRDAMDIS/DIMSWE-study-d0eb615/external-results/test2b-rain-active-learning/production/representation-C/m2x-seed0-m20-10k/fit_result.json,/Users/arjunsharma/Documents/SandiaProjects/4-LDRDAMDIS/DIMSWE-study-d0eb615/external-results/test2b-rain-active-learning/production/representation-C/m2x-seed0-m20-10k/fit_progress.json,10,"[0,1,5,10,20,100,500,1000,5000,10000]",RECONSTRUCTABLE_FROM_INTERMEDIATE_CHECKPOINTS,NOT_RECORDED,NOT_RECORDED,RECONSTRUCTABLE_FROM_INTERMEDIATE_CHECKPOINTS,Direct Y-state held-out learned-quantity curves: CHEAP from saved Y arrays. Direct X-state curves: MODERATE one-time read-only X array extraction. Objective-specific feasibility is recorded separately.,Independent seed-zero endpoint; same representation contract.
t2b-c-m2x-warm,Test 2B,accepted warm-start branch,C,M2-X,fixed boundary-state deployed-discrete/source-to-state objective,/Users/arjunsharma/Documents/SandiaProjects/4-LDRDAMDIS/DIMSWE-study-d0eb615/dimswe/configs/test2b_rain_active_learning.json; /Users/arjunsharma/Documents/SandiaProjects/4-LDRDAMDIS/DIMSWE-study-d0eb615/dimswe/test2b_rain_learning_campaign.py,X_n*,analytical deployed moist-child source-to-state update evaluated at X_n*,external-results/test2b-rain-active-truth/production-n64-zeta-m0p06-dt100-t16000,0..80,81..160 (post-training held-out truth support),65536,5308416,h;S;Qv;Qc;B,Frozen Test2B X states 0..80 carrier-mass statistics/output scales; never refit by objective,carrier-mass weighted deterministic full batch; representation-specific normalized outputs,5-32-32-4; tanh hidden; linear output,1380,0,float64,,,5000,5000,,10461,5001,EExitStatus.EXITSTATUS_MAXITER,complete,1.4039537322282988e-05,,warm start,t2b-c-M1-X,/Users/arjunsharma/Documents/SandiaProjects/4-LDRDAMDIS/DIMSWE-study-d0eb615/external-results/test2b-rain-active-learning/production/representation-C/m1-to-m2x-m20-5k/final_parameters.npz,/Users/arjunsharma/Documents/SandiaProjects/4-LDRDAMDIS/DIMSWE-study-d0eb615/external-results/test2b-rain-active-learning/production/representation-C/m1-to-m2x-m20-5k/fit_result.json,/Users/arjunsharma/Documents/SandiaProjects/4-LDRDAMDIS/DIMSWE-study-d0eb615/external-results/test2b-rain-active-learning/production/representation-C/m1-to-m2x-m20-5k/fit_progress.json,9,"[0,1,5,10,20,100,500,1000,5000]",RECONSTRUCTABLE_FROM_INTERMEDIATE_CHECKPOINTS,NOT_RECORDED,NOT_RECORDED,RECONSTRUCTABLE_FROM_INTERMEDIATE_CHECKPOINTS,Direct Y-state held-out learned-quantity curves: CHEAP from saved Y arrays. Direct X-state curves: MODERATE one-time read-only X array extraction. Objective-specific feasibility is recorded separately.,Warm-start/horizon-ladder comparison is confounded by initialization and prior objective optimization; each stage starts a new empty L-BFGS history.
t2b-c-h1,Test 2B,accepted horizon ladder,C,H1,fixed post-prefix truth-reset one-step objective (historical M2-Y),/Users/arjunsharma/Documents/SandiaProjects/4-LDRDAMDIS/DIMSWE-study-d0eb615/dimswe/configs/test2b_rain_active_learning.json; /Users/arjunsharma/Documents/SandiaProjects/4-LDRDAMDIS/DIMSWE-study-d0eb615/dimswe/test2b_rain_learning_campaign.py,Y_n*=P(X_n*),truth-consistent one-step moist-child update ending at X_(n+1)*,external-results/test2b-rain-active-truth/production-n64-zeta-m0p06-dt100-t16000,starts 0..79,81..160 (post-training held-out truth support),65536,80 one-step windows; 5242880 local calls,h;S;Qv;Qc;B,Frozen Test2B X states 0..80 carrier-mass statistics/output scales; never refit by objective,carrier-mass weighted deterministic full batch; representation-specific normalized outputs,5-32-32-4; tanh hidden; linear output,1380,0,float64,,,5000,5000,,10445,5001,EExitStatus.EXITSTATUS_MAXITER,complete,3.426713133257584e-05,,warm start,t2b-c-M1-X,/Users/arjunsharma/Documents/SandiaProjects/4-LDRDAMDIS/DIMSWE-study-d0eb615/external-results/test2b-rain-active-learning/production/representation-C/h1-from-m1-m20-5k/final_parameters.npz,/Users/arjunsharma/Documents/SandiaProjects/4-LDRDAMDIS/DIMSWE-study-d0eb615/external-results/test2b-rain-active-learning/production/representation-C/h1-from-m1-m20-5k/fit_result.json,/Users/arjunsharma/Documents/SandiaProjects/4-LDRDAMDIS/DIMSWE-study-d0eb615/external-results/test2b-rain-active-learning/production/representation-C/h1-from-m1-m20-5k/fit_progress.json,9,"[0,1,5,10,20,100,500,1000,5000]",RECONSTRUCTABLE_FROM_INTERMEDIATE_CHECKPOINTS,NOT_RECORDED,NOT_RECORDED,RECONSTRUCTABLE_FROM_INTERMEDIATE_CHECKPOINTS,Direct Y-state held-out learned-quantity curves: CHEAP from saved Y arrays. Direct X-state curves: MODERATE one-time read-only X array extraction. Objective-specific feasibility is recorded separately.,Warm-start/horizon-ladder comparison is confounded by initialization and prior objective optimization; each stage starts a new empty L-BFGS history.
t2b-c-h2,Test 2B,accepted horizon ladder,C,H2,dense accumulated recursive horizon-2 objective,/Users/arjunsharma/Documents/SandiaProjects/4-LDRDAMDIS/DIMSWE-study-d0eb615/dimswe/configs/test2b_rain_active_learning.json; /Users/arjunsharma/Documents/SandiaProjects/4-LDRDAMDIS/DIMSWE-study-d0eb615/dimswe/test2b_rain_learning_campaign.py,Y_n* for first call; then recursively model-generated states,truth boundary states X_(n+1)* and X_(n+2)*,external-results/test2b-rain-active-truth/production-n64-zeta-m0p06-dt100-t16000,dense windows within 0..80,81..160 (post-training held-out truth support),65536,40 horizon-2 windows; 80 target steps,h;S;Qv;Qc;B,Frozen Test2B X states 0..80 carrier-mass statistics/output scales; never refit by objective,carrier-mass weighted deterministic full batch; representation-specific normalized outputs,5-32-32-4; tanh hidden; linear output,1380,0,float64,,,20,20,,44,21,EExitStatus.EXITSTATUS_MAXITER,complete,0.00014003948998326003,,continuation by parameters; new optimizer,t2b-c-H1,/Users/arjunsharma/Documents/SandiaProjects/4-LDRDAMDIS/DIMSWE-study-d0eb615/external-results/test2b-rain-active-learning/production/representation-C/h2-from-h1-m20-20/final_parameters.npz,/Users/arjunsharma/Documents/SandiaProjects/4-LDRDAMDIS/DIMSWE-study-d0eb615/external-results/test2b-rain-active-learning/production/representation-C/h2-from-h1-m20-20/fit_result.json,/Users/arjunsharma/Documents/SandiaProjects/4-LDRDAMDIS/DIMSWE-study-d0eb615/external-results/test2b-rain-active-learning/production/representation-C/h2-from-h1-m20-20/fit_progress.json,5,"[0,1,5,10,20]",RECONSTRUCTABLE_FROM_INTERMEDIATE_CHECKPOINTS,NOT_RECORDED,NOT_RECORDED,RECONSTRUCTABLE_FROM_INTERMEDIATE_CHECKPOINTS,Direct Y-state held-out learned-quantity curves: CHEAP from saved Y arrays. Direct X-state curves: MODERATE one-time read-only X array extraction. Objective-specific feasibility is recorded separately.,Warm-start/horizon-ladder comparison is confounded by initialization and prior objective optimization; each stage starts a new empty L-BFGS history.
t2b-c-h5,Test 2B,accepted horizon ladder,C,H5,dense accumulated recursive horizon-5 objective,/Users/arjunsharma/Documents/SandiaProjects/4-LDRDAMDIS/DIMSWE-study-d0eb615/dimswe/configs/test2b_rain_active_learning.json; /Users/arjunsharma/Documents/SandiaProjects/4-LDRDAMDIS/DIMSWE-study-d0eb615/dimswe/test2b_rain_learning_campaign.py,Y_n* for first call; then recursively model-generated states,truth boundary states X_(n+1)* through X_(n+5)*,external-results/test2b-rain-active-truth/production-n64-zeta-m0p06-dt100-t16000,dense windows within 0..80,81..160 (post-training held-out truth support),65536,16 horizon-5 windows; 80 target steps,h;S;Qv;Qc;B,Frozen Test2B X states 0..80 carrier-mass statistics/output scales; never refit by objective,carrier-mass weighted deterministic full batch; representation-specific normalized outputs,5-32-32-4; tanh hidden; linear output,1380,0,float64,,,20,20,,45,21,EExitStatus.EXITSTATUS_MAXITER,complete,0.0007034132450114223,,continuation by parameters; new optimizer,t2b-c-H2,/Users/arjunsharma/Documents/SandiaProjects/4-LDRDAMDIS/DIMSWE-study-d0eb615/external-results/test2b-rain-active-learning/production/representation-C/h5-from-h2-m20-20/final_parameters.npz,/Users/arjunsharma/Documents/SandiaProjects/4-LDRDAMDIS/DIMSWE-study-d0eb615/external-results/test2b-rain-active-learning/production/representation-C/h5-from-h2-m20-20/fit_result.json,/Users/arjunsharma/Documents/SandiaProjects/4-LDRDAMDIS/DIMSWE-study-d0eb615/external-results/test2b-rain-active-learning/production/representation-C/h5-from-h2-m20-20/fit_progress.json,5,"[0,1,5,10,20]",RECONSTRUCTABLE_FROM_INTERMEDIATE_CHECKPOINTS,NOT_RECORDED,NOT_RECORDED,RECONSTRUCTABLE_FROM_INTERMEDIATE_CHECKPOINTS,Direct Y-state held-out learned-quantity curves: CHEAP from saved Y arrays. Direct X-state curves: MODERATE one-time read-only X array extraction. Objective-specific feasibility is recorded separately.,Warm-start/horizon-ladder comparison is confounded by initialization and prior objective optimization; each stage starts a new empty L-BFGS history.
t2b-btp-m1x-ablation,Test 2B,rain-output-transform ablation,BTP,M1-X,direct normalized local regression,/Users/arjunsharma/Documents/SandiaProjects/4-LDRDAMDIS/DIMSWE-study-d0eb615/dimswe/test2b_rain_learning_campaign.py; /Users/arjunsharma/Documents/SandiaProjects/4-LDRDAMDIS/DIMSWE-study-d0eb615/external-results/test2b-rain-active-learning/preparation/representation_btp_certification.json,X_n*,analytical local A/R/source target evaluated at X_n*,external-results/test2b-rain-active-truth/production-n64-zeta-m0p06-dt100-t16000,0..80,81..160 (post-training held-out truth support),65536,5308416,h;S;Qv;Qc;B,Frozen Test2B X states 0..80 carrier-mass statistics/output scales; never refit by objective,carrier-mass weighted deterministic full batch; representation-specific normalized outputs,5-32-32-2; tanh hidden; linear output,1314,0,float64,,,10000,10000,,20931,10001,EExitStatus.EXITSTATUS_MAXITER,complete,3.0237209761157905e-05,,seed-zero independent,,/Users/arjunsharma/Documents/SandiaProjects/4-LDRDAMDIS/DIMSWE-study-d0eb615/external-results/test2b-rain-active-learning/production/representation-BTP/m1-seed0-m20-10k/final_parameters.npz,/Users/arjunsharma/Documents/SandiaProjects/4-LDRDAMDIS/DIMSWE-study-d0eb615/external-results/test2b-rain-active-learning/production/representation-BTP/m1-seed0-m20-10k/fit_result.json,/Users/arjunsharma/Documents/SandiaProjects/4-LDRDAMDIS/DIMSWE-study-d0eb615/external-results/test2b-rain-active-learning/production/representation-BTP/m1-seed0-m20-10k/fit_progress.json,10,"[0,1,5,10,20,100,500,1000,5000,10000]",RECONSTRUCTABLE_FROM_INTERMEDIATE_CHECKPOINTS,NOT_RECORDED,NOT_RECORDED,RECONSTRUCTABLE_FROM_INTERMEDIATE_CHECKPOINTS,Direct Y-state held-out learned-quantity curves: CHEAP from saved Y arrays. Direct X-state curves: MODERATE one-time read-only X array extraction. Objective-specific feasibility is recorded separately.,Auxiliary positive-rain-output transform/limiter ablation; not one of the production A/B/C representation ladders and lacks standard final deployment postprocessing.
t2b-btpl-m1x-ablation,Test 2B,rain-output-transform ablation,BTPL,M1-X,direct normalized local regression,/Users/arjunsharma/Documents/SandiaProjects/4-LDRDAMDIS/DIMSWE-study-d0eb615/dimswe/test2b_rain_learning_campaign.py; /Users/arjunsharma/Documents/SandiaProjects/4-LDRDAMDIS/DIMSWE-study-d0eb615/external-results/test2b-rain-active-learning/preparation/representation_btp_certification.json,X_n*,analytical local A/R/source target evaluated at X_n*,external-results/test2b-rain-active-truth/production-n64-zeta-m0p06-dt100-t16000,0..80,81..160 (post-training held-out truth support),65536,5308416,h;S;Qv;Qc;B,Frozen Test2B X states 0..80 carrier-mass statistics/output scales; never refit by objective,carrier-mass weighted deterministic full batch; representation-specific normalized outputs,5-32-32-2; tanh hidden; linear output,1314,0,float64,,,10000,10000,,20962,10001,EExitStatus.EXITSTATUS_MAXITER,complete,2.732611191072585e-05,,seed-zero independent,,/Users/arjunsharma/Documents/SandiaProjects/4-LDRDAMDIS/DIMSWE-study-d0eb615/external-results/test2b-rain-active-learning/production/representation-BTPL/m1-seed0-m20-10k/final_parameters.npz,/Users/arjunsharma/Documents/SandiaProjects/4-LDRDAMDIS/DIMSWE-study-d0eb615/external-results/test2b-rain-active-learning/production/representation-BTPL/m1-seed0-m20-10k/fit_result.json,/Users/arjunsharma/Documents/SandiaProjects/4-LDRDAMDIS/DIMSWE-study-d0eb615/external-results/test2b-rain-active-learning/production/representation-BTPL/m1-seed0-m20-10k/fit_progress.json,10,"[0,1,5,10,20,100,500,1000,5000,10000]",RECONSTRUCTABLE_FROM_INTERMEDIATE_CHECKPOINTS,NOT_RECORDED,NOT_RECORDED,RECONSTRUCTABLE_FROM_INTERMEDIATE_CHECKPOINTS,Direct Y-state held-out learned-quantity curves: CHEAP from saved Y arrays. Direct X-state curves: MODERATE one-time read-only X array extraction. Objective-specific feasibility is recorded separately.,Auxiliary positive-rain-output transform/limiter ablation; not one of the production A/B/C representation ladders and lacks standard final deployment postprocessing.
t2b-a-m1y,Test 2B,matched M1-X/M1-Y control,A,M1-Y,direct normalized local regression; offline fixed Y; no differentiation through P,/Users/arjunsharma/Documents/SandiaProjects/4-LDRDAMDIS/DIMSWE-feature-study-20260828/m1y_test2b_20260828_workspace/dimswe/configs/test2b_m1y_20260828.json; /Users/arjunsharma/Documents/SandiaProjects/4-LDRDAMDIS/DIMSWE-feature-study-20260828/m1y_test2b_20260828_workspace/dimswe/test2b_m1y_campaign.py,Y_n*=P(X_n*),analytical local A/R/source target evaluated at Y_n*,external-results/test2b-rain-active-truth/production-n64-zeta-m0p06-dt100-t16000,0..80,81..160 (post-training held-out truth support),65536,5308416,h;S;Qv;Qc;B,Frozen Test2B X states 0..80 carrier-mass statistics/output scales; never refit by objective,carrier-mass weighted deterministic full batch; representation-specific normalized outputs,5-32-32-1; tanh hidden; linear output,1281,0,float64,,,10000,10000,,20918,10001,EExitStatus.EXITSTATUS_MAXITER,complete,2.4395096189055723e-05,,seed-zero independent,,/Users/arjunsharma/Documents/SandiaProjects/4-LDRDAMDIS/DIMSWE-feature-study-20260828/m1y_test2b_20260828_workspace/external-results/m1y-test2b-20260828/production/representation-A/m1y-seed0-m20-10k/final_parameters.npz,/Users/arjunsharma/Documents/SandiaProjects/4-LDRDAMDIS/DIMSWE-feature-study-20260828/m1y_test2b_20260828_workspace/external-results/m1y-test2b-20260828/production/representation-A/m1y-seed0-m20-10k/fit_result.json,/Users/arjunsharma/Documents/SandiaProjects/4-LDRDAMDIS/DIMSWE-feature-study-20260828/m1y_test2b_20260828_workspace/external-results/m1y-test2b-20260828/production/representation-A/m1y-seed0-m20-10k/fit_progress.json,10,"[0,1,5,10,20,100,500,1000,5000,10000]",RECONSTRUCTABLE_FROM_INTERMEDIATE_CHECKPOINTS,NOT_RECORDED,NOT_RECORDED,RECONSTRUCTABLE_FROM_INTERMEDIATE_CHECKPOINTS,Direct Y-state held-out learned-quantity curves: CHEAP from saved Y arrays. Direct X-state curves: MODERATE one-time read-only X array extraction. Objective-specific feasibility is recorded separately.,"Exact intended M1-X match in support, architecture, seed-zero initialization, normalization, weighting, optimizer and 10000-iteration budget; only X-to-Y evaluation state changes."
t2b-b-m1y,Test 2B,matched M1-X/M1-Y control,B,M1-Y,direct normalized local regression; offline fixed Y; no differentiation through P,/Users/arjunsharma/Documents/SandiaProjects/4-LDRDAMDIS/DIMSWE-feature-study-20260828/m1y_test2b_20260828_workspace/dimswe/configs/test2b_m1y_20260828.json; /Users/arjunsharma/Documents/SandiaProjects/4-LDRDAMDIS/DIMSWE-feature-study-20260828/m1y_test2b_20260828_workspace/dimswe/test2b_m1y_campaign.py,Y_n*=P(X_n*),analytical local A/R/source target evaluated at Y_n*,external-results/test2b-rain-active-truth/production-n64-zeta-m0p06-dt100-t16000,0..80,81..160 (post-training held-out truth support),65536,5308416,h;S;Qv;Qc;B,Frozen Test2B X states 0..80 carrier-mass statistics/output scales; never refit by objective,carrier-mass weighted deterministic full batch; representation-specific normalized outputs,5-32-32-2; tanh hidden; linear output,1314,0,float64,,,10000,10000,,20858,10001,EExitStatus.EXITSTATUS_MAXITER,complete,3.261043519805744e-05,,seed-zero independent,,/Users/arjunsharma/Documents/SandiaProjects/4-LDRDAMDIS/DIMSWE-feature-study-20260828/m1y_test2b_20260828_workspace/external-results/m1y-test2b-20260828/production/representation-B/m1y-seed0-m20-10k/final_parameters.npz,/Users/arjunsharma/Documents/SandiaProjects/4-LDRDAMDIS/DIMSWE-feature-study-20260828/m1y_test2b_20260828_workspace/external-results/m1y-test2b-20260828/production/representation-B/m1y-seed0-m20-10k/fit_result.json,/Users/arjunsharma/Documents/SandiaProjects/4-LDRDAMDIS/DIMSWE-feature-study-20260828/m1y_test2b_20260828_workspace/external-results/m1y-test2b-20260828/production/representation-B/m1y-seed0-m20-10k/fit_progress.json,10,"[0,1,5,10,20,100,500,1000,5000,10000]",RECONSTRUCTABLE_FROM_INTERMEDIATE_CHECKPOINTS,NOT_RECORDED,NOT_RECORDED,RECONSTRUCTABLE_FROM_INTERMEDIATE_CHECKPOINTS,Direct Y-state held-out learned-quantity curves: CHEAP from saved Y arrays. Direct X-state curves: MODERATE one-time read-only X array extraction. Objective-specific feasibility is recorded separately.,"Exact intended M1-X match in support, architecture, seed-zero initialization, normalization, weighting, optimizer and 10000-iteration budget; only X-to-Y evaluation state changes."
t2b-c-m1y,Test 2B,matched M1-X/M1-Y control,C,M1-Y,direct normalized local regression; offline fixed Y; no differentiation through P,/Users/arjunsharma/Documents/SandiaProjects/4-LDRDAMDIS/DIMSWE-feature-study-20260828/m1y_test2b_20260828_workspace/dimswe/configs/test2b_m1y_20260828.json; /Users/arjunsharma/Documents/SandiaProjects/4-LDRDAMDIS/DIMSWE-feature-study-20260828/m1y_test2b_20260828_workspace/dimswe/test2b_m1y_campaign.py,Y_n*=P(X_n*),analytical local A/R/source target evaluated at Y_n*,external-results/test2b-rain-active-truth/production-n64-zeta-m0p06-dt100-t16000,0..80,81..160 (post-training held-out truth support),65536,5308416,h;S;Qv;Qc;B,Frozen Test2B X states 0..80 carrier-mass statistics/output scales; never refit by objective,carrier-mass weighted deterministic full batch; representation-specific normalized outputs,5-32-32-4; tanh hidden; linear output,1380,0,float64,,,10000,10000,,20785,10001,EExitStatus.EXITSTATUS_MAXITER,complete,3.805860067388399e-05,,seed-zero independent,,/Users/arjunsharma/Documents/SandiaProjects/4-LDRDAMDIS/DIMSWE-feature-study-20260828/m1y_test2b_20260828_workspace/external-results/m1y-test2b-20260828/production/representation-C/m1y-seed0-m20-10k/final_parameters.npz,/Users/arjunsharma/Documents/SandiaProjects/4-LDRDAMDIS/DIMSWE-feature-study-20260828/m1y_test2b_20260828_workspace/external-results/m1y-test2b-20260828/production/representation-C/m1y-seed0-m20-10k/fit_result.json,/Users/arjunsharma/Documents/SandiaProjects/4-LDRDAMDIS/DIMSWE-feature-study-20260828/m1y_test2b_20260828_workspace/external-results/m1y-test2b-20260828/production/representation-C/m1y-seed0-m20-10k/fit_progress.json,10,"[0,1,5,10,20,100,500,1000,5000,10000]",RECONSTRUCTABLE_FROM_INTERMEDIATE_CHECKPOINTS,NOT_RECORDED,NOT_RECORDED,RECONSTRUCTABLE_FROM_INTERMEDIATE_CHECKPOINTS,Direct Y-state held-out learned-quantity curves: CHEAP from saved Y arrays. Direct X-state curves: MODERATE one-time read-only X array extraction. Objective-specific feasibility is recorded separately.,"Exact intended M1-X match in support, architecture, seed-zero initialization, normalization, weighting, optimizer and 10000-iteration budget; only X-to-Y evaluation state changes."
